salary_source,position,rank,player,conference,salary
Jul1 Sal,QB,-1.0,,,43.44
Jul1 Sal,QB,0.0,,,43.29
Jul1 Sal,QB,1.0,"Jackson, Lamar BAL QB",AFC,43.14
Jul1 Sal,QB,2.0,"Allen, Josh BUF QB",AFC,41.7
Jul1 Sal,QB,3.0,"Mahomes, Patrick KCC QB",NFC,41.48
Jul1 Sal,QB,4.0,"Hurts, Jalen PHI QB",AFC,41.47
Jul1 Sal,QB,5.0,"Mahomes, Patrick KCC QB",AFC,41.47
Jul1 Sal,QB,6.0,"Prescott, Dak DAL QB",AFC,40.93
Jul1 Sal,QB,7.0,"Jackson, Lamar BAL QB",NFC,37.58
Jul1 Sal,QB,8.0,"Purdy, Brock SFO QB",AFC,37.58
Jul1 Sal,QB,9.0,"Purdy, Brock SFO QB",NFC,32.78
Jul1 Sal,QB,10.0,"Burrow, Joe CIN QB",AFC,27.27
Jul1 Sal,QB,11.0,"Allen, Josh BUF QB",NFC,27.24
Jul1 Sal,QB,12.0,"Goff, Jared DET QB",AFC,26.98
Jul1 Sal,QB,13.0,"Burrow, Joe CIN QB",NFC,26.97
Jul1 Sal,QB,14.0,"Hurts, Jalen PHI QB",NFC,25.87
Jul1 Sal,QB,15.0,"Prescott, Dak DAL QB",NFC,25.5
Jul1 Sal,QB,16.0,"Darnold, Sam SEA QB",NFC,24.98
Jul1 Sal,QB,17.0,"Murray, Kyler MIN QB",NFC,24.4
Jul1 Sal,QB,18.0,"Mayfield, Baker TBB QB",AFC,22.96
Jul1 Sal,QB,19.0,"Goff, Jared DET QB",NFC,20.57
Jul1 Sal,QB,20.0,"Tagovailoa, Tua ATL QB",AFC,20.49
Jul1 Sal,QB,21.0,"Lawrence, Trevor JAC QB",NFC,18.84
Jul1 Sal,QB,22.0,"Herbert, Justin LAC QB",NFC,16.65
Jul1 Sal,QB,23.0,"Herbert, Justin LAC QB",AFC,15.59
Jul1 Sal,QB,24.0,"Lawrence, Trevor JAC QB",AFC,14.95
Jul1 Sal,QB,25.0,"Mayfield, Baker TBB QB",NFC,14.88
Jul1 Sal,QB,26.0,"Stafford, Matthew LAR QB",NFC,14.18
Jul1 Sal,QB,27.0,"Darnold, Sam SEA QB",AFC,13.95
Jul1 Sal,QB,28.0,"Murray, Kyler MIN QB",AFC,13.5
Jul1 Sal,QB,29.0,"Brissett, Jacoby ARI QB",NFC,12.66
Jul1 Sal,QB,30.0,"Jones, Daniel IND QB",NFC,11.88
Jul1 Sal,QB,31.0,"Mendoza, Fernando LVR QB",NFC,11.67
Jul1 Sal,QB,32.0,"Love, Jordan GBP QB",NFC,11.53
Jul1 Sal,QB,33.0,"Love, Jordan GBP QB",AFC,11.5
Jul1 Sal,QB,34.0,"Richardson, Anthony IND QB",NFC,10.93
Jul1 Sal,QB,35.0,"Fields, Justin KCC QB",NFC,10.71
Jul1 Sal,QB,36.0,"Stafford, Matthew LAR QB",AFC,10.66
Jul1 Sal,QB,37.0,"Willis, Malik MIA QB",AFC,10.1
Jul1 Sal,QB,38.0,"Williams, Caleb CHI QB",AFC,9.67
Jul1 Sal,QB,39.0,"Richardson, Anthony IND QB",AFC,9.22
Jul1 Sal,QB,40.0,"Rodgers, Aaron PIT QB",NFC,8.7
Jul1 Sal,QB,41.0,"Smith, Geno NYJ QB",NFC,8.36
Jul1 Sal,QB,42.0,"Williams, Caleb CHI QB",NFC,8.15
Jul1 Sal,QB,43.0,"Willis, Malik MIA QB",NFC,8.0
Jul1 Sal,QB,44.0,"Young, Bryce CAR QB",AFC,7.93
Jul1 Sal,QB,45.0,"Mendoza, Fernando LVR QB",AFC,7.14
Jul1 Sal,QB,46.0,"Stroud, C.J. HOU QB",NFC,6.9
Jul1 Sal,QB,47.0,"Ward, Cam TEN QB",AFC,6.72
Jul1 Sal,QB,48.0,"Jones, Daniel IND QB",AFC,6.38
Jul1 Sal,QB,49.0,"Young, Bryce CAR QB",NFC,6.09
Jul1 Sal,QB,50.0,"Ward, Cam TEN QB",NFC,5.92
Jul1 Sal,QB,51.0,"Cousins, Kirk LVR QB",AFC,5.1
Jul1 Sal,QB,52.0,"Brissett, Jacoby ARI QB",AFC,5.0
Jul1 Sal,QB,53.0,"Daniels, Jayden WAS QB",AFC,4.87
Jul1 Sal,QB,54.0,"McCarthy, J.J. MIN QB",NFC,4.87
Jul1 Sal,QB,55.0,"Smith, Geno NYJ QB",AFC,4.7
Jul1 Sal,QB,56.0,"McCarthy, J.J. MIN QB",AFC,4.42
Jul1 Sal,QB,57.0,"Maye, Drake NEP QB",NFC,4.04
Jul1 Sal,QB,58.0,"Daniels, Jayden WAS QB",NFC,3.72
Jul1 Sal,QB,59.0,"Cousins, Kirk LVR QB",NFC,3.6
Jul1 Sal,QB,60.0,"Stroud, C.J. HOU QB",AFC,3.3
Jul1 Sal,QB,61.0,"Maye, Drake NEP QB",AFC,3.22
Jul1 Sal,QB,62.0,"Levis, Will TEN QB",AFC,2.93
Jul1 Sal,QB,63.0,"Simpson, Ty LAR QB",NFC,2.91
Jul1 Sal,QB,64.0,"Penix Jr., Michael ATL QB",NFC,2.86
Jul1 Sal,QB,65.0,"Simpson, Ty LAR QB",AFC,2.39
Jul1 Sal,QB,66.0,"Dart, Jaxson NYG QB",NFC,2.35
Jul1 Sal,QB,67.0,"Dart, Jaxson NYG QB",AFC,2.35
Jul1 Sal,QB,68.0,"Shough, Tyler NOS QB",AFC,2.25
Jul1 Sal,QB,69.0,"Rodgers, Aaron PIT QB",AFC,2.2
Jul1 Sal,QB,70.0,"Tagovailoa, Tua ATL QB",NFC,2.2
Jul1 Sal,QB,71.0,"Jones, Mac SFO QB",AFC,2.01
Jul1 Sal,QB,72.0,"Jones, Mac SFO QB",NFC,2.0
Jul1 Sal,QB,73.0,"Winston, Jameis NYG QB",AFC,2.0
Jul1 Sal,QB,74.0,"Fields, Justin KCC QB",AFC,1.9
Jul1 Sal,QB,75.0,"Nix, Bo DEN QB",AFC,1.81
Jul1 Sal,QB,76.0,"Nix, Bo DEN QB",NFC,1.69
Jul1 Sal,QB,77.0,"Penix Jr., Michael ATL QB",AFC,1.62
Jul1 Sal,QB,78.0,"Shough, Tyler NOS QB",NFC,1.35
Jul1 Sal,QB,79.0,"Milroe, Jalen SEA QB",AFC,1.29
Jul1 Sal,QB,80.0,"Sanders, Shedeur CLE QB",AFC,1.24
Jul1 Sal,QB,81.0,"Milroe, Jalen SEA QB",NFC,1.23
Jul1 Sal,QB,82.0,"O'Connell, Aidan LVR QB",AFC,1.21
Jul1 Sal,QB,83.0,"Allar, Drew PIT QB",AFC,1.18
Jul1 Sal,QB,84.0,"Sanders, Shedeur CLE QB",NFC,1.17
Jul1 Sal,QB,85.0,"Beck, Carson ARI QB",AFC,1.13
Jul1 Sal,QB,86.0,"Bagent, Tyson CHI QB",NFC,1.1
Jul1 Sal,QB,87.0,"Bridgewater, Teddy DET QB",AFC,1.1
Jul1 Sal,QB,88.0,"Cook, Brady NYJ QB",NFC,1.1
Jul1 Sal,QB,89.0,"Dalton, Andy PHI QB",NFC,1.1
Jul1 Sal,QB,90.0,"Ewers, Quinn MIA QB",NFC,1.1
Jul1 Sal,QB,91.0,"Flacco, Joe CIN QB",NFC,1.1
Jul1 Sal,QB,92.0,"Garoppolo, Jimmy LAR QB",AFC,1.1
Jul1 Sal,QB,93.0,"Huntley, Tyler BAL QB",NFC,1.1
Jul1 Sal,QB,94.0,"Lance, Trey LAC QB",NFC,1.1
Jul1 Sal,QB,95.0,"Leonard, Riley IND QB",AFC,1.1
Jul1 Sal,QB,96.0,"Levis, Will TEN QB",NFC,1.1
Jul1 Sal,QB,97.0,"Mariota, Marcus WAS QB",NFC,1.1
Jul1 Sal,QB,98.0,"McKee, Tanner PHI QB",NFC,1.1
Jul1 Sal,QB,99.0,"Mills, Davis HOU QB",NFC,1.1
Jul1 Sal,QB,100.0,"Milton, Joe DAL QB",NFC,1.1
Jul1 Sal,QB,101.0,"Milton, Joe DAL QB",AFC,1.1
Jul1 Sal,QB,102.0,"Minshew, Gardner ARI QB",NFC,1.1
Jul1 Sal,QB,103.0,"Minshew, Gardner ARI QB",AFC,1.1
Jul1 Sal,QB,104.0,"Rattler, Spencer NOS QB",NFC,1.1
Jul1 Sal,QB,105.0,"Watson, Deshaun CLE QB",NFC,1.1
Jul1 Sal,QB,106.0,"Watson, Deshaun CLE QB",AFC,1.1
Jul1 Sal,QB,107.0,"Wentz, Carson MIN QB",AFC,1.1
Jul1 Sal,QB,108.0,"Winston, Jameis NYG QB",NFC,1.1
Jul1 Sal,QB,109.0,"Howard, Will PIT QB",AFC,1.08
Jul1 Sal,QB,110.0,"Rattler, Spencer NOS QB",AFC,1.08
Jul1 Sal,QB,111.0,"Gabriel, Dillon CLE QB",NFC,1.07
Jul1 Sal,QB,112.0,"Beck, Carson ARI QB",NFC,1.06
Jul1 Sal,QB,113.0,"Gabriel, Dillon CLE QB",AFC,1.06
Jul1 Sal,QB,114.0,"Howard, Will PIT QB",NFC,1.06
Jul1 Sal,QB,115.0,"Klubnik, Cade NYJ QB",NFC,1.03
Jul1 Sal,QB,116.0,"Allar, Drew PIT QB",NFC,1.01
Jul1 Sal,QB,117.0,"Leonard, Riley IND QB",NFC,0.99
Jul1 Sal,QB,118.0,"Green, Taylen CLE QB",AFC,0.98
Jul1 Sal,QB,119.0,"Klubnik, Cade NYJ QB",AFC,0.98
Jul1 Sal,QB,120.0,"Payton, Cole PHI QB",AFC,0.98
Jul1 Sal,QB,121.0,"Green, Taylen CLE QB",NFC,0.94
Jul1 Sal,QB,122.0,"King, Haynes CAR QB",NFC,0.94
Jul1 Sal,QB,123.0,"Morton, Behren NEP QB",AFC,0.94
Jul1 Sal,QB,124.0,"Nussmeier, Garrett KCC QB",NFC,0.94
Jul1 Sal,QB,125.0,"Nussmeier, Garrett KCC QB",AFC,0.94
Jul1 Sal,QB,126.0,"Pavia, Diego BAL QB",NFC,0.94
Jul1 Sal,QB,127.0,"Payton, Cole PHI QB",NFC,0.94
Jul1 Sal,RB,-1.0,,,34.03
Jul1 Sal,RB,0.0,,,33.57
Jul1 Sal,RB,1.0,"Barkley, Saquon PHI RB",AFC,33.1
Jul1 Sal,RB,2.0,"Barkley, Saquon PHI RB",NFC,31.35
Jul1 Sal,RB,3.0,"Williams, Javonte DAL RB",AFC,31.1
Jul1 Sal,RB,4.0,"Williams, Kyren LAR RB",AFC,30.2
Jul1 Sal,RB,5.0,"McCaffrey, Christian SFO RB",NFC,30.0
Jul1 Sal,RB,6.0,"Henry, Derrick BAL RB",NFC,22.8
Jul1 Sal,RB,7.0,"Jacobs, Josh GBP RB",NFC,21.2
Jul1 Sal,RB,8.0,"Henry, Derrick BAL RB",AFC,20.33
Jul1 Sal,RB,9.0,"Taylor, Jonathan IND RB",NFC,19.36
Jul1 Sal,RB,10.0,"Taylor, Jonathan IND RB",AFC,18.67
Jul1 Sal,RB,11.0,"Montgomery, David HOU RB",NFC,17.1
Jul1 Sal,RB,12.0,"Montgomery, David HOU RB",AFC,17.03
Jul1 Sal,RB,13.0,"Cook, James BUF RB",AFC,16.87
Jul1 Sal,RB,14.0,"Kamara, Alvin NOS RB",NFC,16.72
Jul1 Sal,RB,15.0,"McCaffrey, Christian SFO RB",AFC,15.68
Jul1 Sal,RB,16.0,"Hall, Breece NYJ RB",AFC,15.12
Jul1 Sal,RB,17.0,"Pollard, Tony TEN RB",AFC,15.1
Jul1 Sal,RB,18.0,"Etienne, Travis NOS RB",AFC,14.48
Jul1 Sal,RB,19.0,"Jacobs, Josh GBP RB",AFC,14.27
Jul1 Sal,RB,20.0,"Cook, James BUF RB",NFC,13.73
Jul1 Sal,RB,21.0,"Swift, D'Andre CHI RB",NFC,13.07
Jul1 Sal,RB,22.0,"Williams, Javonte DAL RB",NFC,12.42
Jul1 Sal,RB,23.0,"Love, Jeremiyah ARI RB",AFC,11.67
Jul1 Sal,RB,24.0,"Hall, Breece NYJ RB",NFC,11.3
Jul1 Sal,RB,25.0,"Walker III, Kenneth KCC RB",AFC,10.99
Jul1 Sal,RB,26.0,"Robinson, Bijan ATL RB",AFC,10.93
Jul1 Sal,RB,27.0,"Jeanty, Ashton LVR RB",NFC,10.8
Jul1 Sal,RB,28.0,"Jeanty, Ashton LVR RB",AFC,10.8
Jul1 Sal,RB,29.0,"Walker III, Kenneth KCC RB",NFC,10.8
Jul1 Sal,RB,30.0,"Dobbins, J.K. DEN RB",AFC,10.08
Jul1 Sal,RB,31.0,"Jones, Aaron MIN RB",AFC,10.0
Jul1 Sal,RB,32.0,"Warren, Jaylen PIT RB",NFC,9.99
Jul1 Sal,RB,33.0,"Love, Jeremiyah ARI RB",NFC,9.73
Jul1 Sal,RB,34.0,"Brown, Chase CIN RB",AFC,9.71
Jul1 Sal,RB,35.0,"Gainwell, Kenneth TBB RB",AFC,9.6
Jul1 Sal,RB,36.0,"Robinson, Bijan ATL RB",NFC,9.22
Jul1 Sal,RB,37.0,"Hubbard, Chuba CAR RB",AFC,9.12
Jul1 Sal,RB,38.0,"Hampton, Omarion LAC RB",NFC,9.05
Jul1 Sal,RB,39.0,"Mason, Jordan MIN RB",NFC,8.36
Jul1 Sal,RB,40.0,"Price, Jadarian SEA RB",AFC,8.26
Jul1 Sal,RB,41.0,"Williams, Kyren LAR RB",NFC,8.21
Jul1 Sal,RB,42.0,"Pollard, Tony TEN RB",NFC,8.15
Jul1 Sal,RB,43.0,"Gibbs, Jahmyr DET RB",NFC,7.93
Jul1 Sal,RB,44.0,"Dobbins, J.K. DEN RB",NFC,7.45
Jul1 Sal,RB,45.0,"Etienne, Travis NOS RB",NFC,7.32
Jul1 Sal,RB,46.0,"Gibbs, Jahmyr DET RB",AFC,6.9
Jul1 Sal,RB,47.0,"Swift, D'Andre CHI RB",AFC,6.56
Jul1 Sal,RB,48.0,"Hubbard, Chuba CAR RB",NFC,6.2
Jul1 Sal,RB,49.0,"Mitchell, Keaton LAC RB",NFC,6.05
Jul1 Sal,RB,50.0,"Hampton, Omarion LAC RB",AFC,5.92
Jul1 Sal,RB,51.0,"Pacheco, Isiah DET RB",NFC,5.88
Jul1 Sal,RB,52.0,"Robinson, Brian ATL RB",NFC,5.88
Jul1 Sal,RB,53.0,"Achane, De'Von MIA RB",NFC,5.81
Jul1 Sal,RB,54.0,"Achane, De'Von MIA RB",AFC,5.81
Jul1 Sal,RB,55.0,"Dowdle, Rico PIT RB",AFC,5.77
Jul1 Sal,RB,56.0,"Pacheco, Isiah DET RB",AFC,5.3
Jul1 Sal,RB,57.0,"Henderson, TreVeyon NEP RB",NFC,5.28
Jul1 Sal,RB,58.0,"Judkins, Quinshon CLE RB",AFC,5.28
Jul1 Sal,RB,59.0,"Stevenson, Rhamondre NEP RB",NFC,5.28
Jul1 Sal,RB,60.0,"Rodriguez, Chris JAC RB",AFC,5.0
Jul1 Sal,RB,61.0,"Price, Jadarian SEA RB",NFC,4.99
Jul1 Sal,RB,62.0,"Henderson, TreVeyon NEP RB",AFC,4.75
Jul1 Sal,RB,63.0,"Judkins, Quinshon CLE RB",NFC,4.75
Jul1 Sal,RB,64.0,"Dowdle, Rico PIT RB",NFC,4.7
Jul1 Sal,RB,65.0,"Stevenson, Rhamondre NEP RB",AFC,4.58
Jul1 Sal,RB,66.0,"Allgeier, Tyler ARI RB",AFC,4.37
Jul1 Sal,RB,67.0,"Gainwell, Kenneth TBB RB",NFC,4.28
Jul1 Sal,RB,68.0,"Harris, Najee FA RB",AFC,4.16
Jul1 Sal,RB,69.0,"Warren, Jaylen PIT RB",AFC,4.11
Jul1 Sal,RB,70.0,"White, Rachaad WAS RB",NFC,3.75
Jul1 Sal,RB,71.0,"Conner, James ARI RB",AFC,3.69
Jul1 Sal,RB,72.0,"Bigsby, Tank PHI RB",NFC,3.67
Jul1 Sal,RB,73.0,"Tucker, Sean TBB RB",NFC,3.67
Jul1 Sal,RB,74.0,"Mason, Jordan MIN RB",AFC,3.52
Jul1 Sal,RB,75.0,"Tucker, Sean TBB RB",AFC,3.52
Jul1 Sal,RB,76.0,"Wilson, Emanuel SEA RB",NFC,3.5
Jul1 Sal,RB,77.0,"Johnson, Kaleb PIT RB",NFC,3.41
Jul1 Sal,RB,78.0,"Jones, Aaron MIN RB",NFC,3.3
Jul1 Sal,RB,79.0,"Brooks, Jonathon CAR RB",AFC,2.86
Jul1 Sal,RB,80.0,"White, Rachaad WAS RB",AFC,2.85
Jul1 Sal,RB,81.0,"Brooks, Jonathon CAR RB",NFC,2.71
Jul1 Sal,RB,82.0,"Harvey, RJ DEN RB",NFC,2.7
Jul1 Sal,RB,83.0,"Charbonnet, Zach SEA RB",AFC,2.65
Jul1 Sal,RB,84.0,"Harvey, RJ DEN RB",AFC,2.56
Jul1 Sal,RB,85.0,"Charbonnet, Zach SEA RB",NFC,2.54
Jul1 Sal,RB,86.0,"Benson, Trey ARI RB",NFC,2.46
Jul1 Sal,RB,87.0,"Johnson, Kaleb PIT RB",AFC,2.45
Jul1 Sal,RB,88.0,"Miller, Kendre NOS RB",NFC,2.34
Jul1 Sal,RB,89.0,"Vidal, Kimani LAC RB",AFC,2.3
Jul1 Sal,RB,90.0,"Kamara, Alvin NOS RB",AFC,2.1
Jul1 Sal,RB,91.0,"Miller, Kendre NOS RB",AFC,2.1
Jul1 Sal,RB,92.0,"Allen, LeQuint JAC RB",NFC,2.0
Jul1 Sal,RB,93.0,"Allgeier, Tyler ARI RB",NFC,2.0
Jul1 Sal,RB,94.0,"Conner, James ARI RB",NFC,2.0
Jul1 Sal,RB,95.0,"Mitchell, Keaton LAC RB",AFC,2.0
Jul1 Sal,RB,96.0,"Robinson, Brian ATL RB",AFC,2.0
Jul1 Sal,RB,97.0,"Vidal, Kimani LAC RB",NFC,2.0
Jul1 Sal,RB,98.0,"Wilson, Emanuel SEA RB",AFC,2.0
Jul1 Sal,RB,99.0,"Benson, Trey ARI RB",AFC,1.98
Jul1 Sal,RB,100.0,"Skattebo, Cam NYG RB",NFC,1.86
Jul1 Sal,RB,101.0,"Coleman, Jonah DEN RB",NFC,1.81
Jul1 Sal,RB,102.0,"Tuten, Bhayshul JAC RB",NFC,1.8
Jul1 Sal,RB,103.0,"Coleman, Jonah DEN RB",AFC,1.76
Jul1 Sal,RB,104.0,"Wright, Jaylen MIA RB",NFC,1.73
Jul1 Sal,RB,105.0,"Skattebo, Cam NYG RB",AFC,1.67
Jul1 Sal,RB,106.0,"Sampson, Dylan CLE RB",AFC,1.61
Jul1 Sal,RB,107.0,"Demercado, Emari KCC RB",AFC,1.6
Jul1 Sal,RB,108.0,"Claiborne, Demond MIN RB",NFC,1.59
Jul1 Sal,RB,109.0,"Tuten, Bhayshul JAC RB",AFC,1.51
Jul1 Sal,RB,110.0,"Blue, Jaydon DAL RB",NFC,1.49
Jul1 Sal,RB,111.0,"Corum, Blake LAR RB",NFC,1.49
Jul1 Sal,RB,112.0,"Spears, Tyjae TEN RB",NFC,1.47
Jul1 Sal,RB,113.0,"Singleton, Nicholas TEN RB",NFC,1.46
Jul1 Sal,RB,114.0,"Spears, Tyjae TEN RB",AFC,1.46
Jul1 Sal,RB,115.0,"Lloyd, MarShawn GBP RB",NFC,1.42
Jul1 Sal,RB,116.0,"Wright, Jaylen MIA RB",AFC,1.42
Jul1 Sal,RB,117.0,"Corum, Blake LAR RB",AFC,1.39
Jul1 Sal,RB,118.0,"Lloyd, MarShawn GBP RB",AFC,1.38
Jul1 Sal,RB,119.0,"Bigsby, Tank PHI RB",AFC,1.36
Jul1 Sal,RB,120.0,"Johnson, Roschon CHI RB",AFC,1.35
Jul1 Sal,RB,121.0,"Allen, Braelon NYJ RB",AFC,1.33
Jul1 Sal,RB,122.0,"Brown, Chase CIN RB",NFC,1.33
Jul1 Sal,RB,123.0,"Davis, Ray BUF RB",AFC,1.32
Jul1 Sal,RB,124.0,"Allen, Braelon NYJ RB",NFC,1.25
Jul1 Sal,RB,125.0,"Blue, Jaydon DAL RB",AFC,1.22
Jul1 Sal,RB,126.0,"Sampson, Dylan CLE RB",NFC,1.22
Jul1 Sal,RB,127.0,"Marks, Woody HOU RB",NFC,1.2
Jul1 Sal,RB,128.0,"Singletary, Devin NYG RB",AFC,1.2
Jul1 Sal,RB,129.0,"Johnson, Emmett KCC RB",AFC,1.19
Jul1 Sal,RB,130.0,"Allen, Kaytron WAS RB",NFC,1.18
Jul1 Sal,RB,131.0,"Davis, Ray BUF RB",NFC,1.18
Jul1 Sal,RB,132.0,"Irving, Bucky TBB RB",NFC,1.17
Jul1 Sal,RB,133.0,"Claiborne, Demond MIN RB",AFC,1.15
Jul1 Sal,RB,134.0,"Etienne, Trevor CAR RB",AFC,1.14
Jul1 Sal,RB,135.0,"James, Jordan SFO RB",NFC,1.14
Jul1 Sal,RB,136.0,"Johnson, Emmett KCC RB",NFC,1.14
Jul1 Sal,RB,137.0,"Singleton, Nicholas TEN RB",AFC,1.14
Jul1 Sal,RB,138.0,"Tracy, Tyrone NYG RB",AFC,1.14
Jul1 Sal,RB,139.0,"Guerendo, Isaac SFO RB",AFC,1.13
Jul1 Sal,RB,140.0,"James, Jordan SFO RB",AFC,1.13
Jul1 Sal,RB,141.0,"Neal, Devin NOS RB",NFC,1.12
Jul1 Sal,RB,142.0,"Irving, Bucky TBB RB",AFC,1.11
Jul1 Sal,RB,143.0,"Tracy, Tyrone NYG RB",NFC,1.11
Jul1 Sal,RB,144.0,"Allen, Kaytron WAS RB",AFC,1.1
Jul1 Sal,RB,145.0,"Allen, LeQuint JAC RB",AFC,1.1
Jul1 Sal,RB,146.0,"Brooks, Chris GBP RB",NFC,1.1
Jul1 Sal,RB,147.0,"Brooks, Chris GBP RB",AFC,1.1
Jul1 Sal,RB,148.0,"Chubb, Nick FA RB",NFC,1.1
Jul1 Sal,RB,149.0,"Davis, Isaiah NYJ RB",AFC,1.1
Jul1 Sal,RB,150.0,"Davis, Malik DAL RB",NFC,1.1
Jul1 Sal,RB,151.0,"Davis, Malik DAL RB",AFC,1.1
Jul1 Sal,RB,152.0,"Demercado, Emari KCC RB",NFC,1.1
Jul1 Sal,RB,153.0,"Estime, Audric NOS RB",NFC,1.1
Jul1 Sal,RB,154.0,"Ford, Jerome WAS RB",NFC,1.1
Jul1 Sal,RB,155.0,"Guerendo, Isaac SFO RB",NFC,1.1
Jul1 Sal,RB,156.0,"Hill, Justice BAL RB",NFC,1.1
Jul1 Sal,RB,157.0,"Hill, Justice BAL RB",AFC,1.1
Jul1 Sal,RB,158.0,"Holani, George SEA RB",NFC,1.1
Jul1 Sal,RB,159.0,"Holani, George SEA RB",AFC,1.1
Jul1 Sal,RB,160.0,"Hunt, Kareem FA RB",NFC,1.1
Jul1 Sal,RB,161.0,"Hunt, Kareem FA RB",AFC,1.1
Jul1 Sal,RB,162.0,"Johnson, Ty BUF RB",NFC,1.1
Jul1 Sal,RB,163.0,"Johnson, Ty BUF RB",AFC,1.1
Jul1 Sal,RB,164.0,"Knight, Bam ARI RB",NFC,1.1
Jul1 Sal,RB,165.0,"Laube, Dylan LVR RB",AFC,1.1
Jul1 Sal,RB,166.0,"Marks, Woody HOU RB",AFC,1.1
Jul1 Sal,RB,167.0,"McLaughlin, Jaleel DEN RB",NFC,1.1
Jul1 Sal,RB,168.0,"McLaughlin, Jaleel DEN RB",AFC,1.1
Jul1 Sal,RB,169.0,"Miller, Jam NEP RB",AFC,1.1
Jul1 Sal,RB,170.0,"Mixon, Joe FA RB",NFC,1.1
Jul1 Sal,RB,171.0,"Perine, Samaje CIN RB",NFC,1.1
Jul1 Sal,RB,172.0,"Perine, Samaje CIN RB",AFC,1.1
Jul1 Sal,RB,173.0,"Rodriguez, Chris JAC RB",NFC,1.1
Jul1 Sal,RB,174.0,"Singletary, Devin NYG RB",NFC,1.1
Jul1 Sal,RB,175.0,"Vaki, Sione DET RB",NFC,1.1
Jul1 Sal,RB,176.0,"Washington Jr., Mike LVR RB",NFC,1.1
Jul1 Sal,RB,177.0,"Shipley, Will PHI RB",NFC,1.09
Jul1 Sal,RB,178.0,"Giddens, DJ IND RB",NFC,1.08
Jul1 Sal,RB,179.0,"Neal, Devin NOS RB",AFC,1.08
Jul1 Sal,RB,180.0,"Smith, Brashard KCC RB",AFC,1.08
Jul1 Sal,RB,181.0,"Mafah, Phil DAL RB",NFC,1.07
Jul1 Sal,RB,182.0,"Hunter, Jarquez LAR RB",NFC,1.06
Jul1 Sal,RB,183.0,"Black, Kaelon SFO RB",NFC,1.04
Jul1 Sal,RB,184.0,"Etienne, Trevor CAR RB",NFC,1.04
Jul1 Sal,RB,185.0,"Gordon, Ollie MIA RB",NFC,1.04
Jul1 Sal,RB,186.0,"Washington Jr., Mike LVR RB",AFC,1.04
Jul1 Sal,RB,187.0,"Black, Kaelon SFO RB",AFC,1.03
Jul1 Sal,RB,188.0,"Brooks, Tahj CIN RB",NFC,1.03
Jul1 Sal,RB,189.0,"Giddens, DJ IND RB",AFC,1.03
Jul1 Sal,RB,190.0,"Hunter, Jarquez LAR RB",AFC,1.03
Jul1 Sal,RB,191.0,"Monangai, Kyle CHI RB",AFC,1.03
Jul1 Sal,RB,192.0,"Smith, Brashard KCC RB",NFC,1.03
Jul1 Sal,RB,193.0,"Randall, Adam BAL RB",NFC,1.0
Jul1 Sal,RB,194.0,"Brooks, Tahj CIN RB",AFC,0.99
Jul1 Sal,RB,195.0,"Croskey-Merritt, Jacory WAS RB",NFC,0.99
Jul1 Sal,RB,196.0,"Croskey-Merritt, Jacory WAS RB",AFC,0.99
Jul1 Sal,RB,197.0,"Gordon, Ollie MIA RB",AFC,0.99
Jul1 Sal,RB,198.0,"Heidenreich, Eli PIT RB",NFC,0.99
Jul1 Sal,RB,199.0,"Larison, Lan NEP RB",NFC,0.99
Jul1 Sal,RB,200.0,"Miller, Jam NEP RB",NFC,0.99
Jul1 Sal,RB,201.0,"Monangai, Kyle CHI RB",NFC,0.99
Jul1 Sal,RB,202.0,"Randall, Adam BAL RB",AFC,0.99
Jul1 Sal,RB,203.0,"Heidenreich, Eli PIT RB",AFC,0.94
Jul1 Sal,RB,204.0,"Hemby, Roman LVR RB",NFC,0.94
Jul1 Sal,RB,205.0,"Hemby, Roman LVR RB",AFC,0.94
Jul1 Sal,RB,206.0,"Henry, Robert WAS RB",NFC,0.94
Jul1 Sal,RB,207.0,"McGowan, Seth IND RB",NFC,0.94
Jul1 Sal,RB,208.0,"McGowan, Seth IND RB",AFC,0.94
Jul1 Sal,RB,209.0,"Ott, Jaydn KCC RB",NFC,0.94
Jul1 Sal,RB,210.0,"Reid, Desmond FA RB",NFC,0.94
Jul1 Sal,RB,211.0,"Taylor, J'Mari JAC RB",NFC,0.94
Jul1 Sal,RB,212.0,"Taylor, J'Mari JAC RB",AFC,0.94
Jul1 Sal,WR,-1.0,,,48.57
Jul1 Sal,WR,0.0,,,46.97
Jul1 Sal,WR,1.0,"Jefferson, Justin MIN WR",NFC,45.38
Jul1 Sal,WR,2.0,"Chase, Ja'Marr CIN WR",NFC,44.7
Jul1 Sal,WR,3.0,"Jefferson, Justin MIN WR",AFC,43.12
Jul1 Sal,WR,4.0,"Lamb, CeeDee DAL WR",NFC,41.5
Jul1 Sal,WR,5.0,"St. Brown, Amon-Ra DET WR",NFC,37.66
Jul1 Sal,WR,6.0,"Collins, Nico HOU WR",NFC,37.38
Jul1 Sal,WR,7.0,"Evans, Mike SFO WR",NFC,37.24
Jul1 Sal,WR,8.0,"St. Brown, Amon-Ra DET WR",AFC,37.05
Jul1 Sal,WR,9.0,"Brown, A.J. NEP WR",NFC,36.61
Jul1 Sal,WR,10.0,"Pickens, George DAL WR",AFC,36.0
Jul1 Sal,WR,11.0,"Smith, DeVonta PHI WR",AFC,34.0
Jul1 Sal,WR,12.0,"Pickens, George DAL WR",NFC,33.75
Jul1 Sal,WR,13.0,"Watson, Christian GBP WR",NFC,30.01
Jul1 Sal,WR,14.0,"London, Drake ATL WR",AFC,29.83
Jul1 Sal,WR,15.0,"Collins, Nico HOU WR",AFC,27.78
Jul1 Sal,WR,16.0,"Adams, Davante LAR WR",NFC,26.1
Jul1 Sal,WR,17.0,"Wilson, Michael ARI WR",NFC,25.0
Jul1 Sal,WR,18.0,"Sutton, Courtland DEN WR",NFC,24.97
Jul1 Sal,WR,19.0,"Sutton, Courtland DEN WR",AFC,24.97
Jul1 Sal,WR,20.0,"Evans, Mike SFO WR",AFC,24.8
Jul1 Sal,WR,21.0,"Williams, Jameson DET WR",NFC,24.75
Jul1 Sal,WR,22.0,"Lamb, CeeDee DAL WR",AFC,24.65
Jul1 Sal,WR,23.0,"Waddle, Jaylen DEN WR",AFC,24.02
Jul1 Sal,WR,24.0,"Adams, Davante LAR WR",AFC,23.96
Jul1 Sal,WR,25.0,"Brown, A.J. NEP WR",AFC,23.12
Jul1 Sal,WR,26.0,"McLaurin, Terry WAS WR",NFC,22.8
Jul1 Sal,WR,27.0,"Moore, D.J. BUF WR",NFC,22.26
Jul1 Sal,WR,28.0,"Williams, Jameson DET WR",AFC,21.34
Jul1 Sal,WR,29.0,"Pierce, Alec IND WR",AFC,20.69
Jul1 Sal,WR,30.0,"Pierce, Alec IND WR",NFC,20.65
Jul1 Sal,WR,31.0,"Chase, Ja'Marr CIN WR",AFC,20.61
Jul1 Sal,WR,32.0,"Smith, DeVonta PHI WR",NFC,20.53
Jul1 Sal,WR,33.0,"Robinson, Wan'Dale TEN WR",NFC,20.0
Jul1 Sal,WR,34.0,"London, Drake ATL WR",NFC,19.15
Jul1 Sal,WR,35.0,"Higgins, Tee CIN WR",NFC,19.09
Jul1 Sal,WR,36.0,"Watson, Christian GBP WR",AFC,19.0
Jul1 Sal,WR,37.0,"Waddle, Jaylen DEN WR",NFC,16.36
Jul1 Sal,WR,38.0,"Samuel, Deebo FA WR",NFC,15.49
Jul1 Sal,WR,39.0,"Higgins, Tee CIN WR",AFC,15.43
Jul1 Sal,WR,40.0,"Godwin, Chris TBB WR",NFC,15.0
Jul1 Sal,WR,41.0,"Pittman, Michael PIT WR",AFC,14.56
Jul1 Sal,WR,42.0,"Moore, D.J. BUF WR",AFC,14.42
Jul1 Sal,WR,43.0,"Olave, Chris NOS WR",AFC,14.15
Jul1 Sal,WR,44.0,"Metcalf, DK PIT WR",AFC,13.99
Jul1 Sal,WR,45.0,"Metcalf, DK PIT WR",NFC,13.6
Jul1 Sal,WR,46.0,"Ridley, Calvin TEN WR",AFC,13.31
Jul1 Sal,WR,47.0,"Wilson, Garrett NYJ WR",AFC,12.96
Jul1 Sal,WR,48.0,"Diggs, Stefon FA WR",NFC,12.0
Jul1 Sal,WR,49.0,"Washington, Parker JAC WR",NFC,12.0
Jul1 Sal,WR,50.0,"Wilson, Garrett NYJ WR",NFC,11.55
Jul1 Sal,WR,51.0,"McLaurin, Terry WAS WR",AFC,10.29
Jul1 Sal,WR,52.0,"Tate, Carnell TEN WR",AFC,9.73
Jul1 Sal,WR,53.0,"Harrison Jr., Marvin ARI WR",NFC,9.67
Jul1 Sal,WR,54.0,"Meyers, Jakobi JAC WR",AFC,9.12
Jul1 Sal,WR,55.0,"Godwin, Chris TBB WR",AFC,9.1
Jul1 Sal,WR,56.0,"Mooney, Darnell NYG WR",NFC,9.08
Jul1 Sal,WR,57.0,"Hunter, Travis JAC WR",AFC,9.05
Jul1 Sal,WR,58.0,"Pittman, Michael PIT WR",NFC,8.38
Jul1 Sal,WR,59.0,"Washington, Parker JAC WR",AFC,8.27
Jul1 Sal,WR,60.0,"Tate, Carnell TEN WR",NFC,8.26
Jul1 Sal,WR,61.0,"Nabers, Malik NYG WR",AFC,8.15
Jul1 Sal,WR,62.0,"Meyers, Jakobi JAC WR",NFC,8.12
Jul1 Sal,WR,63.0,"Shakir, Khalil BUF WR",NFC,7.98
Jul1 Sal,WR,64.0,"Hunter, Travis JAC WR",NFC,7.73
Jul1 Sal,WR,65.0,"McMillan, Tetairoa CAR WR",AFC,7.73
Jul1 Sal,WR,66.0,"Olave, Chris NOS WR",NFC,7.33
Jul1 Sal,WR,67.0,"Shaheed, Rashid SEA WR",AFC,7.28
Jul1 Sal,WR,68.0,"Aiyuk, Brandon SFO WR",NFC,7.2
Jul1 Sal,WR,69.0,"Lemon, Makai PHI WR",NFC,7.14
Jul1 Sal,WR,70.0,"Shakir, Khalil BUF WR",AFC,7.11
Jul1 Sal,WR,71.0,"Nabers, Malik NYG WR",NFC,7.02
Jul1 Sal,WR,72.0,"Robinson, Wan'Dale TEN WR",AFC,6.94
Jul1 Sal,WR,73.0,"McMillan, Tetairoa CAR WR",NFC,6.72
Jul1 Sal,WR,74.0,"Coker, Jalen CAR WR",AFC,6.65
Jul1 Sal,WR,75.0,"Hill, Tyreek FA WR",NFC,6.65
Jul1 Sal,WR,76.0,"Tyson, Jordyn NOS WR",NFC,6.27
Jul1 Sal,WR,77.0,"Tyson, Jordyn NOS WR",AFC,6.27
Jul1 Sal,WR,78.0,"Doubs, Romeo NEP WR",AFC,6.17
Jul1 Sal,WR,79.0,"Harrison Jr., Marvin ARI WR",AFC,6.14
Jul1 Sal,WR,80.0,"Odunze, Rome CHI WR",NFC,6.14
Jul1 Sal,WR,81.0,"Smith-Njigba, Jaxon SEA WR",AFC,6.09
Jul1 Sal,WR,82.0,"Diggs, Stefon FA WR",AFC,6.08
Jul1 Sal,WR,83.0,"Shaheed, Rashid SEA WR",NFC,5.96
Jul1 Sal,WR,84.0,"Nacua, Puka LAR WR",NFC,5.81
Jul1 Sal,WR,85.0,"Nacua, Puka LAR WR",AFC,5.81
Jul1 Sal,WR,86.0,"Boutte, Kayshon NEP WR",NFC,5.78
Jul1 Sal,WR,87.0,"Boutte, Kayshon NEP WR",AFC,5.77
Jul1 Sal,WR,88.0,"Tucker, Tre LVR WR",NFC,5.77
Jul1 Sal,WR,89.0,"Concepcion, KC CLE WR",NFC,5.56
Jul1 Sal,WR,90.0,"Lemon, Makai PHI WR",AFC,5.56
Jul1 Sal,WR,91.0,"Addison, Jordan MIN WR",AFC,5.45
Jul1 Sal,WR,92.0,"Smith-Njigba, Jaxon SEA WR",NFC,5.45
Jul1 Sal,WR,93.0,"Odunze, Rome CHI WR",AFC,5.43
Jul1 Sal,WR,94.0,"Worthy, Xavier KCC WR",NFC,5.43
Jul1 Sal,WR,95.0,"Doubs, Romeo NEP WR",NFC,5.3
Jul1 Sal,WR,96.0,"Coker, Jalen CAR WR",NFC,5.1
Jul1 Sal,WR,97.0,"Bateman, Rashod BAL WR",NFC,5.0
Jul1 Sal,WR,98.0,"Jeudy, Jerry CLE WR",AFC,5.0
Jul1 Sal,WR,99.0,"Concepcion, KC CLE WR",AFC,4.99
Jul1 Sal,WR,100.0,"Johnston, Quentin LAC WR",AFC,4.92
Jul1 Sal,WR,101.0,"Tillman, Cedric CLE WR",AFC,4.85
Jul1 Sal,WR,102.0,"Cooper Jr., Omar NYJ WR",NFC,4.52
Jul1 Sal,WR,103.0,"Johnson, Tez TBB WR",NFC,4.52
Jul1 Sal,WR,104.0,"Addison, Jordan MIN WR",NFC,4.48
Jul1 Sal,WR,105.0,"Kupp, Cooper SEA WR",AFC,4.18
Jul1 Sal,WR,106.0,"Johnston, Quentin LAC WR",NFC,4.1
Jul1 Sal,WR,107.0,"McCaffrey, Luke WAS WR",NFC,4.09
Jul1 Sal,WR,108.0,"Jeudy, Jerry CLE WR",NFC,4.05
Jul1 Sal,WR,109.0,"Worthy, Xavier KCC WR",AFC,4.04
Jul1 Sal,WR,110.0,"Brown, Marquise PHI WR",AFC,3.9
Jul1 Sal,WR,111.0,"Flowers, Zay BAL WR",NFC,3.8
Jul1 Sal,WR,112.0,"Wicks, Dontayvion PHI WR",NFC,3.74
Jul1 Sal,WR,113.0,"Thomas Jr., Brian JAC WR",AFC,3.72
Jul1 Sal,WR,114.0,"Rice, Rashee KCC WR",NFC,3.7
Jul1 Sal,WR,115.0,"Rice, Rashee KCC WR",AFC,3.7
Jul1 Sal,WR,116.0,"Golden, Matthew GBP WR",AFC,3.66
Jul1 Sal,WR,117.0,"Flowers, Zay BAL WR",AFC,3.53
Jul1 Sal,WR,118.0,"McConkey, Ladd LAC WR",AFC,3.45
Jul1 Sal,WR,119.0,"Thomas Jr., Brian JAC WR",NFC,3.45
Jul1 Sal,WR,120.0,"Hill, Tyreek FA WR",AFC,3.33
Jul1 Sal,WR,121.0,"Coleman, Keon BUF WR",NFC,3.22
Jul1 Sal,WR,122.0,"Egbuka, Emeka TBB WR",AFC,3.19
Jul1 Sal,WR,123.0,"Higgins, Jayden HOU WR",NFC,3.19
Jul1 Sal,WR,124.0,"Boston, Denzel CLE WR",AFC,3.08
Jul1 Sal,WR,125.0,"Coleman, Keon BUF WR",AFC,3.03
Jul1 Sal,WR,126.0,"McConkey, Ladd LAC WR",NFC,3.03
Jul1 Sal,WR,127.0,"Golden, Matthew GBP WR",NFC,2.99
Jul1 Sal,WR,128.0,"Cooper Jr., Omar NYJ WR",AFC,2.91
Jul1 Sal,WR,129.0,"Egbuka, Emeka TBB WR",NFC,2.84
Jul1 Sal,WR,130.0,"Higgins, Jayden HOU WR",AFC,2.84
Jul1 Sal,WR,131.0,"Pearsall, Ricky SFO WR",AFC,2.71
Jul1 Sal,WR,132.0,"Burden, Luther CHI WR",AFC,2.7
Jul1 Sal,WR,133.0,"Stribling, De'Zhaun SFO WR",AFC,2.62
Jul1 Sal,WR,134.0,"Legette, Xavier CAR WR",AFC,2.57
Jul1 Sal,WR,135.0,"Pearsall, Ricky SFO WR",NFC,2.57
Jul1 Sal,WR,136.0,"Burden, Luther CHI WR",NFC,2.45
Jul1 Sal,WR,137.0,"Thornton, Tyquan KCC WR",AFC,2.4
Jul1 Sal,WR,138.0,"Williams, Antonio WAS WR",NFC,2.39
Jul1 Sal,WR,139.0,"Aiyuk, Brandon SFO WR",AFC,2.38
Jul1 Sal,WR,140.0,"Legette, Xavier CAR WR",NFC,2.28
Jul1 Sal,WR,141.0,"Mitchell, Adonai NYJ WR",AFC,2.28
Jul1 Sal,WR,142.0,"Harris, Tre LAC WR",NFC,2.25
Jul1 Sal,WR,143.0,"Stribling, De'Zhaun SFO WR",NFC,2.2
Jul1 Sal,WR,144.0,"Bech, Jack LVR WR",NFC,2.18
Jul1 Sal,WR,145.0,"Harris, Tre LAC WR",AFC,2.18
Jul1 Sal,WR,146.0,"Bernard, Germie PIT WR",AFC,2.12
Jul1 Sal,WR,147.0,"Boston, Denzel CLE WR",NFC,2.12
Jul1 Sal,WR,148.0,"Bech, Jack LVR WR",AFC,2.1
Jul1 Sal,WR,149.0,"Mitchell, Adonai NYJ WR",NFC,2.1
Jul1 Sal,WR,150.0,"Ridley, Calvin TEN WR",NFC,2.1
Jul1 Sal,WR,151.0,"Thornton, Tyquan KCC WR",NFC,2.1
Jul1 Sal,WR,152.0,"Brown, Noah WAS WR",AFC,2.06
Jul1 Sal,WR,153.0,"Thornton, Dont'e LVR WR",AFC,2.06
Jul1 Sal,WR,154.0,"Fields, Malachi NYG WR",AFC,2.05
Jul1 Sal,WR,155.0,"Reed, Jayden GBP WR",AFC,2.05
Jul1 Sal,WR,156.0,"Tolbert, Jalen MIA WR",AFC,2.05
Jul1 Sal,WR,157.0,"Douglas, Demario NEP WR",NFC,2.01
Jul1 Sal,WR,158.0,"Flournoy, Ryan DAL WR",NFC,2.01
Jul1 Sal,WR,159.0,"Hutchinson, Xavier HOU WR",AFC,2.01
Jul1 Sal,WR,160.0,"Allen, Keenan FA WR",NFC,2.0
Jul1 Sal,WR,161.0,"Allen, Keenan FA WR",AFC,2.0
Jul1 Sal,WR,162.0,"Bateman, Rashod BAL WR",AFC,2.0
Jul1 Sal,WR,163.0,"Bourne, Kendrick ARI WR",NFC,2.0
Jul1 Sal,WR,164.0,"Brown, Marquise PHI WR",NFC,2.0
Jul1 Sal,WR,165.0,"Douglas, Demario NEP WR",AFC,2.0
Jul1 Sal,WR,166.0,"Flournoy, Ryan DAL WR",AFC,2.0
Jul1 Sal,WR,167.0,"Hollins, Mack NEP WR",NFC,2.0
Jul1 Sal,WR,168.0,"Iosivas, Andrei CIN WR",NFC,2.0
Jul1 Sal,WR,169.0,"Jennings, Jauan MIN WR",NFC,2.0
Jul1 Sal,WR,170.0,"Jennings, Jauan MIN WR",AFC,2.0
Jul1 Sal,WR,171.0,"Kirk, Christian SFO WR",NFC,2.0
Jul1 Sal,WR,172.0,"Kirk, Christian SFO WR",AFC,2.0
Jul1 Sal,WR,173.0,"Kupp, Cooper SEA WR",NFC,2.0
Jul1 Sal,WR,174.0,"Mooney, Darnell NYG WR",AFC,2.0
Jul1 Sal,WR,175.0,"Palmer, Joshua BUF WR",NFC,2.0
Jul1 Sal,WR,176.0,"Samuel, Deebo FA WR",AFC,2.0
Jul1 Sal,WR,177.0,"Slayton, Darius NYG WR",NFC,2.0
Jul1 Sal,WR,178.0,"Tolbert, Jalen MIA WR",NFC,2.0
Jul1 Sal,WR,179.0,"Downs, Josh IND WR",NFC,1.98
Jul1 Sal,WR,180.0,"Williams, Kyle NEP WR",NFC,1.97
Jul1 Sal,WR,181.0,"Wilson, Roman PIT WR",AFC,1.93
Jul1 Sal,WR,182.0,"Bernard, Germie PIT WR",NFC,1.92
Jul1 Sal,WR,183.0,"Williams, Antonio WAS WR",AFC,1.81
Jul1 Sal,WR,184.0,"Wilson, Roman PIT WR",NFC,1.81
Jul1 Sal,WR,185.0,"Mims, Marvin DEN WR",NFC,1.8
Jul1 Sal,WR,186.0,"Bell, Chris MIA WR",NFC,1.76
Jul1 Sal,WR,187.0,"Reed, Jayden GBP WR",NFC,1.75
Jul1 Sal,WR,188.0,"Bell, Chris MIA WR",AFC,1.71
Jul1 Sal,WR,189.0,"Fields, Malachi NYG WR",NFC,1.67
Jul1 Sal,WR,190.0,"Downs, Josh IND WR",AFC,1.57
Jul1 Sal,WR,191.0,"Brazzell II, Chris CAR WR",NFC,1.56
Jul1 Sal,WR,192.0,"Franklin, Troy DEN WR",NFC,1.52
Jul1 Sal,WR,193.0,"Franklin, Troy DEN WR",AFC,1.52
Jul1 Sal,WR,194.0,"Dell, Tank HOU WR",AFC,1.5
Jul1 Sal,WR,195.0,"Williams, Kyle NEP WR",AFC,1.49
Jul1 Sal,WR,196.0,"Noel, Jaylin HOU WR",NFC,1.46
Jul1 Sal,WR,197.0,"Tillman, Cedric CLE WR",NFC,1.46
Jul1 Sal,WR,198.0,"Hurst, Ted TBB WR",NFC,1.39
Jul1 Sal,WR,199.0,"Mims, Marvin DEN WR",AFC,1.38
Jul1 Sal,WR,200.0,"Noel, Jaylin HOU WR",AFC,1.38
Jul1 Sal,WR,201.0,"McMillan, Jalen TBB WR",NFC,1.36
Jul1 Sal,WR,202.0,"Sarratt, Elijah BAL WR",NFC,1.36
Jul1 Sal,WR,203.0,"Dell, Tank HOU WR",NFC,1.35
Jul1 Sal,WR,204.0,"Branch, Zachariah ATL WR",NFC,1.34
Jul1 Sal,WR,205.0,"TeSlaa, Isaac DET WR",NFC,1.33
Jul1 Sal,WR,206.0,"Brazzell II, Chris CAR WR",AFC,1.3
Jul1 Sal,WR,207.0,"Branch, Zachariah ATL WR",AFC,1.26
Jul1 Sal,WR,208.0,"Bell, Skyler BUF WR",NFC,1.25
Jul1 Sal,WR,209.0,"Royals, Jalen KCC WR",NFC,1.24
Jul1 Sal,WR,210.0,"Bell, Skyler BUF WR",AFC,1.23
Jul1 Sal,WR,211.0,"Cowing, Jacob SFO WR",AFC,1.22
Jul1 Sal,WR,212.0,"Douglas, Caleb MIA WR",NFC,1.22
Jul1 Sal,WR,213.0,"Ayomanor, Elic TEN WR",NFC,1.21
Jul1 Sal,WR,214.0,"Royals, Jalen KCC WR",AFC,1.2
Jul1 Sal,WR,215.0,"Bryant, Pat DEN WR",NFC,1.19
Jul1 Sal,WR,216.0,"McMillan, Jalen TBB WR",AFC,1.19
Jul1 Sal,WR,217.0,"Ayomanor, Elic TEN WR",AFC,1.17
Jul1 Sal,WR,218.0,"Hurst, Ted TBB WR",AFC,1.17
Jul1 Sal,WR,219.0,"Iosivas, Andrei CIN WR",AFC,1.17
Jul1 Sal,WR,220.0,"McCaffrey, Luke WAS WR",AFC,1.14
Jul1 Sal,WR,221.0,"Wilson, Michael ARI WR",AFC,1.14
Jul1 Sal,WR,222.0,"Horton, Tory SEA WR",AFC,1.12
Jul1 Sal,WR,223.0,"Thompson, Brenen LAC WR",AFC,1.12
Jul1 Sal,WR,224.0,"Horton, Tory SEA WR",NFC,1.11
Jul1 Sal,WR,225.0,"Lane, Ja'Kobi BAL WR",NFC,1.11
Jul1 Sal,WR,226.0,"TeSlaa, Isaac DET WR",AFC,1.11
Jul1 Sal,WR,227.0,"Atwell, Tutu MIA WR",NFC,1.1
Jul1 Sal,WR,228.0,"Atwell, Tutu MIA WR",AFC,1.1
Jul1 Sal,WR,229.0,"Austin III, Calvin NYG WR",NFC,1.1
Jul1 Sal,WR,230.0,"Bourne, Kendrick ARI WR",AFC,1.1
Jul1 Sal,WR,231.0,"Brown, Dyami WAS WR",NFC,1.1
Jul1 Sal,WR,232.0,"Brown, Noah WAS WR",NFC,1.1
Jul1 Sal,WR,233.0,"Burks, Treylon WAS WR",NFC,1.1
Jul1 Sal,WR,234.0,"Chism, Efton NEP WR",NFC,1.1
Jul1 Sal,WR,235.0,"Collins, Beaux NYG WR",NFC,1.1
Jul1 Sal,WR,236.0,"Dike, Chimere TEN WR",NFC,1.1
Jul1 Sal,WR,237.0,"Dortch, Greg DET WR",NFC,1.1
Jul1 Sal,WR,238.0,"Dotson, Jahan ATL WR",NFC,1.1
Jul1 Sal,WR,239.0,"Dotson, Jahan ATL WR",AFC,1.1
Jul1 Sal,WR,240.0,"Hollins, Mack NEP WR",AFC,1.1
Jul1 Sal,WR,241.0,"Hutchinson, Xavier HOU WR",NFC,1.1
Jul1 Sal,WR,242.0,"Johnson, Tez TBB WR",AFC,1.1
Jul1 Sal,WR,243.0,"Lane, Jaylin WAS WR",AFC,1.1
Jul1 Sal,WR,244.0,"Metchie, John CAR WR",AFC,1.1
Jul1 Sal,WR,245.0,"Nailor, Jalen LVR WR",NFC,1.1
Jul1 Sal,WR,246.0,"Nailor, Jalen LVR WR",AFC,1.1
Jul1 Sal,WR,247.0,"Palmer, Joshua BUF WR",AFC,1.1
Jul1 Sal,WR,248.0,"Polk, Ja'Lynn NOS WR",AFC,1.1
Jul1 Sal,WR,249.0,"Raymond, Kalif CHI WR",NFC,1.1
Jul1 Sal,WR,250.0,"Raymond, Kalif CHI WR",AFC,1.1
Jul1 Sal,WR,251.0,"Restrepo, Xavier TEN WR",AFC,1.1
Jul1 Sal,WR,252.0,"Robinson, Demarcus SFO WR",AFC,1.1
Jul1 Sal,WR,253.0,"Slayton, Darius NYG WR",AFC,1.1
Jul1 Sal,WR,254.0,"Smith, Xavier LAR WR",NFC,1.1
Jul1 Sal,WR,255.0,"Tucker, Tre LVR WR",AFC,1.1
Jul1 Sal,WR,256.0,"Turpin, KaVontae DAL WR",NFC,1.1
Jul1 Sal,WR,257.0,"Vele, Devaughn NOS WR",NFC,1.1
Jul1 Sal,WR,258.0,"Vele, Devaughn NOS WR",AFC,1.1
Jul1 Sal,WR,259.0,"Walker, Devontez BAL WR",NFC,1.1
Jul1 Sal,WR,260.0,"Walker, Jahdae CHI WR",NFC,1.1
Jul1 Sal,WR,261.0,"Walker, Jahdae CHI WR",AFC,1.1
Jul1 Sal,WR,262.0,"Washington, Malik MIA WR",AFC,1.1
Jul1 Sal,WR,263.0,"Watkins, Jordan SFO WR",AFC,1.1
Jul1 Sal,WR,264.0,"Westbrook-Ikhine, Nick IND WR",NFC,1.1
Jul1 Sal,WR,265.0,"Whittington, Jordan LAR WR",NFC,1.1
Jul1 Sal,WR,266.0,"Whittington, Jordan LAR WR",AFC,1.1
Jul1 Sal,WR,267.0,"Wicks, Dontayvion PHI WR",AFC,1.1
Jul1 Sal,WR,268.0,"Zaccheaus, Olamide ATL WR",NFC,1.1
Jul1 Sal,WR,269.0,"Bryant, Pat DEN WR",AFC,1.09
Jul1 Sal,WR,270.0,"Washington, Malik MIA WR",NFC,1.09
Jul1 Sal,WR,271.0,"Cowing, Jacob SFO WR",NFC,1.08
Jul1 Sal,WR,272.0,"Williams, Savion GBP WR",NFC,1.08
Jul1 Sal,WR,273.0,"Douglas, Caleb MIA WR",AFC,1.07
Jul1 Sal,WR,274.0,"Thompson, Brenen LAC WR",NFC,1.07
Jul1 Sal,WR,275.0,"Dike, Chimere TEN WR",AFC,1.06
Jul1 Sal,WR,276.0,"Thomas, Zavion CHI WR",AFC,1.06
Jul1 Sal,WR,277.0,"Felton, Tai MIN WR",NFC,1.04
Jul1 Sal,WR,278.0,"Sarratt, Elijah BAL WR",AFC,1.03
Jul1 Sal,WR,279.0,"Thornton, Dont'e LVR WR",NFC,1.03
Jul1 Sal,WR,280.0,"Williams, Savion GBP WR",AFC,1.03
Jul1 Sal,WR,281.0,"Bond, Isaiah CLE WR",AFC,1.02
Jul1 Sal,WR,282.0,"Lance, Bryce NOS WR",NFC,1.02
Jul1 Sal,WR,283.0,"Lane, Ja'Kobi BAL WR",AFC,1.02
Jul1 Sal,WR,284.0,"Allen, Cyrus KCC WR",NFC,1.0
Jul1 Sal,WR,285.0,"Allen, Cyrus KCC WR",AFC,0.99
Jul1 Sal,WR,286.0,"Bond, Isaiah CLE WR",NFC,0.99
Jul1 Sal,WR,287.0,"Burks, Deion IND WR",NFC,0.99
Jul1 Sal,WR,288.0,"Horn, Jimmy CAR WR",AFC,0.99
Jul1 Sal,WR,289.0,"Lambert-Smith, KeAndre LAC WR",NFC,0.99
Jul1 Sal,WR,290.0,"Lambert-Smith, KeAndre LAC WR",AFC,0.99
Jul1 Sal,WR,291.0,"Lane, Jaylin WAS WR",NFC,0.99
Jul1 Sal,WR,292.0,"Mumpfield, Konata LAR WR",NFC,0.99
Jul1 Sal,WR,293.0,"Smith, Arian NYJ WR",NFC,0.99
Jul1 Sal,WR,294.0,"Smith, Arian NYJ WR",AFC,0.99
Jul1 Sal,WR,295.0,"Thomas, Zavion CHI WR",NFC,0.99
Jul1 Sal,WR,296.0,"Virgil, Reggie ARI WR",NFC,0.99
Jul1 Sal,WR,297.0,"Watkins, Jordan SFO WR",NFC,0.99
Jul1 Sal,WR,298.0,"Caldwell, Jeff KCC WR",NFC,0.98
Jul1 Sal,WR,299.0,"Daniels, CJ LAR WR",NFC,0.98
Jul1 Sal,WR,300.0,"Bell, Dillon MIN WR",NFC,0.94
Jul1 Sal,WR,301.0,"Benson, Malik LVR WR",NFC,0.94
Jul1 Sal,WR,302.0,"Benson, Malik LVR WR",AFC,0.94
Jul1 Sal,WR,303.0,"Brown, Barion NOS WR",NFC,0.94
Jul1 Sal,WR,304.0,"Burks, Deion IND WR",AFC,0.94
Jul1 Sal,WR,305.0,"Caldwell, Jeff KCC WR",AFC,0.94
Jul1 Sal,WR,306.0,"Cameron, Josh JAC WR",NFC,0.94
Jul1 Sal,WR,307.0,"Cameron, Josh JAC WR",AFC,0.94
Jul1 Sal,WR,308.0,"Coleman, Kevin MIA WR",NFC,0.94
Jul1 Sal,WR,309.0,"Coleman, Kevin MIA WR",AFC,0.94
Jul1 Sal,WR,310.0,"Daniels, CJ LAR WR",AFC,0.94
Jul1 Sal,WR,311.0,"Lance, Bryce NOS WR",AFC,0.94
Jul1 Sal,WR,312.0,"Law, Kendrick DET WR",NFC,0.94
Jul1 Sal,WR,313.0,"Montgomery, Tyren TEN WR",NFC,0.94
Jul1 Sal,WR,314.0,"Roberts, Chase LVR WR",AFC,0.94
Jul1 Sal,WR,315.0,"Smith, Anthony DAL WR",NFC,0.94
Jul1 Sal,WR,316.0,"Sturdivant, J Michael GBP WR",NFC,0.94
Jul1 Sal,WR,317.0,"Thomas, Noah CIN WR",NFC,0.94
Jul1 Sal,WR,318.0,"Wallace, Harrison ARI WR",NFC,0.94
Jul1 Sal,WR,319.0,"Wetjen, Kaden PIT WR",NFC,0.94
Jul1 Sal,WR,320.0,"White, Squirrel CHI WR",NFC,0.94
Jul1 Sal,WR,321.0,"Young, Colbie CIN WR",NFC,0.94
Jul1 Sal,WR,322.0,"Young, Colbie CIN WR",AFC,0.94
Jul1 Sal,TE,-1.0,,,24.96
Jul1 Sal,TE,0.0,,,23.81
Jul1 Sal,TE,1.0,"McBride, Trey ARI TE",NFC,22.66
Jul1 Sal,TE,2.0,"Kittle, George SFO TE",NFC,20.0
Jul1 Sal,TE,3.0,"Hockenson, T.J. MIN TE",AFC,18.5
Jul1 Sal,TE,4.0,"Kittle, George SFO TE",AFC,18.05
Jul1 Sal,TE,5.0,"McBride, Trey ARI TE",AFC,16.57
Jul1 Sal,TE,6.0,"Engram, Evan DEN TE",NFC,11.5
Jul1 Sal,TE,7.0,"Hockenson, T.J. MIN TE",NFC,11.0
Jul1 Sal,TE,8.0,"Pitts, Kyle ATL TE",AFC,10.07
Jul1 Sal,TE,9.0,"Kelce, Travis KCC TE",NFC,9.9
Jul1 Sal,TE,10.0,"Pitts, Kyle ATL TE",NFC,9.39
Jul1 Sal,TE,11.0,"Andrews, Mark BAL TE",AFC,8.57
Jul1 Sal,TE,12.0,"Schultz, Dalton HOU TE",NFC,8.18
Jul1 Sal,TE,13.0,"Johnson, Juwan NOS TE",NFC,8.11
Jul1 Sal,TE,14.0,"Otton, Cade TBB TE",AFC,7.35
Jul1 Sal,TE,15.0,"Bowers, Brock LVR TE",AFC,7.02
Jul1 Sal,TE,16.0,"Goedert, Dallas PHI TE",AFC,6.53
Jul1 Sal,TE,17.0,"Barner, AJ SEA TE",NFC,6.51
Jul1 Sal,TE,18.0,"Engram, Evan DEN TE",AFC,6.48
Jul1 Sal,TE,19.0,"Ferguson, Jake DAL TE",AFC,5.77
Jul1 Sal,TE,20.0,"Kmet, Cole CHI TE",NFC,5.75
Jul1 Sal,TE,21.0,"Ferguson, Jake DAL TE",NFC,5.2
Jul1 Sal,TE,22.0,"Gray, Noah KCC TE",NFC,5.2
Jul1 Sal,TE,23.0,"Henry, Hunter NEP TE",AFC,5.1
Jul1 Sal,TE,24.0,"Kelce, Travis KCC TE",AFC,5.0
Jul1 Sal,TE,25.0,"Okonkwo, Chigoziem WAS TE",NFC,4.96
Jul1 Sal,TE,26.0,"Kincaid, Dalton BUF TE",NFC,4.92
Jul1 Sal,TE,27.0,"Johnson, Juwan NOS TE",AFC,4.85
Jul1 Sal,TE,28.0,"Strange, Brenton JAC TE",NFC,4.6
Jul1 Sal,TE,29.0,"Freiermuth, Pat PIT TE",NFC,4.53
Jul1 Sal,TE,30.0,"Bowers, Brock LVR TE",NFC,4.42
Jul1 Sal,TE,31.0,"Loveland, Colston CHI TE",NFC,4.32
Jul1 Sal,TE,32.0,"Loveland, Colston CHI TE",AFC,4.32
Jul1 Sal,TE,33.0,"Likely, Isaiah NYG TE",NFC,4.26
Jul1 Sal,TE,34.0,"Likely, Isaiah NYG TE",AFC,4.26
Jul1 Sal,TE,35.0,"Sadiq, Kenyon NYJ TE",NFC,4.13
Jul1 Sal,TE,36.0,"Kincaid, Dalton BUF TE",AFC,4.1
Jul1 Sal,TE,37.0,"Schoonmaker, Luke DAL TE",NFC,4.1
Jul1 Sal,TE,38.0,"Sadiq, Kenyon NYJ TE",AFC,3.8
Jul1 Sal,TE,39.0,"Kraft, Tucker GBP TE",NFC,3.7
Jul1 Sal,TE,40.0,"Kraft, Tucker GBP TE",AFC,3.7
Jul1 Sal,TE,41.0,"LaPorta, Sam DET TE",AFC,3.7
Jul1 Sal,TE,42.0,"Warren, Tyler IND TE",NFC,3.66
Jul1 Sal,TE,43.0,"Warren, Tyler IND TE",AFC,3.41
Jul1 Sal,TE,44.0,"LaPorta, Sam DET TE",NFC,3.1
Jul1 Sal,TE,45.0,"Andrews, Mark BAL TE",NFC,3.04
Jul1 Sal,TE,46.0,"Henry, Hunter NEP TE",NFC,3.0
Jul1 Sal,TE,47.0,"Goedert, Dallas PHI TE",NFC,2.95
Jul1 Sal,TE,48.0,"Mayer, Michael LVR TE",NFC,2.78
Jul1 Sal,TE,49.0,"Stowers, Eli PHI TE",NFC,2.5
Jul1 Sal,TE,50.0,"Stowers, Eli PHI TE",AFC,2.2
Jul1 Sal,TE,51.0,"Freiermuth, Pat PIT TE",AFC,2.1
Jul1 Sal,TE,52.0,"Schultz, Dalton HOU TE",AFC,2.1
Jul1 Sal,TE,53.0,"Bellinger, Daniel TEN TE",AFC,2.06
Jul1 Sal,TE,54.0,"Gesicki, Mike CIN TE",NFC,2.0
Jul1 Sal,TE,55.0,"Higbee, Tyler LAR TE",NFC,2.0
Jul1 Sal,TE,56.0,"Njoku, David LAC TE",NFC,2.0
Jul1 Sal,TE,57.0,"Njoku, David LAC TE",AFC,2.0
Jul1 Sal,TE,58.0,"Okonkwo, Chigoziem WAS TE",AFC,2.0
Jul1 Sal,TE,59.0,"Otton, Cade TBB TE",NFC,2.0
Jul1 Sal,TE,60.0,"Parkinson, Colby LAR TE",NFC,2.0
Jul1 Sal,TE,61.0,"Washington, Darnell PIT TE",AFC,2.0
Jul1 Sal,TE,62.0,"Taylor, Mason NYJ TE",AFC,1.91
Jul1 Sal,TE,63.0,"Musgrave, Luke GBP TE",NFC,1.88
Jul1 Sal,TE,64.0,"Sinnott, Ben WAS TE",NFC,1.78
Jul1 Sal,TE,65.0,"Ferguson, Terrance LAR TE",NFC,1.76
Jul1 Sal,TE,66.0,"Taylor, Mason NYJ TE",NFC,1.67
Jul1 Sal,TE,67.0,"Sinnott, Ben WAS TE",AFC,1.66
Jul1 Sal,TE,68.0,"Fannin, Harold CLE TE",NFC,1.51
Jul1 Sal,TE,69.0,"Arroyo, Elijah SEA TE",NFC,1.38
Jul1 Sal,TE,70.0,"Arroyo, Elijah SEA TE",AFC,1.35
Jul1 Sal,TE,71.0,"Sanders, Ja'Tavion CAR TE",NFC,1.34
Jul1 Sal,TE,72.0,"Fannin, Harold CLE TE",AFC,1.33
Jul1 Sal,TE,73.0,"Johnson, Theo NYG TE",NFC,1.29
Jul1 Sal,TE,74.0,"Ferguson, Terrance LAR TE",AFC,1.25
Jul1 Sal,TE,75.0,"Sanders, Ja'Tavion CAR TE",AFC,1.24
Jul1 Sal,TE,76.0,"Gesicki, Mike CIN TE",AFC,1.2
Jul1 Sal,TE,77.0,"Delp, Oscar NOS TE",NFC,1.15
Jul1 Sal,TE,78.0,"Johnson, Theo NYG TE",AFC,1.11
Jul1 Sal,TE,79.0,"Raridon, Eli NEP TE",AFC,1.11
Jul1 Sal,TE,80.0,"Bellinger, Daniel TEN TE",NFC,1.1
Jul1 Sal,TE,81.0,"Conklin, Tyler DET TE",NFC,1.1
Jul1 Sal,TE,82.0,"Dulcich, Greg MIA TE",NFC,1.1
Jul1 Sal,TE,83.0,"Dulcich, Greg MIA TE",AFC,1.1
Jul1 Sal,TE,84.0,"Ertz, Zach FA TE",NFC,1.1
Jul1 Sal,TE,85.0,"Evans, Mitchell CAR TE",AFC,1.1
Jul1 Sal,TE,86.0,"Gray, Noah KCC TE",AFC,1.1
Jul1 Sal,TE,87.0,"Higbee, Tyler LAR TE",AFC,1.1
Jul1 Sal,TE,88.0,"Higgins, Elijah ARI TE",NFC,1.1
Jul1 Sal,TE,89.0,"Higgins, Elijah ARI TE",AFC,1.1
Jul1 Sal,TE,90.0,"Jordan, Brevin HOU TE",NFC,1.1
Jul1 Sal,TE,91.0,"Kacmarek, Will MIA TE",AFC,1.1
Jul1 Sal,TE,92.0,"Kmet, Cole CHI TE",AFC,1.1
Jul1 Sal,TE,93.0,"Knox, Dawson BUF TE",NFC,1.1
Jul1 Sal,TE,94.0,"Knox, Dawson BUF TE",AFC,1.1
Jul1 Sal,TE,95.0,"Kolar, Charlie LAC TE",NFC,1.1
Jul1 Sal,TE,96.0,"Latu, Cameron PHI TE",NFC,1.1
Jul1 Sal,TE,97.0,"Mayer, Michael LVR TE",AFC,1.1
Jul1 Sal,TE,98.0,"Musgrave, Luke GBP TE",AFC,1.1
Jul1 Sal,TE,99.0,"Parkinson, Colby LAR TE",AFC,1.1
Jul1 Sal,TE,100.0,"Strange, Brenton JAC TE",AFC,1.1
Jul1 Sal,TE,101.0,"Tonges, Jake SFO TE",NFC,1.1
Jul1 Sal,TE,102.0,"Tonges, Jake SFO TE",AFC,1.1
Jul1 Sal,TE,103.0,"Tremble, Tommy CAR TE",NFC,1.1
Jul1 Sal,TE,104.0,"Tremble, Tommy CAR TE",AFC,1.1
Jul1 Sal,TE,105.0,"Waller, Darren FA TE",NFC,1.1
Jul1 Sal,TE,106.0,"Washington, Darnell PIT TE",NFC,1.1
Jul1 Sal,TE,107.0,"Wright, Brock DET TE",NFC,1.1
Jul1 Sal,TE,108.0,"Klare, Max LAR TE",NFC,1.09
Jul1 Sal,TE,109.0,"Stover, Cade HOU TE",AFC,1.09
Jul1 Sal,TE,110.0,"All, Erick CIN TE",NFC,1.08
Jul1 Sal,TE,111.0,"Stover, Cade HOU TE",NFC,1.08
Jul1 Sal,TE,112.0,"Delp, Oscar NOS TE",AFC,1.07
Jul1 Sal,TE,113.0,"Klare, Max LAR TE",AFC,1.05
Jul1 Sal,TE,114.0,"Gadsden, Oronde LAC TE",NFC,1.04
Jul1 Sal,TE,115.0,"Helm, Gunnar TEN TE",AFC,1.04
Jul1 Sal,TE,116.0,"All, Erick CIN TE",AFC,1.03
Jul1 Sal,TE,117.0,"Barner, AJ SEA TE",AFC,1.03
Jul1 Sal,TE,118.0,"Raridon, Eli NEP TE",NFC,1.03
Jul1 Sal,TE,119.0,"Boerkircher, Nate JAC TE",AFC,1.02
Jul1 Sal,TE,120.0,"Joly, Justin DEN TE",NFC,1.01
Jul1 Sal,TE,121.0,"Koziol, Tanner JAC TE",NFC,1.0
Jul1 Sal,TE,122.0,"Bartholomew, Gavin MIN TE",NFC,0.99
Jul1 Sal,TE,123.0,"Briningstool, Jake KCC TE",AFC,0.99
Jul1 Sal,TE,124.0,"Gadsden, Oronde LAC TE",AFC,0.99
Jul1 Sal,TE,125.0,"Helm, Gunnar TEN TE",NFC,0.99
Jul1 Sal,TE,126.0,"Trigg, Michael DAL TE",AFC,0.99
Jul1 Sal,TE,127.0,"Hibner, Matthew BAL TE",NFC,0.98
Jul1 Sal,TE,128.0,"Joly, Justin DEN TE",AFC,0.98
Jul1 Sal,TE,129.0,"Klein, Marlin HOU TE",NFC,0.98
Jul1 Sal,TE,130.0,"Klein, Marlin HOU TE",AFC,0.98
Jul1 Sal,TE,131.0,"Bentley, Dallen DEN TE",NFC,0.94
Jul1 Sal,TE,132.0,"Bentley, Dallen DEN TE",AFC,0.94
Jul1 Sal,TE,133.0,"Boerkircher, Nate JAC TE",NFC,0.94
Jul1 Sal,TE,134.0,"Cuevas, Josh BAL TE",NFC,0.94
Jul1 Sal,TE,135.0,"Cuevas, Josh BAL TE",AFC,0.94
Jul1 Sal,TE,136.0,"Endries, Jack CIN TE",NFC,0.94
Jul1 Sal,TE,137.0,"Endries, Jack CIN TE",AFC,0.94
Jul1 Sal,TE,138.0,"Gyllenborg, John Michael KCC TE",AFC,0.94
Jul1 Sal,TE,139.0,"Hibner, Matthew BAL TE",AFC,0.94
Jul1 Sal,TE,140.0,"Kacmarek, Will MIA TE",NFC,0.94
Jul1 Sal,TE,141.0,"Koziol, Tanner JAC TE",AFC,0.94
Jul1 Sal,TE,142.0,"Nowakowski, Riley PIT TE",NFC,0.94
Jul1 Sal,TE,143.0,"Roush, Sam CHI TE",NFC,0.94
Jul1 Sal,TE,144.0,"Roush, Sam CHI TE",AFC,0.94
Jul1 Sal,TE,145.0,"Royer, Joe CLE TE",AFC,0.94
Jul1 Sal,TE,146.0,"Traore, Seydou MIA TE",AFC,0.94
Jul1 Sal,TE,147.0,"Trigg, Michael DAL TE",NFC,0.94
Jul1 Sal,PK/PN,-1.0,,,5.34
Jul1 Sal,PK/PN,0.0,,,5.03
Jul1 Sal,PK/PN,1.0,"Dickson, Michael SEA PN",AFC,4.73
Jul1 Sal,PK/PN,2.0,"Cole, A.J. LVR PN",AFC,3.99
Jul1 Sal,PK/PN,3.0,"Aubrey, Brandon DAL PK",AFC,3.92
Jul1 Sal,PK/PN,4.0,"Aubrey, Brandon DAL PK",NFC,3.15
Jul1 Sal,PK/PN,5.0,"Dicker, Cameron LAC PK",AFC,2.79
Jul1 Sal,PK/PN,6.0,"Sanchez, Rigoberto IND PN",AFC,2.39
Jul1 Sal,PK/PN,7.0,"Fairbairn, Ka'imi HOU PK",NFC,2.34
Jul1 Sal,PK/PN,8.0,"McLaughlin, Chase TBB PK",AFC,2.11
Jul1 Sal,PK/PN,9.0,"Boswell, Chris PIT PK",NFC,2.09
Jul1 Sal,PK/PN,10.0,"Townsend, Tommy TEN PN",NFC,2.07
Jul1 Sal,PK/PN,11.0,"Bojorquez, Corey CLE PN",AFC,2.05
Jul1 Sal,PK/PN,12.0,"Cole, A.J. LVR PN",NFC,2.05
Jul1 Sal,PK/PN,13.0,"Dicker, Cameron LAC PK",NFC,2.05
Jul1 Sal,PK/PN,14.0,"Reichard, Will MIN PK",NFC,2.05
Jul1 Sal,PK/PN,15.0,"McNamara, Austin NYJ PN",NFC,2.01
Jul1 Sal,PK/PN,16.0,"Bates, Jake DET PK",AFC,2.0
Jul1 Sal,PK/PN,17.0,"Boswell, Chris PIT PK",AFC,2.0
Jul1 Sal,PK/PN,18.0,"Cooke, Logan JAC PN",AFC,2.0
Jul1 Sal,PK/PN,19.0,"Elliott, Jake PHI PK",AFC,2.0
Jul1 Sal,PK/PN,20.0,"Gillikin, Blake ARI PN",NFC,2.0
Jul1 Sal,PK/PN,21.0,"Little, Cam JAC PK",NFC,2.0
Jul1 Sal,PK/PN,22.0,"McLaughlin, Chase TBB PK",NFC,2.0
Jul1 Sal,PK/PN,23.0,"Myers, Jason SEA PK",NFC,2.0
Jul1 Sal,PK/PN,24.0,"Myers, Jason SEA PK",AFC,2.0
Jul1 Sal,PK/PN,25.0,"Pineiro, Eddy SFO PK",AFC,2.0
Jul1 Sal,PK/PN,26.0,"Stout, Jordan NYG PN",NFC,2.0
Jul1 Sal,PK/PN,27.0,"Fairbairn, Ka'imi HOU PK",AFC,1.99
Jul1 Sal,PK/PN,28.0,"Bass, Tyler BUF PK",AFC,1.2
Jul1 Sal,PK/PN,29.0,"Sanchez, Rigoberto IND PN",NFC,1.2
Jul1 Sal,PK/PN,30.0,"Baringer, Bryce NEP PN",NFC,1.14
Jul1 Sal,PK/PN,31.0,"Evans, Ethan LAR PN",AFC,1.14
Jul1 Sal,PK/PN,32.0,"Taylor, Tory CHI PN",NFC,1.13
Jul1 Sal,PK/PN,33.0,"Araiza, Matt KCC PN",NFC,1.1
Jul1 Sal,PK/PN,34.0,"Araiza, Matt KCC PN",AFC,1.1
Jul1 Sal,PK/PN,35.0,"Bailey, Jake ATL PN",NFC,1.1
Jul1 Sal,PK/PN,36.0,"Bailey, Jake ATL PN",AFC,1.1
Jul1 Sal,PK/PN,37.0,"Bass, Tyler BUF PK",NFC,1.1
Jul1 Sal,PK/PN,38.0,"Bates, Jake DET PK",NFC,1.1
Jul1 Sal,PK/PN,39.0,"Bojorquez, Corey CLE PN",NFC,1.1
Jul1 Sal,PK/PN,40.0,"Borregales, Andres NEP PK",NFC,1.1
Jul1 Sal,PK/PN,41.0,"Butker, Harrison KCC PK",AFC,1.1
Jul1 Sal,PK/PN,42.0,"Cooke, Logan JAC PN",NFC,1.1
Jul1 Sal,PK/PN,43.0,"Dickson, Michael SEA PN",NFC,1.1
Jul1 Sal,PK/PN,44.0,"Dixon, Riley TBB PN",NFC,1.1
Jul1 Sal,PK/PN,45.0,"Dixon, Riley TBB PN",AFC,1.1
Jul1 Sal,PK/PN,46.0,"Fitzgerald, Ryan CAR PK",NFC,1.1
Jul1 Sal,PK/PN,47.0,"Folk, Nick ATL PK",NFC,1.1
Jul1 Sal,PK/PN,48.0,"Folk, Nick ATL PK",AFC,1.1
Jul1 Sal,PK/PN,49.0,"Fox, Jack DET PN",NFC,1.1
Jul1 Sal,PK/PN,50.0,"Gay, Matt LVR PK",NFC,1.1
Jul1 Sal,PK/PN,51.0,"Gonzalez, Zane MIA PK",AFC,1.1
Jul1 Sal,PK/PN,52.0,"Grupe, Blake IND PK",AFC,1.1
Jul1 Sal,PK/PN,53.0,"Haack, Matt ARI PN",NFC,1.1
Jul1 Sal,PK/PN,54.0,"Hekker, Johnny MIN PN",NFC,1.1
Jul1 Sal,PK/PN,55.0,"Hekker, Johnny MIN PN",AFC,1.1
Jul1 Sal,PK/PN,56.0,"Kroeger, Kai HOU PN",NFC,1.1
Jul1 Sal,PK/PN,57.0,"Lutz, Wil DEN PK",NFC,1.1
Jul1 Sal,PK/PN,58.0,"Lutz, Wil DEN PK",AFC,1.1
Jul1 Sal,PK/PN,59.0,"Mann, Braden PHI PN",NFC,1.1
Jul1 Sal,PK/PN,60.0,"Mann, Braden PHI PN",AFC,1.1
Jul1 Sal,PK/PN,61.0,"Martin, Sam CAR PN",NFC,1.1
Jul1 Sal,PK/PN,62.0,"Martin, Sam CAR PN",AFC,1.1
Jul1 Sal,PK/PN,63.0,"McManus, Brandon FA PK",NFC,1.1
Jul1 Sal,PK/PN,64.0,"McManus, Brandon FA PK",AFC,1.1
Jul1 Sal,PK/PN,65.0,"McNamara, Austin NYJ PN",AFC,1.1
Jul1 Sal,PK/PN,66.0,"McPherson, Evan CIN PK",NFC,1.1
Jul1 Sal,PK/PN,67.0,"McPherson, Evan CIN PK",AFC,1.1
Jul1 Sal,PK/PN,68.0,"Mevis, Harrison LAR PK",NFC,1.1
Jul1 Sal,PK/PN,69.0,"Mevis, Harrison LAR PK",AFC,1.1
Jul1 Sal,PK/PN,70.0,"Moody, Jake WAS PK",NFC,1.1
Jul1 Sal,PK/PN,71.0,"Patterson, Riley MIA PK",NFC,1.1
Jul1 Sal,PK/PN,72.0,"Pineiro, Eddy SFO PK",NFC,1.1
Jul1 Sal,PK/PN,73.0,"Rehkow, Ryan CIN PN",NFC,1.1
Jul1 Sal,PK/PN,74.0,"Rehkow, Ryan CIN PN",AFC,1.1
Jul1 Sal,PK/PN,75.0,"Sanders, Jason NYJ PK",NFC,1.1
Jul1 Sal,PK/PN,76.0,"Sanders, Jason NYJ PK",AFC,1.1
Jul1 Sal,PK/PN,77.0,"Santos, Cairo CHI PK",NFC,1.1
Jul1 Sal,PK/PN,78.0,"Santos, Cairo CHI PK",AFC,1.1
Jul1 Sal,PK/PN,79.0,"Scott, J.K. LAC PN",AFC,1.1
Jul1 Sal,PK/PN,80.0,"Shrader, Spencer IND PK",NFC,1.1
Jul1 Sal,PK/PN,81.0,"Smyth, Charlie NOS PK",NFC,1.1
Jul1 Sal,PK/PN,82.0,"Townsend, Tommy TEN PN",AFC,1.1
Jul1 Sal,PK/PN,83.0,"Way, Tress WAS PN",NFC,1.1
Jul1 Sal,PK/PN,84.0,"Whelan, Daniel GBP PN",NFC,1.1
Jul1 Sal,PK/PN,85.0,"Wright, Ryan NOS PN",NFC,1.1
Jul1 Sal,PK/PN,86.0,"Wright, Ryan NOS PN",AFC,1.1
Jul1 Sal,PK/PN,87.0,"York, Cade NYJ PK",NFC,1.1
Jul1 Sal,PK/PN,88.0,"Karty, Joshua FA PK",AFC,1.08
Jul1 Sal,PK/PN,89.0,"Crawshaw, Jeremy DEN PN",AFC,1.06
Jul1 Sal,PK/PN,90.0,"Loop, Tyler BAL PK",AFC,1.06
Jul1 Sal,PK/PN,91.0,"Little, Cam JAC PK",AFC,1.03
Jul1 Sal,PK/PN,92.0,"Reichard, Will MIN PK",AFC,1.03
Jul1 Sal,PK/PN,93.0,"Smack, Trey GBP PK",NFC,1.01
Jul1 Sal,PK/PN,94.0,"Borregales, Andres NEP PK",AFC,0.99
Jul1 Sal,PK/PN,95.0,"Crawshaw, Jeremy DEN PN",NFC,0.99
Jul1 Sal,PK/PN,96.0,"Eckley, Ryan BAL PN",NFC,0.99
Jul1 Sal,PK/PN,97.0,"Eckley, Ryan BAL PN",AFC,0.99
Jul1 Sal,PK/PN,98.0,"Loop, Tyler BAL PK",NFC,0.99
Jul1 Sal,PK/PN,99.0,"Smack, Trey GBP PK",AFC,0.98
Jul1 Sal,PK/PN,100.0,"Doman, Tommy BUF PN",NFC,0.94
Jul1 Sal,PK/PN,101.0,"Doman, Tommy BUF PN",AFC,0.94
Jul1 Sal,PK/PN,102.0,"Stonehouse, Jack HOU PN",NFC,0.94
Jul1 Sal,PK/PN,103.0,"Thorson, Brett MIN PN",NFC,0.94
Jul1 Sal,PK,-1.0,,,4.7
Jul1 Sal,PK,0.0,,,4.31
Jul1 Sal,PK,1.0,"Aubrey, Brandon DAL PK",AFC,3.92
Jul1 Sal,PK,2.0,"Aubrey, Brandon DAL PK",NFC,3.15
Jul1 Sal,PK,3.0,"Dicker, Cameron LAC PK",AFC,2.79
Jul1 Sal,PK,4.0,"Fairbairn, Ka'imi HOU PK",NFC,2.34
Jul1 Sal,PK,5.0,"McLaughlin, Chase TBB PK",AFC,2.11
Jul1 Sal,PK,6.0,"Boswell, Chris PIT PK",NFC,2.09
Jul1 Sal,PK,7.0,"Dicker, Cameron LAC PK",NFC,2.05
Jul1 Sal,PK,8.0,"Reichard, Will MIN PK",NFC,2.05
Jul1 Sal,PK,9.0,"Bates, Jake DET PK",AFC,2.0
Jul1 Sal,PK,10.0,"Boswell, Chris PIT PK",AFC,2.0
Jul1 Sal,PK,11.0,"Elliott, Jake PHI PK",AFC,2.0
Jul1 Sal,PK,12.0,"Little, Cam JAC PK",NFC,2.0
Jul1 Sal,PK,13.0,"McLaughlin, Chase TBB PK",NFC,2.0
Jul1 Sal,PK,14.0,"Myers, Jason SEA PK",NFC,2.0
Jul1 Sal,PK,15.0,"Myers, Jason SEA PK",AFC,2.0
Jul1 Sal,PK,16.0,"Pineiro, Eddy SFO PK",AFC,2.0
Jul1 Sal,PK,17.0,"Fairbairn, Ka'imi HOU PK",AFC,1.99
Jul1 Sal,PK,18.0,"Bass, Tyler BUF PK",AFC,1.2
Jul1 Sal,PK,19.0,"Bass, Tyler BUF PK",NFC,1.1
Jul1 Sal,PK,20.0,"Bates, Jake DET PK",NFC,1.1
Jul1 Sal,PK,21.0,"Borregales, Andres NEP PK",NFC,1.1
Jul1 Sal,PK,22.0,"Butker, Harrison KCC PK",AFC,1.1
Jul1 Sal,PK,23.0,"Fitzgerald, Ryan CAR PK",NFC,1.1
Jul1 Sal,PK,24.0,"Folk, Nick ATL PK",NFC,1.1
Jul1 Sal,PK,25.0,"Folk, Nick ATL PK",AFC,1.1
Jul1 Sal,PK,26.0,"Gay, Matt LVR PK",NFC,1.1
Jul1 Sal,PK,27.0,"Gonzalez, Zane MIA PK",AFC,1.1
Jul1 Sal,PK,28.0,"Grupe, Blake IND PK",AFC,1.1
Jul1 Sal,PK,29.0,"Lutz, Wil DEN PK",NFC,1.1
Jul1 Sal,PK,30.0,"Lutz, Wil DEN PK",AFC,1.1
Jul1 Sal,PK,31.0,"McManus, Brandon FA PK",NFC,1.1
Jul1 Sal,PK,32.0,"McManus, Brandon FA PK",AFC,1.1
Jul1 Sal,PK,33.0,"McPherson, Evan CIN PK",NFC,1.1
Jul1 Sal,PK,34.0,"McPherson, Evan CIN PK",AFC,1.1
Jul1 Sal,PK,35.0,"Mevis, Harrison LAR PK",NFC,1.1
Jul1 Sal,PK,36.0,"Mevis, Harrison LAR PK",AFC,1.1
Jul1 Sal,PK,37.0,"Moody, Jake WAS PK",NFC,1.1
Jul1 Sal,PK,38.0,"Patterson, Riley MIA PK",NFC,1.1
Jul1 Sal,PK,39.0,"Pineiro, Eddy SFO PK",NFC,1.1
Jul1 Sal,PK,40.0,"Sanders, Jason NYJ PK",NFC,1.1
Jul1 Sal,PK,41.0,"Sanders, Jason NYJ PK",AFC,1.1
Jul1 Sal,PK,42.0,"Santos, Cairo CHI PK",NFC,1.1
Jul1 Sal,PK,43.0,"Santos, Cairo CHI PK",AFC,1.1
Jul1 Sal,PK,44.0,"Shrader, Spencer IND PK",NFC,1.1
Jul1 Sal,PK,45.0,"Smyth, Charlie NOS PK",NFC,1.1
Jul1 Sal,PK,46.0,"York, Cade NYJ PK",NFC,1.1
Jul1 Sal,PK,47.0,"Karty, Joshua FA PK",AFC,1.08
Jul1 Sal,PK,48.0,"Loop, Tyler BAL PK",AFC,1.06
Jul1 Sal,PK,49.0,"Little, Cam JAC PK",AFC,1.03
Jul1 Sal,PK,50.0,"Reichard, Will MIN PK",AFC,1.03
Jul1 Sal,PK,51.0,"Smack, Trey GBP PK",NFC,1.01
Jul1 Sal,PK,52.0,"Borregales, Andres NEP PK",AFC,0.99
Jul1 Sal,PK,53.0,"Loop, Tyler BAL PK",NFC,0.99
Jul1 Sal,PK,54.0,"Smack, Trey GBP PK",AFC,0.98
Jul1 Sal,PN,-1.0,,,7.08
Jul1 Sal,PN,0.0,,,5.9
Jul1 Sal,PN,1.0,"Dickson, Michael SEA PN",AFC,4.73
Jul1 Sal,PN,2.0,"Cole, A.J. LVR PN",AFC,3.99
Jul1 Sal,PN,3.0,"Sanchez, Rigoberto IND PN",AFC,2.39
Jul1 Sal,PN,4.0,"Townsend, Tommy TEN PN",NFC,2.07
Jul1 Sal,PN,5.0,"Bojorquez, Corey CLE PN",AFC,2.05
Jul1 Sal,PN,6.0,"Cole, A.J. LVR PN",NFC,2.05
Jul1 Sal,PN,7.0,"McNamara, Austin NYJ PN",NFC,2.01
Jul1 Sal,PN,8.0,"Cooke, Logan JAC PN",AFC,2.0
Jul1 Sal,PN,9.0,"Gillikin, Blake ARI PN",NFC,2.0
Jul1 Sal,PN,10.0,"Stout, Jordan NYG PN",NFC,2.0
Jul1 Sal,PN,11.0,"Sanchez, Rigoberto IND PN",NFC,1.2
Jul1 Sal,PN,12.0,"Baringer, Bryce NEP PN",NFC,1.14
Jul1 Sal,PN,13.0,"Evans, Ethan LAR PN",AFC,1.14
Jul1 Sal,PN,14.0,"Taylor, Tory CHI PN",NFC,1.13
Jul1 Sal,PN,15.0,"Araiza, Matt KCC PN",NFC,1.1
Jul1 Sal,PN,16.0,"Araiza, Matt KCC PN",AFC,1.1
Jul1 Sal,PN,17.0,"Bailey, Jake ATL PN",NFC,1.1
Jul1 Sal,PN,18.0,"Bailey, Jake ATL PN",AFC,1.1
Jul1 Sal,PN,19.0,"Bojorquez, Corey CLE PN",NFC,1.1
Jul1 Sal,PN,20.0,"Cooke, Logan JAC PN",NFC,1.1
Jul1 Sal,PN,21.0,"Dickson, Michael SEA PN",NFC,1.1
Jul1 Sal,PN,22.0,"Dixon, Riley TBB PN",NFC,1.1
Jul1 Sal,PN,23.0,"Dixon, Riley TBB PN",AFC,1.1
Jul1 Sal,PN,24.0,"Fox, Jack DET PN",NFC,1.1
Jul1 Sal,PN,25.0,"Haack, Matt ARI PN",NFC,1.1
Jul1 Sal,PN,26.0,"Hekker, Johnny MIN PN",NFC,1.1
Jul1 Sal,PN,27.0,"Hekker, Johnny MIN PN",AFC,1.1
Jul1 Sal,PN,28.0,"Kroeger, Kai HOU PN",NFC,1.1
Jul1 Sal,PN,29.0,"Mann, Braden PHI PN",NFC,1.1
Jul1 Sal,PN,30.0,"Mann, Braden PHI PN",AFC,1.1
Jul1 Sal,PN,31.0,"Martin, Sam CAR PN",NFC,1.1
Jul1 Sal,PN,32.0,"Martin, Sam CAR PN",AFC,1.1
Jul1 Sal,PN,33.0,"McNamara, Austin NYJ PN",AFC,1.1
Jul1 Sal,PN,34.0,"Rehkow, Ryan CIN PN",NFC,1.1
Jul1 Sal,PN,35.0,"Rehkow, Ryan CIN PN",AFC,1.1
Jul1 Sal,PN,36.0,"Scott, J.K. LAC PN",AFC,1.1
Jul1 Sal,PN,37.0,"Townsend, Tommy TEN PN",AFC,1.1
Jul1 Sal,PN,38.0,"Way, Tress WAS PN",NFC,1.1
Jul1 Sal,PN,39.0,"Whelan, Daniel GBP PN",NFC,1.1
Jul1 Sal,PN,40.0,"Wright, Ryan NOS PN",NFC,1.1
Jul1 Sal,PN,41.0,"Wright, Ryan NOS PN",AFC,1.1
Jul1 Sal,PN,42.0,"Crawshaw, Jeremy DEN PN",AFC,1.06
Jul1 Sal,PN,43.0,"Crawshaw, Jeremy DEN PN",NFC,0.99
Jul1 Sal,PN,44.0,"Eckley, Ryan BAL PN",NFC,0.99
Jul1 Sal,PN,45.0,"Eckley, Ryan BAL PN",AFC,0.99
Jul1 Sal,PN,46.0,"Doman, Tommy BUF PN",NFC,0.94
Jul1 Sal,PN,47.0,"Doman, Tommy BUF PN",AFC,0.94
Jul1 Sal,PN,48.0,"Stonehouse, Jack HOU PN",NFC,0.94
Jul1 Sal,PN,49.0,"Thorson, Brett MIN PN",NFC,0.94
Jul1 Sal,DT,-1.0,,,25.81
Jul1 Sal,DT,0.0,,,24.74
Jul1 Sal,DT,1.0,"Brown, Derrick CAR DT",NFC,23.66
Jul1 Sal,DT,2.0,"Buckner, DeForest IND DT",NFC,21.96
Jul1 Sal,DT,3.0,"Simmons, Jeffery TEN DT",NFC,20.43
Jul1 Sal,DT,4.0,"Davis, Jordan PHI DT",AFC,20.26
Jul1 Sal,DT,5.0,"Brown, Derrick CAR DT",AFC,19.49
Jul1 Sal,DT,6.0,"Buckner, DeForest IND DT",AFC,17.56
Jul1 Sal,DT,7.0,"Sieler, Zach MIA DT",NFC,16.5
Jul1 Sal,DT,8.0,"Stewart, Grover IND DT",AFC,16.41
Jul1 Sal,DT,9.0,"Simmons, Jeffery TEN DT",AFC,16.18
Jul1 Sal,DT,10.0,"Allen, Zach DEN DT",NFC,16.16
Jul1 Sal,DT,11.0,"Lawrence, Dexter CIN DT",NFC,15.84
Jul1 Sal,DT,12.0,"Davis, Jordan PHI DT",NFC,15.36
Jul1 Sal,DT,13.0,"Williams, Leonard SEA DT",AFC,14.94
Jul1 Sal,DT,14.0,"Williams, Quinnen DAL DT",NFC,14.06
Jul1 Sal,DT,15.0,"Lawrence, Dexter CIN DT",AFC,14.01
Jul1 Sal,DT,16.0,"Allen, Zach DEN DT",AFC,13.94
Jul1 Sal,DT,17.0,"Barmore, Christian NEP DT",NFC,13.7
Jul1 Sal,DT,18.0,"Heyward, Cameron PIT DT",NFC,13.59
Jul1 Sal,DT,19.0,"Williams, Quinnen DAL DT",AFC,12.65
Jul1 Sal,DT,20.0,"Redmond, Jalen MIN DT",AFC,11.34
Jul1 Sal,DT,21.0,"Turner, Kobie LAR DT",NFC,11.0
Jul1 Sal,DT,22.0,"Madubuike, Nnamdi BAL DT",NFC,10.45
Jul1 Sal,DT,23.0,"Heyward, Cameron PIT DT",AFC,9.1
Jul1 Sal,DT,24.0,"Robinson, A'Shawn TBB DT",NFC,8.36
Jul1 Sal,DT,25.0,"Williams, Leonard SEA DT",NFC,8.28
Jul1 Sal,DT,26.0,"Payne, Da'Ron WAS DT",NFC,7.99
Jul1 Sal,DT,27.0,"Laulu, Jonah LVR DT",NFC,7.76
Jul1 Sal,DT,28.0,"Oliver, Ed BUF DT",AFC,7.6
Jul1 Sal,DT,29.0,"Madubuike, Nnamdi BAL DT",AFC,7.39
Jul1 Sal,DT,30.0,"Togiai, Tommy HOU DT",NFC,7.2
Jul1 Sal,DT,31.0,"Oliver, Ed BUF DT",NFC,7.13
Jul1 Sal,DT,32.0,"Jones, Travis BAL DT",AFC,6.0
Jul1 Sal,DT,33.0,"Turner, Kobie LAR DT",AFC,5.92
Jul1 Sal,DT,34.0,"Stewart, Grover IND DT",NFC,5.88
Jul1 Sal,DT,35.0,"Allen, Jonathan CIN DT",NFC,5.7
Jul1 Sal,DT,36.0,"Jones, Chris KCC DT",NFC,5.64
Jul1 Sal,DT,37.0,"Wharton, Tershawn CAR DT",NFC,5.63
Jul1 Sal,DT,38.0,"Donald, Aaron FA DT",AFC,5.5
Jul1 Sal,DT,39.0,"Clark, Kenny DAL DT",NFC,5.23
Jul1 Sal,DT,40.0,"Allen, Jonathan CIN DT",AFC,5.1
Jul1 Sal,DT,41.0,"Williams, Milton NEP DT",NFC,5.0
Jul1 Sal,DT,42.0,"Wyatt, Devonte GBP DT",NFC,5.0
Jul1 Sal,DT,43.0,"Sieler, Zach MIA DT",AFC,4.75
Jul1 Sal,DT,44.0,"Robinson, A'Shawn TBB DT",AFC,4.56
Jul1 Sal,DT,45.0,"Odighizuwa, Osa SFO DT",AFC,4.51
Jul1 Sal,DT,46.0,"Payne, Da'Ron WAS DT",AFC,4.1
Jul1 Sal,DT,47.0,"Jones, Justin FA DT",AFC,3.86
Jul1 Sal,DT,48.0,"Carter, Jalen PHI DT",AFC,3.8
Jul1 Sal,DT,49.0,"Jones, Travis BAL DT",NFC,3.71
Jul1 Sal,DT,50.0,"Benton, Keeanu PIT DT",NFC,3.7
Jul1 Sal,DT,51.0,"Benton, Keeanu PIT DT",AFC,3.7
Jul1 Sal,DT,52.0,"Bresee, Bryan NOS DT",NFC,3.7
Jul1 Sal,DT,53.0,"Bresee, Bryan NOS DT",AFC,3.7
Jul1 Sal,DT,54.0,"Dexter, Gervon CHI DT",NFC,3.7
Jul1 Sal,DT,55.0,"Dexter, Gervon CHI DT",AFC,3.7
Jul1 Sal,DT,56.0,"Jones, Chris KCC DT",AFC,3.53
Jul1 Sal,DT,57.0,"Carter, Jalen PHI DT",NFC,3.3
Jul1 Sal,DT,58.0,"Vea, Vita TBB DT",NFC,3.27
Jul1 Sal,DT,59.0,"Hill, B.J. CIN DT",AFC,3.25
Jul1 Sal,DT,60.0,"Eboigbe, Justin LAC DT",NFC,3.04
Jul1 Sal,DT,61.0,"Donald, Aaron FA DT",NFC,3.0
Jul1 Sal,DT,62.0,"Graham, Mason CLE DT",AFC,2.99
Jul1 Sal,DT,63.0,"Harrison, Zach ATL DT",NFC,2.9
Jul1 Sal,DT,64.0,"Walker, Deone BUF DT",NFC,2.73
Jul1 Sal,DT,65.0,"Graham, Mason CLE DT",NFC,2.56
Jul1 Sal,DT,66.0,"Laulu, Jonah LVR DT",AFC,2.47
Jul1 Sal,DT,67.0,"Collins, Maliek CLE DT",NFC,2.3
Jul1 Sal,DT,68.0,"Odighizuwa, Osa SFO DT",NFC,2.2
Jul1 Sal,DT,69.0,"Hargrave, Javon GBP DT",NFC,2.1
Jul1 Sal,DT,70.0,"Jarrett, Grady CHI DT",NFC,2.1
Jul1 Sal,DT,71.0,"Phillips, Harrison NYJ DT",AFC,2.1
Jul1 Sal,DT,72.0,"Briggs, Jowon NYJ DT",NFC,2.09
Jul1 Sal,DT,73.0,"Briggs, Jowon NYJ DT",AFC,2.09
Jul1 Sal,DT,74.0,"Campbell, Calais BAL DT",NFC,2.09
Jul1 Sal,DT,75.0,"Dorlus, Brandon ATL DT",NFC,2.09
Jul1 Sal,DT,76.0,"Kinlaw, Javon WAS DT",NFC,2.09
Jul1 Sal,DT,77.0,"McNeill, Alim DET DT",NFC,2.06
Jul1 Sal,DT,78.0,"McNeill, Alim DET DT",AFC,2.06
Jul1 Sal,DT,79.0,"Saunders, Khalen NYJ DT",AFC,2.06
Jul1 Sal,DT,80.0,"Wyatt, Devonte GBP DT",AFC,2.05
Jul1 Sal,DT,81.0,"Stills, Dante ARI DT",NFC,2.04
Jul1 Sal,DT,82.0,"Williams, Milton NEP DT",AFC,2.02
Jul1 Sal,DT,83.0,"Eboigbe, Justin LAC DT",AFC,2.01
Jul1 Sal,DT,84.0,"Ojomo, Moro PHI DT",AFC,2.01
Jul1 Sal,DT,85.0,"Armstead, Arik JAC DT",NFC,2.0
Jul1 Sal,DT,86.0,"Barmore, Christian NEP DT",AFC,2.0
Jul1 Sal,DT,87.0,"Brooks, Karl GBP DT",AFC,2.0
Jul1 Sal,DT,88.0,"Butler, Adam LVR DT",NFC,2.0
Jul1 Sal,DT,89.0,"Campbell, Calais BAL DT",AFC,2.0
Jul1 Sal,DT,90.0,"Ford, Poona LAR DT",NFC,2.0
Jul1 Sal,DT,91.0,"Ford, Poona LAR DT",AFC,2.0
Jul1 Sal,DT,92.0,"Hargrave, Javon GBP DT",AFC,2.0
Jul1 Sal,DT,93.0,"Hill, B.J. CIN DT",NFC,2.0
Jul1 Sal,DT,94.0,"Onyemata, David NYJ DT",NFC,2.0
Jul1 Sal,DT,95.0,"Onyemata, David NYJ DT",AFC,2.0
Jul1 Sal,DT,96.0,"Murphy, Byron SEA DT",NFC,1.98
Jul1 Sal,DT,97.0,"Kancey, Calijah TBB DT",NFC,1.93
Jul1 Sal,DT,98.0,"Kancey, Calijah TBB DT",AFC,1.93
Jul1 Sal,DT,99.0,"Harmon, Derrick PIT DT",NFC,1.91
Jul1 Sal,DT,100.0,"Murphy, Byron SEA DT",AFC,1.73
Jul1 Sal,DT,101.0,"Harmon, Derrick PIT DT",AFC,1.64
Jul1 Sal,DT,102.0,"McDonald, Kayden HOU DT",AFC,1.59
Jul1 Sal,DT,103.0,"Fiske, Braden LAR DT",AFC,1.58
Jul1 Sal,DT,104.0,"Robinson, Darius ARI DT",AFC,1.56
Jul1 Sal,DT,105.0,"Newton, Jer'Zhan WAS DT",NFC,1.54
Jul1 Sal,DT,106.0,"Nolen, Walter ARI DT",NFC,1.54
Jul1 Sal,DT,107.0,"Newton, Jer'Zhan WAS DT",AFC,1.49
Jul1 Sal,DT,108.0,"Woods, Peter KCC DT",AFC,1.49
Jul1 Sal,DT,109.0,"Fiske, Braden LAR DT",NFC,1.46
Jul1 Sal,DT,110.0,"Nolen, Walter ARI DT",AFC,1.46
Jul1 Sal,DT,111.0,"Grant, Kenneth MIA DT",AFC,1.43
Jul1 Sal,DT,112.0,"Banks, Caleb MIN DT",AFC,1.36
Jul1 Sal,DT,113.0,"Robinson, Darius ARI DT",NFC,1.33
Jul1 Sal,DT,114.0,"Banks, Caleb MIN DT",NFC,1.32
Jul1 Sal,DT,115.0,"Woods, Peter KCC DT",NFC,1.3
Jul1 Sal,DT,116.0,"Hall Jr., Michael CLE DT",AFC,1.28
Jul1 Sal,DT,117.0,"McDonald, Kayden HOU DT",NFC,1.28
Jul1 Sal,DT,118.0,"Orhorhoro, Ruke JAC DT",NFC,1.28
Jul1 Sal,DT,119.0,"Grant, Kenneth MIA DT",NFC,1.26
Jul1 Sal,DT,120.0,"Sweat, T'Vondre NYJ DT",NFC,1.23
Jul1 Sal,DT,121.0,"Sweat, T'Vondre NYJ DT",AFC,1.23
Jul1 Sal,DT,122.0,"Phillips, Harrison NYJ DT",NFC,1.2
Jul1 Sal,DT,123.0,"Turner, Shemar CHI DT",AFC,1.18
Jul1 Sal,DT,124.0,"Collins, Alfred SFO DT",AFC,1.16
Jul1 Sal,DT,125.0,"Collins, Alfred SFO DT",NFC,1.14
Jul1 Sal,DT,126.0,"Jenkins, Kris CIN DT",AFC,1.12
Jul1 Sal,DT,127.0,"Orhorhoro, Ruke JAC DT",AFC,1.11
Jul1 Sal,DT,128.0,"Alexander, Darius NYG DT",NFC,1.1
Jul1 Sal,DT,129.0,"Armstead, Arik JAC DT",AFC,1.1
Jul1 Sal,DT,130.0,"Biggers, Zeek MIA DT",NFC,1.1
Jul1 Sal,DT,131.0,"Biggers, Zeek MIA DT",AFC,1.1
Jul1 Sal,DT,132.0,"Booker, Thomas LVR DT",NFC,1.1
Jul1 Sal,DT,133.0,"Booker, Thomas LVR DT",AFC,1.1
Jul1 Sal,DT,134.0,"Brooks, Karl GBP DT",NFC,1.1
Jul1 Sal,DT,135.0,"Broughton, Vernon NOS DT",AFC,1.1
Jul1 Sal,DT,136.0,"Butler, Adam LVR DT",AFC,1.1
Jul1 Sal,DT,137.0,"Caldwell, Jamaree LAC DT",NFC,1.1
Jul1 Sal,DT,138.0,"Caldwell, Jamaree LAC DT",AFC,1.1
Jul1 Sal,DT,139.0,"Clark, Kenny DAL DT",AFC,1.1
Jul1 Sal,DT,140.0,"Collins, Maliek CLE DT",AFC,1.1
Jul1 Sal,DT,141.0,"Davis, Tyler LAR DT",NFC,1.1
Jul1 Sal,DT,142.0,"Dorlus, Brandon ATL DT",AFC,1.1
Jul1 Sal,DT,143.0,"Drake-Rodriguez, Levi MIN DT",NFC,1.1
Jul1 Sal,DT,144.0,"Drake-Rodriguez, Levi MIN DT",AFC,1.1
Jul1 Sal,DT,145.0,"Durden, Cory NEP DT",NFC,1.1
Jul1 Sal,DT,146.0,"Elliott, Jordan TEN DT",NFC,1.1
Jul1 Sal,DT,147.0,"Farmer, Joshua NEP DT",AFC,1.1
Jul1 Sal,DT,148.0,"Franklin-Myers, John TEN DT",NFC,1.1
Jul1 Sal,DT,149.0,"Franklin-Myers, John TEN DT",AFC,1.1
Jul1 Sal,DT,150.0,"Gallimore, Neville CHI DT",NFC,1.1
Jul1 Sal,DT,151.0,"Godchaux, Davon NOS DT",NFC,1.1
Jul1 Sal,DT,152.0,"Hall Jr., Michael CLE DT",NFC,1.1
Jul1 Sal,DT,153.0,"Hall, Logan HOU DT",AFC,1.1
Jul1 Sal,DT,154.0,"Hamilton, Davon JAC DT",NFC,1.1
Jul1 Sal,DT,155.0,"Hamilton, Davon JAC DT",AFC,1.1
Jul1 Sal,DT,156.0,"Hand, Da'Shawn ATL DT",NFC,1.1
Jul1 Sal,DT,157.0,"Harrison, Zach ATL DT",AFC,1.1
Jul1 Sal,DT,158.0,"Hemingway, Tonka LVR DT",NFC,1.1
Jul1 Sal,DT,159.0,"Ingram-Dawkins, Tyrion MIN DT",AFC,1.1
Jul1 Sal,DT,160.0,"Jenkins, John BAL DT",NFC,1.1
Jul1 Sal,DT,161.0,"Jones, D.J. DEN DT",NFC,1.1
Jul1 Sal,DT,162.0,"Jones, D.J. DEN DT",AFC,1.1
Jul1 Sal,DT,163.0,"Joseph-Day, Sebastian PIT DT",NFC,1.1
Jul1 Sal,DT,164.0,"Kinlaw, Javon WAS DT",AFC,1.1
Jul1 Sal,DT,165.0,"London, LaCale ATL DT",NFC,1.1
Jul1 Sal,DT,166.0,"Lopez, Roy ARI DT",NFC,1.1
Jul1 Sal,DT,167.0,"Mills, Rylie SEA DT",NFC,1.1
Jul1 Sal,DT,168.0,"Ojomo, Moro PHI DT",NFC,1.1
Jul1 Sal,DT,169.0,"Onwuzurike, Levi DET DT",NFC,1.1
Jul1 Sal,DT,170.0,"Onwuzurike, Levi DET DT",AFC,1.1
Jul1 Sal,DT,171.0,"Phillips, Jordan MIA DT",NFC,1.1
Jul1 Sal,DT,172.0,"Phillips, Jordan MIA DT",AFC,1.1
Jul1 Sal,DT,173.0,"Rankins, Sheldon HOU DT",NFC,1.1
Jul1 Sal,DT,174.0,"Redmond, Jalen MIN DT",NFC,1.1
Jul1 Sal,DT,175.0,"Reed, Jarran SEA DT",NFC,1.1
Jul1 Sal,DT,176.0,"Roach, Malcolm DEN DT",NFC,1.1
Jul1 Sal,DT,177.0,"Roach, Malcolm DEN DT",AFC,1.1
Jul1 Sal,DT,178.0,"Sanders, T.J. BUF DT",NFC,1.1
Jul1 Sal,DT,179.0,"Shepherd, Nathan NOS DT",NFC,1.1
Jul1 Sal,DT,180.0,"Shepherd, Nathan NOS DT",AFC,1.1
Jul1 Sal,DT,181.0,"Slaton, Tedarrell CIN DT",NFC,1.1
Jul1 Sal,DT,182.0,"Slaton, Tedarrell CIN DT",AFC,1.1
Jul1 Sal,DT,183.0,"Tart, Teair LAC DT",NFC,1.1
Jul1 Sal,DT,184.0,"Tart, Teair LAC DT",AFC,1.1
Jul1 Sal,DT,185.0,"Togiai, Tommy HOU DT",AFC,1.1
Jul1 Sal,DT,186.0,"Tomlinson, Dalvin LAC DT",AFC,1.1
Jul1 Sal,DT,187.0,"Tonga, Khyiris KCC DT",AFC,1.1
Jul1 Sal,DT,188.0,"Uwazurike, Eyioma DEN DT",NFC,1.1
Jul1 Sal,DT,189.0,"Uwazurike, Eyioma DEN DT",AFC,1.1
Jul1 Sal,DT,190.0,"Vea, Vita TBB DT",AFC,1.1
Jul1 Sal,DT,191.0,"Walker, Deone BUF DT",AFC,1.1
Jul1 Sal,DT,192.0,"Wharton, Tershawn CAR DT",AFC,1.1
Jul1 Sal,DT,193.0,"Wilkins, Christian FA DT",NFC,1.1
Jul1 Sal,DT,194.0,"Wilkins, Christian FA DT",AFC,1.1
Jul1 Sal,DT,195.0,"Wooden, Colby IND DT",AFC,1.1
Jul1 Sal,DT,196.0,"Young, Byron PHI DT",NFC,1.1
Jul1 Sal,DT,197.0,"Williams, Tyleik DET DT",NFC,1.09
Jul1 Sal,DT,198.0,"Halton, Gracen SFO DT",AFC,1.08
Jul1 Sal,DT,199.0,"Smith, Maason ATL DT",AFC,1.08
Jul1 Sal,DT,200.0,"Turner, Shemar CHI DT",NFC,1.07
Jul1 Sal,DT,201.0,"Williams, Tyleik DET DT",AFC,1.07
Jul1 Sal,DT,202.0,"Miller, Christen NOS DT",NFC,1.05
Jul1 Sal,DT,203.0,"Miller, Christen NOS DT",AFC,1.05
Jul1 Sal,DT,204.0,"Alexander, Darius NYG DT",AFC,1.03
Jul1 Sal,DT,205.0,"Norman-Lott, Omarr KCC DT",AFC,1.03
Jul1 Sal,DT,206.0,"Sanders, T.J. BUF DT",AFC,1.03
Jul1 Sal,DT,207.0,"Hunter, Lee CAR DT",NFC,1.02
Jul1 Sal,DT,208.0,"Jackson, Darrell NYJ DT",AFC,1.01
Jul1 Sal,DT,209.0,"Mills, Rylie SEA DT",AFC,0.99
Jul1 Sal,DT,210.0,"Norman-Lott, Omarr KCC DT",NFC,0.99
Jul1 Sal,DT,211.0,"West, CJ SFO DT",NFC,0.99
Jul1 Sal,DT,212.0,"Halton, Gracen SFO DT",NFC,0.98
Jul1 Sal,DT,213.0,"Hunter, Lee CAR DT",AFC,0.98
Jul1 Sal,DT,214.0,"Benny, Rayshaun BAL DT",NFC,0.94
Jul1 Sal,DT,215.0,"Benny, Rayshaun BAL DT",AFC,0.94
Jul1 Sal,DT,216.0,"Bernard, Uar PHI DT",NFC,0.94
Jul1 Sal,DT,217.0,"Bernard, Uar PHI DT",AFC,0.94
Jul1 Sal,DT,218.0,"Gill-Howard, Skyler DET DT",AFC,0.94
Jul1 Sal,DT,219.0,"Harris, Zxavian NOS DT",NFC,0.94
Jul1 Sal,DT,220.0,"Harris, Zxavian NOS DT",AFC,0.94
Jul1 Sal,DT,221.0,"Jackson, Darrell NYJ DT",NFC,0.94
Jul1 Sal,DT,222.0,"Keenan, Tim LAR DT",NFC,0.94
Jul1 Sal,DT,223.0,"McClellan, Chris GBP DT",NFC,0.94
Jul1 Sal,DT,224.0,"McClellan, Chris GBP DT",AFC,0.94
Jul1 Sal,DT,225.0,"Onyedim, Tyler DEN DT",NFC,0.94
Jul1 Sal,DT,226.0,"Onyedim, Tyler DEN DT",AFC,0.94
Jul1 Sal,DT,227.0,"Orange, Domonique MIN DT",NFC,0.94
Jul1 Sal,DT,228.0,"Orange, Domonique MIN DT",AFC,0.94
Jul1 Sal,DT,229.0,"Proctor, Kaleb ARI DT",NFC,0.94
Jul1 Sal,DT,230.0,"Proctor, Kaleb ARI DT",AFC,0.94
Jul1 Sal,DT,231.0,"Regis, Albert JAC DT",NFC,0.94
Jul1 Sal,DT,232.0,"Regis, Albert JAC DT",AFC,0.94
Jul1 Sal,DT,233.0,"van den Berg, Jordan CHI DT",NFC,0.94
Jul1 Sal,DE,-1.0,,,27.41
Jul1 Sal,DE,0.0,,,27.03
Jul1 Sal,DE,1.0,"Crosby, Maxx LVR DE",NFC,26.66
Jul1 Sal,DE,2.0,"Watt, T.J. PIT DE",NFC,25.36
Jul1 Sal,DE,3.0,"Crosby, Maxx LVR DE",AFC,25.29
Jul1 Sal,DE,4.0,"Burns, Brian NYG DE",AFC,24.31
Jul1 Sal,DE,5.0,"Bosa, Nick SFO DE",AFC,23.13
Jul1 Sal,DE,6.0,"Garrett, Myles LAR DE",AFC,22.9
Jul1 Sal,DE,7.0,"Watt, T.J. PIT DE",AFC,22.63
Jul1 Sal,DE,8.0,"Bosa, Nick SFO DE",NFC,21.3
Jul1 Sal,DE,9.0,"Greenard, Jonathan PHI DE",AFC,20.65
Jul1 Sal,DE,10.0,"Garrett, Myles LAR DE",NFC,19.6
Jul1 Sal,DE,11.0,"Hunter, Danielle HOU DE",AFC,18.69
Jul1 Sal,DE,12.0,"Hines-Allen, Josh JAC DE",NFC,16.45
Jul1 Sal,DE,13.0,"Van Ginkel, Andrew MIN DE",NFC,16.1
Jul1 Sal,DE,14.0,"Hines-Allen, Josh JAC DE",AFC,14.64
Jul1 Sal,DE,15.0,"Rousseau, Gregory BUF DE",NFC,12.67
Jul1 Sal,DE,16.0,"Burns, Brian NYG DE",NFC,11.98
Jul1 Sal,DE,17.0,"Phillips, Jaelan CAR DE",AFC,11.89
Jul1 Sal,DE,18.0,"Parsons, Micah GBP DE",AFC,11.08
Jul1 Sal,DE,19.0,"Bonitto, Nik DEN DE",AFC,11.05
Jul1 Sal,DE,20.0,"Landry, Harold NEP DE",NFC,10.89
Jul1 Sal,DE,21.0,"Hutchinson, Aidan DET DE",NFC,10.78
Jul1 Sal,DE,22.0,"Highsmith, Alex PIT DE",AFC,10.7
Jul1 Sal,DE,23.0,"Van Ginkel, Andrew MIN DE",AFC,10.55
Jul1 Sal,DE,24.0,"Hunter, Danielle HOU DE",NFC,10.45
Jul1 Sal,DE,25.0,"Hutchinson, Aidan DET DE",AFC,10.26
Jul1 Sal,DE,26.0,"Walker, Travon JAC DE",NFC,10.19
Jul1 Sal,DE,27.0,"Granderson, Carl NOS DE",NFC,10.03
Jul1 Sal,DE,28.0,"Parsons, Micah GBP DE",NFC,9.92
Jul1 Sal,DE,29.0,"Greenard, Jonathan PHI DE",NFC,9.9
Jul1 Sal,DE,30.0,"Phillips, Jaelan CAR DE",NFC,9.41
Jul1 Sal,DE,31.0,"Cooper, Jonathon DEN DE",AFC,9.26
Jul1 Sal,DE,32.0,"Herbig, Nick PIT DE",NFC,9.0
Jul1 Sal,DE,33.0,"Sweat, Montez CHI DE",AFC,8.55
Jul1 Sal,DE,34.0,"Sweat, Montez CHI DE",NFC,8.44
Jul1 Sal,DE,35.0,"Young, Chase NOS DE",AFC,8.0
Jul1 Sal,DE,36.0,"Landry, Harold NEP DE",AFC,7.92
Jul1 Sal,DE,37.0,"Karlaftis, George KCC DE",AFC,7.89
Jul1 Sal,DE,38.0,"Diaby, YaYa TBB DE",AFC,7.5
Jul1 Sal,DE,39.0,"Johnson, Jermaine TEN DE",AFC,7.46
Jul1 Sal,DE,40.0,"Gary, Rashan DAL DE",AFC,7.43
Jul1 Sal,DE,41.0,"Rousseau, Gregory BUF DE",AFC,7.37
Jul1 Sal,DE,42.0,"Highsmith, Alex PIT DE",NFC,7.01
Jul1 Sal,DE,43.0,"Diaby, YaYa TBB DE",NFC,7.0
Jul1 Sal,DE,44.0,"Cooper, Jonathon DEN DE",NFC,6.94
Jul1 Sal,DE,45.0,"Walker, Travon JAC DE",AFC,6.03
Jul1 Sal,DE,46.0,"Hendrickson, Trey BAL DE",NFC,6.0
Jul1 Sal,DE,47.0,"Bonitto, Nik DEN DE",NFC,5.93
Jul1 Sal,DE,48.0,"Granderson, Carl NOS DE",AFC,5.92
Jul1 Sal,DE,49.0,"Young, Byron LAR DE",NFC,5.81
Jul1 Sal,DE,50.0,"Young, Byron LAR DE",AFC,5.81
Jul1 Sal,DE,51.0,"Sweat, Josh ARI DE",AFC,5.78
Jul1 Sal,DE,52.0,"Hendrickson, Trey BAL DE",AFC,5.67
Jul1 Sal,DE,53.0,"Thibodeaux, Kayvon NYG DE",AFC,5.51
Jul1 Sal,DE,54.0,"Young, Chase NOS DE",NFC,5.4
Jul1 Sal,DE,55.0,"Anderson, Will HOU DE",AFC,4.48
Jul1 Sal,DE,56.0,"Sweat, Josh ARI DE",NFC,4.38
Jul1 Sal,DE,57.0,"Nwosu, Uchenna SEA DE",NFC,4.14
Jul1 Sal,DE,58.0,"Bain Jr., Rueben TBB DE",AFC,4.13
Jul1 Sal,DE,59.0,"Collins, Zaven ARI DE",AFC,4.1
Jul1 Sal,DE,60.0,"Mack, Khalil LAC DE",NFC,4.08
Jul1 Sal,DE,61.0,"Paye, Kwity LVR DE",NFC,4.08
Jul1 Sal,DE,62.0,"Carter, Abdul NYG DE",NFC,3.97
Jul1 Sal,DE,63.0,"Carter, Abdul NYG DE",AFC,3.97
Jul1 Sal,DE,64.0,"Paye, Kwity LVR DE",AFC,3.96
Jul1 Sal,DE,65.0,"Wright, Alex CLE DE",NFC,3.95
Jul1 Sal,DE,66.0,"Wonnum, D.J. DET DE",NFC,3.92
Jul1 Sal,DE,67.0,"Karlaftis, George KCC DE",NFC,3.91
Jul1 Sal,DE,68.0,"Bain Jr., Rueben TBB DE",NFC,3.8
Jul1 Sal,DE,69.0,"Epenesa, A.J. PHI DE",NFC,3.77
Jul1 Sal,DE,70.0,"Chubb, Bradley BUF DE",AFC,3.75
Jul1 Sal,DE,71.0,"Jones, Dre'Mont NEP DE",NFC,3.72
Jul1 Sal,DE,72.0,"McDonald, Will NYJ DE",NFC,3.7
Jul1 Sal,DE,73.0,"McDonald, Will NYJ DE",AFC,3.7
Jul1 Sal,DE,74.0,"Ossai, Joseph NYJ DE",NFC,3.67
Jul1 Sal,DE,75.0,"Ossai, Joseph NYJ DE",AFC,3.64
Jul1 Sal,DE,76.0,"Oweh, Odafe WAS DE",AFC,3.6
Jul1 Sal,DE,77.0,"Anderson, Will HOU DE",NFC,3.53
Jul1 Sal,DE,78.0,"Bailey, David NYJ DE",NFC,3.52
Jul1 Sal,DE,79.0,"Bailey, David NYJ DE",AFC,3.52
Jul1 Sal,DE,80.0,"Tuipulotu, Tuli LAC DE",NFC,3.51
Jul1 Sal,DE,81.0,"Chaisson, K'Lavon WAS DE",NFC,3.49
Jul1 Sal,DE,82.0,"Chaisson, K'Lavon WAS DE",AFC,3.49
Jul1 Sal,DE,83.0,"Armstrong, Dorance WAS DE",NFC,3.45
Jul1 Sal,DE,84.0,"Lawrence, Demarcus SEA DE",AFC,3.34
Jul1 Sal,DE,85.0,"Gary, Rashan DAL DE",NFC,3.3
Jul1 Sal,DE,86.0,"Murphy, Myles CIN DE",AFC,3.3
Jul1 Sal,DE,87.0,"Wright, Alex CLE DE",AFC,3.17
Jul1 Sal,DE,88.0,"Tuimoloau, JT IND DE",NFC,3.14
Jul1 Sal,DE,89.0,"Hall, Derick SEA DE",NFC,3.11
Jul1 Sal,DE,90.0,"Collins, Zaven ARI DE",NFC,2.9
Jul1 Sal,DE,91.0,"Hunt, Jalyx PHI DE",NFC,2.81
Jul1 Sal,DE,92.0,"Wilson, Tyree NOS DE",AFC,2.78
Jul1 Sal,DE,93.0,"Cox, Brenton GBP DE",AFC,2.54
Jul1 Sal,DE,94.0,"Verse, Jared CLE DE",AFC,2.46
Jul1 Sal,DE,95.0,"Ojulari, Azeez ATL DE",NFC,2.42
Jul1 Sal,DE,96.0,"Latu, Laiatu IND DE",NFC,2.37
Jul1 Sal,DE,97.0,"Latu, Laiatu IND DE",AFC,2.37
Jul1 Sal,DE,98.0,"Bosa, Joey BUF DE",AFC,2.2
Jul1 Sal,DE,99.0,"Mack, Khalil LAC DE",AFC,2.2
Jul1 Sal,DE,100.0,"Verse, Jared CLE DE",NFC,2.19
Jul1 Sal,DE,101.0,"Chubb, Bradley BUF DE",NFC,2.1
Jul1 Sal,DE,102.0,"Turner, Dallas MIN DE",AFC,2.1
Jul1 Sal,DE,103.0,"Wilson, Tyree NOS DE",NFC,2.1
Jul1 Sal,DE,104.0,"Turner, Dallas MIN DE",NFC,2.05
Jul1 Sal,DE,105.0,"Mafe, Boye CIN DE",AFC,2.01
Jul1 Sal,DE,106.0,"Thibodeaux, Kayvon NYG DE",NFC,2.01
Jul1 Sal,DE,107.0,"Bosa, Joey BUF DE",NFC,2.0
Jul1 Sal,DE,108.0,"Johnson, Jermaine TEN DE",NFC,2.0
Jul1 Sal,DE,109.0,"Jones, Dre'Mont NEP DE",AFC,2.0
Jul1 Sal,DE,110.0,"Oweh, Odafe WAS DE",NFC,2.0
Jul1 Sal,DE,111.0,"Robinson, Quandarrius DEN DE",AFC,2.0
Jul1 Sal,DE,112.0,"Tillman, Dondrea DEN DE",AFC,2.0
Jul1 Sal,DE,113.0,"Lawrence, Malachi DAL DE",NFC,1.98
Jul1 Sal,DE,114.0,"Williams, Mykel SFO DE",AFC,1.97
Jul1 Sal,DE,115.0,"Parker, T.J. BUF DE",NFC,1.86
Jul1 Sal,DE,116.0,"Pearce, James ATL DE",AFC,1.86
Jul1 Sal,DE,117.0,"Robinson, Chop MIA DE",AFC,1.78
Jul1 Sal,DE,118.0,"Walker, Jalon ATL DE",AFC,1.76
Jul1 Sal,DE,119.0,"Walker, Jalon ATL DE",NFC,1.72
Jul1 Sal,DE,120.0,"Williams, Mykel SFO DE",NFC,1.64
Jul1 Sal,DE,121.0,"Lawrence, Malachi DAL DE",AFC,1.63
Jul1 Sal,DE,122.0,"Van Ness, Lukas GBP DE",NFC,1.59
Jul1 Sal,DE,123.0,"Anudike-Uzomah, Felix KCC DE",NFC,1.57
Jul1 Sal,DE,124.0,"Green, Mike BAL DE",NFC,1.57
Jul1 Sal,DE,125.0,"Mesidor, Akheem LAC DE",AFC,1.56
Jul1 Sal,DE,126.0,"Robinson, Chop MIA DE",NFC,1.56
Jul1 Sal,DE,127.0,"Smith, Nolan PHI DE",NFC,1.55
Jul1 Sal,DE,128.0,"Stewart, Shemar CIN DE",AFC,1.54
Jul1 Sal,DE,129.0,"Trice, Bralen ATL DE",AFC,1.54
Jul1 Sal,DE,130.0,"Faulk, Keldric TEN DE",AFC,1.52
Jul1 Sal,DE,131.0,"Mesidor, Akheem LAC DE",NFC,1.49
Jul1 Sal,DE,132.0,"Parker, T.J. BUF DE",AFC,1.46
Jul1 Sal,DE,133.0,"Howell, Cashius CIN DE",AFC,1.44
Jul1 Sal,DE,134.0,"Pearce, James ATL DE",NFC,1.43
Jul1 Sal,DE,135.0,"Van Ness, Lukas GBP DE",AFC,1.43
Jul1 Sal,DE,136.0,"Murphy, Myles CIN DE",NFC,1.42
Jul1 Sal,DE,137.0,"Green, Mike BAL DE",AFC,1.41
Jul1 Sal,DE,138.0,"Moore, Derrick DET DE",NFC,1.41
Jul1 Sal,DE,139.0,"Moore, Derrick DET DE",AFC,1.41
Jul1 Sal,DE,140.0,"Ezeiruaku, Donovan DAL DE",NFC,1.39
Jul1 Sal,DE,141.0,"Ezeiruaku, Donovan DAL DE",AFC,1.39
Jul1 Sal,DE,142.0,"Smith, Nolan PHI DE",AFC,1.32
Jul1 Sal,DE,143.0,"Thomas, R Mason KCC DE",AFC,1.32
Jul1 Sal,DE,144.0,"Tuipulotu, Tuli LAC DE",AFC,1.29
Jul1 Sal,DE,145.0,"Stewart, Shemar CIN DE",NFC,1.25
Jul1 Sal,DE,146.0,"Young, Zion BAL DE",AFC,1.25
Jul1 Sal,DE,147.0,"Herbig, Nick PIT DE",AFC,1.23
Jul1 Sal,DE,148.0,"Howell, Cashius CIN DE",NFC,1.23
Jul1 Sal,DE,149.0,"Stewart, Josaiah LAR DE",AFC,1.23
Jul1 Sal,DE,150.0,"White, Keion SFO DE",NFC,1.23
Jul1 Sal,DE,151.0,"White, Keion SFO DE",AFC,1.22
Jul1 Sal,DE,152.0,"Tuimoloau, JT IND DE",AFC,1.21
Jul1 Sal,DE,153.0,"Faulk, Keldric TEN DE",NFC,1.2
Jul1 Sal,DE,154.0,"Sawyer, Jack PIT DE",AFC,1.2
Jul1 Sal,DE,155.0,"Thomas, R Mason KCC DE",NFC,1.13
Jul1 Sal,DE,156.0,"Armstrong, Dorance WAS DE",AFC,1.1
Jul1 Sal,DE,157.0,"Booker, Austin CHI DE",NFC,1.1
Jul1 Sal,DE,158.0,"Booker, Austin CHI DE",AFC,1.1
Jul1 Sal,DE,159.0,"Browning, Baron ARI DE",NFC,1.1
Jul1 Sal,DE,160.0,"Elliss, Jonah DEN DE",NFC,1.1
Jul1 Sal,DE,161.0,"Elliss, Jonah DEN DE",AFC,1.1
Jul1 Sal,DE,162.0,"Enagbare, Kingsley NYJ DE",NFC,1.1
Jul1 Sal,DE,163.0,"Enagbare, Kingsley NYJ DE",AFC,1.1
Jul1 Sal,DE,164.0,"Epenesa, A.J. PHI DE",AFC,1.1
Jul1 Sal,DE,165.0,"Gardeck, Dennis JAC DE",NFC,1.1
Jul1 Sal,DE,166.0,"Hall, Derick SEA DE",AFC,1.1
Jul1 Sal,DE,167.0,"Hoecht, Michael BUF DE",NFC,1.1
Jul1 Sal,DE,168.0,"Hunt, Jalyx PHI DE",AFC,1.1
Jul1 Sal,DE,169.0,"Isaac, Adisa BAL DE",NFC,1.1
Jul1 Sal,DE,170.0,"Jones, Patrick CAR DE",NFC,1.1
Jul1 Sal,DE,171.0,"Jones, Patrick CAR DE",AFC,1.1
Jul1 Sal,DE,172.0,"Jordan, Cameron NOS DE",NFC,1.1
Jul1 Sal,DE,173.0,"Jordan, Cameron NOS DE",AFC,1.1
Jul1 Sal,DE,174.0,"Key, Arden IND DE",NFC,1.1
Jul1 Sal,DE,175.0,"Key, Arden IND DE",AFC,1.1
Jul1 Sal,DE,176.0,"Koonce, Malcolm LVR DE",NFC,1.1
Jul1 Sal,DE,177.0,"Koonce, Malcolm LVR DE",AFC,1.1
Jul1 Sal,DE,178.0,"Lawrence, Demarcus SEA DE",NFC,1.1
Jul1 Sal,DE,179.0,"Mafe, Boye CIN DE",NFC,1.1
Jul1 Sal,DE,180.0,"Martin, Jake TEN DE",NFC,1.1
Jul1 Sal,DE,181.0,"McGuire, Isaiah CLE DE",NFC,1.1
Jul1 Sal,DE,182.0,"McGuire, Isaiah CLE DE",AFC,1.1
Jul1 Sal,DE,183.0,"Miller, Von WAS DE",NFC,1.1
Jul1 Sal,DE,184.0,"Miller, Von WAS DE",AFC,1.1
Jul1 Sal,DE,185.0,"Nelson, Anthony TBB DE",NFC,1.1
Jul1 Sal,DE,186.0,"Nwosu, Uchenna SEA DE",AFC,1.1
Jul1 Sal,DE,187.0,"Odeyingbo, Dayo CHI DE",NFC,1.1
Jul1 Sal,DE,188.0,"Odeyingbo, Dayo CHI DE",AFC,1.1
Jul1 Sal,DE,189.0,"Ojabo, David MIA DE",AFC,1.1
Jul1 Sal,DE,190.0,"Ojulari, BJ ARI DE",AFC,1.1
Jul1 Sal,DE,191.0,"Okuayinonu, Sam SFO DE",NFC,1.1
Jul1 Sal,DE,192.0,"Oladejo, Oluwafemi TEN DE",NFC,1.1
Jul1 Sal,DE,193.0,"Ponder, Elijah NEP DE",NFC,1.1
Jul1 Sal,DE,194.0,"Reddick, Haason TBB DE",NFC,1.1
Jul1 Sal,DE,195.0,"Robinson, Tavius BAL DE",NFC,1.1
Jul1 Sal,DE,196.0,"Robinson, Tavius BAL DE",AFC,1.1
Jul1 Sal,DE,197.0,"Tillman, Dondrea DEN DE",NFC,1.1
Jul1 Sal,DE,198.0,"Turner, Payton DET DE",NFC,1.1
Jul1 Sal,DE,199.0,"Uche, Josh MIA DE",NFC,1.1
Jul1 Sal,DE,200.0,"Uche, Josh MIA DE",AFC,1.1
Jul1 Sal,DE,201.0,"Wonnum, D.J. DET DE",AFC,1.1
Jul1 Sal,DE,202.0,"Scourton, Nic CAR DE",NFC,1.09
Jul1 Sal,DE,203.0,"Scourton, Nic CAR DE",AFC,1.09
Jul1 Sal,DE,204.0,"Isaac, Adisa BAL DE",AFC,1.08
Jul1 Sal,DE,205.0,"Dennis-Sutton, Dani GBP DE",NFC,1.07
Jul1 Sal,DE,206.0,"Young, Zion BAL DE",NFC,1.05
Jul1 Sal,DE,207.0,"Dennis-Sutton, Dani GBP DE",AFC,1.04
Jul1 Sal,DE,208.0,"Oladejo, Oluwafemi TEN DE",AFC,1.04
Jul1 Sal,DE,209.0,"Gillotte, Ashton KCC DE",NFC,1.03
Jul1 Sal,DE,210.0,"Sorrell, Barryn GBP DE",AFC,1.03
Jul1 Sal,DE,211.0,"Jacas, Gabe NEP DE",NFC,1.02
Jul1 Sal,DE,212.0,"Barham, Jaishawn DAL DE",AFC,1.01
Jul1 Sal,DE,213.0,"Jacas, Gabe NEP DE",AFC,1.0
Jul1 Sal,DE,214.0,"Burch, Jordan ARI DE",NFC,0.99
Jul1 Sal,DE,215.0,"Burch, Jordan ARI DE",AFC,0.99
Jul1 Sal,DE,216.0,"Gillotte, Ashton KCC DE",AFC,0.99
Jul1 Sal,DE,217.0,"Oliver, Collin GBP DE",NFC,0.99
Jul1 Sal,DE,218.0,"Sawyer, Jack PIT DE",NFC,0.99
Jul1 Sal,DE,219.0,"Stewart, Josaiah LAR DE",NFC,0.99
Jul1 Sal,DE,220.0,"Umanmielen, Princely CAR DE",AFC,0.99
Jul1 Sal,DE,221.0,"Barham, Jaishawn DAL DE",NFC,0.98
Jul1 Sal,DE,222.0,"Crawford, Keyron LVR DE",NFC,0.98
Jul1 Sal,DE,223.0,"Height, Romello SFO DE",NFC,0.98
Jul1 Sal,DE,224.0,"Crawford, Keyron LVR DE",AFC,0.94
Jul1 Sal,DE,225.0,"Gumbs, George IND DE",AFC,0.94
Jul1 Sal,DE,226.0,"Height, Romello SFO DE",AFC,0.94
Jul1 Sal,DE,227.0,"Josephs, Joshua WAS DE",NFC,0.94
Jul1 Sal,DE,228.0,"Josephs, Joshua WAS DE",AFC,0.94
Jul1 Sal,DE,229.0,"Moore, Trey MIA DE",NFC,0.94
Jul1 Sal,DE,230.0,"Moore, Trey MIA DE",AFC,0.94
Jul1 Sal,DE,231.0,"Overton, LT DAL DE",NFC,0.94
Jul1 Sal,DE,232.0,"Overton, LT DAL DE",AFC,0.94
Jul1 Sal,DE,233.0,"Williams, Wesley JAC DE",NFC,0.94
Jul1 Sal,DE,234.0,"Williams, Wesley JAC DE",AFC,0.94
Jul1 Sal,LB,-1.0,,,18.15
Jul1 Sal,LB,0.0,,,16.49
Jul1 Sal,LB,1.0,"Brooks, Jordyn MIA LB",AFC,14.84
Jul1 Sal,LB,2.0,"Smith, Roquan BAL LB",AFC,14.27
Jul1 Sal,LB,3.0,"Oluokun, Foyesade JAC LB",NFC,12.58
Jul1 Sal,LB,4.0,"Franklin, Zaire GBP LB",NFC,11.0
Jul1 Sal,LB,5.0,"Bush, Devin CHI LB",NFC,10.78
Jul1 Sal,LB,6.0,"Edwards, T.J. CHI LB",AFC,10.63
Jul1 Sal,LB,7.0,"Bolton, Nick KCC LB",AFC,10.4
Jul1 Sal,LB,8.0,"Bush, Devin CHI LB",AFC,10.26
Jul1 Sal,LB,9.0,"Warner, Fred SFO LB",NFC,10.2
Jul1 Sal,LB,10.0,"Smith, Roquan BAL LB",NFC,9.9
Jul1 Sal,LB,11.0,"Franklin, Zaire GBP LB",AFC,9.41
Jul1 Sal,LB,12.0,"Queen, Patrick PIT LB",NFC,8.72
Jul1 Sal,LB,13.0,"Oluokun, Foyesade JAC LB",AFC,8.5
Jul1 Sal,LB,14.0,"Lloyd, Devin CAR LB",AFC,8.2
Jul1 Sal,LB,15.0,"Okereke, Bobby FA LB",AFC,8.02
Jul1 Sal,LB,16.0,"Lloyd, Devin CAR LB",NFC,8.01
Jul1 Sal,LB,17.0,"Warner, Fred SFO LB",AFC,7.92
Jul1 Sal,LB,18.0,"Dean, Nakobe LVR LB",AFC,7.69
Jul1 Sal,LB,19.0,"Brooks, Jordyn MIA LB",NFC,7.66
Jul1 Sal,LB,20.0,"Overshown, DeMarvion DAL LB",AFC,7.51
Jul1 Sal,LB,21.0,"Cashman, Blake MIN LB",NFC,7.5
Jul1 Sal,LB,22.0,"Bolton, Nick KCC LB",NFC,7.43
Jul1 Sal,LB,23.0,"Jones, Ernest SEA LB",AFC,7.43
Jul1 Sal,LB,24.0,"Wilson, Mack ARI LB",AFC,7.0
Jul1 Sal,LB,25.0,"Cashman, Blake MIN LB",AFC,6.7
Jul1 Sal,LB,26.0,"Owusu-Koramoah, Jeremiah CLE LB",NFC,6.55
Jul1 Sal,LB,27.0,"Okereke, Bobby FA LB",NFC,6.48
Jul1 Sal,LB,28.0,"Baun, Zack PHI LB",AFC,6.39
Jul1 Sal,LB,29.0,"Greenlaw, Dre SFO LB",NFC,6.06
Jul1 Sal,LB,30.0,"Baun, Zack PHI LB",NFC,6.0
Jul1 Sal,LB,31.0,"Sherwood, Jamien NYJ LB",AFC,5.88
Jul1 Sal,LB,32.0,"Elliss, Kaden NOS LB",AFC,5.85
Jul1 Sal,LB,33.0,"Sherwood, Jamien NYJ LB",NFC,5.77
Jul1 Sal,LB,34.0,"Wilson, Eric MIN LB",NFC,5.77
Jul1 Sal,LB,35.0,"Williams, Quincy CLE LB",NFC,5.75
Jul1 Sal,LB,36.0,"Walker, Quay LVR LB",NFC,5.7
Jul1 Sal,LB,37.0,"Luvu, Frankie WAS LB",NFC,5.64
Jul1 Sal,LB,38.0,"Walker, Quay LVR LB",AFC,5.52
Jul1 Sal,LB,39.0,"Greenlaw, Dre SFO LB",AFC,5.47
Jul1 Sal,LB,40.0,"Overshown, DeMarvion DAL LB",NFC,5.17
Jul1 Sal,LB,41.0,"Bernard, Terrel BUF LB",AFC,5.15
Jul1 Sal,LB,42.0,"Queen, Patrick PIT LB",AFC,5.1
Jul1 Sal,LB,43.0,"Dodson, Tyrel MIA LB",NFC,5.0
Jul1 Sal,LB,44.0,"Barton, Cody TEN LB",NFC,4.95
Jul1 Sal,LB,45.0,"Williams, Quincy CLE LB",AFC,4.94
Jul1 Sal,LB,46.0,"Wagner, Bobby FA LB",NFC,4.81
Jul1 Sal,LB,47.0,"Dean, Nakobe LVR LB",NFC,4.75
Jul1 Sal,LB,48.0,"Styles, Sonny WAS LB",AFC,4.52
Jul1 Sal,LB,49.0,"Al-Shaair, Azeez HOU LB",AFC,4.44
Jul1 Sal,LB,50.0,"Wagner, Bobby FA LB",AFC,4.3
Jul1 Sal,LB,51.0,"Dennis, SirVocea TBB LB",NFC,4.1
Jul1 Sal,LB,52.0,"Rozeboom, Christian TBB LB",AFC,4.07
Jul1 Sal,LB,53.0,"Jones, Ernest SEA LB",NFC,3.75
Jul1 Sal,LB,54.0,"Bernard, Terrel BUF LB",NFC,3.7
Jul1 Sal,LB,55.0,"Henley, Daiyan LAC LB",NFC,3.7
Jul1 Sal,LB,56.0,"Henley, Daiyan LAC LB",AFC,3.7
Jul1 Sal,LB,57.0,"Edmunds, Tremaine NYG LB",NFC,3.4
Jul1 Sal,LB,58.0,"Elliss, Kaden NOS LB",NFC,3.39
Jul1 Sal,LB,59.0,"Davis, Demario NYJ LB",NFC,3.38
Jul1 Sal,LB,60.0,"Reese, Arvell NYG LB",AFC,3.28
Jul1 Sal,LB,61.0,"Styles, Sonny WAS LB",NFC,3.28
Jul1 Sal,LB,62.0,"Landman, Nate LAR LB",AFC,3.27
Jul1 Sal,LB,63.0,"Spillane, Robert NEP LB",NFC,3.24
Jul1 Sal,LB,64.0,"Davis, Demario NYJ LB",AFC,3.23
Jul1 Sal,LB,65.0,"Campbell, Jack DET LB",AFC,3.1
Jul1 Sal,LB,66.0,"Edmunds, Tremaine NYG LB",AFC,3.07
Jul1 Sal,LB,67.0,"Singleton, Alex DEN LB",AFC,3.0
Jul1 Sal,LB,68.0,"Campbell, Jack DET LB",NFC,2.93
Jul1 Sal,LB,69.0,"Reese, Arvell NYG LB",NFC,2.76
Jul1 Sal,LB,70.0,"Edwards, T.J. CHI LB",NFC,2.7
Jul1 Sal,LB,71.0,"Al-Shaair, Azeez HOU LB",NFC,2.61
Jul1 Sal,LB,72.0,"Rodriguez, Jacob MIA LB",AFC,2.5
Jul1 Sal,LB,73.0,"Dodson, Tyrel MIA LB",AFC,2.3
Jul1 Sal,LB,74.0,"Allen, CJ IND LB",NFC,2.29
Jul1 Sal,LB,75.0,"Anzalone, Alex TBB LB",AFC,2.1
Jul1 Sal,LB,76.0,"Barton, Cody TEN LB",AFC,2.1
Jul1 Sal,LB,77.0,"Bethune, Tatum SFO LB",NFC,2.1
Jul1 Sal,LB,78.0,"Campbell, Jihaad PHI LB",NFC,2.1
Jul1 Sal,LB,79.0,"Chenal, Leo WAS LB",NFC,2.1
Jul1 Sal,LB,80.0,"Chenal, Leo WAS LB",AFC,2.1
Jul1 Sal,LB,81.0,"Knight, Tyrice SEA LB",NFC,2.1
Jul1 Sal,LB,82.0,"Thomas, Drake SEA LB",NFC,2.1
Jul1 Sal,LB,83.0,"Tranquill, Drue KCC LB",NFC,2.1
Jul1 Sal,LB,84.0,"Speights, Omar LAR LB",NFC,2.06
Jul1 Sal,LB,85.0,"Colson, Junior LAC LB",AFC,2.05
Jul1 Sal,LB,86.0,"Rodriguez, Jacob MIA LB",NFC,2.05
Jul1 Sal,LB,87.0,"Werner, Pete NOS LB",AFC,2.05
Jul1 Sal,LB,88.0,"Campbell, Jihaad PHI LB",AFC,2.04
Jul1 Sal,LB,89.0,"Schwesinger, Carson CLE LB",NFC,2.04
Jul1 Sal,LB,90.0,"Owusu-Koramoah, Jeremiah CLE LB",AFC,2.01
Jul1 Sal,LB,91.0,"Pratt, Germaine FA LB",AFC,2.01
Jul1 Sal,LB,92.0,"Wilson, Eric MIN LB",AFC,2.01
Jul1 Sal,LB,93.0,"Anzalone, Alex TBB LB",NFC,2.0
Jul1 Sal,LB,94.0,"Barnes, Derrick DET LB",NFC,2.0
Jul1 Sal,LB,95.0,"Davis-Gaither, Akeem IND LB",AFC,2.0
Jul1 Sal,LB,96.0,"Deablo, Divine ATL LB",NFC,2.0
Jul1 Sal,LB,97.0,"Deablo, Divine ATL LB",AFC,2.0
Jul1 Sal,LB,98.0,"McFadden, Micah NYG LB",NFC,2.0
Jul1 Sal,LB,99.0,"Miller, Ventrell JAC LB",AFC,2.0
Jul1 Sal,LB,100.0,"Singleton, Alex DEN LB",NFC,2.0
Jul1 Sal,LB,101.0,"Spillane, Robert NEP LB",AFC,2.0
Jul1 Sal,LB,102.0,"To'oTo'o, Henry HOU LB",NFC,2.0
Jul1 Sal,LB,103.0,"Werner, Pete NOS LB",NFC,2.0
Jul1 Sal,LB,104.0,"Allen, CJ IND LB",AFC,1.98
Jul1 Sal,LB,105.0,"Colson, Junior LAC LB",NFC,1.93
Jul1 Sal,LB,106.0,"Trotter, Josiah TBB LB",AFC,1.92
Jul1 Sal,LB,107.0,"Cooper, Edgerrin GBP LB",AFC,1.86
Jul1 Sal,LB,108.0,"Hill Jr., Anthony TEN LB",AFC,1.86
Jul1 Sal,LB,109.0,"Sanders, Drew DEN LB",AFC,1.84
Jul1 Sal,LB,110.0,"Schwesinger, Carson CLE LB",AFC,1.8
Jul1 Sal,LB,111.0,"Trotter, Josiah TBB LB",NFC,1.71
Jul1 Sal,LB,112.0,"Luvu, Frankie WAS LB",AFC,1.7
Jul1 Sal,LB,113.0,"Hill Jr., Anthony TEN LB",NFC,1.63
Jul1 Sal,LB,114.0,"Cooper, Edgerrin GBP LB",NFC,1.58
Jul1 Sal,LB,115.0,"Golday, Jake MIN LB",NFC,1.52
Jul1 Sal,LB,116.0,"Simpson, Trenton BAL LB",NFC,1.41
Jul1 Sal,LB,117.0,"Golday, Jake MIN LB",AFC,1.39
Jul1 Sal,LB,118.0,"Knight, Demetrius CIN LB",AFC,1.32
Jul1 Sal,LB,119.0,"Knight, Demetrius CIN LB",NFC,1.3
Jul1 Sal,LB,120.0,"Stutsman, Danny NOS LB",AFC,1.3
Jul1 Sal,LB,121.0,"Wilson, Payton PIT LB",AFC,1.29
Jul1 Sal,LB,122.0,"Wilson, Payton PIT LB",NFC,1.24
Jul1 Sal,LB,123.0,"Wallace, Trevin CAR LB",NFC,1.2
Jul1 Sal,LB,124.0,"Wallace, Trevin CAR LB",AFC,1.2
Jul1 Sal,LB,125.0,"Gray, Cedric TEN LB",NFC,1.19
Jul1 Sal,LB,126.0,"Gray, Cedric TEN LB",AFC,1.17
Jul1 Sal,LB,127.0,"Williams, Dorian BUF LB",AFC,1.17
Jul1 Sal,LB,128.0,"Martin, Nick SFO LB",NFC,1.16
Jul1 Sal,LB,129.0,"To'oTo'o, Henry HOU LB",AFC,1.14
Jul1 Sal,LB,130.0,"Bertrand, JD ATL LB",AFC,1.13
Jul1 Sal,LB,131.0,"Barnes, Derrick DET LB",AFC,1.1
Jul1 Sal,LB,132.0,"Bethune, Tatum SFO LB",AFC,1.1
Jul1 Sal,LB,133.0,"Carlies, Jaylon IND LB",NFC,1.1
Jul1 Sal,LB,134.0,"David, Lavonte FA LB",AFC,1.1
Jul1 Sal,LB,135.0,"Davis-Gaither, Akeem IND LB",NFC,1.1
Jul1 Sal,LB,136.0,"Dennis, SirVocea TBB LB",AFC,1.1
Jul1 Sal,LB,137.0,"Diabate, Mohamoud TEN LB",NFC,1.1
Jul1 Sal,LB,138.0,"Dolac, Shaun LAR LB",NFC,1.1
Jul1 Sal,LB,139.0,"Dye, Troy LAC LB",AFC,1.1
Jul1 Sal,LB,140.0,"Elliss, Christian NEP LB",NFC,1.1
Jul1 Sal,LB,141.0,"Elliss, Christian NEP LB",AFC,1.1
Jul1 Sal,LB,142.0,"Gibbens, Jack ARI LB",NFC,1.1
Jul1 Sal,LB,143.0,"Harris, Christian ATL LB",NFC,1.1
Jul1 Sal,LB,144.0,"Harris, Christian ATL LB",AFC,1.1
Jul1 Sal,LB,145.0,"Jackson, D'Marco CHI LB",NFC,1.1
Jul1 Sal,LB,146.0,"James, Shemar DAL LB",NFC,1.1
Jul1 Sal,LB,147.0,"James, Shemar DAL LB",AFC,1.1
Jul1 Sal,LB,148.0,"Jewell, Josey FA LB",NFC,1.1
Jul1 Sal,LB,149.0,"Landman, Nate LAR LB",NFC,1.1
Jul1 Sal,LB,150.0,"Liufau, Marist DAL LB",AFC,1.1
Jul1 Sal,LB,151.0,"Martin, Nick SFO LB",AFC,1.1
Jul1 Sal,LB,152.0,"Mauigoa, Francisco NYJ LB",NFC,1.1
Jul1 Sal,LB,153.0,"McDuffie, Isaiah GBP LB",NFC,1.1
Jul1 Sal,LB,154.0,"McDuffie, Isaiah GBP LB",AFC,1.1
Jul1 Sal,LB,155.0,"McFadden, Micah NYG LB",AFC,1.1
Jul1 Sal,LB,156.0,"Milano, Matt BUF LB",NFC,1.1
Jul1 Sal,LB,157.0,"Milano, Matt BUF LB",AFC,1.1
Jul1 Sal,LB,158.0,"Miller, Ventrell JAC LB",NFC,1.1
Jul1 Sal,LB,159.0,"Pace, Ivan MIN LB",NFC,1.1
Jul1 Sal,LB,160.0,"Pace, Ivan MIN LB",AFC,1.1
Jul1 Sal,LB,161.0,"Paul, Chris SEA LB",NFC,1.1
Jul1 Sal,LB,162.0,"Perryman, Denzel LAC LB",NFC,1.1
Jul1 Sal,LB,163.0,"Perryman, Denzel LAC LB",AFC,1.1
Jul1 Sal,LB,164.0,"Pratt, Germaine FA LB",NFC,1.1
Jul1 Sal,LB,165.0,"Reid, Winston CLE LB",AFC,1.1
Jul1 Sal,LB,166.0,"Roberts, Elandon LVR LB",AFC,1.1
Jul1 Sal,LB,167.0,"Rodriguez, Malcolm DET LB",NFC,1.1
Jul1 Sal,LB,168.0,"Rodriguez, Malcolm DET LB",AFC,1.1
Jul1 Sal,LB,169.0,"Rozeboom, Christian TBB LB",NFC,1.1
Jul1 Sal,LB,170.0,"Simon, Cody ARI LB",NFC,1.1
Jul1 Sal,LB,171.0,"Simpson, Trenton BAL LB",AFC,1.1
Jul1 Sal,LB,172.0,"Speed, E.J. HOU LB",AFC,1.1
Jul1 Sal,LB,173.0,"Speights, Omar LAR LB",AFC,1.1
Jul1 Sal,LB,174.0,"Strnad, Justin DEN LB",NFC,1.1
Jul1 Sal,LB,175.0,"Stutsman, Danny NOS LB",NFC,1.1
Jul1 Sal,LB,176.0,"Thomas, Drake SEA LB",AFC,1.1
Jul1 Sal,LB,177.0,"Thompson, Shaq BUF LB",AFC,1.1
Jul1 Sal,LB,178.0,"Tranquill, Drue KCC LB",AFC,1.1
Jul1 Sal,LB,179.0,"Trotter Jr., Jeremiah PHI LB",NFC,1.1
Jul1 Sal,LB,180.0,"White, Devin LVR LB",NFC,1.1
Jul1 Sal,LB,181.0,"White, Devin LVR LB",AFC,1.1
Jul1 Sal,LB,182.0,"Williams, Dorian BUF LB",NFC,1.1
Jul1 Sal,LB,183.0,"Wilson, Mack ARI LB",NFC,1.1
Jul1 Sal,LB,184.0,"Winters, Dee DAL LB",NFC,1.1
Jul1 Sal,LB,185.0,"Winters, Dee DAL LB",AFC,1.1
Jul1 Sal,LB,186.0,"Louis, Kyle MIA LB",NFC,1.04
Jul1 Sal,LB,187.0,"Simon, Cody ARI LB",AFC,1.04
Jul1 Sal,LB,188.0,"Buchanan, Teddye BAL LB",AFC,1.03
Jul1 Sal,LB,189.0,"Carter, Barrett CIN LB",AFC,1.03
Jul1 Sal,LB,190.0,"Knight, Tyrice SEA LB",AFC,1.03
Jul1 Sal,LB,191.0,"Rolder, Jimmy DET LB",AFC,1.02
Jul1 Sal,LB,192.0,"Perkins, Harold ATL LB",AFC,1.01
Jul1 Sal,LB,193.0,"Elarms-Orr, Kaleb BUF LB",AFC,1.0
Jul1 Sal,LB,194.0,"Jefferson, Justin CLE LB",AFC,1.0
Jul1 Sal,LB,195.0,"Boettcher, Bryce IND LB",AFC,0.99
Jul1 Sal,LB,196.0,"Buchanan, Teddye BAL LB",NFC,0.99
Jul1 Sal,LB,197.0,"Carter, Barrett CIN LB",NFC,0.99
Jul1 Sal,LB,198.0,"Kiser, Jack JAC LB",NFC,0.99
Jul1 Sal,LB,199.0,"Boettcher, Bryce IND LB",NFC,0.94
Jul1 Sal,LB,200.0,"Daniels, Kendal ATL LB",NFC,0.94
Jul1 Sal,LB,201.0,"Daniels, Kendal ATL LB",AFC,0.94
Jul1 Sal,LB,202.0,"Dugger, Jaden SFO LB",NFC,0.94
Jul1 Sal,LB,203.0,"Dugger, Jaden SFO LB",AFC,0.94
Jul1 Sal,LB,204.0,"Elarms-Orr, Kaleb BUF LB",NFC,0.94
Jul1 Sal,LB,205.0,"Elliott, Keyshaun CHI LB",NFC,0.94
Jul1 Sal,LB,206.0,"Elliott, Keyshaun CHI LB",AFC,0.94
Jul1 Sal,LB,207.0,"Hughes, Parker JAC LB",NFC,0.94
Jul1 Sal,LB,208.0,"Hughes, Parker JAC LB",AFC,0.94
Jul1 Sal,LB,209.0,"Jefferson, Justin CLE LB",NFC,0.94
Jul1 Sal,LB,210.0,"Kelly, Jack NYG LB",NFC,0.94
Jul1 Sal,LB,211.0,"Kelly, Jack NYG LB",AFC,0.94
Jul1 Sal,LB,212.0,"Kuwatch, Jackson CAR LB",NFC,0.94
Jul1 Sal,LB,213.0,"Lawson, Deontae PHI LB",NFC,0.94
Jul1 Sal,LB,214.0,"Lawson, Deontae PHI LB",AFC,0.94
Jul1 Sal,LB,215.0,"Louis, Kyle MIA LB",AFC,0.94
Jul1 Sal,LB,216.0,"Murdock, Red DEN LB",NFC,0.94
Jul1 Sal,LB,217.0,"Murdock, Red DEN LB",AFC,0.94
Jul1 Sal,LB,218.0,"Obiazor, Namdi NEP LB",NFC,0.94
Jul1 Sal,LB,219.0,"Obiazor, Namdi NEP LB",AFC,0.94
Jul1 Sal,LB,220.0,"Perkins, Harold ATL LB",NFC,0.94
Jul1 Sal,LB,221.0,"Rolder, Jimmy DET LB",NFC,0.94
Jul1 Sal,LB,222.0,"Woodaz, Wade HOU LB",NFC,0.94
Jul1 Sal,LB,223.0,"Woodaz, Wade HOU LB",AFC,0.94
Jul1 Sal,LB,224.0,"York, Taurean DEN LB",NFC,0.94
Jul1 Sal,CB,-1.0,,,7.5
Jul1 Sal,CB,0.0,,,7.19
Jul1 Sal,CB,1.0,"Bland, DaRon DAL CB",NFC,6.87
Jul1 Sal,CB,2.0,"Adebo, Paulson NYG CB",AFC,6.42
Jul1 Sal,CB,3.0,"Taylor, Alontae TEN CB",AFC,6.01
Jul1 Sal,CB,4.0,"Bland, DaRon DAL CB",AFC,5.88
Jul1 Sal,CB,5.0,"Campbell, Tyson CLE CB",AFC,5.1
Jul1 Sal,CB,6.0,"Jackson, Michael CAR CB",NFC,5.1
Jul1 Sal,CB,7.0,"Green, Renardo SFO CB",AFC,4.81
Jul1 Sal,CB,8.0,"Humphrey, Marlon BAL CB",NFC,4.28
Jul1 Sal,CB,9.0,"Stevenson, Tyrique CHI CB",NFC,4.2
Jul1 Sal,CB,10.0,"Stingley Jr., Derek HOU CB",AFC,4.2
Jul1 Sal,CB,11.0,"Jones, Jaylon IND CB",AFC,4.08
Jul1 Sal,CB,12.0,"Jones, Marcus NEP CB",NFC,3.99
Jul1 Sal,CB,13.0,"Jones, Marcus NEP CB",AFC,3.85
Jul1 Sal,CB,14.0,"Humphrey, Marlon BAL CB",AFC,3.8
Jul1 Sal,CB,15.0,"Gonzalez, Christian NEP CB",AFC,3.7
Jul1 Sal,CB,16.0,"Witherspoon, Devon SEA CB",NFC,3.7
Jul1 Sal,CB,17.0,"Witherspoon, Devon SEA CB",AFC,3.7
Jul1 Sal,CB,18.0,"McDuffie, Trent LAR CB",NFC,3.51
Jul1 Sal,CB,19.0,"Turner, DJ CIN CB",NFC,3.48
Jul1 Sal,CB,20.0,"Campbell, Tyson CLE CB",NFC,3.4
Jul1 Sal,CB,21.0,"Still, Tarheeb LAC CB",NFC,3.34
Jul1 Sal,CB,22.0,"Nixon, Keisean GBP CB",NFC,3.26
Jul1 Sal,CB,23.0,"Surtain II, Patrick DEN CB",AFC,3.15
Jul1 Sal,CB,24.0,"Horn, Jaycee CAR CB",AFC,3.14
Jul1 Sal,CB,25.0,"Murphy, Byron MIN CB",NFC,3.1
Jul1 Sal,CB,26.0,"Moore, Kenny FA CB",AFC,3.07
Jul1 Sal,CB,27.0,"Taylor, Alontae TEN CB",NFC,2.7
Jul1 Sal,CB,28.0,"Nixon, Keisean GBP CB",AFC,2.6
Jul1 Sal,CB,29.0,"Ramsey, Jalen PIT CB",NFC,2.6
Jul1 Sal,CB,30.0,"Wiggins, Nate BAL CB",NFC,2.57
Jul1 Sal,CB,31.0,"Watson, Jaylen LAR CB",NFC,2.5
Jul1 Sal,CB,32.0,"Ward, Charvarius IND CB",NFC,2.47
Jul1 Sal,CB,33.0,"Lenoir, Deommodore SFO CB",AFC,2.28
Jul1 Sal,CB,34.0,"Dean, Jamel PIT CB",NFC,2.25
Jul1 Sal,CB,35.0,"Stingley Jr., Derek HOU CB",NFC,2.25
Jul1 Sal,CB,36.0,"Davis, Carlton NEP CB",AFC,2.22
Jul1 Sal,CB,37.0,"Moss, Riley DEN CB",AFC,2.2
Jul1 Sal,CB,38.0,"Ramsey, Jalen PIT CB",AFC,2.2
Jul1 Sal,CB,39.0,"Robertson, Amik WAS CB",NFC,2.2
Jul1 Sal,CB,40.0,"Reed, D.J. DET CB",AFC,2.1
Jul1 Sal,CB,41.0,"Ward, Charvarius IND CB",AFC,2.09
Jul1 Sal,CB,42.0,"Lewis, Jourdan JAC CB",NFC,2.01
Jul1 Sal,CB,43.0,"Porter Jr., Joey PIT CB",NFC,2.01
Jul1 Sal,CB,44.0,"Adebo, Paulson NYG CB",NFC,2.0
Jul1 Sal,CB,45.0,"Davis, Carlton NEP CB",NFC,2.0
Jul1 Sal,CB,46.0,"Gardner, Sauce IND CB",NFC,2.0
Jul1 Sal,CB,47.0,"Gordon, Kyler CHI CB",AFC,2.0
Jul1 Sal,CB,48.0,"Green, Renardo SFO CB",NFC,2.0
Jul1 Sal,CB,49.0,"Hill, Daxton CIN CB",NFC,2.0
Jul1 Sal,CB,50.0,"Hill, Daxton CIN CB",AFC,2.0
Jul1 Sal,CB,51.0,"Horn, Jaycee CAR CB",NFC,2.0
Jul1 Sal,CB,52.0,"Johnson, Jaylon CHI CB",AFC,2.0
Jul1 Sal,CB,53.0,"McCollum, Zyon TBB CB",NFC,2.0
Jul1 Sal,CB,54.0,"McMillian, Ja'Quan DEN CB",NFC,2.0
Jul1 Sal,CB,55.0,"McMillian, Ja'Quan DEN CB",AFC,2.0
Jul1 Sal,CB,56.0,"Moss, Riley DEN CB",NFC,2.0
Jul1 Sal,CB,57.0,"Porter Jr., Joey PIT CB",AFC,2.0
Jul1 Sal,CB,58.0,"Reed, D.J. DET CB",NFC,2.0
Jul1 Sal,CB,59.0,"Stevenson, Tyrique CHI CB",AFC,2.0
Jul1 Sal,CB,60.0,"Surtain II, Patrick DEN CB",NFC,2.0
Jul1 Sal,CB,61.0,"Terrell, A.J. ATL CB",NFC,2.0
Jul1 Sal,CB,62.0,"Watson, Jaylen LAR CB",AFC,2.0
Jul1 Sal,CB,63.0,"Delane, Mansoor KCC CB",AFC,1.28
Jul1 Sal,CB,64.0,"DeJean, Cooper PHI CB",AFC,1.25
Jul1 Sal,CB,65.0,"Forbes, Emmanuel LAR CB",AFC,1.25
Jul1 Sal,CB,66.0,"DeJean, Cooper PHI CB",NFC,1.24
Jul1 Sal,CB,67.0,"Terrell, Avieon ATL CB",AFC,1.22
Jul1 Sal,CB,68.0,"Gonzalez, Christian NEP CB",NFC,1.21
Jul1 Sal,CB,69.0,"Mitchell, Quinyon PHI CB",NFC,1.21
Jul1 Sal,CB,70.0,"Ponds, D'Angelo NYJ CB",AFC,1.2
Jul1 Sal,CB,71.0,"Sainristil, Mike WAS CB",AFC,1.2
Jul1 Sal,CB,72.0,"Barron, Jahdae DEN CB",AFC,1.19
Jul1 Sal,CB,73.0,"Delane, Mansoor KCC CB",NFC,1.19
Jul1 Sal,CB,74.0,"Arnold, Terrion FA CB",AFC,1.18
Jul1 Sal,CB,75.0,"Barron, Jahdae DEN CB",NFC,1.18
Jul1 Sal,CB,76.0,"Banks, Deonte NYG CB",AFC,1.17
Jul1 Sal,CB,77.0,"Mitchell, Quinyon PHI CB",AFC,1.17
Jul1 Sal,CB,78.0,"Sainristil, Mike WAS CB",NFC,1.17
Jul1 Sal,CB,79.0,"Turner, DJ CIN CB",AFC,1.14
Jul1 Sal,CB,80.0,"Williams, Garrett ARI CB",AFC,1.14
Jul1 Sal,CB,81.0,"Hairston, Maxwell BUF CB",NFC,1.13
Jul1 Sal,CB,82.0,"Wiggins, Nate BAL CB",AFC,1.13
Jul1 Sal,CB,83.0,"Johnson, Chris MIA CB",NFC,1.12
Jul1 Sal,CB,84.0,"Johnson, Will ARI CB",AFC,1.12
Jul1 Sal,CB,85.0,"Hairston, Maxwell BUF CB",AFC,1.11
Jul1 Sal,CB,86.0,"Alford, Dee BUF CB",NFC,1.1
Jul1 Sal,CB,87.0,"Alford, Dee BUF CB",AFC,1.1
Jul1 Sal,CB,88.0,"Amos, Trey WAS CB",AFC,1.1
Jul1 Sal,CB,89.0,"Baker, Darrell MIA CB",AFC,1.1
Jul1 Sal,CB,90.0,"Banks, Deonte NYG CB",NFC,1.1
Jul1 Sal,CB,91.0,"Benford, Christian BUF CB",NFC,1.1
Jul1 Sal,CB,92.0,"Benford, Christian BUF CB",AFC,1.1
Jul1 Sal,CB,93.0,"Blackmon, Mekhi IND CB",NFC,1.1
Jul1 Sal,CB,94.0,"Brown, Montaric JAC CB",NFC,1.1
Jul1 Sal,CB,95.0,"Brown, Montaric JAC CB",AFC,1.1
Jul1 Sal,CB,96.0,"Brownlee, Jarvis NYJ CB",NFC,1.1
Jul1 Sal,CB,97.0,"Brownlee, Jarvis NYJ CB",AFC,1.1
Jul1 Sal,CB,98.0,"Burke, Denzel ARI CB",NFC,1.1
Jul1 Sal,CB,99.0,"Burke, Denzel ARI CB",AFC,1.1
Jul1 Sal,CB,100.0,"Dean, Jamel PIT CB",AFC,1.1
Jul1 Sal,CB,101.0,"Diggs, Trevon FA CB",NFC,1.1
Jul1 Sal,CB,102.0,"Douglas, Rasul WAS CB",NFC,1.1
Jul1 Sal,CB,103.0,"Duck, Storm MIA CB",NFC,1.1
Jul1 Sal,CB,104.0,"Durant, Decobie DAL CB",NFC,1.1
Jul1 Sal,CB,105.0,"Durant, Decobie DAL CB",AFC,1.1
Jul1 Sal,CB,106.0,"Echols, Brandin PIT CB",NFC,1.1
Jul1 Sal,CB,107.0,"Flott, Cordale TEN CB",NFC,1.1
Jul1 Sal,CB,108.0,"Flott, Cordale TEN CB",AFC,1.1
Jul1 Sal,CB,109.0,"Forbes, Emmanuel LAR CB",NFC,1.1
Jul1 Sal,CB,110.0,"Fulton, Kristian KCC CB",NFC,1.1
Jul1 Sal,CB,111.0,"Fulton, Kristian KCC CB",AFC,1.1
Jul1 Sal,CB,112.0,"Gardner, Sauce IND CB",AFC,1.1
Jul1 Sal,CB,113.0,"Gordon, Kyler CHI CB",NFC,1.1
Jul1 Sal,CB,114.0,"Harris, Marcus TEN CB",NFC,1.1
Jul1 Sal,CB,115.0,"Harris, Marcus TEN CB",AFC,1.1
Jul1 Sal,CB,116.0,"Hart, Cam LAC CB",NFC,1.1
Jul1 Sal,CB,117.0,"Hobbs, Nate SFO CB",NFC,1.1
Jul1 Sal,CB,118.0,"Hughes, Mike ATL CB",NFC,1.1
Jul1 Sal,CB,119.0,"Jackson, Adoree PHI CB",AFC,1.1
Jul1 Sal,CB,120.0,"Jackson, Donte LAC CB",NFC,1.1
Jul1 Sal,CB,121.0,"Jackson, Donte LAC CB",AFC,1.1
Jul1 Sal,CB,122.0,"Jackson, Michael CAR CB",AFC,1.1
Jul1 Sal,CB,123.0,"Jobe, Josh SEA CB",NFC,1.1
Jul1 Sal,CB,124.0,"Jobe, Josh SEA CB",AFC,1.1
Jul1 Sal,CB,125.0,"Johnson, Chris MIA CB",AFC,1.1
Jul1 Sal,CB,126.0,"Johnson, Jaylon CHI CB",NFC,1.1
Jul1 Sal,CB,127.0,"Johnson, Taron LVR CB",NFC,1.1
Jul1 Sal,CB,128.0,"Jones, Jack SFO CB",NFC,1.1
Jul1 Sal,CB,129.0,"Jones, Jack SFO CB",AFC,1.1
Jul1 Sal,CB,130.0,"Jones, Jarrian JAC CB",NFC,1.1
Jul1 Sal,CB,131.0,"Jones, Jarrian JAC CB",AFC,1.1
Jul1 Sal,CB,132.0,"Jones, Jaylon IND CB",NFC,1.1
Jul1 Sal,CB,133.0,"Kohou, Kader KCC CB",NFC,1.1
Jul1 Sal,CB,134.0,"Lenoir, Deommodore SFO CB",NFC,1.1
Jul1 Sal,CB,135.0,"Lewis, Jourdan JAC CB",AFC,1.1
Jul1 Sal,CB,136.0,"Marshall, Jason MIA CB",NFC,1.1
Jul1 Sal,CB,137.0,"McCollum, Zyon TBB CB",AFC,1.1
Jul1 Sal,CB,138.0,"McCreary, Roger DET CB",NFC,1.1
Jul1 Sal,CB,139.0,"McCreary, Roger DET CB",AFC,1.1
Jul1 Sal,CB,140.0,"McDuffie, Trent LAR CB",AFC,1.1
Jul1 Sal,CB,141.0,"Moore, Kenny FA CB",NFC,1.1
Jul1 Sal,CB,142.0,"Morrison, Benjamin TBB CB",NFC,1.1
Jul1 Sal,CB,143.0,"Murphy, Byron MIN CB",AFC,1.1
Jul1 Sal,CB,144.0,"Newsome, Greg NYG CB",NFC,1.1
Jul1 Sal,CB,145.0,"Parrish, Jacob TBB CB",AFC,1.1
Jul1 Sal,CB,146.0,"Phillips, Andru NYG CB",AFC,1.1
Jul1 Sal,CB,147.0,"Phillips, Clark ATL CB",NFC,1.1
Jul1 Sal,CB,148.0,"Pierre, James MIN CB",NFC,1.1
Jul1 Sal,CB,149.0,"Porter, Darien LVR CB",NFC,1.1
Jul1 Sal,CB,150.0,"Rakestraw, Ennis DET CB",AFC,1.1
Jul1 Sal,CB,151.0,"Revel, Shavon DAL CB",NFC,1.1
Jul1 Sal,CB,152.0,"Riley, Quincy NOS CB",NFC,1.1
Jul1 Sal,CB,153.0,"Riley, Quincy NOS CB",AFC,1.1
Jul1 Sal,CB,154.0,"Robertson, Amik WAS CB",AFC,1.1
Jul1 Sal,CB,155.0,"Rodgers, Isaiah MIN CB",NFC,1.1
Jul1 Sal,CB,156.0,"Rodgers, Isaiah MIN CB",AFC,1.1
Jul1 Sal,CB,157.0,"Smith-Wade, Chau CAR CB",NFC,1.1
Jul1 Sal,CB,158.0,"Stephens, Brandon NYJ CB",NFC,1.1
Jul1 Sal,CB,159.0,"Stephens, Brandon NYJ CB",AFC,1.1
Jul1 Sal,CB,160.0,"Still, Tarheeb LAC CB",AFC,1.1
Jul1 Sal,CB,161.0,"Stokes, Eric LVR CB",NFC,1.1
Jul1 Sal,CB,162.0,"Stout, Upton SFO CB",NFC,1.1
Jul1 Sal,CB,163.0,"Stout, Upton SFO CB",AFC,1.1
Jul1 Sal,CB,164.0,"Taylor-Britt, Cam IND CB",NFC,1.1
Jul1 Sal,CB,165.0,"Terrell, A.J. ATL CB",AFC,1.1
Jul1 Sal,CB,166.0,"Valentine, Carrington GBP CB",NFC,1.1
Jul1 Sal,CB,167.0,"Ward, Denzel CLE CB",NFC,1.1
Jul1 Sal,CB,168.0,"Williams, Garrett ARI CB",NFC,1.1
Jul1 Sal,CB,169.0,"Williams, Nohl KCC CB",NFC,1.1
Jul1 Sal,CB,170.0,"Williams, Nohl KCC CB",AFC,1.1
Jul1 Sal,CB,171.0,"Woolen, Tariq PHI CB",NFC,1.1
Jul1 Sal,CB,172.0,"Woolen, Tariq PHI CB",AFC,1.1
Jul1 Sal,CB,173.0,"Wright, Nahshon NYJ CB",NFC,1.1
Jul1 Sal,CB,174.0,"Wright, Nahshon NYJ CB",AFC,1.1
Jul1 Sal,CB,175.0,"Ya-Sin, Rock DET CB",AFC,1.1
Jul1 Sal,CB,176.0,"Lassiter, Kamari HOU CB",NFC,1.09
Jul1 Sal,CB,177.0,"McKinstry, Kool-Aid NOS CB",AFC,1.09
Jul1 Sal,CB,178.0,"McKinstry, Kool-Aid NOS CB",NFC,1.08
Jul1 Sal,CB,179.0,"Ponds, D'Angelo NYJ CB",NFC,1.08
Jul1 Sal,CB,180.0,"Johnson, Will ARI CB",NFC,1.06
Jul1 Sal,CB,181.0,"Lassiter, Kamari HOU CB",AFC,1.03
Jul1 Sal,CB,182.0,"Phillips, Andru NYG CB",NFC,1.03
Jul1 Sal,CB,183.0,"Revel, Shavon DAL CB",AFC,1.03
Jul1 Sal,CB,184.0,"Bowman, Billy ATL CB",NFC,1.02
Jul1 Sal,CB,185.0,"Terrell, Avieon ATL CB",NFC,1.0
Jul1 Sal,CB,186.0,"Amos, Trey WAS CB",NFC,0.99
Jul1 Sal,CB,187.0,"Bowman, Billy ATL CB",AFC,0.99
Jul1 Sal,CB,188.0,"McCoy, Jermod LVR CB",AFC,0.99
Jul1 Sal,CB,189.0,"Morrison, Benjamin TBB CB",AFC,0.99
Jul1 Sal,CB,190.0,"Parrish, Jacob TBB CB",NFC,0.99
Jul1 Sal,CB,191.0,"Porter, Darien LVR CB",AFC,0.99
Jul1 Sal,CB,192.0,"Ransaw, Caleb JAC CB",NFC,0.99
Jul1 Sal,CB,193.0,"Ransaw, Caleb JAC CB",AFC,0.99
Jul1 Sal,CB,194.0,"Scott, Keionte TBB CB",NFC,0.99
Jul1 Sal,CB,195.0,"Thomas, Azareye'h NYJ CB",AFC,0.99
Jul1 Sal,CB,196.0,"Cisse, Brandon GBP CB",NFC,0.98
Jul1 Sal,CB,197.0,"Hood, Colton NYG CB",NFC,0.98
Jul1 Sal,CB,198.0,"Scott, Keionte TBB CB",AFC,0.98
Jul1 Sal,CB,199.0,"Abney, Keith DET CB",NFC,0.94
Jul1 Sal,CB,200.0,"Abney, Keith DET CB",AFC,0.94
Jul1 Sal,CB,201.0,"Canady, Jadon KCC CB",NFC,0.94
Jul1 Sal,CB,202.0,"Canady, Jadon KCC CB",AFC,0.94
Jul1 Sal,CB,203.0,"Cisse, Brandon GBP CB",AFC,0.94
Jul1 Sal,CB,204.0,"Davis, Tacario CIN CB",NFC,0.94
Jul1 Sal,CB,205.0,"Davis, Tacario CIN CB",AFC,0.94
Jul1 Sal,CB,206.0,"Demmings, Charles MIN CB",NFC,0.94
Jul1 Sal,CB,207.0,"Everette, Daylen PIT CB",AFC,0.94
Jul1 Sal,CB,208.0,"Hall, TJ NOS CB",NFC,0.94
Jul1 Sal,CB,209.0,"Hall, TJ NOS CB",AFC,0.94
Jul1 Sal,CB,210.0,"Hood, Colton NYG CB",AFC,0.94
Jul1 Sal,CB,211.0,"Igbinosun, Davison BUF CB",NFC,0.94
Jul1 Sal,CB,212.0,"Igbinosun, Davison BUF CB",AFC,0.94
Jul1 Sal,CB,213.0,"Jackson, Domani GBP CB",NFC,0.94
Jul1 Sal,CB,214.0,"Lee, Will CAR CB",AFC,0.94
Jul1 Sal,CB,215.0,"McCoy, Jermod LVR CB",NFC,0.94
Jul1 Sal,CB,216.0,"Moore, Devin DAL CB",NFC,0.94
Jul1 Sal,CB,217.0,"Moore, Devin DAL CB",AFC,0.94
Jul1 Sal,CB,218.0,"Muhammad, Malik CHI CB",NFC,0.94
Jul1 Sal,CB,219.0,"Muhammad, Malik CHI CB",AFC,0.94
Jul1 Sal,CB,220.0,"Neal, Julian SEA CB",NFC,0.94
Jul1 Sal,CB,221.0,"Neal, Julian SEA CB",AFC,0.94
Jul1 Sal,CB,222.0,"Prysock, Ephesians SFO CB",NFC,0.94
Jul1 Sal,CB,223.0,"Rivers, Chandler BAL CB",NFC,0.94
Jul1 Sal,CB,224.0,"Rivers, Chandler BAL CB",AFC,0.94
Jul1 Sal,S,-1.0,,,15.77
Jul1 Sal,S,0.0,,,15.6
Jul1 Sal,S,1.0,"Winfield, Antoine TBB S",NFC,15.43
Jul1 Sal,S,2.0,"Hufanga, Talanoa DEN S",AFC,9.77
Jul1 Sal,S,3.0,"Love, Julian SEA S",AFC,9.55
Jul1 Sal,S,4.0,"Byard, Kevin NEP S",AFC,9.48
Jul1 Sal,S,5.0,"Winfield, Antoine TBB S",AFC,9.11
Jul1 Sal,S,6.0,"Hamilton, Kyle BAL S",NFC,8.45
Jul1 Sal,S,7.0,"Joseph, Kerby DET S",AFC,8.21
Jul1 Sal,S,8.0,"Love, Julian SEA S",NFC,7.94
Jul1 Sal,S,9.0,"Cross, Nick WAS S",NFC,7.8
Jul1 Sal,S,10.0,"Hamilton, Kyle BAL S",AFC,7.8
Jul1 Sal,S,11.0,"Elliott, DeShon PIT S",NFC,7.7
Jul1 Sal,S,12.0,"Baker, Budda ARI S",AFC,7.37
Jul1 Sal,S,13.0,"Holland, Jevon NYG S",NFC,7.3
Jul1 Sal,S,14.0,"Moehrig, Trevon CAR S",NFC,7.18
Jul1 Sal,S,15.0,"Dugger, Kyle CIN S",AFC,7.08
Jul1 Sal,S,16.0,"Moehrig, Trevon CAR S",AFC,6.92
Jul1 Sal,S,17.0,"Gardner-Johnson, Chauncey BUF S",AFC,6.75
Jul1 Sal,S,18.0,"Cross, Nick WAS S",AFC,6.66
Jul1 Sal,S,19.0,"Battle, Jordan CIN S",AFC,6.5
Jul1 Sal,S,20.0,"Bynum, Camryn IND S",NFC,6.27
Jul1 Sal,S,21.0,"James, Derwin LAC S",AFC,6.04
Jul1 Sal,S,22.0,"Hufanga, Talanoa DEN S",NFC,5.92
Jul1 Sal,S,23.0,"Pitre, Jalen HOU S",AFC,5.89
Jul1 Sal,S,24.0,"Jones, Brandon DEN S",AFC,5.88
Jul1 Sal,S,25.0,"McKinney, Xavier GBP S",AFC,5.88
Jul1 Sal,S,26.0,"Metellus, Josh MIN S",AFC,5.88
Jul1 Sal,S,27.0,"Battle, Jordan CIN S",NFC,5.81
Jul1 Sal,S,28.0,"Dugger, Kyle CIN S",NFC,5.72
Jul1 Sal,S,29.0,"James, Derwin LAC S",NFC,5.67
Jul1 Sal,S,30.0,"Hooker, Amani TEN S",AFC,5.43
Jul1 Sal,S,31.0,"Bates, Jessie ATL S",AFC,5.1
Jul1 Sal,S,32.0,"Bynum, Camryn IND S",AFC,5.1
Jul1 Sal,S,33.0,"Williams, Evan GBP S",NFC,5.05
Jul1 Sal,S,34.0,"Chinn, Jeremy LVR S",AFC,5.01
Jul1 Sal,S,35.0,"Conner, Chamarri KCC S",AFC,4.95
Jul1 Sal,S,36.0,"Elliott, DeShon PIT S",AFC,4.94
Jul1 Sal,S,37.0,"McKinney, Xavier GBP S",NFC,4.74
Jul1 Sal,S,38.0,"Fitzpatrick, Minkah NYJ S",AFC,4.5
Jul1 Sal,S,39.0,"Brisker, Jaquan PIT S",AFC,4.47
Jul1 Sal,S,40.0,"Lake, Quentin LAR S",AFC,4.39
Jul1 Sal,S,41.0,"Byard, Kevin NEP S",NFC,4.18
Jul1 Sal,S,42.0,"Joseph, Kerby DET S",NFC,4.1
Jul1 Sal,S,43.0,"Bryant, Coby CHI S",NFC,4.02
Jul1 Sal,S,44.0,"Lake, Quentin LAR S",NFC,3.9
Jul1 Sal,S,45.0,"Hamlin, Damar BUF S",AFC,3.84
Jul1 Sal,S,46.0,"Bryant, Coby CHI S",AFC,3.83
Jul1 Sal,S,47.0,"Bates, Jessie ATL S",NFC,3.8
Jul1 Sal,S,48.0,"Blankenship, Reed HOU S",AFC,3.75
Jul1 Sal,S,49.0,"Branch, Brian DET S",NFC,3.7
Jul1 Sal,S,50.0,"Branch, Brian DET S",AFC,3.7
Jul1 Sal,S,51.0,"Reid, Justin NOS S",NFC,3.61
Jul1 Sal,S,52.0,"Johnson, Antonio JAC S",AFC,3.52
Jul1 Sal,S,53.0,"Stone, Geno BUF S",AFC,3.52
Jul1 Sal,S,54.0,"Hawkins, Jaylinn BAL S",NFC,3.45
Jul1 Sal,S,55.0,"Baker, Budda ARI S",NFC,3.27
Jul1 Sal,S,56.0,"Thieneman, Dillon CHI S",NFC,3.08
Jul1 Sal,S,57.0,"Delpit, Grant CLE S",NFC,2.98
Jul1 Sal,S,58.0,"Curl, Kamren LAR S",NFC,2.88
Jul1 Sal,S,59.0,"Curl, Kamren LAR S",AFC,2.85
Jul1 Sal,S,60.0,"Downs, Caleb DAL S",AFC,2.76
Jul1 Sal,S,61.0,"Pitre, Jalen HOU S",NFC,2.7
Jul1 Sal,S,62.0,"Holland, Jevon NYG S",AFC,2.67
Jul1 Sal,S,63.0,"Downs, Caleb DAL S",NFC,2.62
Jul1 Sal,S,64.0,"Jackson, Theo MIN S",AFC,2.47
Jul1 Sal,S,65.0,"Thompson, Jalen DAL S",NFC,2.47
Jul1 Sal,S,66.0,"Johnson, Antonio JAC S",NFC,2.45
Jul1 Sal,S,67.0,"Thieneman, Dillon CHI S",AFC,2.29
Jul1 Sal,S,68.0,"Hickman, Ronnie CLE S",AFC,2.26
Jul1 Sal,S,69.0,"Delpit, Grant CLE S",AFC,2.2
Jul1 Sal,S,70.0,"Thompson, Jalen DAL S",AFC,2.18
Jul1 Sal,S,71.0,"Chinn, Jeremy LVR S",NFC,2.1
Jul1 Sal,S,72.0,"Metellus, Josh MIN S",NFC,2.1
Jul1 Sal,S,73.0,"Brisker, Jaquan PIT S",NFC,2.09
Jul1 Sal,S,74.0,"Melifonwu, Ifeatu MIA S",AFC,2.06
Jul1 Sal,S,75.0,"Mustapha, Malik SFO S",AFC,2.06
Jul1 Sal,S,76.0,"Blankenship, Reed HOU S",NFC,2.01
Jul1 Sal,S,77.0,"Cook, Bryan CIN S",NFC,2.01
Jul1 Sal,S,78.0,"Clark, Chuck DET S",NFC,2.0
Jul1 Sal,S,79.0,"Fitzpatrick, Minkah NYJ S",NFC,2.0
Jul1 Sal,S,80.0,"Gardner-Johnson, Chauncey BUF S",NFC,2.0
Jul1 Sal,S,81.0,"Gilman, Alohi KCC S",NFC,2.0
Jul1 Sal,S,82.0,"Gilman, Alohi KCC S",AFC,2.0
Jul1 Sal,S,83.0,"Hooker, Amani TEN S",NFC,2.0
Jul1 Sal,S,84.0,"Jefferson, Tony LAC S",NFC,2.0
Jul1 Sal,S,85.0,"Jones, Brandon DEN S",NFC,2.0
Jul1 Sal,S,86.0,"Okada, Ty SEA S",NFC,2.0
Jul1 Sal,S,87.0,"Stone, Geno BUF S",NFC,2.0
Jul1 Sal,S,88.0,"Jackson, Theo MIN S",NFC,1.9
Jul1 Sal,S,89.0,"Martin, Quan WAS S",NFC,1.84
Jul1 Sal,S,90.0,"Starks, Malaki BAL S",AFC,1.72
Jul1 Sal,S,91.0,"Nubin, Tyler NYG S",AFC,1.69
Jul1 Sal,S,92.0,"McNeil-Warren, Emmanuel CLE S",AFC,1.67
Jul1 Sal,S,93.0,"Emmanwori, Nick SEA S",NFC,1.61
Jul1 Sal,S,94.0,"Emmanwori, Nick SEA S",AFC,1.57
Jul1 Sal,S,95.0,"Martin, Quan WAS S",AFC,1.55
Jul1 Sal,S,96.0,"Bullard, Javon GBP S",AFC,1.44
Jul1 Sal,S,97.0,"McNeil-Warren, Emmanuel CLE S",NFC,1.44
Jul1 Sal,S,98.0,"Starks, Malaki BAL S",NFC,1.41
Jul1 Sal,S,99.0,"Nubin, Tyler NYG S",NFC,1.38
Jul1 Sal,S,100.0,"Haulcy, A.J. IND S",AFC,1.34
Jul1 Sal,S,101.0,"Bishop, Cole BUF S",NFC,1.32
Jul1 Sal,S,102.0,"Bullard, Javon GBP S",NFC,1.3
Jul1 Sal,S,103.0,"Watts, Xavier ATL S",NFC,1.29
Jul1 Sal,S,104.0,"Haulcy, A.J. IND S",NFC,1.26
Jul1 Sal,S,105.0,"Watts, Xavier ATL S",AFC,1.26
Jul1 Sal,S,106.0,"Bishop, Cole BUF S",AFC,1.24
Jul1 Sal,S,107.0,"Reid, Justin NOS S",AFC,1.2
Jul1 Sal,S,108.0,"Brown, Ji'Ayir SFO S",NFC,1.17
Jul1 Sal,S,109.0,"Stukes, Treydan LVR S",NFC,1.17
Jul1 Sal,S,110.0,"Mukuba, Andrew PHI S",AFC,1.14
Jul1 Sal,S,111.0,"Smith, Tykee TBB S",NFC,1.12
Jul1 Sal,S,112.0,"Kinchens, Kamren LAR S",NFC,1.11
Jul1 Sal,S,113.0,"Mukuba, Andrew PHI S",NFC,1.11
Jul1 Sal,S,114.0,"Belton, Dane NYJ S",NFC,1.1
Jul1 Sal,S,115.0,"Belton, Dane NYJ S",AFC,1.1
Jul1 Sal,S,116.0,"Blackmon, Julian NOS S",NFC,1.1
Jul1 Sal,S,117.0,"Blackmon, Julian NOS S",AFC,1.1
Jul1 Sal,S,118.0,"Brown, Ji'Ayir SFO S",AFC,1.1
Jul1 Sal,S,119.0,"Brown, Sydney ATL S",NFC,1.1
Jul1 Sal,S,120.0,"Bullock, Calen HOU S",NFC,1.1
Jul1 Sal,S,121.0,"Cisco, Andre NYJ S",NFC,1.1
Jul1 Sal,S,122.0,"Clark, Bud SEA S",NFC,1.1
Jul1 Sal,S,123.0,"Conner, Chamarri KCC S",NFC,1.1
Jul1 Sal,S,124.0,"Cook, Bryan CIN S",AFC,1.1
Jul1 Sal,S,125.0,"Davis, Ashtyn SFO S",NFC,1.1
Jul1 Sal,S,126.0,"Epps, Marcus PHI S",NFC,1.1
Jul1 Sal,S,127.0,"Epps, Marcus PHI S",AFC,1.1
Jul1 Sal,S,128.0,"Harris, Will WAS S",NFC,1.1
Jul1 Sal,S,129.0,"Harris, Will WAS S",AFC,1.1
Jul1 Sal,S,130.0,"Hawkins, Jaylinn BAL S",AFC,1.1
Jul1 Sal,S,131.0,"Hickman, Ronnie CLE S",NFC,1.1
Jul1 Sal,S,132.0,"Hicks, Jaden KCC S",AFC,1.1
Jul1 Sal,S,133.0,"Hooker, Malik DAL S",NFC,1.1
Jul1 Sal,S,134.0,"Hooker, Malik DAL S",AFC,1.1
Jul1 Sal,S,135.0,"Izien, Christian DET S",NFC,1.1
Jul1 Sal,S,136.0,"Johnson, Lonnie MIA S",NFC,1.1
Jul1 Sal,S,137.0,"Johnson, Lonnie MIA S",AFC,1.1
Jul1 Sal,S,138.0,"Lewis, Cam CHI S",AFC,1.1
Jul1 Sal,S,139.0,"Locke, P.J. DAL S",AFC,1.1
Jul1 Sal,S,140.0,"Melifonwu, Ifeatu MIA S",NFC,1.1
Jul1 Sal,S,141.0,"Mickens, R.J. LAC S",AFC,1.1
Jul1 Sal,S,142.0,"Molden, Elijah LAC S",NFC,1.1
Jul1 Sal,S,143.0,"Molden, Elijah LAC S",AFC,1.1
Jul1 Sal,S,144.0,"Murray, Eric JAC S",NFC,1.1
Jul1 Sal,S,145.0,"Murray, Eric JAC S",AFC,1.1
Jul1 Sal,S,146.0,"Okada, Ty SEA S",AFC,1.1
Jul1 Sal,S,147.0,"Pola-Mao, Isaiah LVR S",NFC,1.1
Jul1 Sal,S,148.0,"Pola-Mao, Isaiah LVR S",AFC,1.1
Jul1 Sal,S,149.0,"Scott, Nick CAR S",NFC,1.1
Jul1 Sal,S,150.0,"Scott, Nick CAR S",AFC,1.1
Jul1 Sal,S,151.0,"Sigle, Marques SFO S",NFC,1.1
Jul1 Sal,S,152.0,"Smith, Harrison FA S",AFC,1.1
Jul1 Sal,S,153.0,"Taylor-Demerson, Dadrion ARI S",NFC,1.1
Jul1 Sal,S,154.0,"Trader, Dante MIA S",NFC,1.1
Jul1 Sal,S,155.0,"Trader, Dante MIA S",AFC,1.1
Jul1 Sal,S,156.0,"Ward, Jay MIN S",NFC,1.1
Jul1 Sal,S,157.0,"Washington, Ar'Darius NYG S",NFC,1.1
Jul1 Sal,S,158.0,"Washington, Ar'Darius NYG S",AFC,1.1
Jul1 Sal,S,159.0,"Wingard, Andrew ARI S",NFC,1.1
Jul1 Sal,S,160.0,"Wohler, Hunter IND S",NFC,1.1
Jul1 Sal,S,161.0,"Kinchens, Kamren LAR S",AFC,1.09
Jul1 Sal,S,162.0,"Stukes, Treydan LVR S",AFC,1.09
Jul1 Sal,S,163.0,"Bullock, Calen HOU S",AFC,1.08
Jul1 Sal,S,164.0,"Smith, Tykee TBB S",AFC,1.08
Jul1 Sal,S,165.0,"Taylor-Demerson, Dadrion ARI S",AFC,1.08
Jul1 Sal,S,166.0,"Winston, Kevin TEN S",AFC,1.04
Jul1 Sal,S,167.0,"Mustapha, Malik SFO S",NFC,1.03
Jul1 Sal,S,168.0,"Williams, Evan GBP S",AFC,1.03
Jul1 Sal,S,169.0,"Winston, Kevin TEN S",NFC,1.03
Jul1 Sal,S,170.0,"Woodson, Craig NEP S",AFC,1.03
Jul1 Sal,S,171.0,"Sanker, Jonas NOS S",AFC,1.02
Jul1 Sal,S,172.0,"Clark, Bud SEA S",AFC,1.0
Jul1 Sal,S,173.0,"Jackson, Dan DET S",AFC,0.99
Jul1 Sal,S,174.0,"Moore, Malachi NYJ S",NFC,0.99
Jul1 Sal,S,175.0,"Moore, Malachi NYJ S",AFC,0.99
Jul1 Sal,S,176.0,"Ransom, Lathan CAR S",NFC,0.99
Jul1 Sal,S,177.0,"Ransom, Lathan CAR S",AFC,0.99
Jul1 Sal,S,178.0,"Sanker, Jonas NOS S",NFC,0.99
Jul1 Sal,S,179.0,"Woodson, Craig NEP S",NFC,0.99
Jul1 Sal,S,180.0,"Kilgore, Jalon BUF S",AFC,0.98
Jul1 Sal,S,181.0,"Thomas, Jakobe MIN S",AFC,0.98
Jul1 Sal,S,182.0,"Huskey, Jalen JAC S",AFC,0.94
Jul1 Sal,S,183.0,"Johnson, Dalton LVR S",NFC,0.94
Jul1 Sal,S,184.0,"Johnson, Dalton LVR S",AFC,0.94
Jul1 Sal,S,185.0,"Kilgore, Jalon BUF S",NFC,0.94
Jul1 Sal,S,186.0,"Payne, VJ NYJ S",AFC,0.94
Jul1 Sal,S,187.0,"Ramsey, Kamari HOU S",NFC,0.94
Jul1 Sal,S,188.0,"Ramsey, Kamari HOU S",AFC,0.94
Jul1 Sal,S,189.0,"Scott, Miles DEN S",NFC,0.94
Jul1 Sal,S,190.0,"Smith, Genesis LAC S",NFC,0.94
Jul1 Sal,S,191.0,"Smith, Genesis LAC S",AFC,0.94
Jul1 Sal,S,192.0,"Spears-Jennings, Robert PIT S",NFC,0.94
Jul1 Sal,S,193.0,"Styles, Lorenzo NOS S",NFC,0.94
Jul1 Sal,S,194.0,"Styles, Lorenzo NOS S",AFC,0.94
Jul1 Sal,S,195.0,"Taaffe, Michael MIA S",NFC,0.94
Jul1 Sal,S,196.0,"Taaffe, Michael MIA S",AFC,0.94
Jul1 Sal,S,197.0,"Thomas, Jakobe MIN S",NFC,0.94
Jul1 Sal,S,198.0,"Wheatley, Zakee CAR S",NFC,0.94
Jul1 Sal,S,199.0,"Wheatley, Zakee CAR S",AFC,0.94
