conference,franchise,franchise_name,player_id,player,player_name,player_team,player_pos,roster_status,prev_salary,prev_years,franchise_salary_cap,contract,ext_marker,roster_last
NFC,DAL,Dallas Cowboys,14892,"Brooks, Jordyn MIA LB","Brooks, Jordyn",MIA,LB,Active,7.66,1,256.73,2023 iEXT,,brooks
NFC,DAL,Dallas Cowboys,13723,"Payne, Da'Ron WAS DT","Payne, Da'Ron",WAS,DT,Active,7.99,1,256.73,2023 SRFA,,payne
NFC,DAL,Dallas Cowboys,16226,"Wilson, Tyree NOS DE","Wilson, Tyree",NOS,DE,Active,2.1,1,256.73,2023 2.06,,wilson
NFC,DAL,Dallas Cowboys,14405,"Granderson, Carl NOS DE","Granderson, Carl",NOS,DE,Active,10.03,1,256.73,2023 iEXT,,granderson
NFC,DAL,Dallas Cowboys,15366,"Holland, Jevon NYG S","Holland, Jevon",NYG,S,Active,7.3,2,256.73,2024 B/R,,holland
NFC,DAL,Dallas Cowboys,14797,"Swift, D'Andre CHI RB","Swift, D'Andre",CHI,RB,Active,13.07,1,256.73,2024 UFA,,swift
NFC,DAL,Dallas Cowboys,16627,"McConkey, Ladd LAC WR","McConkey, Ladd",LAC,WR,Active,3.03,2,256.73,2024 1.12,,mcconkey
NFC,DAL,Dallas Cowboys,11769,"Lawrence, Demarcus SEA DE","Lawrence, Demarcus",SEA,DE,Active,1.1,1,256.73,2025 R/F,,lawrence
NFC,DAL,Dallas Cowboys,13839,"Sieler, Zach MIA DT","Sieler, Zach",MIA,DT,Active,16.5,2,256.73,2025 RRFA,,sieler
NFC,DAL,Dallas Cowboys,15331,"Freiermuth, Pat PIT TE","Freiermuth, Pat",PIT,TE,Active,4.53,1,256.73,2024 iEXT,,freiermuth
NFC,DAL,Dallas Cowboys,17031,"Sanders, Shedeur CLE QB","Sanders, Shedeur",CLE,QB,Active,1.17,3,256.73,2025 4.02,,sanders
NFC,DAL,Dallas Cowboys,17102,"Warren, Tyler IND TE","Warren, Tyler",IND,TE,Active,3.66,3,256.73,2025 1.10,,warren
NFC,DAL,Dallas Cowboys,17148,"Collins, Alfred SFO DT","Collins, Alfred",SFO,DT,Active,1.14,3,256.73,2025 4.04,,collins
NFC,DAL,Dallas Cowboys,17131,"Watts, Xavier ATL S","Watts, Xavier",ATL,S,Active,1.29,3,256.73,2025 3.13,,watts
NFC,DAL,Dallas Cowboys,10266,"Heyward, Cameron PIT DT","Heyward, Cameron",PIT,DT,Active,13.59,1,256.73,2025 UFA,,heyward
NFC,DAL,Dallas Cowboys,15365,"Moehrig, Trevon CAR S","Moehrig, Trevon",CAR,S,Active,7.18,3,256.73,2026 oEXT,,moehrig
NFC,DAL,Dallas Cowboys,14219,"Dean, Jamel PIT CB","Dean, Jamel",PIT,CB,Active,2.25,2,256.73,2026 oEXT,,dean
NFC,DAL,Dallas Cowboys,14170,"Bush, Devin CHI LB","Bush, Devin",CHI,LB,Active,10.78,2,256.73,2026 oEXT,,bush
NFC,DAL,Dallas Cowboys,16165,"Spears, Tyjae TEN RB","Spears, Tyjae",TEN,RB,Active,1.47,1,256.73,2023 3.07,,spears
NFC,DAL,Dallas Cowboys,17072,"Harris, Tre LAC WR","Harris, Tre",LAC,WR,Active,2.25,3,256.73,2025 2.03,,harris
NFC,DAL,Dallas Cowboys,15405,"Stephens, Brandon NYJ CB","Stephens, Brandon",NYJ,CB,Active,1.1,1,256.73,2026 R/F,,stephens
NFC,DAL,Dallas Cowboys,15888,"Durant, Decobie DAL CB","Durant, Decobie",DAL,CB,Active,1.1,1,256.73,2026 R/F,,durant
NFC,DAL,Dallas Cowboys,14148,"Sweat, Montez CHI DE","Sweat, Montez",CHI,DE,Active,8.44,3,256.73,2025 oEXT,,sweat
NFC,DAL,Dallas Cowboys,12620,"Prescott, Dak DAL QB","Prescott, Dak",DAL,QB,Active,25.5,4,256.73,2026 B/R,,prescott
NFC,DAL,Dallas Cowboys,14102,"Metcalf, DK PIT WR","Metcalf, DK",PIT,WR,Active,13.6,3,256.73,2026 oEXT,,metcalf
NFC,DAL,Dallas Cowboys,17502,"Cooper Jr., Omar NYJ WR","Cooper Jr., Omar",NYJ,WR,Active,4.52,4,256.73,2026 1.08,,cooper jr.
NFC,DAL,Dallas Cowboys,16598,"Irving, Bucky TBB RB","Irving, Bucky",TBB,RB,Active,1.17,2,256.73,2024 4.06,,irving
NFC,DAL,Dallas Cowboys,17589,"Trotter, Josiah TBB LB","Trotter, Josiah",TBB,LB,Active,1.71,4,256.73,2026 2.12,,trotter
NFC,DAL,Dallas Cowboys,17571,"Golday, Jake MIN LB","Golday, Jake",MIN,LB,Active,1.52,4,256.73,2026 3.01,,golday
NFC,DAL,Dallas Cowboys,16680,"Little, Cam JAC PK","Little, Cam",JAC,PK,Active,2,1,256.73,2026 UFA,,little
NFC,DAL,Dallas Cowboys,16010,"Wright, Ryan NOS PN","Wright, Ryan",NOS,PN,Active,1.1,1,256.73,2026 UFA,,wright
NFC,DAL,Dallas Cowboys,13987,"Spillane, Robert NEP LB","Spillane, Robert",NEP,LB,Active,3.24,3,256.73,2026 UFA,,spillane
NFC,DAL,Dallas Cowboys,15757,"Robinson, Wan'Dale TEN WR","Robinson, Wan'Dale",TEN,WR,Active,20,1,256.73,2026 UFA,,robinson
NFC,DAL,Dallas Cowboys,14833,"Jeudy, Jerry CLE WR","Jeudy, Jerry",CLE,WR,Active,4.05,3,256.73,2026 B/R,,jeudy
NFC,DAL,Dallas Cowboys,16267,"Stevenson, Tyrique CHI CB","Stevenson, Tyrique",CHI,CB,Active,4.2,1,256.73,2026 UFA,,stevenson
NFC,DAL,Dallas Cowboys,13590,"Mayfield, Baker TBB QB","Mayfield, Baker",TBB,QB,Active,14.88,4,256.73,2026 UFA,,mayfield
NFC,DAL,Dallas Cowboys,15895,"McCollum, Zyon TBB CB","McCollum, Zyon",TBB,CB,Active,2,1,256.73,2026 UFA,,mccollum
NFC,DAL,Dallas Cowboys,15913,"Benford, Christian BUF CB","Benford, Christian",BUF,CB,Active,1.1,1,256.73,2026 ERFA,,benford
NFC,DAL,Dallas Cowboys,13133,"Perine, Samaje CIN RB","Perine, Samaje",CIN,RB,Active,1.1,1,256.73,2026 R/F,,perine
NFC,DAL,Dallas Cowboys,16788,"Vele, Devaughn NOS WR","Vele, Devaughn",NOS,WR,Active,1.1,1,256.73,2026 UFA,,vele
NFC,DAL,Dallas Cowboys,15797,"Dulcich, Greg MIA TE","Dulcich, Greg",MIA,TE,Active,1.1,1,256.73,2026 R/F,,dulcich
NFC,DAL,Dallas Cowboys,14270,"Epps, Marcus PHI S","Epps, Marcus",PHI,S,Active,1.1,1,256.73,2026 R/F,,epps
NFC,DAL,Dallas Cowboys,17652,"Randall, Adam BAL RB","Randall, Adam",BAL,RB,INJURED_RESERVE,1,4,256.73,2026 4.25,,randall
NFC,DAL,Dallas Cowboys,13731,"Hughes, Mike ATL CB","Hughes, Mike",ATL,CB,Taxi,1.1,1,256.73,2026 R/F,,hughes
NFC,DAL,Dallas Cowboys,17646,"Kilgore, Jalon BUF S","Kilgore, Jalon",BUF,S,Taxi,0.94,3,256.73,2026 UDFA,,kilgore
NFC,DAL,Dallas Cowboys,17115,"Pearce, James ATL DE","Pearce, James",ATL,DE,Taxi,1.43,3,256.73,2025 3.05,,pearce
NFC,NYG,New York Giants,14153,"Allen, Zach DEN DT","Allen, Zach",DEN,DT,Active,16.16,1,248.62,2025 oEXT,,allen
NFC,NYG,New York Giants,14802,"Taylor, Jonathan IND RB","Taylor, Jonathan",IND,RB,Active,19.36,1,248.62,2024 iEXT,,taylor
NFC,NYG,New York Giants,14779,"Herbert, Justin LAC QB","Herbert, Justin",LAC,QB,Active,16.65,3,248.62,2023 iEXT,,herbert
NFC,NYG,New York Giants,16251,"Gonzalez, Christian NEP CB","Gonzalez, Christian",NEP,CB,Active,1.21,1,248.62,2023 4.15,,gonzalez
NFC,NYG,New York Giants,14832,"Lamb, CeeDee DAL WR","Lamb, CeeDee",DAL,WR,Active,41.5,2,248.62,2024 NEFToff,,lamb
NFC,NYG,New York Giants,16655,"Robinson, Chop MIA DE","Robinson, Chop",MIA,DE,Active,1.56,2,248.62,2024 2.16,,robinson
NFC,NYG,New York Giants,13837,"Franklin, Zaire GBP LB","Franklin, Zaire",GBP,LB,Active,11,1,248.62,2024 UFA,,franklin
NFC,NYG,New York Giants,14897,"Brown, Derrick CAR DT","Brown, Derrick",CAR,DT,Active,23.66,2,248.62,2024 UFA,,brown
NFC,NYG,New York Giants,14669,"Nixon, Keisean GBP CB","Nixon, Keisean",GBP,CB,Active,3.26,1,248.62,2026 oEXT,,nixon
NFC,NYG,New York Giants,15290,"Collins, Nico HOU WR","Collins, Nico",HOU,WR,Active,37.38,3,248.62,2026 oEXT,,collins
NFC,NYG,New York Giants,17116,"Sawyer, Jack PIT DE","Sawyer, Jack",PIT,DE,Active,0.99,2,248.62,2025 UDFA,,sawyer
NFC,NYG,New York Giants,15979,"Dicker, Cameron LAC PK","Dicker, Cameron",LAC,PK,Active,2.05,2,248.62,2025 UFA,,dicker
NFC,NYG,New York Giants,17033,"Milroe, Jalen SEA QB","Milroe, Jalen",SEA,QB,Active,1.23,3,248.62,2025 3.17,,milroe
NFC,NYG,New York Giants,17138,"Grant, Kenneth MIA DT","Grant, Kenneth",MIA,DT,Active,1.26,3,248.62,2025 3.14,,grant
NFC,NYG,New York Giants,16670,"McKinstry, Kool-Aid NOS CB","McKinstry, Kool-Aid",NOS,CB,Active,1.08,2,248.62,2024 5.13,,mckinstry
NFC,NYG,New York Giants,16181,"Brown, Chase CIN RB","Brown, Chase",CIN,RB,Active,1.33,1,248.62,2023 3.17,,brown
NFC,NYG,New York Giants,13113,"Watson, Deshaun CLE QB","Watson, Deshaun",CLE,QB,Active,1.1,1,248.62,2026 R/F,,watson
NFC,NYG,New York Giants,15794,"McBride, Trey ARI TE","McBride, Trey",ARI,TE,Active,22.66,1,248.62,2026 NEFT,,mcbride
NFC,NYG,New York Giants,15428,"Sherwood, Jamien NYJ LB","Sherwood, Jamien",NYJ,LB,Active,5.77,1,248.62,2026 SRFA,,sherwood
NFC,NYG,New York Giants,14136,"Samuel, Deebo SFO WR","Samuel, Deebo",SFO,WR,Active,15.49,1,248.62,2025 ORFA2,,samuel
NFC,NYG,New York Giants,16714,"Jones, Jarrian JAC CB","Jones, Jarrian",JAC,CB,Active,1.1,1,248.62,2026 R/F,,jones
NFC,NYG,New York Giants,13713,"Fitzpatrick, Minkah NYJ S","Fitzpatrick, Minkah",NYJ,S,Active,2,1,248.62,2026 UFA,,fitzpatrick
NFC,NYG,New York Giants,14860,"Jennings, Jauan MIN WR","Jennings, Jauan",MIN,WR,Active,2,1,248.62,2026 UFA,,jennings
NFC,NYG,New York Giants,13431,"Sanchez, Rigoberto IND PN","Sanchez, Rigoberto",IND,PN,Active,1.2,1,248.62,2026 UFA,,sanchez
NFC,NYG,New York Giants,15378,"Oweh, Odafe WAS DE","Oweh, Odafe",WAS,DE,Active,2,1,248.62,2026 UFA,,oweh
NFC,NYG,New York Giants,17509,"Brazzell II, Chris CAR WR","Brazzell II, Chris",CAR,WR,Active,1.56,4,248.62,2026 2.16,,brazzell ii
NFC,NYG,New York Giants,17521,"Thomas, Zavion CHI WR","Thomas, Zavion",CHI,WR,Active,0.99,4,248.62,2026 5.09,,thomas
NFC,NYG,New York Giants,17552,"Howell, Cashius CIN DE","Howell, Cashius",CIN,DE,Active,1.23,4,248.62,2026 3.14,,howell
NFC,NYG,New York Giants,17568,"Mesidor, Akheem LAC DE","Mesidor, Akheem",LAC,DE,Active,1.49,4,248.62,2026 3.02,,mesidor
NFC,NYG,New York Giants,17617,"Rolder, Jimmy DET LB","Rolder, Jimmy",DET,LB,Active,0.94,3,248.62,2026 UDFA,,rolder
NFC,NYG,New York Giants,17563,"Downs, Caleb DAL S","Downs, Caleb",DAL,S,Active,2.62,4,248.62,2026 1.16,,downs
NFC,NYG,New York Giants,17466,"Beck, Carson ARI QB","Beck, Carson",ARI,QB,Active,1.06,4,248.62,2026 4.12,,beck
NFC,NYG,New York Giants,17060,"Giddens, DJ IND RB","Giddens, DJ",IND,RB,Active,1.08,3,248.62,2025 4.17,,giddens
NFC,NYG,New York Giants,15809,"Johnson, Jermaine TEN DE","Johnson, Jermaine",TEN,DE,Active,2,1,248.62,2026 UFA,,johnson
NFC,NYG,New York Giants,14143,"Knox, Dawson BUF TE","Knox, Dawson",BUF,TE,Active,1.1,1,248.62,2026 R/F,,knox
NFC,NYG,New York Giants,16009,"Gibbens, Jack ARI LB","Gibbens, Jack",ARI,LB,Active,1.1,1,248.62,2026 R/F,,gibbens
NFC,NYG,New York Giants,17161,"Burch, Jordan ARI DE","Burch, Jordan",ARI,DE,Active,0.99,2,248.62,2025 UDFA,,burch
NFC,NYG,New York Giants,16923,"Tillman, Dondrea DEN DE","Tillman, Dondrea",DEN,DE,Active,1.1,1,248.62,2026 UFA,,tillman
NFC,NYG,New York Giants,15875,"Belton, Dane NYJ S","Belton, Dane",NYJ,S,Active,1.1,1,248.62,2026 UFA,,belton
NFC,NYG,New York Giants,17527,"Cameron, Josh JAC WR","Cameron, Josh",JAC,WR,Active,0.94,3,248.62,2026 UDFA,,cameron
NFC,NYG,New York Giants,17076,"Bond, Isaiah CLE WR","Bond, Isaiah",CLE,WR,Active,0.99,2,248.62,2025 UDFA,,bond
NFC,NYG,New York Giants,16736,"Brownlee, Jarvis NYJ CB","Brownlee, Jarvis",NYJ,CB,Active,1.1,1,248.62,2025 R/F,,brownlee
NFC,NYG,New York Giants,17196,"Phillips, Jordan MIA DT","Phillips, Jordan",MIA,DT,Active,1.1,1,248.62,2026 UFA,,phillips
NFC,NYG,New York Giants,17166,"Ransaw, Caleb JAC S","Ransaw, Caleb",JAC,S,Active,0.99,2,248.62,2025 UDFA,,ransaw
NFC,NYG,New York Giants,14867,"Kmet, Cole CHI TE","Kmet, Cole",CHI,TE,Active,1.1,1,248.62,2026 UFA,,kmet
NFC,PHI,Philadelphia Eagles,14171,"Burns, Brian NYG DE","Burns, Brian",NYG,DE,Active,11.98,1,249.48,2024 B/R,,burns
NFC,PHI,Philadelphia Eagles,15708,"Hall, Breece NYJ RB","Hall, Breece",NYJ,RB,Active,11.3,3,249.48,2025 iEXT,,hall
NFC,PHI,Philadelphia Eagles,16579,"Williams, Caleb CHI QB","Williams, Caleb",CHI,QB,Active,8.15,2,249.48,2024 1.02,,williams
NFC,PHI,Philadelphia Eagles,16641,"Bowers, Brock LVR TE","Bowers, Brock",LVR,TE,Active,4.42,2,249.48,2024 1.07,,bowers
NFC,PHI,Philadelphia Eagles,16650,"Turner, Dallas MIN DE","Turner, Dallas",MIN,DE,Active,2.05,2,249.48,2024 2.05,,turner
NFC,PHI,Philadelphia Eagles,13630,"Sutton, Courtland DEN WR","Sutton, Courtland",DEN,WR,Active,24.97,3,249.48,2026 oEXT,,sutton
NFC,PHI,Philadelphia Eagles,17081,"Egbuka, Emeka TBB WR","Egbuka, Emeka",TBB,WR,Active,2.84,3,249.48,2025 1.14,,egbuka
NFC,PHI,Philadelphia Eagles,17052,"Tuten, Bhayshul JAC RB","Tuten, Bhayshul",JAC,RB,Active,1.8,3,249.48,2025 2.10,,tuten
NFC,PHI,Philadelphia Eagles,17144,"Emmanwori, Nick SEA S","Emmanwori, Nick",SEA,S,Active,1.61,3,249.48,2025 2.15,,emmanwori
NFC,PHI,Philadelphia Eagles,16660,"Robinson, Darius ARI DT","Robinson, Darius",ARI,DT,Active,1.33,2,249.48,2024 3.11,,robinson
NFC,PHI,Philadelphia Eagles,16252,"McDonald, Will NYJ DE","McDonald, Will",NYJ,DE,Active,3.7,1,249.48,2023 3.18^,,mcdonald
NFC,PHI,Philadelphia Eagles,17125,"Knight, Demetrius CIN LB","Knight, Demetrius",CIN,LB,Active,1.3,3,249.48,2025 3.12,,knight
NFC,PHI,Philadelphia Eagles,15799,"Ferguson, Jake DAL TE","Ferguson, Jake",DAL,TE,Active,5.2,2,249.48,2026 oEXT,,ferguson
NFC,PHI,Philadelphia Eagles,15742,"Warren, Jaylen PIT RB","Warren, Jaylen",PIT,RB,Active,9.99,1,249.48,2025 iEXT,,warren
NFC,PHI,Philadelphia Eagles,13952,"Luvu, Frankie WAS LB","Luvu, Frankie",WAS,LB,Active,5.64,1,249.48,2025 UFA,,luvu
NFC,PHI,Philadelphia Eagles,14159,"Lawrence, Dexter CIN DT","Lawrence, Dexter",CIN,DT,Active,15.84,1,249.48,2023 UFA,,lawrence
NFC,PHI,Philadelphia Eagles,16184,"Reed, Jayden GBP WR","Reed, Jayden",GBP,WR,Active,1.75,1,249.48,2023 2.13,,reed
NFC,PHI,Philadelphia Eagles,14179,"Love, Julian SEA S","Love, Julian",SEA,S,Active,7.94,1,249.48,2024 iEXT,,love
NFC,PHI,Philadelphia Eagles,14147,"Bosa, Nick SFO DE","Bosa, Nick",SFO,DE,Active,21.3,2,249.48,2023 UFA,,bosa
NFC,PHI,Philadelphia Eagles,15819,"Wyatt, Devonte GBP DT","Wyatt, Devonte",GBP,DT,Active,5,2,249.48,2026 oEXT,,wyatt
NFC,PHI,Philadelphia Eagles,15401,"Wright, Nahshon NYJ CB","Wright, Nahshon",NYJ,CB,Active,1.1,1,249.48,2026 ERFA,,wright
NFC,PHI,Philadelphia Eagles,16705,"Bullock, Calen HOU S","Bullock, Calen",HOU,S,Active,1.1,1,249.48,2026 ERFA,,bullock
NFC,PHI,Philadelphia Eagles,15756,"Williams, Jameson DET WR","Williams, Jameson",DET,WR,Active,24.75,6,249.48,2026 mEXT,,williams
NFC,PHI,Philadelphia Eagles,14303,"Elliss, Kaden NOS LB","Elliss, Kaden",NOS,LB,Active,3.39,2,249.48,2024 oEXT,,elliss
NFC,PHI,Philadelphia Eagles,17472,"Love, Jeremiyah ARI RB","Love, Jeremiyah",ARI,RB,Active,9.73,4,249.48,2026 1.02,,love
NFC,PHI,Philadelphia Eagles,17553,"Faulk, Keldric TEN DE","Faulk, Keldric",TEN,DE,Active,1.2,4,249.48,2026 3.16,,faulk
NFC,PHI,Philadelphia Eagles,13448,"Butler, Adam LVR DT","Butler, Adam",LVR,DT,Active,2,1,249.48,2026 UFA,,butler
NFC,PHI,Philadelphia Eagles,14412,"Singleton, Alex DEN LB","Singleton, Alex",DEN,LB,Active,2,1,249.48,2026 UFA,,singleton
NFC,PHI,Philadelphia Eagles,14717,"McLaughlin, Chase TBB PK","McLaughlin, Chase",TBB,PK,Active,2,1,249.48,2026 UFA,,mclaughlin
NFC,PHI,Philadelphia Eagles,14918,"Terrell, A.J. ATL CB","Terrell, A.J.",ATL,CB,Active,2,1,249.48,2026 UFA,,terrell
NFC,PHI,Philadelphia Eagles,12611,"Goff, Jared DET QB","Goff, Jared",DET,QB,Active,20.57,2,249.48,2024 UFA,,goff
NFC,PHI,Philadelphia Eagles,15387,"Werner, Pete NOS LB","Werner, Pete",NOS,LB,Active,2,1,249.48,2026 UFA,,werner
NFC,PHI,Philadelphia Eagles,15319,"Palmer, Joshua BUF WR","Palmer, Joshua",BUF,WR,Active,2,1,249.48,2026 UFA,,palmer
NFC,PHI,Philadelphia Eagles,16342,"Douglas, Demario NEP WR","Douglas, Demario",NEP,WR,Active,2.01,1,249.48,2026 UFA,,douglas
NFC,PHI,Philadelphia Eagles,15445,"Lenoir, Deommodore SFO CB","Lenoir, Deommodore",SFO,CB,Active,1.1,1,249.48,2026 UFA,,lenoir
NFC,PHI,Philadelphia Eagles,14997,"Rodgers, Isaiah MIN CB","Rodgers, Isaiah",MIN,CB,Active,1.1,1,249.48,2026 UFA,,rodgers
NFC,PHI,Philadelphia Eagles,17169,"Stout, Upton SFO CB","Stout, Upton",SFO,CB,Active,1.1,1,249.48,2026 ERFA,,stout
NFC,PHI,Philadelphia Eagles,14985,"Mann, Braden PHI PN","Mann, Braden",PHI,PN,Active,1.1,1,249.48,2026 UFA,,mann
NFC,PHI,Philadelphia Eagles,16102,"Pola-Mao, Isaiah LVR S","Pola-Mao, Isaiah",LVR,S,Active,1.1,1,249.48,2026 R/F,,pola-mao
NFC,PHI,Philadelphia Eagles,13744,"Shepherd, Nathan NOS DT","Shepherd, Nathan",NOS,DT,Active,1.1,1,249.48,2026 UFA,,shepherd
NFC,PHI,Philadelphia Eagles,14302,"Scott, Nick CAR S","Scott, Nick",CAR,S,Active,1.1,1,249.48,2026 UFA,,scott
NFC,PHI,Philadelphia Eagles,15402,"Molden, Elijah LAC S","Molden, Elijah",LAC,S,Active,1.1,1,249.48,2026 UFA,,molden
NFC,PHI,Philadelphia Eagles,17616,"Scott, Keionte TBB CB","Scott, Keionte",TBB,CB,Active,0.99,4,249.48,2026 5.10,,scott
NFC,PHI,Philadelphia Eagles,15921,"Jackson, Theo MIN S","Jackson, Theo",MIN,S,Active,1.1,1,249.48,2026 UFA,,jackson
NFC,PHI,Philadelphia Eagles,14888,"Chaisson, K'Lavon WAS DE","Chaisson, K'Lavon",WAS,DE,Active,1.1,1,249.48,2026 UFA,,chaisson
NFC,PHI,Philadelphia Eagles,17083,"Higgins, Jayden HOU WR","Higgins, Jayden",HOU,WR,INJURED_RESERVE,3.19,3,249.48,2025 1.12,,higgins
NFC,PHI,Philadelphia Eagles,17561,"McCoy, Jermod LVR CB","McCoy, Jermod",LVR,CB,Taxi,0.94,3,249.48,2026 UDFA,,mccoy
NFC,PHI,Philadelphia Eagles,17574,"Hood, Colton NYG CB","Hood, Colton",NYG,CB,Taxi,0.98,4,249.48,2026 5.14,,hood
NFC,PHI,Philadelphia Eagles,17613,"Halton, Gracen SFO DT","Halton, Gracen",SFO,DT,Taxi,0.98,4,249.48,2026 5.18,,halton
NFC,PHI,Philadelphia Eagles,17606,"Barham, Jaishawn DAL LB","Barham, Jaishawn",DAL,LB,Taxi,0.98,4,249.48,2026 5.20,,barham
NFC,WAS,Washington Commanders,14782,"Love, Jordan GBP QB","Love, Jordan",GBP,QB,Active,11.53,1,259.08,2023 iEXT,,love
NFC,WAS,Washington Commanders,14149,"Gary, Rashan DAL DE","Gary, Rashan",DAL,DE,Active,3.3,1,259.08,2024 iEXT,,gary
NFC,WAS,Washington Commanders,16190,"Flowers, Zay BAL WR","Flowers, Zay",BAL,WR,Active,3.8,1,259.08,2023 1.10,,flowers
NFC,WAS,Washington Commanders,16223,"Anderson, Will HOU DE","Anderson, Will",HOU,DE,Active,3.53,1,259.08,2023 1.11+,,anderson
NFC,WAS,Washington Commanders,14836,"Jefferson, Justin MIN WR","Jefferson, Justin",MIN,WR,Active,45.38,2,259.08,2024 NEFToff,,jefferson
NFC,WAS,Washington Commanders,9431,"Stafford, Matthew LAR QB","Stafford, Matthew",LAR,QB,Active,14.18,1,259.08,2024 SRFA,,stafford
NFC,WAS,Washington Commanders,16651,"Latu, Laiatu IND DE","Latu, Laiatu",IND,DE,Active,2.37,2,259.08,2024 2.01,,latu
NFC,WAS,Washington Commanders,13692,"Vea, Vita TBB DT","Vea, Vita",TBB,DT,Active,3.27,1,259.08,2024 UFA,,vea
NFC,WAS,Washington Commanders,16747,"Tracy, Tyrone NYG RB","Tracy, Tyrone",NYG,RB,Active,1.11,2,259.08,2024 4.16,,tracy
NFC,WAS,Washington Commanders,15281,"Chase, Ja'Marr CIN WR","Chase, Ja'Marr",CIN,WR,Active,44.7,4,259.08,2025 iEXT,,chase
NFC,WAS,Washington Commanders,15710,"Williams, Kyren LAR RB","Williams, Kyren",LAR,RB,Active,8.21,3,259.08,2025 FRFA,,williams
NFC,WAS,Washington Commanders,17121,"Graham, Mason CLE DT","Graham, Mason",CLE,DT,Active,2.56,3,259.08,2025 1.16,,graham
NFC,WAS,Washington Commanders,17078,"Bech, Jack LVR WR","Bech, Jack",LVR,WR,Active,2.18,3,259.08,2025 2.04,,bech
NFC,WAS,Washington Commanders,16213,"Kincaid, Dalton BUF TE","Kincaid, Dalton",BUF,TE,Active,4.92,1,259.08,2023 1.07,,kincaid
NFC,WAS,Washington Commanders,17241,"Crawshaw, Jeremy DEN PN","Crawshaw, Jeremy",DEN,PN,Active,0.99,2,259.08,2025 UDFA,,crawshaw
NFC,WAS,Washington Commanders,17167,"Sanker, Jonas NOS S","Sanker, Jonas",NOS,S,Active,0.99,2,259.08,2025 UDFA,,sanker
NFC,WAS,Washington Commanders,17256,"Croskey-Merritt, Jacory WAS RB","Croskey-Merritt, Jacory",WAS,RB,Active,0.99,2,259.08,2025 UDFA,,croskey-merritt
NFC,WAS,Washington Commanders,16734,"Booker, Austin CHI DE","Booker, Austin",CHI,DE,Active,1.1,2,259.08,2024 4.19,,booker
NFC,WAS,Washington Commanders,16246,"Johnson, Antonio JAC S","Johnson, Antonio",JAC,S,Active,2.45,2,259.08,2025 iEXT,,johnson
NFC,WAS,Washington Commanders,16597,"Brooks, Jonathon CAR RB","Brooks, Jonathon",CAR,RB,Active,2.71,2,259.08,2024 1.14,,brooks
NFC,WAS,Washington Commanders,15753,"Wilson, Garrett NYJ WR","Wilson, Garrett",NYJ,WR,Active,11.55,4,259.08,2025 iEXT,,wilson
NFC,WAS,Washington Commanders,16284,"Williams, Dorian BUF LB","Williams, Dorian",BUF,LB,Active,1.1,1,259.08,2026 R/F,,williams
NFC,WAS,Washington Commanders,16767,"Davis, Tyler LAR DT","Davis, Tyler",LAR,DT,Active,1.1,1,259.08,2026 ERFA,,davis
NFC,WAS,Washington Commanders,14943,"Davis-Gaither, Akeem IND LB","Davis-Gaither, Akeem",IND,LB,Active,1.1,1,259.08,2026 ERFA,,davis-gaither
NFC,WAS,Washington Commanders,16346,"Winters, Dee DAL LB","Winters, Dee",DAL,LB,Active,1.1,1,259.08,2026 ERFA,,winters
NFC,WAS,Washington Commanders,13299,"Kittle, George SFO TE","Kittle, George",SFO,TE,Active,20,1,259.08,2026 B/R,,kittle
NFC,WAS,Washington Commanders,17551,"Bailey, David NYJ DE","Bailey, David",NYJ,DE,Active,3.52,4,259.08,2026 1.11,,bailey
NFC,WAS,Washington Commanders,17506,"Bell, Chris MIA WR","Bell, Chris",MIA,WR,Active,1.76,4,259.08,2026 2.11,,bell
NFC,WAS,Washington Commanders,17560,"Hill Jr., Anthony TEN LB","Hill Jr., Anthony",TEN,LB,Active,1.63,4,259.08,2026 2.14,,hill jr.
NFC,WAS,Washington Commanders,17569,"McDonald, Kayden HOU DT","McDonald, Kayden",HOU,DT,Active,1.28,4,259.08,2026 3.11,,mcdonald
NFC,WAS,Washington Commanders,17601,"Haulcy, A.J. IND S","Haulcy, A.J.",IND,S,Active,1.26,4,259.08,2026 3.12,,haulcy
NFC,WAS,Washington Commanders,16036,"Tonges, Jake SFO TE","Tonges, Jake",SFO,TE,Active,1.1,1,259.08,2026 R/F,,tonges
NFC,WAS,Washington Commanders,17548,"Joly, Justin MIA TE","Joly, Justin",MIA,TE,Active,1.01,4,259.08,2026 4.22,,joly
NFC,WAS,Washington Commanders,17668,"Smack, Trey GBP PK","Smack, Trey",GBP,PK,Active,1.01,4,259.08,2026 4.24,,smack
NFC,WAS,Washington Commanders,17593,"Klein, Marlin HOU TE","Klein, Marlin",HOU,TE,Active,0.98,4,259.08,2026 5.11,,klein
NFC,WAS,Washington Commanders,15823,"Harris, Christian ATL LB","Harris, Christian",ATL,LB,Active,1.1,1,259.08,2026 R/F,,harris
NFC,WAS,Washington Commanders,15850,"Pitre, Jalen HOU S","Pitre, Jalen",HOU,S,Active,2.7,3,259.08,2026 UFA,,pitre
NFC,WAS,Washington Commanders,14590,"Al-Shaair, Azeez HOU LB","Al-Shaair, Azeez",HOU,LB,Active,2.61,3,259.08,2026 UFA,,al-shaair
NFC,WAS,Washington Commanders,16663,"Eboigbe, Justin LAC DT","Eboigbe, Justin",LAC,DT,Active,3.04,2,259.08,2026 UFA,,eboigbe
NFC,WAS,Washington Commanders,12711,"Ramsey, Jalen PIT CB","Ramsey, Jalen",PIT,CB,Active,2.6,1,259.08,2026 UFA,,ramsey
NFC,WAS,Washington Commanders,14957,"Robertson, Amik WAS CB","Robertson, Amik",WAS,CB,Active,2.2,1,259.08,2026 UFA,,robertson
NFC,WAS,Washington Commanders,12782,"Onyemata, David NYJ DT","Onyemata, David",NYJ,DT,Active,2,1,259.08,2026 UFA,,onyemata
NFC,WAS,Washington Commanders,17628,"Daniels, Kendal ATL LB","Daniels, Kendal",ATL,LB,Active,0.94,3,259.08,2026 UDFA,,daniels
NFC,WAS,Washington Commanders,16731,"Hart, Cam LAC CB","Hart, Cam",LAC,CB,Active,1.1,1,259.08,2026 R/F,,hart
NFC,WAS,Washington Commanders,15871,"Joseph, Kerby DET S","Joseph, Kerby",DET,S,Active,2.1,1,259.08,2026 UFA,,joseph
NFC,WAS,Washington Commanders,17113,"Williams, Mykel SFO DE","Williams, Mykel",SFO,DE,INJURED_RESERVE,1.64,3,259.08,2025 2.14,,williams
NFC,WAS,Washington Commanders,17037,"Gabriel, Dillon CLE QB","Gabriel, Dillon",CLE,QB,INJURED_RESERVE,1.07,3,259.08,2025 4.19,,gabriel
NFC,WAS,Washington Commanders,13332,"Jones, D.J. DEN DT","Jones, D.J.",DEN,DT,Taxi,1.1,1,259.08,2026 R/F,,jones
NFC,WAS,Washington Commanders,15395,"Koonce, Malcolm LVR DE","Koonce, Malcolm",LVR,DE,Taxi,1.1,1,259.08,2026 R/F,,koonce
NFC,WAS,Washington Commanders,17640,"Taaffe, Michael MIA S","Taaffe, Michael",MIA,S,Taxi,0.94,3,259.08,2026 UDFA,,taaffe
NFC,WAS,Washington Commanders,16304,"Ward, Jay MIN S","Ward, Jay",MIN,S,Taxi,1.1,1,259.08,2026 R/F,,ward
NFC,WAS,Washington Commanders,16757,"Vidal, Kimani LAC RB","Vidal, Kimani",LAC,RB,Taxi,2,1,259.08,2026 UFA,,vidal
NFC,WAS,Washington Commanders,16677,"Bullard, Javon GBP S","Bullard, Javon",GBP,S,Taxi,1.3,2,259.08,2024 3.13,,bullard
NFC,WAS,Washington Commanders,17034,"Ewers, Quinn JAC QB","Ewers, Quinn",JAC,QB,Taxi,1.1,1,259.08,2026 UFA,,ewers
NFC,WAS,Washington Commanders,17221,"Harris, Marcus TEN CB","Harris, Marcus",TEN,CB,Taxi,1.1,1,259.08,2026 UFA,,harris
NFC,WAS,Washington Commanders,17186,"Moore, Malachi NYJ S","Moore, Malachi",NYJ,S,Taxi,0.99,2,259.08,2025 UDFA,,moore
NFC,WAS,Washington Commanders,17200,"Marshall, Jason MIA CB","Marshall, Jason",MIA,CB,Taxi,1.1,1,259.08,2026 R/F,,marshall
NFC,CHI,Chicago Bears,15808,"Karlaftis, George KCC DE","Karlaftis, George",KCC,DE,Active,3.91,4,265.05,2025 iEXT,,karlaftis
NFC,CHI,Chicago Bears,16189,"Mims, Marvin DEN WR","Mims, Marvin",DEN,WR,Active,1.8,1,265.05,2023 2.12,,mims
NFC,CHI,Chicago Bears,16610,"Wright, Jaylen MIA RB","Wright, Jaylen",MIA,RB,Active,1.73,2,265.05,2024 2.11,,wright
NFC,CHI,Chicago Bears,14163,"Simmons, Jeffery TEN DT","Simmons, Jeffery",TEN,DT,Active,20.43,2,265.05,2025 iEXT,,simmons
NFC,CHI,Chicago Bears,15754,"Olave, Chris NOS WR","Olave, Chris",NOS,WR,Active,7.33,5,265.05,2025 iEXT,,olave
NFC,CHI,Chicago Bears,17104,"Loveland, Colston CHI TE","Loveland, Colston",CHI,TE,Active,4.32,3,265.05,2025 1.08,,loveland
NFC,CHI,Chicago Bears,17039,"Shough, Tyler NOS QB","Shough, Tyler",NOS,QB,Active,1.35,3,265.05,2025 3.09,,shough
NFC,CHI,Chicago Bears,14630,"Cole, A.J. LVR PN","Cole, A.J.",LVR,PN,Active,2.05,1,265.05,2025 UFA,,cole
NFC,CHI,Chicago Bears,12752,"Byard, Kevin NEP S","Byard, Kevin",NEP,S,Active,4.18,1,265.05,2025 UFA,,byard
NFC,CHI,Chicago Bears,15418,"Bynum, Camryn IND S","Bynum, Camryn",IND,S,Active,6.27,1,265.05,2025 UFA,,bynum
NFC,CHI,Chicago Bears,14940,"Highsmith, Alex PIT DE","Highsmith, Alex",PIT,DE,Active,7.01,2,265.05,2022 oEXT,,highsmith
NFC,CHI,Chicago Bears,16276,"Young, Byron LAR DE","Young, Byron",LAR,DE,Active,5.81,1,265.05,2023 3.19^,,young
NFC,CHI,Chicago Bears,13697,"Edmunds, Tremaine NYG LB","Edmunds, Tremaine",NYG,LB,Active,3.4,1,265.05,2023 UFA,,edmunds
NFC,CHI,Chicago Bears,16604,"Lloyd, MarShawn GBP RB","Lloyd, MarShawn",GBP,RB,Active,1.42,2,265.05,2024 3.06,,lloyd
NFC,CHI,Chicago Bears,17045,"Skattebo, Cam NYG RB","Skattebo, Cam",NYG,RB,Active,1.86,3,265.05,2025 2.09,,skattebo
NFC,CHI,Chicago Bears,17074,"Hunter, Travis JAC WR","Hunter, Travis",JAC,WR,Active,7.73,3,265.05,2025 1.03,,hunter
NFC,CHI,Chicago Bears,13116,"Mahomes, Patrick KCC QB","Mahomes, Patrick",KCC,QB,Active,41.48,3,265.05,2023 oEXT,,mahomes
NFC,CHI,Chicago Bears,16194,"Rice, Rashee KCC WR","Rice, Rashee",KCC,WR,Active,3.7,1,265.05,2023 2.04^,,rice
NFC,CHI,Chicago Bears,15904,"Bland, DaRon DAL CB","Bland, DaRon",DAL,CB,Active,6.87,2,265.05,2026 oEXT,,bland
NFC,CHI,Chicago Bears,16414,"Aubrey, Brandon DAL PK","Aubrey, Brandon",DAL,PK,Active,3.15,5,265.05,2025 iEXT,,aubrey
NFC,CHI,Chicago Bears,17501,"Concepcion, KC CLE WR","Concepcion, KC",CLE,WR,Active,5.56,4,265.05,2026 1.06,,concepcion
NFC,CHI,Chicago Bears,17503,"Bernard, Germie PIT WR","Bernard, Germie",PIT,WR,Active,1.92,4,265.05,2026 2.08,,bernard
NFC,CHI,Chicago Bears,17505,"Sarratt, Elijah BAL WR","Sarratt, Elijah",BAL,WR,Active,1.36,4,265.05,2026 3.07,,sarratt
NFC,CHI,Chicago Bears,15394,"Adebo, Paulson NYG CB","Adebo, Paulson",NYG,CB,Active,2,1,265.05,2026 UFA,,adebo
NFC,CHI,Chicago Bears,13774,"Reed, D.J. DET CB","Reed, D.J.",DET,CB,Active,2,1,265.05,2026 UFA,,reed
NFC,CHI,Chicago Bears,15499,"Gillikin, Blake ARI PN","Gillikin, Blake",ARI,PN,Active,2,1,265.05,2026 UFA,,gillikin
NFC,CHI,Chicago Bears,14182,"Hooker, Amani TEN S","Hooker, Amani",TEN,S,Active,2,1,265.05,2026 UFA,,hooker
NFC,CHI,Chicago Bears,14251,"Cashman, Blake MIN LB","Cashman, Blake",MIN,LB,Active,7.5,1,265.05,2026 UFA,,cashman
NFC,CHI,Chicago Bears,15358,"Togiai, Tommy HOU DT","Togiai, Tommy",HOU,DT,Active,7.2,3,265.05,2026 UFA,,togiai
NFC,CHI,Chicago Bears,12626,"Henry, Derrick BAL RB","Henry, Derrick",BAL,RB,Active,22.8,2,265.05,2026 UFA,,henry
NFC,CHI,Chicago Bears,13710,"Davis, Carlton NEP CB","Davis, Carlton",NEP,CB,Active,2,1,265.05,2026 UFA,,davis
NFC,CHI,Chicago Bears,13192,"Njoku, David LAC TE","Njoku, David",LAC,TE,Active,2,1,265.05,2026 UFA,,njoku
NFC,CHI,Chicago Bears,14823,"Dowdle, Rico PIT RB","Dowdle, Rico",PIT,RB,Active,4.7,1,265.05,2026 UFA,,dowdle
NFC,CHI,Chicago Bears,13223,"Humphrey, Marlon BAL CB","Humphrey, Marlon",BAL,CB,Active,4.28,2,265.05,2026 UFA,,humphrey
NFC,CHI,Chicago Bears,14109,"McLaurin, Terry WAS WR","McLaurin, Terry",WAS,WR,Active,22.8,2,265.05,2026 B/R,,mclaurin
NFC,CHI,Chicago Bears,13742,"Hill, B.J. CIN DT","Hill, B.J.",CIN,DT,Active,2,1,265.05,2026 UFA,,hill
NFC,CHI,Chicago Bears,15821,"Dean, Nakobe LVR LB","Dean, Nakobe",LVR,LB,Active,4.75,2,265.05,2026 UFA,,dean
NFC,CHI,Chicago Bears,14910,"Jones, Brandon DEN S","Jones, Brandon",DEN,S,Active,2,1,265.05,2026 UFA,,jones
NFC,CHI,Chicago Bears,11222,"Allen, Keenan IND WR","Allen, Keenan",IND,WR,Active,2,1,265.05,2026 UFA,,allen
NFC,CHI,Chicago Bears,14168,"White, Devin DET LB","White, Devin",DET,LB,Active,1.1,1,265.05,2026 UFA,,white
NFC,CHI,Chicago Bears,17086,"Royals, Jalen KCC WR","Royals, Jalen",KCC,WR,Active,1.24,3,265.05,2025 3.16,,royals
NFC,CHI,Chicago Bears,16716,"Wilson, Payton PIT LB","Wilson, Payton",PIT,LB,Active,1.24,2,265.05,2024 3.18,,wilson
NFC,CHI,Chicago Bears,16171,"Miller, Kendre NOS RB","Miller, Kendre",NOS,RB,Active,2.34,1,265.05,2023 2.03,,miller
NFC,CHI,Chicago Bears,17615,"Moore, Devin DAL CB","Moore, Devin",DAL,CB,INJURED_RESERVE,0.94,3,265.05,2026 UDFA,,moore
NFC,CHI,Chicago Bears,17475,"McGowan, Seth IND RB","McGowan, Seth",IND,RB,Taxi,0.94,3,265.05,2026 UDFA,,mcgowan
NFC,CHI,Chicago Bears,17519,"Lance, Bryce NOS WR","Lance, Bryce",NOS,WR,Taxi,1.02,4,265.05,2026 4.20,,lance
NFC,CHI,Chicago Bears,17184,"Lane, Jaylin WAS WR","Lane, Jaylin",WAS,WR,Taxi,0.99,2,265.05,2025 UDFA,,lane
NFC,CHI,Chicago Bears,17570,"Hunter, Lee CAR DT","Hunter, Lee",CAR,DT,Taxi,1.02,4,265.05,2026 4.21,,hunter
NFC,CHI,Chicago Bears,17629,"Boettcher, Bryce IND LB","Boettcher, Bryce",IND,LB,Taxi,0.94,3,265.05,2026 UDFA,,boettcher
NFC,CHI,Chicago Bears,17609,"Neal, Julian SEA CB","Neal, Julian",SEA,CB,Taxi,0.94,3,265.05,2026 UDFA,,neal
NFC,CHI,Chicago Bears,16296,"Miller, Ventrell JAC LB","Miller, Ventrell",JAC,LB,Taxi,1.1,1,265.05,2026 R/F,,miller
NFC,CHI,Chicago Bears,17129,"Morrison, Benjamin TBB CB","Morrison, Benjamin",TBB,CB,Taxi,1.1,1,265.05,2026 R/F,,morrison
NFC,CHI,Chicago Bears,15124,"Pierre, James MIN CB","Pierre, James",MIN,CB,Taxi,1.1,1,265.05,2026 ERFA,,pierre
NFC,CHI,Chicago Bears,15398,"Jones, Patrick CAR DE","Jones, Patrick",CAR,DE,Taxi,1.1,1,265.05,2026 R/F,,jones
NFC,CHI,Chicago Bears,17178,"Simon, Cody ARI LB","Simon, Cody",ARI,LB,Taxi,1.1,1,265.05,2026 ERFA,,simon
NFC,CHI,Chicago Bears,12772,"Murray, Eric JAC S","Murray, Eric",JAC,S,Taxi,1.1,1,265.05,2025 R/F,,murray
NFC,CHI,Chicago Bears,15853,"Mafe, Boye CIN DE","Mafe, Boye",CIN,DE,Taxi,1.1,1,265.05,2026 R/F,,mafe
NFC,CHI,Chicago Bears,14162,"Wilkins, Christian FA DT","Wilkins, Christian",FA,DT,Taxi,1.1,1,265.05,2026 UFA,,wilkins
NFC,CHI,Chicago Bears,14210,"Pratt, Germaine FA LB","Pratt, Germaine",FA,LB,Taxi,1.1,1,265.05,2026 UFA,,pratt
NFC,CHI,Chicago Bears,17055,"James, Jordan SFO RB","James, Jordan",SFO,RB,Taxi,1.14,3,265.05,2025 4.05,,james
NFC,CHI,Chicago Bears,16927,"Redmond, Jalen MIN DT","Redmond, Jalen",MIN,DT,Taxi,1.1,1,265.05,2026 ERFA,,redmond
NFC,CHI,Chicago Bears,17573,"Johnson, Chris MIA CB","Johnson, Chris",MIA,CB,Taxi,1.12,4,265.05,2026 4.04,,johnson
NFC,CHI,Chicago Bears,17153,"Mukuba, Andrew PHI S","Mukuba, Andrew",PHI,S,Taxi,1.11,3,265.05,2025 4.09,,mukuba
NFC,CHI,Chicago Bears,17353,"Walker, Jahdae CHI WR","Walker, Jahdae",CHI,WR,Taxi,1.1,1,265.05,2026 UFA,,walker
NFC,CHI,Chicago Bears,13888,"Gardeck, Dennis JAC DE","Gardeck, Dennis",JAC,DE,Taxi,1.1,1,265.05,2026 UFA,,gardeck
NFC,CHI,Chicago Bears,17645,"Elliott, Keyshaun CHI LB","Elliott, Keyshaun",CHI,LB,Taxi,0.94,3,265.05,2026 UDFA,,elliott
NFC,CHI,Chicago Bears,15899,"Jackson, D'Marco CHI LB","Jackson, D'Marco",CHI,LB,Taxi,1.1,1,265.05,2026 UFA,,jackson
NFC,CHI,Chicago Bears,14328,"Wingard, Andrew ARI S","Wingard, Andrew",ARI,S,Taxi,1.1,1,265.05,2026 UFA,,wingard
NFC,CHI,Chicago Bears,12263,"Waller, Darren CAR TE","Waller, Darren",CAR,TE,Taxi,1.1,1,265.05,2026 UFA,,waller
NFC,DET,Detroit Lions,14783,"Hurts, Jalen PHI QB","Hurts, Jalen",PHI,QB,Active,25.87,4,266.44,2024 iEXT,,hurts
NFC,DET,Detroit Lions,15282,"Smith, DeVonta PHI WR","Smith, DeVonta",PHI,WR,Active,20.53,3,266.44,2024 iEXT,,smith
NFC,DET,Detroit Lions,15715,"Cook, James BUF RB","Cook, James",BUF,RB,Active,13.73,1,266.44,2025 iEXT,,cook
NFC,DET,Detroit Lions,15846,"Walker, Quay LVR LB","Walker, Quay",LVR,LB,Active,5.7,2,266.44,2025 iEXT,,walker
NFC,DET,Detroit Lions,15761,"Shakir, Khalil BUF WR","Shakir, Khalil",BUF,WR,Active,7.98,3,266.44,2025 iEXT,,shakir
NFC,DET,Detroit Lions,15452,"Hufanga, Talanoa DEN S","Hufanga, Talanoa",DEN,S,Active,5.92,1,266.44,2024 SRFA,,hufanga
NFC,DET,Detroit Lions,17071,"McMillan, Tetairoa CAR WR","McMillan, Tetairoa",CAR,WR,Active,6.72,3,266.44,2025 1.04,,mcmillan
NFC,DET,Detroit Lions,17134,"Williams, Kyle NEP WR","Williams, Kyle",NEP,WR,Active,1.97,3,266.44,2025 2.07,,williams
NFC,DET,Detroit Lions,17107,"Ferguson, Terrance LAR TE","Ferguson, Terrance",LAR,TE,Active,1.76,3,266.44,2025 2.11,,ferguson
NFC,DET,Detroit Lions,17146,"Williams, Tyleik DET DT","Williams, Tyleik",DET,DT,Active,1.09,3,266.44,2025 4.14,,williams
NFC,DET,Detroit Lions,16654,"Elliss, Jonah DEN DE","Elliss, Jonah",DEN,DE,Active,1.1,2,266.44,2024 4.23,,elliss
NFC,DET,Detroit Lions,15390,"McNeill, Alim DET DT","McNeill, Alim",DET,DT,Active,2.06,2,266.44,2024 iEXT,,mcneill
NFC,DET,Detroit Lions,16283,"Overshown, DeMarvion DAL LB","Overshown, DeMarvion",DAL,LB,Active,5.17,1,266.44,2024 iEXT,,overshown
NFC,DET,Detroit Lions,17036,"Howard, Will PIT QB","Howard, Will",PIT,QB,Active,1.06,3,266.44,2025 5.04,,howard
NFC,DET,Detroit Lions,14225,"Crosby, Maxx LVR DE","Crosby, Maxx",LVR,DE,Active,26.66,3,266.44,2024 iEXT,,crosby
NFC,DET,Detroit Lions,15388,"Ossai, Joseph NYJ DE","Ossai, Joseph",NYJ,DE,Active,3.67,2,266.44,2026 ORFA3,,ossai
NFC,DET,Detroit Lions,16193,"Boutte, Kayshon HOU WR","Boutte, Kayshon",HOU,WR,Active,5.78,3,266.44,2026 SRFA,,boutte
NFC,DET,Detroit Lions,16282,"Turner, Kobie LAR DT","Turner, Kobie",LAR,DT,Active,11,3,266.44,2026 SRFA,,turner
NFC,DET,Detroit Lions,17157,"TeSlaa, Isaac DET WR","TeSlaa, Isaac",DET,WR,Active,1.33,3,266.44,2025 3.10,,teslaa
NFC,DET,Detroit Lions,17550,"Bain Jr., Rueben TBB DE","Bain Jr., Rueben",TBB,DE,Active,3.8,4,266.44,2026 1.10,,bain jr.
NFC,DET,Detroit Lions,17463,"Simpson, Ty LAR QB","Simpson, Ty",LAR,QB,Active,2.91,4,266.44,2026 1.14,,simpson
NFC,DET,Detroit Lions,17477,"Coleman, Jonah DEN RB","Coleman, Jonah",DEN,RB,Active,1.81,4,266.44,2026 2.10,,coleman
NFC,DET,Detroit Lions,17555,"Woods, Peter KCC DT","Woods, Peter",KCC,DT,Active,1.3,4,266.44,2026 3.10,,woods
NFC,DET,Detroit Lions,17529,"Thompson, Brenen LAC WR","Thompson, Brenen",LAC,WR,Active,1.07,4,266.44,2026 4.10,,thompson
NFC,DET,Detroit Lions,17627,"Hibner, Matthew BAL TE","Hibner, Matthew",BAL,TE,Active,0.98,4,266.44,2026 5.12,,hibner
NFC,DET,Detroit Lions,13268,"Anzalone, Alex TBB LB","Anzalone, Alex",TBB,LB,Active,2,1,266.44,2026 UFA,,anzalone
NFC,DET,Detroit Lions,14871,"Parkinson, Colby LAR TE","Parkinson, Colby",LAR,TE,Active,2,1,266.44,2026 UFA,,parkinson
NFC,DET,Detroit Lions,7836,"Rodgers, Aaron PIT QB","Rodgers, Aaron",PIT,QB,Active,8.7,1,266.44,2026 UFA,,rodgers
NFC,DET,Detroit Lions,14322,"Edwards, T.J. CHI LB","Edwards, T.J.",CHI,LB,Active,2.7,1,266.44,2026 UFA,,edwards
NFC,DET,Detroit Lions,14893,"Baun, Zack PHI LB","Baun, Zack",PHI,LB,Active,6,1,266.44,2026 UFA,,baun
NFC,DET,Detroit Lions,14927,"Chinn, Jeremy LVR S","Chinn, Jeremy",LVR,S,Active,2.1,1,266.44,2026 UFA,,chinn
NFC,DET,Detroit Lions,13164,"Kupp, Cooper SEA WR","Kupp, Cooper",SEA,WR,Active,2,1,266.44,2026 UFA,,kupp
NFC,DET,Detroit Lions,15361,"Horn, Jaycee CAR CB","Horn, Jaycee",CAR,CB,Active,2,1,266.44,2026 UFA,,horn
NFC,DET,Detroit Lions,15362,"Surtain II, Patrick DEN CB","Surtain II, Patrick",DEN,CB,Active,2,1,266.44,2026 UFA,,surtain ii
NFC,DET,Detroit Lions,13319,"Jones, Aaron MIN RB","Jones, Aaron",MIN,RB,Active,3.3,1,266.44,2026 UFA,,jones
NFC,DET,Detroit Lions,15261,"Hubbard, Chuba CAR RB","Hubbard, Chuba",CAR,RB,Active,6.2,1,266.44,2026 UFA,,hubbard
NFC,DET,Detroit Lions,14224,"Gardner-Johnson, Chauncey BUF S","Gardner-Johnson, Chauncey",BUF,S,Active,2,1,266.44,2026 UFA,,gardner-johnson
NFC,DET,Detroit Lions,11757,"Donald, Aaron LAR DT","Donald, Aaron",LAR,DT,Active,3,1,266.44,2026 UFA,,donald
NFC,DET,Detroit Lions,17672,"Gill-Howard, Skyler DET DT","Gill-Howard, Skyler",DET,DT,Active,1.1,1,266.44,2026 UFA,,gill-howard
NFC,DET,Detroit Lions,13707,"Ward, Denzel CLE CB","Ward, Denzel",CLE,CB,Active,1.1,1,266.44,2026 R/F,,ward
NFC,DET,Detroit Lions,17608,"Thomas, Jakobe MIN S","Thomas, Jakobe",MIN,S,Active,0.94,3,266.44,2026 UDFA,,thomas
NFC,DET,Detroit Lions,15032,"Fox, Jack DET PN","Fox, Jack",DET,PN,Active,1.1,1,266.44,2026 UFA,,fox
NFC,DET,Detroit Lions,15702,"McKee, Tanner PHI QB","McKee, Tanner",PHI,QB,Active,1.1,1,266.44,2025 R/F,,mckee
NFC,DET,Detroit Lions,13322,"Clark, Chuck DET S","Clark, Chuck",DET,S,Active,2,1,266.44,2026 UFA,,clark
NFC,DET,Detroit Lions,16896,"Shrader, Spencer IND PK","Shrader, Spencer",IND,PK,Active,1.1,1,266.44,2026 R/F,,shrader
NFC,DET,Detroit Lions,15864,"Wright, Alex CLE DE","Wright, Alex",CLE,DE,INJURED_RESERVE,3.95,2,266.44,2025 iEXT,,wright
NFC,DET,Detroit Lions,14840,"Aiyuk, Brandon SFO WR","Aiyuk, Brandon",SFO,WR,INJURED_RESERVE,7.2,3,266.44,2026 B/R,,aiyuk
NFC,DET,Detroit Lions,16594,"Benson, Trey ARI RB","Benson, Trey",ARI,RB,INJURED_RESERVE,2.46,2,266.44,2024 1.16,,benson
NFC,DET,Detroit Lions,17201,"James, Shemar DAL LB","James, Shemar",DAL,LB,Taxi,1.1,1,266.44,2026 ERFA,,james
NFC,DET,Detroit Lions,17207,"Sigle, Marques SFO S","Sigle, Marques",SFO,S,Taxi,1.1,1,266.44,2026 R/F,,sigle
NFC,DET,Detroit Lions,15894,"Woolen, Tariq PHI CB","Woolen, Tariq",PHI,CB,Taxi,1.1,1,266.44,2026 R/F,,woolen
NFC,DET,Detroit Lions,15914,"Rodriguez, Malcolm DET LB","Rodriguez, Malcolm",DET,LB,Taxi,1.1,1,266.44,2026 R/F,,rodriguez
NFC,DET,Detroit Lions,14122,"Slayton, Darius NYG WR","Slayton, Darius",NYG,WR,Taxi,2,1,266.44,2026 UFA,,slayton
NFC,DET,Detroit Lions,12678,"Higbee, Tyler LAR TE","Higbee, Tyler",LAR,TE,Taxi,2,1,266.44,2026 UFA,,higbee
NFC,DET,Detroit Lions,16649,"Johnson, Theo NYG TE","Johnson, Theo",NYG,TE,Taxi,1.29,2,266.44,2024 3.14,,johnson
NFC,DET,Detroit Lions,16175,"Johnson, Roschon CHI RB","Johnson, Roschon",CHI,RB,Taxi,1.1,1,266.44,2026 UFA,,johnson
NFC,DET,Detroit Lions,16281,"Brown, Ji'Ayir SFO S","Brown, Ji'Ayir",SFO,S,Taxi,1.17,1,266.44,2023 5.10,,brown
NFC,DET,Detroit Lions,17220,"Borregales, Andres NEP PK","Borregales, Andres",NEP,PK,Taxi,1.1,1,266.44,2026 ERFA,,borregales
NFC,GBP,Green Bay Packers,15284,"Waddle, Jaylen DEN WR","Waddle, Jaylen",DEN,WR,Active,16.36,4,266.62,2025 oEXT,,waddle
NFC,GBP,Green Bay Packers,15711,"Walker III, Kenneth KCC RB","Walker III, Kenneth",KCC,RB,Active,10.8,3,266.62,2026 oEXT,,walker iii
NFC,GBP,Green Bay Packers,15329,"Pitts, Kyle ATL TE","Pitts, Kyle",ATL,TE,Active,9.39,4,266.62,2024 iEXT,,pitts
NFC,GBP,Green Bay Packers,16161,"Robinson, Bijan ATL RB","Robinson, Bijan",ATL,RB,Active,9.22,1,266.62,2023 1.02,,robinson
NFC,GBP,Green Bay Packers,16230,"Van Ness, Lukas GBP DE","Van Ness, Lukas",GBP,DE,Active,1.59,1,266.62,2023 3.02,,van ness
NFC,GBP,Green Bay Packers,16614,"Harrison Jr., Marvin ARI WR","Harrison Jr., Marvin",ARI,WR,Active,9.67,2,266.62,2024 1.01,,harrison jr.
NFC,GBP,Green Bay Packers,16080,"Shaheed, Rashid SEA WR","Shaheed, Rashid",SEA,WR,Active,5.96,2,266.62,2025 oEXT,,shaheed
NFC,GBP,Green Bay Packers,17137,"Harmon, Derrick PIT DT","Harmon, Derrick",PIT,DT,Active,1.91,3,266.62,2025 2.08,,harmon
NFC,GBP,Green Bay Packers,17135,"Ezeiruaku, Donovan DAL DE","Ezeiruaku, Donovan",DAL,DE,Active,1.39,3,266.62,2025 3.07,,ezeiruaku
NFC,GBP,Green Bay Packers,17099,"Gadsden, Oronde LAC TE","Gadsden, Oronde",LAC,TE,Active,1.04,3,266.62,2025 5.10,,gadsden
NFC,GBP,Green Bay Packers,13635,"Moore, D.J. BUF WR","Moore, D.J.",BUF,WR,Active,22.26,1,266.62,2025 UFA,,moore
NFC,GBP,Green Bay Packers,12741,"Jones, Chris KCC DT","Jones, Chris",KCC,DT,Active,5.64,1,266.62,2025 UFA,,jones
NFC,GBP,Green Bay Packers,15355,"Bolton, Nick KCC LB","Bolton, Nick",KCC,LB,Active,7.43,1,266.62,2025 UFA,,bolton
NFC,GBP,Green Bay Packers,16729,"Still, Tarheeb LAC CB","Still, Tarheeb",LAC,CB,Active,3.34,1,266.62,2025 UFA,,still
NFC,GBP,Green Bay Packers,15349,"Phillips, Jaelan CAR DE","Phillips, Jaelan",CAR,DE,Active,9.41,1,266.62,2025 UFA,,phillips
NFC,GBP,Green Bay Packers,16719,"Williams, Evan GBP S","Williams, Evan",GBP,S,Active,5.05,2,266.62,2025 UFA,,williams
NFC,GBP,Green Bay Packers,12616,"Brissett, Jacoby ARI QB","Brissett, Jacoby",ARI,QB,Active,12.66,1,266.62,2026 oEXT,,brissett
NFC,GBP,Green Bay Packers,15391,"Williams, Milton NEP DT","Williams, Milton",NEP,DT,Active,5,1,266.62,2024 UFA,,williams
NFC,GBP,Green Bay Packers,15385,"Ojulari, Azeez LVR DE","Ojulari, Azeez",LVR,DE,Active,2.42,2,266.62,2025 oEXT,,ojulari
NFC,GBP,Green Bay Packers,14056,"Murray, Kyler MIN QB","Murray, Kyler",MIN,QB,Active,24.4,2,266.62,2025 oEXT,,murray
NFC,GBP,Green Bay Packers,17098,"Horton, Tory SEA WR","Horton, Tory",SEA,WR,Active,1.11,3,266.62,2025 4.10,,horton
NFC,GBP,Green Bay Packers,14979,"Strnad, Justin DEN LB","Strnad, Justin",DEN,LB,Active,1.1,1,266.62,2026 R/F,,strnad
NFC,GBP,Green Bay Packers,15377,"Stokes, Eric LVR CB","Stokes, Eric",LVR,CB,Active,1.1,1,266.62,2026 R/F,,stokes
NFC,GBP,Green Bay Packers,16741,"Smith-Wade, Chau CAR CB","Smith-Wade, Chau",CAR,CB,Active,1.1,1,266.62,2026 R/F,,smith-wade
NFC,GBP,Green Bay Packers,16303,"Herbig, Nick PIT DE","Herbig, Nick",PIT,DE,Active,9,1,266.62,2026 ORFA5,,herbig
NFC,GBP,Green Bay Packers,17269,"Chism, Efton NEP WR","Chism, Efton",NEP,WR,Active,1.1,1,266.62,2026 ERFA,,chism
NFC,GBP,Green Bay Packers,17361,"Ponder, Elijah NEP DE","Ponder, Elijah",NEP,DE,Active,1.1,1,266.62,2026 ERFA,,ponder
NFC,GBP,Green Bay Packers,16432,"Wilson, Emanuel SEA RB","Wilson, Emanuel",SEA,RB,Active,3.5,1,266.62,2026 mEXT,,wilson
NFC,GBP,Green Bay Packers,14472,"Dodson, Tyrel CAR LB","Dodson, Tyrel",CAR,LB,Active,5,1,266.62,2026 mEXT,,dodson
NFC,GBP,Green Bay Packers,17500,"Boston, Denzel CLE WR","Boston, Denzel",CLE,WR,Active,2.12,4,266.62,2026 2.05,,boston
NFC,GBP,Green Bay Packers,17587,"Moore, Derrick DET DE","Moore, Derrick",DET,DE,Active,1.41,4,266.62,2026 3.05,,moore
NFC,GBP,Green Bay Packers,17474,"Johnson, Emmett KCC RB","Johnson, Emmett",KCC,RB,Active,1.14,4,266.62,2026 4.02,,johnson
NFC,GBP,Green Bay Packers,17517,"Lane, Ja'Kobi BAL WR","Lane, Ja'Kobi",BAL,WR,Active,1.11,4,266.62,2026 4.05,,lane
NFC,GBP,Green Bay Packers,12764,"Hargrave, Javon GBP DT","Hargrave, Javon",GBP,DT,Active,2.1,1,266.62,2026 UFA,,hargrave
NFC,GBP,Green Bay Packers,15856,"Taylor, Alontae TEN CB","Taylor, Alontae",TEN,CB,Active,2.7,3,266.62,2026 UFA,,taylor
NFC,GBP,Green Bay Packers,13719,"Pineiro, Eddy SFO PK","Pineiro, Eddy",SFO,PK,Active,1.1,1,266.62,2026 UFA,,pineiro
NFC,GBP,Green Bay Packers,15923,"Lake, Quentin LAR S","Lake, Quentin",LAR,S,Active,3.9,2,266.62,2026 UFA,,lake
NFC,GBP,Green Bay Packers,15835,"Brisker, Jaquan PIT S","Brisker, Jaquan",PIT,S,Active,2.09,2,266.62,2026 UFA,,brisker
NFC,GBP,Green Bay Packers,14235,"Tranquill, Drue KCC LB","Tranquill, Drue",KCC,LB,Active,2.1,1,266.62,2026 UFA,,tranquill
NFC,GBP,Green Bay Packers,17077,"Restrepo, Xavier TEN WR","Restrepo, Xavier",TEN,WR,Active,1.1,1,266.62,2026 UFA,,restrepo
NFC,GBP,Green Bay Packers,16492,"Cherelus, Claudin CAR LB","Cherelus, Claudin",CAR,LB,Active,1.1,1,266.62,2026 UFA,,cherelus
NFC,GBP,Green Bay Packers,17664,"Eckley, Ryan BAL PN","Eckley, Ryan",BAL,PN,Active,0.99,4,266.62,2026 5.05,,eckley
NFC,GBP,Green Bay Packers,17185,"Buchanan, Teddye BAL LB","Buchanan, Teddye",BAL,LB,Active,0.99,2,266.62,2025 UDFA,,buchanan
NFC,GBP,Green Bay Packers,17498,"Tyson, Jordyn NOS WR","Tyson, Jordyn",NOS,WR,INJURED_RESERVE,6.27,4,266.62,2026 1.05,,tyson
NFC,GBP,Green Bay Packers,16692,"Newton, Jer'Zhan WAS DT","Newton, Jer'Zhan",WAS,DT,INJURED_RESERVE,1.54,2,266.62,2024 3.01,,newton
NFC,GBP,Green Bay Packers,16244,"Branch, Brian DET S","Branch, Brian",DET,S,INJURED_RESERVE,3.7,1,266.62,2023 4.02^,,branch
NFC,GBP,Green Bay Packers,17159,"Martin, Nick SFO LB","Martin, Nick",SFO,LB,INJURED_RESERVE,1.16,3,266.62,2025 4.03,,martin
NFC,GBP,Green Bay Packers,17621,"Woodaz, Wade HOU LB","Woodaz, Wade",HOU,LB,Taxi,0.94,3,266.62,2026 UDFA,,woodaz
NFC,GBP,Green Bay Packers,17639,"Abney, Keith DET CB","Abney, Keith",DET,CB,Taxi,0.94,3,266.62,2026 UDFA,,abney
NFC,GBP,Green Bay Packers,17181,"Ransom, Lathan CAR S","Ransom, Lathan",CAR,S,Taxi,0.99,2,266.62,2025 UDFA,,ransom
NFC,GBP,Green Bay Packers,14067,"Minshew, Gardner ARI QB","Minshew, Gardner",ARI,QB,Taxi,1.1,1,266.62,2026 R/F,,minshew
NFC,MIN,Minnesota Vikings,15346,"Rousseau, Gregory BUF DE","Rousseau, Gregory",BUF,DE,Active,12.67,1,265.12,2024 iEXT,,rousseau
NFC,MIN,Minnesota Vikings,15817,"Davis, Jordan PHI DT","Davis, Jordan",PHI,DT,Active,15.36,3,265.12,2025 iEXT,,davis
NFC,MIN,Minnesota Vikings,16187,"Downs, Josh IND WR","Downs, Josh",IND,WR,Active,1.98,1,265.12,2023 2.08,,downs
NFC,MIN,Minnesota Vikings,16689,"Murphy, Byron SEA DT","Murphy, Byron",SEA,DT,Active,1.98,2,265.12,2024 2.06,,murphy
NFC,MIN,Minnesota Vikings,14909,"Winfield, Antoine TBB S","Winfield, Antoine",TBB,S,Active,15.43,2,265.12,2024 UFA,,winfield
NFC,MIN,Minnesota Vikings,13592,"Darnold, Sam SEA QB","Darnold, Sam",SEA,QB,Active,24.98,2,265.12,2025 iEXT,,darnold
NFC,MIN,Minnesota Vikings,16675,"DeJean, Cooper PHI CB","DeJean, Cooper",PHI,CB,Active,1.24,2,265.12,2024 3.17,,dejean
NFC,MIN,Minnesota Vikings,15861,"Bonitto, Nik DEN DE","Bonitto, Nik",DEN,DE,Active,5.93,2,265.12,2024 iEXT,,bonitto
NFC,MIN,Minnesota Vikings,16679,"Nubin, Tyler NYG S","Nubin, Tyler",NYG,S,Active,1.38,2,265.12,2024 3.08,,nubin
NFC,MIN,Minnesota Vikings,10292,"Jordan, Cameron NOS DE","Jordan, Cameron",NOS,DE,Active,1.1,1,265.12,2025 R/F,,jordan
NFC,MIN,Minnesota Vikings,15256,"Williams, Javonte DAL RB","Williams, Javonte",DAL,RB,Active,12.42,3,265.12,2026 oEXT,,williams
NFC,MIN,Minnesota Vikings,16013,"Landman, Nate LAR LB","Landman, Nate",LAR,LB,Active,1.1,1,265.12,2025 R/F,,landman
NFC,MIN,Minnesota Vikings,16369,"Ojomo, Moro PHI DT","Ojomo, Moro",PHI,DT,Active,1.1,1,265.12,2025 R/F,,ojomo
NFC,MIN,Minnesota Vikings,13813,"Oluokun, Foyesade JAC LB","Oluokun, Foyesade",JAC,LB,Active,12.58,2,265.12,2026 oEXT,,oluokun
NFC,MIN,Minnesota Vikings,16214,"LaPorta, Sam DET TE","LaPorta, Sam",DET,TE,Active,3.1,1,265.12,2023 1.13+,,laporta
NFC,MIN,Minnesota Vikings,15911,"Araiza, Matt KCC PN","Araiza, Matt",KCC,PN,Active,1.1,1,265.12,2026 R/F,,araiza
NFC,MIN,Minnesota Vikings,15626,"Wright, Brock DET TE","Wright, Brock",DET,TE,Active,1.1,1,265.12,2026 R/F,,wright
NFC,MIN,Minnesota Vikings,13447,"Wilson, Eric MIN LB","Wilson, Eric",MIN,LB,Active,5.77,1,265.12,2026 SRFA,,wilson
NFC,MIN,Minnesota Vikings,15694,"Willis, Malik MIA QB","Willis, Malik",MIA,QB,Active,8,3,265.12,2026 ORFA2,,willis
NFC,MIN,Minnesota Vikings,15786,"Nailor, Jalen LVR WR","Nailor, Jalen",LVR,WR,Active,1.1,1,265.12,2026 ERFA,,nailor
NFC,MIN,Minnesota Vikings,16452,"Whelan, Daniel GBP PN","Whelan, Daniel",GBP,PN,Active,1.1,1,265.12,2026 ERFA,,whelan
NFC,MIN,Minnesota Vikings,16786,"Drake-Rodriguez, Levi MIN DT","Drake-Rodriguez, Levi",MIN,DT,Active,1.1,1,265.12,2026 ERFA,,drake-rodriguez
NFC,MIN,Minnesota Vikings,15255,"Gainwell, Kenneth TBB RB","Gainwell, Kenneth",TBB,RB,Active,4.28,2,265.12,2026 mEXT,,gainwell
NFC,MIN,Minnesota Vikings,14059,"Jones, Daniel IND QB","Jones, Daniel",IND,QB,Active,11.88,2,265.12,2026 mEXT,,jones
NFC,MIN,Minnesota Vikings,17473,"Price, Jadarian SEA RB","Price, Jadarian",SEA,RB,Active,4.99,4,265.12,2026 1.07,,price
NFC,MIN,Minnesota Vikings,17512,"Williams, Antonio WAS WR","Williams, Antonio",WAS,WR,Active,2.39,4,265.12,2026 2.02,,williams
NFC,MIN,Minnesota Vikings,17507,"Branch, Zachariah ATL WR","Branch, Zachariah",ATL,WR,Active,1.34,4,265.12,2026 3.08,,branch
NFC,MIN,Minnesota Vikings,12437,"Myers, Jason SEA PK","Myers, Jason",SEA,PK,Active,2,1,265.12,2026 UFA,,myers
NFC,MIN,Minnesota Vikings,12676,"Henry, Hunter NEP TE","Henry, Hunter",NEP,TE,Active,3,1,265.12,2026 UFA,,henry
NFC,MIN,Minnesota Vikings,15836,"Hill, Daxton CIN CB","Hill, Daxton",CIN,CB,Active,2,1,265.12,2026 UFA,,hill
NFC,MIN,Minnesota Vikings,15832,"Stingley Jr., Derek HOU CB","Stingley Jr., Derek",HOU,CB,Active,2.25,3,265.12,2026 UFA,,stingley jr.
NFC,MIN,Minnesota Vikings,11675,"Adams, Davante LAR WR","Adams, Davante",LAR,WR,Active,26.1,1,265.12,2026 UFA,,adams
NFC,MIN,Minnesota Vikings,14252,"Jackson, Michael CAR CB","Jackson, Michael",CAR,CB,Active,5.1,1,265.12,2026 UFA,,jackson
NFC,MIN,Minnesota Vikings,17180,"Walker, David TBB DE","Walker, David",TBB,DE,Active,1.1,1,265.12,2026 UFA,,walker
NFC,MIN,Minnesota Vikings,15386,"Odeyingbo, Dayo CHI DE","Odeyingbo, Dayo",CHI,DE,Active,1.1,1,265.12,2026 R/F,,odeyingbo
NFC,MIN,Minnesota Vikings,10267,"Miller, Von DAL DE","Miller, Von",DAL,DE,Active,1.1,1,265.12,2026 R/F,,miller
NFC,MIN,Minnesota Vikings,17753,"Thomas, Jacob MIN S","Thomas, Jacob",MIN,S,Active,1.1,1,265.12,2026 UFA,,thomas
NFC,MIN,Minnesota Vikings,15981,"Turpin, KaVontae DAL WR","Turpin, KaVontae",DAL,WR,Active,1.1,1,265.12,2026 R/F,,turpin
NFC,MIN,Minnesota Vikings,17607,"Raridon, Eli NEP TE","Raridon, Eli",NEP,TE,Active,1.03,4,265.12,2026 4.17,,raridon
NFC,MIN,Minnesota Vikings,17643,"Demmings, Charles MIN CB","Demmings, Charles",MIN,CB,Active,0.94,3,265.12,2026 UDFA,,demmings
NFC,MIN,Minnesota Vikings,17231,"Bartholomew, Gavin MIN TE","Bartholomew, Gavin",MIN,TE,Active,0.99,2,265.12,2025 UDFA,,bartholomew
NFC,MIN,Minnesota Vikings,14925,"Uche, Josh MIA DE","Uche, Josh",MIA,DE,Active,1.1,1,265.12,2026 UFA,,uche
NFC,MIN,Minnesota Vikings,15356,"Browning, Baron ARI DE","Browning, Baron",ARI,DE,Active,1.1,1,265.12,2026 R/F,,browning
NFC,MIN,Minnesota Vikings,15676,"Anderson, Zayne MIA S","Anderson, Zayne",MIA,S,Active,1.1,1,265.12,2026 UFA,,anderson
NFC,MIN,Minnesota Vikings,16204,"Dell, Tank HOU WR","Dell, Tank",HOU,WR,INJURED_RESERVE,1.35,1,265.12,2023 3.15,,dell
NFC,MIN,Minnesota Vikings,15350,"Parsons, Micah GBP DE","Parsons, Micah",GBP,DE,INJURED_RESERVE,9.92,3,265.12,2024 iEXT,,parsons
NFC,MIN,Minnesota Vikings,17151,"Turner, Shemar CHI DT","Turner, Shemar",CHI,DT,INJURED_RESERVE,1.07,3,265.12,2025 5.01,,turner
NFC,MIN,Minnesota Vikings,13806,"Elliott, DeShon PIT S","Elliott, DeShon",PIT,S,INJURED_RESERVE,7.7,2,265.12,2025 RRFA,,elliott
NFC,ATL,Atlanta Falcons,13189,"Engram, Evan DEN TE","Engram, Evan",DEN,TE,Active,11.5,1,264.87,2024 oEXT,,engram
NFC,ATL,Atlanta Falcons,15238,"Fields, Justin KCC QB","Fields, Justin",KCC,QB,Active,10.71,4,264.87,2024 iEXT,,fields
NFC,ATL,Atlanta Falcons,15721,"White, Rachaad WAS RB","White, Rachaad",WAS,RB,Active,3.75,1,264.87,2025 ORFA3,,white
NFC,ATL,Atlanta Falcons,16582,"Nix, Bo DEN QB","Nix, Bo",DEN,QB,Active,1.69,2,264.87,2024 2.12,,nix
NFC,ATL,Atlanta Falcons,17120,"Green, Mike BAL DE","Green, Mike",BAL,DE,Active,1.57,3,264.87,2025 2.16,,green
NFC,ATL,Atlanta Falcons,17080,"Noel, Jaylin HOU WR","Noel, Jaylin",HOU,WR,Active,1.46,3,264.87,2025 3.04,,noel
NFC,ATL,Atlanta Falcons,17082,"Bryant, Pat DEN WR","Bryant, Pat",DEN,WR,Active,1.19,3,264.87,2025 3.21,,bryant
NFC,ATL,Atlanta Falcons,16240,"Porter Jr., Joey PIT CB","Porter Jr., Joey",PIT,CB,Active,2.01,1,264.87,2026 oEXT,,porter jr.
NFC,ATL,Atlanta Falcons,16693,"Sweat, T'Vondre NYJ DT","Sweat, T'Vondre",NYJ,DT,Active,1.23,2,264.87,2024 3.19,,sweat
NFC,ATL,Atlanta Falcons,16584,"McCarthy, J.J. MIN QB","McCarthy, J.J.",MIN,QB,Active,4.87,2,264.87,2024 1.06,,mccarthy
NFC,ATL,Atlanta Falcons,14247,"Greenlaw, Dre SFO LB","Greenlaw, Dre",SFO,LB,Active,6.06,1,264.87,2025 UFA,,greenlaw
NFC,ATL,Atlanta Falcons,15259,"Stevenson, Rhamondre NEP RB","Stevenson, Rhamondre",NEP,RB,Active,5.28,1,264.87,2026 oEXT,,stevenson
NFC,ATL,Atlanta Falcons,16152,"Richardson, Anthony IND QB","Richardson, Anthony",IND,QB,Active,10.93,1,264.87,2023 1.01,,richardson
NFC,ATL,Atlanta Falcons,16596,"Allen, Braelon NYJ RB","Allen, Braelon",NYJ,RB,Active,1.25,2,264.87,2024 3.16,,allen
NFC,ATL,Atlanta Falcons,16635,"McCaffrey, Luke WAS WR","McCaffrey, Luke",WAS,WR,Active,4.09,4,264.87,2025 iEXT,,mccaffrey
NFC,ATL,Atlanta Falcons,17108,"Arroyo, Elijah SEA TE","Arroyo, Elijah",SEA,TE,Active,1.38,3,264.87,2025 3.08,,arroyo
NFC,ATL,Atlanta Falcons,14104,"Brown, A.J. NEP WR","Brown, A.J.",NEP,WR,Active,36.61,1,264.87,2024 oEXT,,brown
NFC,ATL,Atlanta Falcons,16192,"Washington, Parker JAC WR","Washington, Parker",JAC,WR,Active,12,4,264.87,2026 SRFA,,washington
NFC,ATL,Atlanta Falcons,16206,"Wilson, Michael ARI WR","Wilson, Michael",ARI,WR,Active,25,3,264.87,2026 SRFA,,wilson
NFC,ATL,Atlanta Falcons,11150,"Smith, Geno NYJ QB","Smith, Geno",NYJ,QB,Active,8.36,1,264.87,2025 B/R,,smith
NFC,ATL,Atlanta Falcons,16018,"Blankenship, Reed HOU S","Blankenship, Reed",HOU,S,Active,2.01,3,264.87,2026 mEXT,,blankenship
NFC,ATL,Atlanta Falcons,12801,"Hill, Tyreek FA WR","Hill, Tyreek",FA,WR,Active,6.65,2,264.87,2026 mEXT,,hill
NFC,ATL,Atlanta Falcons,17520,"Hurst, Ted TBB WR","Hurst, Ted",TBB,WR,Active,1.39,4,264.87,2026 3.06,,hurst
NFC,ATL,Atlanta Falcons,16241,"Witherspoon, Devon SEA CB","Witherspoon, Devon",SEA,CB,Active,3.7,1,264.87,2023 4.08^,,witherspoon
NFC,ATL,Atlanta Falcons,17567,"Delp, Oscar NOS TE","Delp, Oscar",NOS,TE,Active,1.15,4,264.87,2026 4.01,,delp
NFC,ATL,Atlanta Falcons,14900,"Madubuike, Nnamdi BAL DT","Madubuike, Nnamdi",BAL,DT,Active,10.45,1,264.87,2025 B/R,,madubuike
NFC,ATL,Atlanta Falcons,14218,"Okereke, Bobby CAR LB","Okereke, Bobby",CAR,LB,Active,6.48,1,264.87,2025 UFA,,okereke
NFC,ATL,Atlanta Falcons,15396,"Deablo, Divine ATL LB","Deablo, Divine",ATL,LB,Active,2,1,264.87,2026 UFA,,deablo
NFC,ATL,Atlanta Falcons,16572,"Okada, Ty SEA S","Okada, Ty",SEA,S,Active,2,1,264.87,2026 UFA,,okada
NFC,ATL,Atlanta Falcons,16279,"Moss, Riley DEN CB","Moss, Riley",DEN,CB,Active,2,1,264.87,2026 UFA,,moss
NFC,ATL,Atlanta Falcons,15368,"McPherson, Evan CIN PK","McPherson, Evan",CIN,PK,Active,1.1,1,264.87,2026 UFA,,mcpherson
NFC,ATL,Atlanta Falcons,17666,"van den Berg, Jordan CHI DT","van den Berg, Jordan",CHI,DT,Active,0.94,3,264.87,2026 UDFA,,van den berg
NFC,ATL,Atlanta Falcons,16703,"Phillips, Andru NYG CB","Phillips, Andru",NYG,CB,Active,1.03,1,264.87,2024 UDFA,,phillips
NFC,ATL,Atlanta Falcons,17164,"Williams, Nohl KCC CB","Williams, Nohl",KCC,CB,Active,1.1,1,264.87,2026 R/F,,williams
NFC,ATL,Atlanta Falcons,17518,"Allen, Cyrus KCC WR","Allen, Cyrus",KCC,WR,Active,1,4,264.87,2026 5.01,,allen
NFC,ATL,Atlanta Falcons,11706,"Clowney, Jadeveon HOU DE","Clowney, Jadeveon",HOU,DE,Active,1.1,1,264.87,2026 UFA,,clowney
NFC,ATL,Atlanta Falcons,17619,"Dennis-Sutton, Dani GBP DE","Dennis-Sutton, Dani",GBP,DE,Active,1.07,4,264.87,2026 4.11,,dennis-sutton
NFC,ATL,Atlanta Falcons,17155,"Gillotte, Ashton KCC DE","Gillotte, Ashton",KCC,DE,Active,1.03,3,264.87,2025 5.21,,gillotte
NFC,ATL,Atlanta Falcons,12218,"Armstead, Arik JAC DT","Armstead, Arik",JAC,DT,Active,1.1,1,264.87,2026 UFA,,armstead
NFC,ATL,Atlanta Falcons,17352,"Kroeger, Kai HOU PN","Kroeger, Kai",HOU,PN,Active,1.1,1,264.87,2026 R/F,,kroeger
NFC,ATL,Atlanta Falcons,16384,"Bagent, Tyson CHI QB","Bagent, Tyson",CHI,QB,Active,1.1,1,264.87,2026 R/F,,bagent
NFC,ATL,Atlanta Falcons,13782,"Dickson, Michael SEA PN","Dickson, Michael",SEA,PN,Active,1.1,1,264.87,2026 R/F,,dickson
NFC,ATL,Atlanta Falcons,17202,"Trader, Dante MIA S","Trader, Dante",MIA,S,Active,1.1,1,264.87,2026 ERFA,,trader
NFC,ATL,Atlanta Falcons,16216,"Washington, Darnell PIT TE","Washington, Darnell",PIT,TE,Active,1.1,1,264.87,2026 R/F,,washington
NFC,ATL,Atlanta Falcons,11945,"Santos, Cairo CHI PK","Santos, Cairo",CHI,PK,Active,1.1,1,264.87,2026 R/F,,santos
NFC,ATL,Atlanta Falcons,17122,"Walker, Jalon ATL DE","Walker, Jalon",ATL,DE,INJURED_RESERVE,1.72,3,264.87,2025 2.12,,walker
NFC,ATL,Atlanta Falcons,17059,"Gordon, Ollie MIA RB","Gordon, Ollie",MIA,RB,Taxi,1.04,3,264.87,2025 5.09,,gordon
NFC,ATL,Atlanta Falcons,17063,"Mafah, Phil FA RB","Mafah, Phil",FA,RB,Taxi,1.07,3,264.87,2025 4.18,,mafah
NFC,ATL,Atlanta Falcons,16608,"Holani, George SEA RB","Holani, George",SEA,RB,Taxi,1.1,1,264.87,2026 R/F,,holani
NFC,ATL,Atlanta Falcons,17171,"Dike, Chimere TEN WR","Dike, Chimere",TEN,WR,Taxi,1.1,1,264.87,2026 ERFA,,dike
NFC,ATL,Atlanta Falcons,16293,"Phillips, Clark CHI CB","Phillips, Clark",CHI,CB,Taxi,1.1,1,264.87,2026 UFA,,phillips
NFC,ATL,Atlanta Falcons,17162,"Walley, Justin IND CB","Walley, Justin",IND,CB,Taxi,1.1,1,264.87,2026 UFA,,walley
NFC,CAR,Carolina Panthers,13589,"Allen, Josh BUF QB","Allen, Josh",BUF,QB,Active,27.24,1,262.99,2021 EXT,,allen
NFC,CAR,Carolina Panthers,14907,"Delpit, Grant CLE S","Delpit, Grant",CLE,S,Active,2.98,1,262.99,2024 iEXT,,delpit
NFC,CAR,Carolina Panthers,15768,"Pierce, Alec IND WR","Pierce, Alec",IND,WR,Active,20.65,3,262.99,2026 oEXT,,pierce
NFC,CAR,Carolina Panthers,15815,"Walker, Travon JAC DE","Walker, Travon",JAC,DE,Active,10.19,3,262.99,2026 oEXT,,walker
NFC,CAR,Carolina Panthers,16185,"Smith-Njigba, Jaxon SEA WR","Smith-Njigba, Jaxon",SEA,WR,Active,5.45,1,262.99,2023 1.06,,smith-njigba
NFC,CAR,Carolina Panthers,16620,"Worthy, Xavier KCC WR","Worthy, Xavier",KCC,WR,Active,5.43,2,262.99,2024 1.05,,worthy
NFC,CAR,Carolina Panthers,16639,"Legette, Xavier CAR WR","Legette, Xavier",CAR,WR,Active,2.28,2,262.99,2024 2.02,,legette
NFC,CAR,Carolina Panthers,16626,"Mitchell, Adonai NYJ WR","Mitchell, Adonai",NYJ,WR,Active,2.1,2,262.99,2024 2.04,,mitchell
NFC,CAR,Carolina Panthers,13198,"Garrett, Myles LAR DE","Garrett, Myles",LAR,DE,Active,19.6,1,262.99,2024 UFA,,garrett
NFC,CAR,Carolina Panthers,12739,"Clark, Kenny DAL DT","Clark, Kenny",DAL,DT,Active,5.23,1,262.99,2024 UFA,,clark
NFC,CAR,Carolina Panthers,16619,"Franklin, Troy DEN WR","Franklin, Troy",DEN,WR,Active,1.52,2,262.99,2024 3.02,,franklin
NFC,CAR,Carolina Panthers,15352,"Collins, Zaven ARI DE","Collins, Zaven",ARI,DE,Active,2.9,1,262.99,2025 oEXT,,collins
NFC,CAR,Carolina Panthers,15798,"Likely, Isaiah NYG TE","Likely, Isaiah",NYG,TE,Active,4.26,4,262.99,2024 iEXT,,likely
NFC,CAR,Carolina Panthers,16178,"Mitchell, Keaton LAC RB","Mitchell, Keaton",LAC,RB,Active,6.05,1,262.99,2024 RRFA,,mitchell
NFC,CAR,Carolina Panthers,16870,"Speights, Omar LAR LB","Speights, Omar",LAR,LB,Active,2.06,2,262.99,2025 oEXT,,speights
NFC,CAR,Carolina Panthers,17051,"Judkins, Quinshon CLE RB","Judkins, Quinshon",CLE,RB,Active,4.75,3,262.99,2025 1.07,,judkins
NFC,CAR,Carolina Panthers,17075,"Golden, Matthew GBP WR","Golden, Matthew",GBP,WR,Active,2.99,3,262.99,2025 1.13,,golden
NFC,CAR,Carolina Panthers,17103,"Fannin, Harold CLE TE","Fannin, Harold",CLE,TE,Active,1.51,3,262.99,2025 3.02,,fannin
NFC,CAR,Carolina Panthers,12221,"Hunter, Danielle HOU DE","Hunter, Danielle",HOU,DE,Active,10.45,1,262.99,2025 UFA,,hunter
NFC,CAR,Carolina Panthers,8851,"Folk, Nick ATL PK","Folk, Nick",ATL,PK,Active,1.1,1,262.99,2025 R/F,,folk
NFC,CAR,Carolina Panthers,17174,"Walker, Deone BUF DT","Walker, Deone",BUF,DT,Active,2.73,6,262.99,2026 oEXT,,walker
NFC,CAR,Carolina Panthers,15051,"Townsend, Tommy TEN PN","Townsend, Tommy",TEN,PN,Active,2.07,3,262.99,2026 oEXT,,townsend
NFC,CAR,Carolina Panthers,14221,"Williams, Quincy CLE LB","Williams, Quincy",CLE,LB,Active,5.75,1,262.99,2025 UFA,,williams
NFC,CAR,Carolina Panthers,12698,"Reed, Jarran SEA DT","Reed, Jarran",SEA,DT,Active,1.1,1,262.99,2025 R/F,,reed
NFC,CAR,Carolina Panthers,14158,"Oliver, Ed BUF DT","Oliver, Ed",BUF,DT,Active,7.13,2,262.99,2025 UFA,,oliver
NFC,CAR,Carolina Panthers,12754,"Collins, Maliek CLE DT","Collins, Maliek",CLE,DT,Active,2.3,1,262.99,2026 oEXT,,collins
NFC,CAR,Carolina Panthers,13764,"Johnson, Taron LVR CB","Johnson, Taron",LVR,CB,Active,1.1,1,262.99,2026 R/F,,johnson
NFC,CAR,Carolina Panthers,15989,"Jobe, Josh SEA CB","Jobe, Josh",SEA,CB,Active,1.1,1,262.99,2026 R/F,,jobe
NFC,CAR,Carolina Panthers,16717,"Taylor-Demerson, Dadrion ARI S","Taylor-Demerson, Dadrion",ARI,S,Active,1.1,1,262.99,2026 ERFA,,taylor-demerson
NFC,CAR,Carolina Panthers,15762,"Pickens, George DAL WR","Pickens, George",DAL,WR,Active,33.75,6,262.99,2026 mEXT,,pickens
NFC,CAR,Carolina Panthers,17556,"Reese, Arvell NYG LB","Reese, Arvell",NYG,LB,Active,2.76,4,262.99,2026 1.15,,reese
NFC,CAR,Carolina Panthers,16661,"Hall Jr., Michael CLE DT","Hall Jr., Michael",CLE,DT,Active,1.1,1,262.99,2026 UFA,,hall jr.
NFC,CAR,Carolina Panthers,15869,"Bernard, Terrel BUF LB","Bernard, Terrel",BUF,LB,Active,3.7,1,262.99,2026 UFA,,bernard
NFC,CAR,Carolina Panthers,16702,"Green, Renardo SFO CB","Green, Renardo",SFO,CB,Active,2,1,262.99,2026 UFA,,green
NFC,CAR,Carolina Panthers,12305,"Jarrett, Grady CHI DT","Jarrett, Grady",CHI,DT,Active,2.1,1,262.99,2026 UFA,,jarrett
NFC,CAR,Carolina Panthers,17214,"Burke, Denzel ARI CB","Burke, Denzel",ARI,CB,Active,1.1,1,262.99,2026 UFA,,burke
NFC,CAR,Carolina Panthers,16603,"Davis, Ray BUF RB","Davis, Ray",BUF,RB,Active,1.1,1,262.99,2026 UFA,,davis
NFC,CAR,Carolina Panthers,14180,"Murphy, Byron MIN CB","Murphy, Byron",MIN,CB,Active,3.1,1,262.99,2026 UFA,,murphy
NFC,CAR,Carolina Panthers,17195,"Mills, Rylie SEA DT","Mills, Rylie",SEA,DT,Active,1.1,1,262.99,2026 R/F,,mills
NFC,CAR,Carolina Panthers,17485,"Black, Kaelon SFO RB","Black, Kaelon",SFO,RB,Active,1.04,4,262.99,2026 4.15,,black
NFC,CAR,Carolina Panthers,16684,"Washington, Malik MIA WR","Washington, Malik",MIA,WR,Active,1.09,2,262.99,2024 5.04,,washington
NFC,CAR,Carolina Panthers,17547,"Klare, Max LAR TE","Klare, Max",LAR,TE,Active,1.09,4,262.99,2026 4.08,,klare
NFC,CAR,Carolina Panthers,17623,"Elarms-Orr, Kaleb BUF LB","Elarms-Orr, Kaleb",BUF,LB,Active,0.94,3,262.99,2026 UDFA,,elarms-orr
NFC,CAR,Carolina Panthers,16725,"Mustapha, Malik SFO S","Mustapha, Malik",SFO,S,Active,1.03,1,262.99,2024 UDFA,,mustapha
NFC,CAR,Carolina Panthers,17172,"Woodson, Craig NEP S","Woodson, Craig",NEP,S,Active,0.99,2,262.99,2025 UDFA,,woodson
NFC,CAR,Carolina Panthers,15852,"Gordon, Kyler CHI CB","Gordon, Kyler",CHI,CB,INJURED_RESERVE,1.1,1,262.99,2026 R/F,,gordon
NFC,CAR,Carolina Panthers,14073,"Jacobs, Josh GBP RB","Jacobs, Josh",GBP,RB,Taxi,21.2,1,262.99,2026 mEXT,,jacobs
NFC,NOS,New Orleans Saints,14835,"Higgins, Tee CIN WR","Higgins, Tee",CIN,WR,Active,19.09,2,265.19,2023 iEXT,,higgins
NFC,NOS,New Orleans Saints,13772,"Schultz, Dalton HOU TE","Schultz, Dalton",HOU,TE,Active,8.18,1,265.19,2024 iEXT,,schultz
NFC,NOS,New Orleans Saints,15001,"Curl, Kamren LAR S","Curl, Kamren",LAR,S,Active,2.88,2,265.19,2024 oEXT,,curl
NFC,NOS,New Orleans Saints,15751,"London, Drake ATL WR","London, Drake",ATL,WR,Active,19.15,4,265.19,2025 iEXT,,london
NFC,NOS,New Orleans Saints,15393,"Odighizuwa, Osa SFO DT","Odighizuwa, Osa",SFO,DT,Active,2.2,2,265.19,2024 oEXT,,odighizuwa
NFC,NOS,New Orleans Saints,16580,"Maye, Drake NEP QB","Maye, Drake",NEP,QB,Active,4.04,2,265.19,2024 1.08,,maye
NFC,NOS,New Orleans Saints,16616,"Odunze, Rome CHI WR","Odunze, Rome",CHI,WR,Active,6.14,2,265.19,2024 1.04,,odunze
NFC,NOS,New Orleans Saints,14157,"Williams, Quinnen DAL DT","Williams, Quinnen",DAL,DT,Active,14.06,2,265.19,2023 UFA,,williams
NFC,NOS,New Orleans Saints,17048,"Johnson, Kaleb GBP RB","Johnson, Kaleb",GBP,RB,Active,3.41,3,265.19,2025 1.11,,johnson
NFC,NOS,New Orleans Saints,17032,"Dart, Jaxson NYG QB","Dart, Jaxson",NYG,QB,Active,2.35,3,265.19,2025 2.02,,dart
NFC,NOS,New Orleans Saints,17053,"Marks, Woody HOU RB","Marks, Woody",HOU,RB,Active,1.2,2,265.19,2025 3.20,,marks
NFC,NOS,New Orleans Saints,15253,"Etienne, Travis NOS RB","Etienne, Travis",NOS,RB,Active,7.32,1,265.19,2025 UFA,,etienne
NFC,NOS,New Orleans Saints,15357,"Barmore, Christian NEP DT","Barmore, Christian",NEP,DT,Active,13.7,1,265.19,2025 UFA,,barmore
NFC,NOS,New Orleans Saints,14842,"Pittman, Michael PIT WR","Pittman, Michael",PIT,WR,Active,8.38,2,265.19,2023 iEXT,,pittman
NFC,NOS,New Orleans Saints,16723,"Barner, AJ SEA TE","Barner, AJ",SEA,TE,Active,6.51,3,265.19,2026 oEXT,,barner
NFC,NOS,New Orleans Saints,16269,"Strange, Brenton JAC TE","Strange, Brenton",JAC,TE,Active,4.6,3,265.19,2025 iEXT,,strange
NFC,NOS,New Orleans Saints,17044,"Hampton, Omarion LAC RB","Hampton, Omarion",LAC,RB,Active,9.05,3,265.19,2025 1.02,,hampton
NFC,NOS,New Orleans Saints,14899,"Kinlaw, Javon WAS DT","Kinlaw, Javon",WAS,DT,Active,2.09,3,265.19,2026 oEXT,,kinlaw
NFC,NOS,New Orleans Saints,16583,"Penix Jr., Michael ATL QB","Penix Jr., Michael",ATL,QB,Active,2.86,2,265.19,2024 1.13,,penix jr.
NFC,NOS,New Orleans Saints,13284,"Hendrickson, Trey BAL DE","Hendrickson, Trey",BAL,DE,Active,6,2,265.19,2024 oEXT,,hendrickson
NFC,NOS,New Orleans Saints,16235,"Hall, Derick SEA DE","Hall, Derick",SEA,DE,Active,3.11,4,265.19,2025 iEXT,,hall
NFC,NOS,New Orleans Saints,12842,"Dixon, Riley TBB PN","Dixon, Riley",TBB,PN,Active,1.1,1,265.19,2026 R/F,,dixon
NFC,NOS,New Orleans Saints,15375,"Newsome, Greg NYG CB","Newsome, Greg",NYG,CB,Active,1.1,1,265.19,2026 R/F,,newsome
NFC,NOS,New Orleans Saints,16174,"Rodriguez, Chris JAC RB","Rodriguez, Chris",JAC,RB,Active,1.1,1,265.19,2026 ERFA,,rodriguez
NFC,NOS,New Orleans Saints,14138,"Hockenson, T.J. MIN TE","Hockenson, T.J.",MIN,TE,Active,11,1,265.19,2026 mEXT,,hockenson
NFC,NOS,New Orleans Saints,15779,"Doubs, Romeo NEP WR","Doubs, Romeo",NEP,WR,Active,5.3,4,265.19,2024 iEXT,,doubs
NFC,NOS,New Orleans Saints,15802,"Otton, Cade TBB TE","Otton, Cade",TBB,TE,Active,2,1,265.19,2026 UFA,,otton
NFC,NOS,New Orleans Saints,15860,"Cook, Bryan CIN S","Cook, Bryan",CIN,S,Active,2.01,2,265.19,2026 UFA,,cook
NFC,NOS,New Orleans Saints,15806,"Thibodeaux, Kayvon NYG DE","Thibodeaux, Kayvon",NYG,DE,Active,2.01,3,265.19,2026 UFA,,thibodeaux
NFC,NOS,New Orleans Saints,14518,"Thompson, Jalen DAL S","Thompson, Jalen",DAL,S,Active,2.47,2,265.19,2026 UFA,,thompson
NFC,NOS,New Orleans Saints,13690,"Sweat, Josh ARI DE","Sweat, Josh",ARI,DE,Active,4.38,2,265.19,2025 iEXT,,sweat
NFC,NOS,New Orleans Saints,17149,"Tuimoloau, JT IND DE","Tuimoloau, JT",IND,DE,Active,3.14,3,265.19,2026 oEXT,,tuimoloau
NFC,NOS,New Orleans Saints,16266,"Tuipulotu, Tuli LAC DE","Tuipulotu, Tuli",LAC,DE,Active,3.51,4,265.19,2025 iEXT,,tuipulotu
NFC,NOS,New Orleans Saints,14877,"Young, Chase NOS DE","Young, Chase",NOS,DE,Active,5.4,3,265.19,2026 mEXT,,young
NFC,NOS,New Orleans Saints,17124,"Carter, Barrett CIN LB","Carter, Barrett",CIN,LB,Active,0.99,2,265.19,2025 UDFA,,carter
NFC,NOS,New Orleans Saints,15404,"Jones, Ernest SEA LB","Jones, Ernest",SEA,LB,Active,3.75,2,265.19,2023 iEXT,,jones
NFC,NOS,New Orleans Saints,15380,"Campbell, Tyson CLE CB","Campbell, Tyson",CLE,CB,Active,3.4,4,265.19,2026 UFA,,campbell
NFC,NOS,New Orleans Saints,17150,"Oladejo, Oluwafemi TEN DE","Oladejo, Oluwafemi",TEN,DE,Active,1.1,1,265.19,2026 UFA,,oladejo
NFC,NOS,New Orleans Saints,17047,"Sampson, Dylan CLE RB","Sampson, Dylan",CLE,RB,Active,1.22,3,265.19,2025 3.18,,sampson
NFC,NOS,New Orleans Saints,11936,"Boswell, Chris PIT PK","Boswell, Chris",PIT,PK,Active,2.09,1,265.19,2025 UFA,,boswell
NFC,NOS,New Orleans Saints,14778,"Tagovailoa, Tua ATL QB","Tagovailoa, Tua",ATL,QB,Active,2.2,1,265.19,2026 B/R,,tagovailoa
NFC,NOS,New Orleans Saints,15866,"Flott, Cordale TEN CB","Flott, Cordale",TEN,CB,Active,1.1,1,265.19,2026 ERFA,,flott
NFC,NOS,New Orleans Saints,16169,"Charbonnet, Zach SEA RB","Charbonnet, Zach",SEA,RB,INJURED_RESERVE,2.54,1,265.19,2023 2.01,,charbonnet
NFC,NOS,New Orleans Saints,15872,"Bryant, Coby CHI S","Bryant, Coby",CHI,S,INJURED_RESERVE,4.02,3,265.19,2026 oEXT,,bryant
NFC,NOS,New Orleans Saints,12238,"Perryman, Denzel LAC LB","Perryman, Denzel",LAC,LB,INJURED_RESERVE,1.1,1,265.19,2026 R/F,,perryman
NFC,NOS,New Orleans Saints,17654,"Payton, Cole PHI QB","Payton, Cole",PHI,QB,Taxi,0.94,3,265.19,2026 UDFA,,payton
NFC,NOS,New Orleans Saints,16601,"Shipley, Will PHI RB","Shipley, Will",PHI,RB,Taxi,1.09,1,265.19,2024 5.08,,shipley
NFC,NOS,New Orleans Saints,17599,"Douglas, Caleb MIA WR","Douglas, Caleb",MIA,WR,Taxi,1.22,4,265.19,2026 3.15,,douglas
NFC,NOS,New Orleans Saints,17514,"Stribling, De'Zhaun SFO WR","Stribling, De'Zhaun",SFO,WR,Taxi,2.2,4,265.19,2026 2.04,,stribling
NFC,NOS,New Orleans Saints,16645,"All, Erick CIN TE","All, Erick",CIN,TE,Taxi,1.08,2,265.19,2024 5.20,,all
NFC,NOS,New Orleans Saints,17549,"Roush, Sam CHI TE","Roush, Sam",CHI,TE,Taxi,0.94,3,265.19,2026 UDFA,,roush
NFC,NOS,New Orleans Saints,17154,"Alexander, Darius NYG DT","Alexander, Darius",NYG,DT,Taxi,1.1,1,265.19,2026 ERFA,,alexander
NFC,NOS,New Orleans Saints,15892,"Booker, Thomas LVR DT","Booker, Thomas",LVR,DT,Taxi,1.1,1,265.19,2026 R/F,,booker
NFC,NOS,New Orleans Saints,13770,"Franklin-Myers, John TEN DT","Franklin-Myers, John",TEN,DT,Taxi,1.1,1,265.19,2026 R/F,,franklin-myers
NFC,NOS,New Orleans Saints,17600,"McClellan, Chris GBP DT","McClellan, Chris",GBP,DT,Taxi,0.94,3,265.19,2026 UDFA,,mcclellan
NFC,NOS,New Orleans Saints,17595,"Onyedim, Tyler DEN DT","Onyedim, Tyler",DEN,DT,Taxi,0.94,3,265.19,2026 UDFA,,onyedim
NFC,NOS,New Orleans Saints,17598,"Davis, Tacario CIN CB","Davis, Tacario",CIN,CB,Taxi,0.94,3,265.19,2026 UDFA,,davis
NFC,NOS,New Orleans Saints,17114,"Stewart, Shemar CIN DE","Stewart, Shemar",CIN,DE,Taxi,1.25,2,265.19,2025 3.15,,stewart
NFC,NOS,New Orleans Saints,17035,"Leonard, Riley IND QB","Leonard, Riley",IND,QB,Taxi,0.99,2,265.19,2025 UDFA,,leonard
NFC,NOS,New Orleans Saints,15089,"Roach, Malcolm DEN DT","Roach, Malcolm",DEN,DT,Taxi,1.1,1,265.19,2026 ERFA,,roach
NFC,NOS,New Orleans Saints,17173,"Kiser, Jack JAC LB","Kiser, Jack",JAC,LB,Taxi,0.99,2,265.19,2025 UDFA,,kiser
NFC,NOS,New Orleans Saints,16843,"Mevis, Harrison LAR PK","Mevis, Harrison",LAR,PK,Taxi,1.1,1,265.19,2026 UFA,,mevis
NFC,NOS,New Orleans Saints,11985,"Way, Tress WAS PN","Way, Tress",WAS,PN,Taxi,1.1,1,265.19,2026 UFA,,way
NFC,NOS,New Orleans Saints,16236,"To'oTo'o, Henry HOU LB","To'oTo'o, Henry",HOU,LB,Taxi,2,1,265.19,2026 UFA,,to'oto'o
NFC,NOS,New Orleans Saints,17156,"Porter, Darien LVR CB","Porter, Darien",LVR,CB,Taxi,1.1,1,265.19,2026 UFA,,porter
NFC,NOS,New Orleans Saints,17142,"Revel, Shavon DAL CB","Revel, Shavon",DAL,CB,Taxi,1.1,1,265.19,2026 ERFA,,revel
NFC,NOS,New Orleans Saints,17187,"Riley, Quincy NOS CB","Riley, Quincy",NOS,CB,Taxi,1.1,1,265.19,2026 UFA,,riley
NFC,NOS,New Orleans Saints,16460,"Hickman, Ronnie CLE S","Hickman, Ronnie",CLE,S,Taxi,1.1,1,265.19,2025 R/F,,hickman
NFC,NOS,New Orleans Saints,17222,"Loop, Tyler BAL PK","Loop, Tyler",BAL,PK,Taxi,0.99,2,265.19,2025 UDFA,,loop
NFC,TBB,Tampa Bay Buccaneers,13593,"Jackson, Lamar BAL QB","Jackson, Lamar",BAL,QB,Active,37.58,5,252.92,2026 oEXT,,jackson
NFC,TBB,Tampa Bay Buccaneers,14167,"Hines-Allen, Josh JAC DE","Hines-Allen, Josh",JAC,DE,Active,16.45,1,252.92,2022 iEXT,,hines-allen
NFC,TBB,Tampa Bay Buccaneers,14164,"Jones, Dre'Mont NEP DE","Jones, Dre'Mont",NEP,DE,Active,3.72,1,252.92,2023 oEXT,,jones
NFC,TBB,Tampa Bay Buccaneers,16245,"Battle, Jordan CIN S","Battle, Jordan",CIN,S,Active,5.81,1,252.92,2023 3.14^,,battle
NFC,TBB,Tampa Bay Buccaneers,16653,"Verse, Jared CLE DE","Verse, Jared",CLE,DE,Active,2.19,2,252.92,2024 2.03,,verse
NFC,TBB,Tampa Bay Buccaneers,16700,"Bishop, Cole BUF S","Bishop, Cole",BUF,S,Active,1.32,2,252.92,2024 3.12,,bishop
NFC,TBB,Tampa Bay Buccaneers,15863,"Jones, Travis BAL DT","Jones, Travis",BAL,DT,Active,3.71,4,252.92,2026 oEXT,,jones
NFC,TBB,Tampa Bay Buccaneers,16708,"Smith, Tykee TBB S","Smith, Tykee",TBB,S,Active,1.12,2,252.92,2024 4.14,,smith
NFC,TBB,Tampa Bay Buccaneers,16676,"Kinchens, Kamren LAR S","Kinchens, Kamren",LAR,S,Active,1.11,2,252.92,2024 4.17,,kinchens
NFC,TBB,Tampa Bay Buccaneers,16211,"Nacua, Puka LAR WR","Nacua, Puka",LAR,WR,Active,5.81,1,252.92,2023 3.10^,,nacua
NFC,TBB,Tampa Bay Buccaneers,16667,"Gray, Cedric TEN LB","Gray, Cedric",TEN,LB,Active,1.19,1,252.92,2024 4.03,,gray
NFC,TBB,Tampa Bay Buccaneers,13704,"Nwosu, Uchenna SEA DE","Nwosu, Uchenna",SEA,DE,Active,4.14,1,252.92,2024 UFA,,nwosu
NFC,TBB,Tampa Bay Buccaneers,17068,"Harvey, RJ DEN RB","Harvey, RJ",DEN,RB,Active,2.7,3,252.92,2025 1.15,,harvey
NFC,TBB,Tampa Bay Buccaneers,17069,"Blue, Jaydon PHI RB","Blue, Jaydon",PHI,RB,Active,1.49,3,252.92,2025 3.03,,blue
NFC,TBB,Tampa Bay Buccaneers,13132,"Kamara, Alvin NOS RB","Kamara, Alvin",NOS,RB,Active,16.72,1,252.92,2025 UFA,,kamara
NFC,TBB,Tampa Bay Buccaneers,15972,"Mason, Jordan MIN RB","Mason, Jordan",MIN,RB,Active,8.36,1,252.92,2025 UFA,,mason
NFC,TBB,Tampa Bay Buccaneers,16314,"Dennis, SirVocea TBB LB","Dennis, SirVocea",TBB,LB,Active,4.1,5,252.92,2026 oEXT,,dennis
NFC,TBB,Tampa Bay Buccaneers,16186,"Addison, Jordan MIN WR","Addison, Jordan",MIN,WR,Active,4.48,1,252.92,2023 1.08,,addison
NFC,TBB,Tampa Bay Buccaneers,16615,"Nabers, Malik NYG WR","Nabers, Malik",NYG,WR,Active,7.02,2,252.92,2024 1.03,,nabers
NFC,TBB,Tampa Bay Buccaneers,14924,"Johnson, Jaylon CHI CB","Johnson, Jaylon",CHI,CB,Active,1.1,1,252.92,2026 R/F,,johnson
NFC,TBB,Tampa Bay Buccaneers,16166,"Tucker, Sean TBB RB","Tucker, Sean",TBB,RB,Active,3.67,2,252.92,2026 ORFA5,,tucker
NFC,TBB,Tampa Bay Buccaneers,16846,"Bates, Jake DET PK","Bates, Jake",DET,PK,Active,1.1,1,252.92,2026 ERFA,,bates
NFC,TBB,Tampa Bay Buccaneers,16887,"Rehkow, Ryan CIN PN","Rehkow, Ryan",CIN,PN,Active,1.1,1,252.92,2026 ERFA,,rehkow
NFC,TBB,Tampa Bay Buccaneers,13743,"Warner, Fred SFO LB","Warner, Fred",SFO,LB,Active,10.2,4,252.92,2026 mEXT,,warner
NFC,TBB,Tampa Bay Buccaneers,17543,"Sadiq, Kenyon NYJ TE","Sadiq, Kenyon",NYJ,TE,Active,4.13,4,252.92,2026 1.09,,sadiq
NFC,TBB,Tampa Bay Buccaneers,17481,"Claiborne, Demond MIN RB","Claiborne, Demond",MIN,RB,Active,1.59,4,252.92,2026 2.15,,claiborne
NFC,TBB,Tampa Bay Buccaneers,17478,"Allen, Kaytron WAS RB","Allen, Kaytron",WAS,RB,Active,1.18,4,252.92,2026 3.18,,allen
NFC,TBB,Tampa Bay Buccaneers,16450,"Thomas, Drake SEA LB","Thomas, Drake",SEA,LB,Active,2.1,1,252.92,2026 UFA,,thomas
NFC,TBB,Tampa Bay Buccaneers,13671,"Andrews, Mark BAL TE","Andrews, Mark",BAL,TE,Active,3.04,2,252.92,2026 UFA,,andrews
NFC,TBB,Tampa Bay Buccaneers,15950,"Watson, Jaylen LAR CB","Watson, Jaylen",LAR,CB,Active,2.5,1,252.92,2026 UFA,,watson
NFC,TBB,Tampa Bay Buccaneers,13693,"Phillips, Harrison NYJ DT","Phillips, Harrison",NYJ,DT,Active,1.2,1,252.92,2026 UFA,,phillips
NFC,TBB,Tampa Bay Buccaneers,13604,"Barkley, Saquon PHI RB","Barkley, Saquon",PHI,RB,Active,31.35,2,252.92,2026 UFA,,barkley
NFC,TBB,Tampa Bay Buccaneers,15787,"Thornton, Tyquan KCC WR","Thornton, Tyquan",KCC,WR,Active,2.1,1,252.92,2026 UFA,,thornton
NFC,TBB,Tampa Bay Buccaneers,14071,"Montgomery, David HOU RB","Montgomery, David",HOU,RB,Active,17.1,2,252.92,2026 UFA,,montgomery
NFC,TBB,Tampa Bay Buccaneers,14105,"Brown, Marquise PHI WR","Brown, Marquise",PHI,WR,Active,2,1,252.92,2026 UFA,,brown
NFC,TBB,Tampa Bay Buccaneers,13281,"Douglas, Rasul WAS CB","Douglas, Rasul",WAS,CB,Active,1.1,1,252.92,2026 UFA,,douglas
NFC,TBB,Tampa Bay Buccaneers,14789,"Huntley, Tyler BAL QB","Huntley, Tyler",BAL,QB,Active,1.1,1,252.92,2026 UFA,,huntley
NFC,TBB,Tampa Bay Buccaneers,17586,"Rodriguez, Jacob MIA LB","Rodriguez, Jacob",MIA,LB,Active,2.05,4,252.92,2026 2.06,,rodriguez
NFC,TBB,Tampa Bay Buccaneers,15301,"Atwell, Tutu LAR WR","Atwell, Tutu",LAR,WR,Active,1.1,1,252.92,2026 R/F,,atwell
NFC,TBB,Tampa Bay Buccaneers,17528,"Coleman, Kevin MIA WR","Coleman, Kevin",MIA,WR,Active,0.94,3,252.92,2026 UDFA,,coleman
NFC,TBB,Tampa Bay Buccaneers,15755,"Dotson, Jahan ATL WR","Dotson, Jahan",ATL,WR,Active,1.1,1,252.92,2026 R/F,,dotson
NFC,TBB,Tampa Bay Buccaneers,17105,"Helm, Gunnar TEN TE","Helm, Gunnar",TEN,TE,Active,0.99,2,252.92,2025 UDFA,,helm
NFC,TBB,Tampa Bay Buccaneers,17578,"Louis, Kyle MIA LB","Louis, Kyle",MIA,LB,Active,1.04,4,252.92,2026 4.16,,louis
NFC,TBB,Tampa Bay Buccaneers,17480,"Ott, Jaydn KCC RB","Ott, Jaydn",KCC,RB,Taxi,0.94,3,252.92,2026 UDFA,,ott
NFC,TBB,Tampa Bay Buccaneers,0804,"Montgomery, Tyren TEN WR","Montgomery, Tyren",TEN,WR,Taxi,0.94,3,252.92,2026 UDFA,,montgomery
NFC,TBB,Tampa Bay Buccaneers,17647,"Law, Kendrick DET WR","Law, Kendrick",DET,WR,Taxi,0.94,3,252.92,2026 UDFA,,law
NFC,TBB,Tampa Bay Buccaneers,0803,"York, Taurean DEN LB","York, Taurean",DEN,LB,Taxi,0.94,3,252.92,2026 UDFA,,york
NFC,TBB,Tampa Bay Buccaneers,17706,"Benson, Malik LVR WR","Benson, Malik",LVR,WR,Taxi,0.94,3,252.92,2026 UDFA,,benson
NFC,TBB,Tampa Bay Buccaneers,17526,"Virgil, Reggie ARI WR","Virgil, Reggie",ARI,WR,Taxi,0.99,4,252.92,2026 5.06,,virgil
NFC,TBB,Tampa Bay Buccaneers,17603,"Orange, Domonique MIN DT","Orange, Domonique",MIN,DT,Taxi,0.94,3,252.92,2026 UDFA,,orange
NFC,TBB,Tampa Bay Buccaneers,17058,"Brooks, Tahj CIN RB","Brooks, Tahj",CIN,RB,Taxi,1.03,3,252.92,2025 5.13,,brooks
NFC,TBB,Tampa Bay Buccaneers,17049,"Smith, Brashard KCC RB","Smith, Brashard",KCC,RB,Taxi,1.03,3,252.92,2025 5.15,,smith
NFC,TBB,Tampa Bay Buccaneers,17510,"Burks, Deion IND WR","Burks, Deion",IND,WR,Taxi,0.99,4,252.92,2026 5.08,,burks
NFC,TBB,Tampa Bay Buccaneers,16595,"Estime, Audric NOS RB","Estime, Audric",NOS,RB,Taxi,1.1,1,252.92,2026 R/F,,estime
NFC,TBB,Tampa Bay Buccaneers,13138,"Hunt, Kareem FA RB","Hunt, Kareem",FA,RB,Taxi,1.1,1,252.92,2025 R/F,,hunt
NFC,TBB,Tampa Bay Buccaneers,14108,"Dortch, Greg BUF WR","Dortch, Greg",BUF,WR,Taxi,1.1,1,252.92,2026 UFA,,dortch
NFC,ARI,Arizona Cardinals,15237,"Lawrence, Trevor JAC QB","Lawrence, Trevor",JAC,QB,Active,18.84,3,260.14,2024 iEXT,,lawrence
NFC,ARI,Arizona Cardinals,15834,"Hamilton, Kyle BAL S","Hamilton, Kyle",BAL,S,Active,8.45,3,260.14,2025 iEXT,,hamilton
NFC,ARI,Arizona Cardinals,15293,"Bateman, Rashod BAL WR","Bateman, Rashod",BAL,WR,Active,5,3,260.14,2024 iEXT,,bateman
NFC,ARI,Arizona Cardinals,16162,"Gibbs, Jahmyr DET RB","Gibbs, Jahmyr",DET,RB,Active,7.93,1,260.14,2023 1.03,,gibbs
NFC,ARI,Arizona Cardinals,16239,"Campbell, Jack DET LB","Campbell, Jack",DET,LB,Active,2.93,1,260.14,2023 1.14,,campbell
NFC,ARI,Arizona Cardinals,16234,"Simpson, Trenton BAL LB","Simpson, Trenton",BAL,LB,Active,1.41,1,260.14,2023 3.12,,simpson
NFC,ARI,Arizona Cardinals,14879,"Epenesa, A.J. PHI DE","Epenesa, A.J.",PHI,DE,Active,3.77,2,260.14,2024 ORFA4,,epenesa
NFC,ARI,Arizona Cardinals,16617,"Coleman, Keon BUF WR","Coleman, Keon",BUF,WR,Active,3.22,2,260.14,2024 1.11,,coleman
NFC,ARI,Arizona Cardinals,16618,"Thomas Jr., Brian JAC WR","Thomas Jr., Brian",JAC,WR,Active,3.45,2,260.14,2024 1.10,,thomas jr.
NFC,ARI,Arizona Cardinals,16644,"Sinnott, Ben WAS TE","Sinnott, Ben",WAS,TE,Active,1.78,2,260.14,2024 2.10,,sinnott
NFC,ARI,Arizona Cardinals,16698,"Sainristil, Mike WAS CB","Sainristil, Mike",WAS,CB,Active,1.17,2,260.14,2024 4.07,,sainristil
NFC,ARI,Arizona Cardinals,14974,"Mooney, Darnell NYG WR","Mooney, Darnell",NYG,WR,Active,9.08,1,260.14,2025 SRFA,,mooney
NFC,ARI,Arizona Cardinals,17030,"Ward, Cam TEN QB","Ward, Cam",TEN,QB,Active,5.92,3,260.14,2025 1.05,,ward
NFC,ARI,Arizona Cardinals,17123,"Campbell, Jihaad PHI LB","Campbell, Jihaad",PHI,LB,Active,2.1,3,260.14,2025 2.05,,campbell
NFC,ARI,Arizona Cardinals,13717,"Reid, Justin NOS S","Reid, Justin",NOS,S,Active,3.61,3,260.14,2026 oEXT,,reid
NFC,ARI,Arizona Cardinals,13227,"Lewis, Jourdan JAC CB","Lewis, Jourdan",JAC,CB,Active,2.01,3,260.14,2026 oEXT,,lewis
NFC,ARI,Arizona Cardinals,14861,"Johnson, Juwan NOS TE","Johnson, Juwan",NOS,TE,Active,8.11,3,260.14,2025 iEXT,,johnson
NFC,ARI,Arizona Cardinals,16268,"Turner, DJ CIN CB","Turner, DJ",CIN,CB,Active,3.48,2,260.14,2025 iEXT,,turner
NFC,ARI,Arizona Cardinals,16673,"Wiggins, Nate BAL CB","Wiggins, Nate",BAL,CB,Active,2.57,4,260.14,2026 oEXT,,wiggins
NFC,ARI,Arizona Cardinals,16787,"Laulu, Jonah LVR DT","Laulu, Jonah",LVR,DT,Active,7.76,4,260.14,2026 oEXT,,laulu
NFC,ARI,Arizona Cardinals,11721,"Mack, Khalil LAC DE","Mack, Khalil",LAC,DE,Active,4.08,1,260.14,2025 UFA,,mack
NFC,ARI,Arizona Cardinals,12688,"Buckner, DeForest IND DT","Buckner, DeForest",IND,DT,Active,21.96,1,260.14,2026 oEXT,,buckner
NFC,ARI,Arizona Cardinals,16254,"Kancey, Calijah TBB DT","Kancey, Calijah",TBB,DT,Active,1.93,1,260.14,2023 2.09,,kancey
NFC,ARI,Arizona Cardinals,15831,"Chenal, Leo WAS LB","Chenal, Leo",WAS,LB,Active,2.1,3,260.14,2026 oEXT,,chenal
NFC,ARI,Arizona Cardinals,16278,"Diaby, YaYa TBB DE","Diaby, YaYa",TBB,DE,Active,7,2,260.14,2026 RRFA,,diaby
NFC,ARI,Arizona Cardinals,13130,"McCaffrey, Christian SFO RB","McCaffrey, Christian",SFO,RB,Active,30,1,260.14,2026 mEXT,,mccaffrey
NFC,ARI,Arizona Cardinals,14882,"Greenard, Jonathan PHI DE","Greenard, Jonathan",PHI,DE,Active,9.9,3,260.14,2026 mEXT,,greenard
NFC,ARI,Arizona Cardinals,17497,"Tate, Carnell TEN WR","Tate, Carnell",TEN,WR,Active,8.26,4,260.14,2026 1.03,,tate
NFC,ARI,Arizona Cardinals,17576,"Thieneman, Dillon CHI S","Thieneman, Dillon",CHI,S,Active,3.08,4,260.14,2026 1.13,,thieneman
NFC,ARI,Arizona Cardinals,17558,"Allen, CJ IND LB","Allen, CJ",IND,LB,Active,2.29,4,260.14,2026 2.03,,allen
NFC,ARI,Arizona Cardinals,17476,"Singleton, Nicholas TEN RB","Singleton, Nicholas",TEN,RB,Active,1.46,4,260.14,2026 3.03,,singleton
NFC,ARI,Arizona Cardinals,17582,"Stukes, Treydan LVR S","Stukes, Treydan",LVR,S,Active,1.17,4,260.14,2026 3.19,,stukes
NFC,ARI,Arizona Cardinals,17583,"Thomas, R Mason KCC DE","Thomas, R Mason",KCC,DE,Active,1.13,4,260.14,2026 4.03,,thomas
NFC,ARI,Arizona Cardinals,13163,"Godwin, Chris TBB WR","Godwin, Chris",TBB,WR,Active,15,1,260.14,2026 UFA,,godwin
NFC,ARI,Arizona Cardinals,15868,"Jones, Marcus NEP CB","Jones, Marcus",NEP,CB,Active,3.99,2,260.14,2026 UFA,,jones
NFC,ARI,Arizona Cardinals,16778,"Flournoy, Ryan DAL WR","Flournoy, Ryan",DAL,WR,Active,2.01,2,260.14,2026 UFA,,flournoy
NFC,ARI,Arizona Cardinals,13629,"Ridley, Calvin TEN WR","Ridley, Calvin",TEN,WR,Active,2.1,1,260.14,2026 UFA,,ridley
NFC,ARI,Arizona Cardinals,15173,"Tart, Teair LAC DT","Tart, Teair",LAC,DT,Active,1.1,1,260.14,2026 UFA,,tart
NFC,ARI,Arizona Cardinals,16672,"Lassiter, Kamari HOU CB","Lassiter, Kamari",HOU,CB,Active,1.09,2,260.14,2024 5.07,,lassiter
NFC,ARI,Arizona Cardinals,16295,"Conner, Chamarri KCC S","Conner, Chamarri",KCC,S,Active,1.1,1,260.14,2026 ERFA,,conner
NFC,ARI,Arizona Cardinals,16850,"Saylors, Jacob DET RB","Saylors, Jacob",DET,RB,Active,1.1,1,260.14,2026 UFA,,saylors
NFC,ARI,Arizona Cardinals,13303,"Elliott, Jake PHI PK","Elliott, Jake",PHI,PK,Active,1.1,1,260.14,2026 UFA,,elliott
NFC,ARI,Arizona Cardinals,13869,"Bojorquez, Corey CLE PN","Bojorquez, Corey",CLE,PN,Active,1.1,1,260.14,2026 UFA,,bojorquez
NFC,ARI,Arizona Cardinals,16256,"Bresee, Bryan NOS DT","Bresee, Bryan",NOS,DT,INJURED_RESERVE,3.7,1,260.14,2023 3.01^,,bresee
NFC,ARI,Arizona Cardinals,13700,"Landry, Harold NEP DE","Landry, Harold",NEP,DE,INJURED_RESERVE,10.89,1,260.14,2024 B/R,,landry
NFC,ARI,Arizona Cardinals,17467,"Klubnik, Cade NYJ QB","Klubnik, Cade",NYJ,QB,Taxi,1.03,4,260.14,2026 4.18,,klubnik
NFC,ARI,Arizona Cardinals,15738,"Davis, Malik DAL RB","Davis, Malik",DAL,RB,Taxi,1.1,1,260.14,2026 R/F,,davis
NFC,ARI,Arizona Cardinals,17644,"Koziol, Tanner JAC TE","Koziol, Tanner",JAC,TE,Taxi,1,4,260.14,2026 5.03,,koziol
NFC,ARI,Arizona Cardinals,15813,"Enagbare, Kingsley NYJ DE","Enagbare, Kingsley",NYJ,DE,Taxi,1.1,1,260.14,2026 R/F,,enagbare
NFC,ARI,Arizona Cardinals,17206,"Oliver, Collin GBP DE","Oliver, Collin",GBP,DE,Taxi,0.99,2,260.14,2025 UDFA,,oliver
NFC,ARI,Arizona Cardinals,17118,"Stewart, Josaiah LAR DE","Stewart, Josaiah",LAR,DE,Taxi,0.99,2,260.14,2025 UDFA,,stewart
NFC,ARI,Arizona Cardinals,17179,"Bowman, Billy ATL CB","Bowman, Billy",ATL,CB,Taxi,1.02,3,260.14,2025 5.23,,bowman
NFC,ARI,Arizona Cardinals,17622,"Muhammad, Malik CHI CB","Muhammad, Malik",CHI,CB,Taxi,0.94,3,260.14,2026 UDFA,,muhammad
NFC,ARI,Arizona Cardinals,15859,"Taylor-Britt, Cam IND CB","Taylor-Britt, Cam",IND,CB,Taxi,1.1,1,260.14,2026 R/F,,taylor-britt
NFC,ARI,Arizona Cardinals,13228,"Hooker, Malik DAL S","Hooker, Malik",DAL,S,Taxi,1.1,1,260.14,2026 R/F,,hooker
NFC,ARI,Arizona Cardinals,17648,"Nowakowski, Riley PIT RB","Nowakowski, Riley",PIT,RB,Taxi,0.94,3,260.14,2026 UDFA,,nowakowski
NFC,ARI,Arizona Cardinals,13832,"Sanders, Jason NYJ PK","Sanders, Jason",NYJ,PK,Taxi,1.1,1,260.14,2026 R/F,,sanders
NFC,ARI,Arizona Cardinals,15873,"Bellinger, Daniel TEN TE","Bellinger, Daniel",TEN,TE,Taxi,1.1,1,260.14,2026 UFA,,bellinger
NFC,ARI,Arizona Cardinals,17667,"Perkins, Harold ATL LB","Perkins, Harold",ATL,LB,Taxi,0.94,3,260.14,2026 UDFA,,perkins
NFC,LAR,Los Angeles Rams,15345,"Paye, Kwity LVR DE","Paye, Kwity",LVR,DE,Active,4.08,2,254.03,2024 iEXT,,paye
NFC,LAR,Los Angeles Rams,13214,"Watt, T.J. PIT DE","Watt, T.J.",PIT,DE,Active,25.36,5,254.03,2025 iEXT,,watt
NFC,LAR,Los Angeles Rams,15698,"Purdy, Brock SFO QB","Purdy, Brock",SFO,QB,Active,32.78,6,254.03,2026 oEXT,,purdy
NFC,LAR,Los Angeles Rams,16148,"Young, Bryce CAR QB","Young, Bryce",CAR,QB,Active,6.09,1,254.03,2023 1.05,,young
NFC,LAR,Los Angeles Rams,16167,"Achane, De'Von MIA RB","Achane, De'Von",MIA,RB,Active,5.81,1,254.03,2023 2.02^,,achane
NFC,LAR,Los Angeles Rams,13251,"Baker, Budda ARI S","Baker, Budda",ARI,S,Active,3.27,1,254.03,2024 B/R,,baker
NFC,LAR,Los Angeles Rams,16694,"Fiske, Braden LAR DT","Fiske, Braden",LAR,DT,Active,1.46,2,254.03,2024 3.04,,fiske
NFC,LAR,Los Angeles Rams,16696,"Cooper, Edgerrin GBP LB","Cooper, Edgerrin",GBP,LB,Active,1.58,2,254.03,2024 2.15,,cooper
NFC,LAR,Los Angeles Rams,10816,"Davis, Demario NYJ LB","Davis, Demario",NYJ,LB,Active,3.38,1,254.03,2024 UFA,,davis
NFC,LAR,Los Angeles Rams,16724,"Taylor, Tory CHI PN","Taylor, Tory",CHI,PN,Active,1.13,2,254.03,2024 4.12,,taylor
NFC,LAR,Los Angeles Rams,16264,"Benton, Keeanu PIT DT","Benton, Keeanu",PIT,DT,Active,3.7,1,254.03,2023 5.08^,,benton
NFC,LAR,Los Angeles Rams,13298,"Stewart, Grover IND DT","Stewart, Grover",IND,DT,Active,5.88,1,254.03,2025 SRFA,,stewart
NFC,LAR,Los Angeles Rams,17112,"Carter, Abdul NYG DE","Carter, Abdul",NYG,DE,Active,3.97,3,254.03,2025 1.09,,carter
NFC,LAR,Los Angeles Rams,17106,"Taylor, Mason NYJ TE","Taylor, Mason",NYJ,TE,Active,1.67,3,254.03,2025 2.13,,taylor
NFC,LAR,Los Angeles Rams,17073,"Ayomanor, Elic TEN WR","Ayomanor, Elic",TEN,WR,Active,1.21,3,254.03,2025 3.19,,ayomanor
NFC,LAR,Los Angeles Rams,16191,"Tillman, Cedric NOS WR","Tillman, Cedric",NOS,WR,Active,1.46,1,254.03,2023 3.08,,tillman
NFC,LAR,Los Angeles Rams,11671,"Evans, Mike SFO WR","Evans, Mike",SFO,WR,Active,37.24,3,254.03,2025 iEXT,,evans
NFC,LAR,Los Angeles Rams,14169,"Wilson, Mack ARI LB","Wilson, Mack",ARI,LB,Active,1.1,1,254.03,2025 R/F,,wilson
NFC,LAR,Los Angeles Rams,15933,"Brown, Montaric JAC CB","Brown, Montaric",JAC,CB,Active,1.1,1,254.03,2026 R/F,,brown
NFC,LAR,Los Angeles Rams,12735,"Rankins, Sheldon HOU DT","Rankins, Sheldon",HOU,DT,Active,1.1,1,254.03,2026 R/F,,rankins
NFC,LAR,Los Angeles Rams,14983,"Bass, Tyler BUF PK","Bass, Tyler",BUF,PK,Active,1.1,1,254.03,2026 R/F,,bass
NFC,LAR,Los Angeles Rams,16633,"Whittington, Jordan LAR WR","Whittington, Jordan",LAR,WR,Active,1.1,1,254.03,2026 R/F,,whittington
NFC,LAR,Los Angeles Rams,15510,"Washington, Ar'Darius NYG S","Washington, Ar'Darius",NYG,S,Active,1.1,1,254.03,2026 R/F,,washington
NFC,LAR,Los Angeles Rams,14127,"Meyers, Jakobi JAC WR","Meyers, Jakobi",JAC,WR,Active,8.12,2,254.03,2026 oEXT,,meyers
NFC,LAR,Los Angeles Rams,17557,"Styles, Sonny WAS LB","Styles, Sonny",WAS,LB,Active,3.28,4,254.03,2026 1.12,,styles
NFC,LAR,Los Angeles Rams,17562,"Delane, Mansoor KCC CB","Delane, Mansoor",KCC,CB,Active,1.19,4,254.03,2026 3.17,,delane
NFC,LAR,Los Angeles Rams,14933,"Blackmon, Julian NOS S","Blackmon, Julian",NOS,S,Active,1.1,1,254.03,2026 UFA,,blackmon
NFC,LAR,Los Angeles Rams,15712,"Allgeier, Tyler ARI RB","Allgeier, Tyler",ARI,RB,Active,2,1,254.03,2026 UFA,,allgeier
NFC,LAR,Los Angeles Rams,13208,"Allen, Jonathan CIN DT","Allen, Jonathan",CIN,DT,Active,5.7,2,254.03,2026 UFA,,allen
NFC,LAR,Los Angeles Rams,13674,"Goedert, Dallas PHI TE","Goedert, Dallas",PHI,TE,Active,2.95,2,254.03,2026 UFA,,goedert
NFC,LAR,Los Angeles Rams,15241,"Jones, Mac SFO QB","Jones, Mac",SFO,QB,Active,2,1,254.03,2026 UFA,,jones
NFC,LAR,Los Angeles Rams,12860,"Fairbairn, Ka'imi HOU PK","Fairbairn, Ka'imi",HOU,PK,Active,2.34,3,254.03,2026 UFA,,fairbairn
NFC,LAR,Los Angeles Rams,13737,"Bates, Jessie ATL S","Bates, Jessie",ATL,S,Active,3.8,2,254.03,2026 UFA,,bates
NFC,LAR,Los Angeles Rams,15833,"Gardner, Sauce IND CB","Gardner, Sauce",IND,CB,Active,2,1,254.03,2026 UFA,,gardner
NFC,LAR,Los Angeles Rams,9051,"Campbell, Calais BAL DT","Campbell, Calais",BAL,DT,Active,2.09,2,254.03,2026 UFA,,campbell
NFC,LAR,Los Angeles Rams,14249,"Van Ginkel, Andrew MIN DE","Van Ginkel, Andrew",MIN,DE,Active,16.1,1,254.03,2026 UFA,,van ginkel
NFC,LAR,Los Angeles Rams,13418,"Bourne, Kendrick ARI WR","Bourne, Kendrick",ARI,WR,Active,2,1,254.03,2026 UFA,,bourne
NFC,LAR,Los Angeles Rams,16387,"Brooks, Chris GBP RB","Brooks, Chris",GBP,RB,Active,1.1,1,254.03,2026 UFA,,brooks
NFC,LAR,Los Angeles Rams,17061,"Allen, LeQuint JAC RB","Allen, LeQuint",JAC,RB,Active,2,1,254.03,2026 UFA,,allen
NFC,LAR,Los Angeles Rams,14256,"Bailey, Jake ATL PN","Bailey, Jake",ATL,PN,Active,1.1,1,254.03,2026 UFA,,bailey
NFC,LAR,Los Angeles Rams,16642,"Stover, Cade HOU TE","Stover, Cade",HOU,TE,Active,1.08,2,254.03,2024 5.12,,stover
NFC,LAR,Los Angeles Rams,17585,"Miller, Christen NOS DT","Miller, Christen",NOS,DT,Active,1.05,4,254.03,2026 4.14,,miller
NFC,LAR,Los Angeles Rams,17127,"Johnson, Will ARI CB","Johnson, Will",ARI,CB,Active,1.06,3,254.03,2025 5.05,,johnson
NFC,LAR,Los Angeles Rams,16622,"Pearsall, Ricky SFO WR","Pearsall, Ricky",SFO,WR,INJURED_RESERVE,2.57,2,254.03,2024 1.15,,pearsall
NFC,LAR,Los Angeles Rams,17119,"Scourton, Nic CAR DE","Scourton, Nic",CAR,DE,INJURED_RESERVE,1.09,3,254.03,2025 4.13,,scourton
NFC,LAR,Los Angeles Rams,17594,"Clark, Bud SEA S","Clark, Bud",SEA,S,INJURED_RESERVE,1.1,4,254.03,2026 4.07,,clark
NFC,LAR,Los Angeles Rams,17612,"Proctor, Kaleb ARI DT","Proctor, Kaleb",ARI,DT,INJURED_RESERVE,0.94,3,254.03,2026 UDFA,,proctor
NFC,LAR,Los Angeles Rams,17596,"Crawford, Keyron LVR DE","Crawford, Keyron",LVR,DE,INJURED_RESERVE,0.98,4,254.03,2026 5.19,,crawford
NFC,LAR,Los Angeles Rams,17130,"Amos, Trey WAS CB","Amos, Trey",WAS,CB,INJURED_RESERVE,0.99,2,254.03,2025 UDFA,,amos
NFC,LAR,Los Angeles Rams,17487,"Taylor, J'Mari JAC RB","Taylor, J'Mari",JAC,RB,Taxi,0.94,3,254.03,2026 UDFA,,taylor
NFC,LAR,Los Angeles Rams,17536,"Bell, Dillon MIN WR","Bell, Dillon",MIN,WR,Taxi,0.94,3,254.03,2026 UDFA,,bell
NFC,LAR,Los Angeles Rams,17675,"Smith, Anthony FA WR","Smith, Anthony",FA,WR,Taxi,0.94,3,254.03,2026 UDFA,,smith
NFC,LAR,Los Angeles Rams,17538,"Wallace, Harrison ARI WR","Wallace, Harrison",ARI,WR,Taxi,0.94,3,254.03,2026 UDFA,,wallace
NFC,LAR,Los Angeles Rams,17699,"Bentley, Dallen DEN TE","Bentley, Dallen",DEN,TE,Taxi,0.94,3,254.03,2026 UDFA,,bentley
NFC,LAR,Los Angeles Rams,17591,"Boerkircher, Nate JAC TE","Boerkircher, Nate",JAC,TE,Taxi,0.94,3,254.03,2026 UDFA,,boerkircher
NFC,LAR,Los Angeles Rams,17602,"Regis, Albert JAC DT","Regis, Albert",JAC,DT,Taxi,0.94,3,254.03,2026 UDFA,,regis
NFC,LAR,Los Angeles Rams,17177,"West, CJ SFO DT","West, CJ",SFO,DT,Taxi,0.99,2,254.03,2025 UDFA,,west
NFC,LAR,Los Angeles Rams,17577,"Wheatley, Zakee CAR S","Wheatley, Zakee",CAR,S,Taxi,0.94,3,254.03,2026 UDFA,,wheatley
NFC,LAR,Los Angeles Rams,17468,"Allar, Drew PIT QB","Allar, Drew",PIT,QB,Taxi,1.01,4,254.03,2026 4.23,,allar
NFC,LAR,Los Angeles Rams,17254,"Mumpfield, Konata LAR WR","Mumpfield, Konata",LAR,WR,Taxi,0.99,2,254.03,2025 UDFA,,mumpfield
NFC,LAR,Los Angeles Rams,17581,"Cisse, Brandon GBP CB","Cisse, Brandon",GBP,CB,Taxi,0.98,4,254.03,2026 5.17,,cisse
NFC,LAR,Los Angeles Rams,17642,"Rivers, Chandler BAL CB","Rivers, Chandler",BAL,CB,Taxi,0.94,3,254.03,2026 UDFA,,rivers
NFC,LAR,Los Angeles Rams,17145,"Winston, Kevin TEN S","Winston, Kevin",TEN,S,Taxi,1.03,3,254.03,2025 5.16,,winston
NFC,SFO,San Francisco 49ers,15287,"St. Brown, Amon-Ra DET WR","St. Brown, Amon-Ra",DET,WR,Active,37.66,3,266.62,2024 iEXT,,st. brown
NFC,SFO,San Francisco 49ers,15845,"McDuffie, Trent LAR CB","McDuffie, Trent",LAR,CB,Active,3.51,1,266.62,2024 oEXT,,mcduffie
NFC,SFO,San Francisco 49ers,14908,"McKinney, Xavier GBP S","McKinney, Xavier",GBP,S,Active,4.74,1,266.62,2024 oEXT,,mckinney
NFC,SFO,San Francisco 49ers,16233,"Carter, Jalen PHI DT","Carter, Jalen",PHI,DT,Active,3.3,1,266.62,2023 1.12,,carter
NFC,SFO,San Francisco 49ers,16280,"Henley, Daiyan LAC LB","Henley, Daiyan",LAC,LB,Active,3.7,1,266.62,2023 3.13^,,henley
NFC,SFO,San Francisco 49ers,16581,"Daniels, Jayden WAS QB","Daniels, Jayden",WAS,QB,Active,3.72,2,266.62,2024 1.09,,daniels
NFC,SFO,San Francisco 49ers,16690,"Mitchell, Quinyon PHI CB","Mitchell, Quinyon",PHI,CB,Active,1.21,2,266.62,2024 3.21,,mitchell
NFC,SFO,San Francisco 49ers,13714,"James, Derwin LAC S","James, Derwin",LAC,S,Active,5.67,1,266.62,2024 B/R,,james
NFC,SFO,San Francisco 49ers,15805,"Hutchinson, Aidan DET DE","Hutchinson, Aidan",DET,DE,Active,10.78,4,266.62,2025 iEXT,,hutchinson
NFC,SFO,San Francisco 49ers,16629,"Wilson, Roman PIT WR","Wilson, Roman",PIT,WR,Active,1.81,2,266.62,2024 2.09,,wilson
NFC,SFO,San Francisco 49ers,15337,"Gray, Noah KCC TE","Gray, Noah",KCC,TE,Active,5.2,2,266.62,2026 oEXT,,gray
NFC,SFO,San Francisco 49ers,13696,"Smith, Roquan BAL LB","Smith, Roquan",BAL,LB,Active,9.9,2,266.62,2025 B/R,,smith
NFC,SFO,San Francisco 49ers,17043,"Henderson, TreVeyon NEP RB","Henderson, TreVeyon",NEP,RB,Active,5.28,3,266.62,2025 1.06,,henderson
NFC,SFO,San Francisco 49ers,17147,"Schwesinger, Carson CLE LB","Schwesinger, Carson",CLE,LB,Active,2.04,3,266.62,2025 2.06,,schwesinger
NFC,SFO,San Francisco 49ers,17132,"Starks, Malaki BAL S","Starks, Malaki",BAL,S,Active,1.41,3,266.62,2025 3.06,,starks
NFC,SFO,San Francisco 49ers,12697,"Robinson, A'Shawn TBB DT","Robinson, A'Shawn",TBB,DT,Active,8.36,1,266.62,2025 UFA,,robinson
NFC,SFO,San Francisco 49ers,14085,"Pollard, Tony TEN RB","Pollard, Tony",TEN,RB,Active,8.15,1,266.62,2025 UFA,,pollard
NFC,SFO,San Francisco 49ers,10775,"Wagner, Bobby FA LB","Wagner, Bobby",FA,LB,Active,4.81,1,266.62,2025 UFA,,wagner
NFC,SFO,San Francisco 49ers,17066,"Monangai, Kyle CHI RB","Monangai, Kyle",CHI,RB,Active,0.99,2,266.62,2025 UDFA,,monangai
NFC,SFO,San Francisco 49ers,16224,"Murphy, Myles CIN DE","Murphy, Myles",CIN,DE,Active,1.42,1,266.62,2023 3.11,,murphy
NFC,SFO,San Francisco 49ers,17141,"Hairston, Maxwell BUF CB","Hairston, Maxwell",BUF,CB,Active,1.13,3,266.62,2025 4.06,,hairston
NFC,SFO,San Francisco 49ers,17139,"Sanders, T.J. BUF DT","Sanders, T.J.",BUF,DT,Active,1.1,3,266.62,2025 4.12,,sanders
NFC,SFO,San Francisco 49ers,14777,"Burrow, Joe CIN QB","Burrow, Joe",CIN,QB,Active,26.97,2,266.62,2023 iEXT,,burrow
NFC,SFO,San Francisco 49ers,16628,"McMillan, Jalen TBB WR","McMillan, Jalen",TBB,WR,Active,1.36,2,266.62,2024 3.09,,mcmillan
NFC,SFO,San Francisco 49ers,13802,"Martin, Jake TEN DE","Martin, Jake",TEN,DE,Active,1.1,1,266.62,2026 ERFA,,martin
NFC,SFO,San Francisco 49ers,11244,"Kelce, Travis KCC TE","Kelce, Travis",KCC,TE,Active,9.9,1,266.62,2026 mEXT,,kelce
NFC,SFO,San Francisco 49ers,17499,"Lemon, Makai PHI WR","Lemon, Makai",PHI,WR,Active,7.14,4,266.62,2026 1.04,,lemon
NFC,SFO,San Francisco 49ers,17580,"Lawrence, Malachi DAL DE","Lawrence, Malachi",DAL,DE,Active,1.98,4,266.62,2026 2.07,,lawrence
NFC,SFO,San Francisco 49ers,17575,"McNeil-Warren, Emmanuel CLE S","McNeil-Warren, Emmanuel",CLE,S,Active,1.44,4,266.62,2026 3.04,,mcneil-warren
NFC,SFO,San Francisco 49ers,17590,"Ponds, D'Angelo NYJ CB","Ponds, D'Angelo",NYJ,CB,Active,1.08,4,266.62,2026 4.09,,ponds
NFC,SFO,San Francisco 49ers,17588,"Young, Zion BAL DE","Young, Zion",BAL,DE,Active,1.05,4,266.62,2026 4.13,,young
NFC,SFO,San Francisco 49ers,17685,"Heidenreich, Eli PIT RB","Heidenreich, Eli",PIT,RB,Active,0.99,4,266.62,2026 5.04,,heidenreich
NFC,SFO,San Francisco 49ers,13933,"Ford, Poona LAR DT","Ford, Poona",LAR,DT,Active,2,1,266.62,2026 UFA,,ford
NFC,SFO,San Francisco 49ers,15884,"Stout, Jordan NYG PN","Stout, Jordan",NYG,PN,Active,2,1,266.62,2026 UFA,,stout
NFC,SFO,San Francisco 49ers,13681,"Chubb, Bradley BUF DE","Chubb, Bradley",BUF,DE,Active,2.1,1,266.62,2026 UFA,,chubb
NFC,SFO,San Francisco 49ers,15409,"Barnes, Derrick DET LB","Barnes, Derrick",DET,LB,Active,2,1,266.62,2026 UFA,,barnes
NFC,SFO,San Francisco 49ers,12225,"Williams, Leonard SEA DT","Williams, Leonard",SEA,DT,Active,8.28,3,266.62,2026 UFA,,williams
NFC,SFO,San Francisco 49ers,13672,"Gesicki, Mike CIN TE","Gesicki, Mike",CIN,TE,Active,2,1,266.62,2026 UFA,,gesicki
NFC,SFO,San Francisco 49ers,16207,"Iosivas, Andrei CIN WR","Iosivas, Andrei",CIN,WR,Active,2,1,266.62,2026 UFA,,iosivas
NFC,SFO,San Francisco 49ers,13920,"Ward, Charvarius IND CB","Ward, Charvarius",IND,CB,Active,2.47,2,266.62,2026 UFA,,ward
NFC,SFO,San Francisco 49ers,16593,"Corum, Blake LAR RB","Corum, Blake",LAR,RB,Active,1.49,2,266.62,2024 3.03,,corum
NFC,SFO,San Francisco 49ers,16287,"Tucker, Tre LVR WR","Tucker, Tre",LVR,WR,Active,5.77,3,266.62,2026 SRFA,,tucker
NFC,SFO,San Francisco 49ers,14947,"Wonnum, D.J. DET DE","Wonnum, D.J.",DET,DE,Active,3.92,1,266.62,2024 UFA,,wonnum
NFC,SFO,San Francisco 49ers,17726,"Stevens, Drew WAS PK","Stevens, Drew",WAS,PK,Active,1.1,1,266.62,2026 UFA,,stevens
NFC,SFO,San Francisco 49ers,12186,"Diggs, Stefon WAS WR","Diggs, Stefon",WAS,WR,Active,12,1,266.62,2026 B/R,,diggs
NFC,SFO,San Francisco 49ers,13759,"Armstrong, Dorance WAS DE","Armstrong, Dorance",WAS,DE,INJURED_RESERVE,3.45,1,266.62,2026 oEXT,,armstrong
NFC,SFO,San Francisco 49ers,16215,"Musgrave, Luke GBP TE","Musgrave, Luke",GBP,TE,INJURED_RESERVE,1.88,1,266.62,2023 2.10,,musgrave
NFC,SFO,San Francisco 49ers,17504,"Daniels, CJ LAR WR","Daniels, CJ",LAR,WR,Taxi,0.98,4,266.62,2026 5.13,,daniels
NFC,SFO,San Francisco 49ers,9064,"Flacco, Joe CIN QB","Flacco, Joe",CIN,QB,Taxi,1.1,1,266.62,2025 R/F,,flacco
NFC,SFO,San Francisco 49ers,12141,"Mariota, Marcus WAS QB","Mariota, Marcus",WAS,QB,Taxi,1.1,1,266.62,2026 UFA,,mariota
NFC,SFO,San Francisco 49ers,16385,"Demercado, Emari DAL RB","Demercado, Emari",DAL,RB,Taxi,1.1,1,266.62,2026 UFA,,demercado
NFC,SFO,San Francisco 49ers,16012,"Alford, Dee BUF CB","Alford, Dee",BUF,CB,Taxi,1.1,1,266.62,2025 R/F,,alford
NFC,SFO,San Francisco 49ers,16201,"Hutchinson, Xavier HOU WR","Hutchinson, Xavier",HOU,WR,Taxi,1.1,1,266.62,2026 R/F,,hutchinson
NFC,SFO,San Francisco 49ers,15788,"Tolbert, Jalen MIA WR","Tolbert, Jalen",MIA,WR,Taxi,2,1,266.62,2026 UFA,,tolbert
NFC,SFO,San Francisco 49ers,14592,"Zaccheaus, Olamide ATL WR","Zaccheaus, Olamide",ATL,WR,Taxi,1.1,1,266.62,2025 R/F,,zaccheaus
NFC,SEA,Seattle Seahawks,15889,"Okonkwo, Chigoziem WAS TE","Okonkwo, Chigoziem",WAS,TE,Active,4.96,3,261.29,2023 oEXT,,okonkwo
NFC,SEA,Seattle Seahawks,16150,"Stroud, C.J. HOU QB","Stroud, C.J.",HOU,QB,Active,6.9,1,261.29,2023 1.04,,stroud
NFC,SEA,Seattle Seahawks,16195,"Wicks, Dontayvion PHI WR","Wicks, Dontayvion",PHI,WR,Active,3.74,4,261.29,2024 oEXT,,wicks
NFC,SEA,Seattle Seahawks,15716,"Robinson, Brian ATL RB","Robinson, Brian",ATL,RB,Active,5.88,3,261.29,2025 SRFA,,robinson
NFC,SEA,Seattle Seahawks,14896,"Queen, Patrick PIT LB","Queen, Patrick",PIT,LB,Active,8.72,1,261.29,2024 oEXT,,queen
NFC,SEA,Seattle Seahawks,17042,"Jeanty, Ashton LVR RB","Jeanty, Ashton",LVR,RB,Active,10.8,3,261.29,2025 1.01,,jeanty
NFC,SEA,Seattle Seahawks,17070,"Burden, Luther CHI WR","Burden, Luther",CHI,WR,Active,2.45,3,261.29,2025 2.01,,burden
NFC,SEA,Seattle Seahawks,16712,"Hunt, Jalyx PHI DE","Hunt, Jalyx",PHI,DE,Active,2.81,3,261.29,2025 UFA,,hunt
NFC,SEA,Seattle Seahawks,14217,"Barton, Cody TEN LB","Barton, Cody",TEN,LB,Active,4.95,2,261.29,2025 UFA,,barton
NFC,SEA,Seattle Seahawks,16265,"Dexter, Gervon ATL DT","Dexter, Gervon",ATL,DT,Active,3.7,1,261.29,2023 5.03^,,dexter
NFC,SEA,Seattle Seahawks,16681,"Reichard, Will MIN PK","Reichard, Will",MIN,PK,Active,2.05,3,261.29,2025 iEXT,,reichard
NFC,SEA,Seattle Seahawks,16188,"Johnston, Quentin LAC WR","Johnston, Quentin",LAC,WR,Active,4.1,1,261.29,2023 1.09,,johnston
NFC,SEA,Seattle Seahawks,16809,"Coker, Jalen CAR WR","Coker, Jalen",CAR,WR,Active,5.1,4,261.29,2024 iEXT,,coker
NFC,SEA,Seattle Seahawks,16794,"Briggs, Jowon NYJ DT","Briggs, Jowon",NYJ,DT,Active,2.09,3,261.29,2026 oEXT,,briggs
NFC,SEA,Seattle Seahawks,17136,"Nolen, Walter ARI DT","Nolen, Walter",ARI,DT,Active,1.54,3,261.29,2025 3.01,,nolen
NFC,SEA,Seattle Seahawks,16228,"Smith, Nolan PHI DE","Smith, Nolan",PHI,DE,Active,1.55,1,261.29,2023 3.04,,smith
NFC,SEA,Seattle Seahawks,16657,"Dorlus, Brandon ATL DT","Dorlus, Brandon",ATL,DT,Active,2.09,3,261.29,2026 oEXT,,dorlus
NFC,SEA,Seattle Seahawks,17339,"McNamara, Austin NYJ PN","McNamara, Austin",NYJ,PN,Active,2.01,3,261.29,2026 oEXT,,mcnamara
NFC,SEA,Seattle Seahawks,16222,"Kraft, Tucker GBP TE","Kraft, Tucker",GBP,TE,Active,3.7,1,261.29,2023 4.04^,,kraft
NFC,SEA,Seattle Seahawks,14800,"Dobbins, J.K. DEN RB","Dobbins, J.K.",DEN,RB,Active,7.45,1,261.29,2025 SRFA,,dobbins
NFC,SEA,Seattle Seahawks,16164,"Bigsby, Tank PHI RB","Bigsby, Tank",PHI,RB,Active,3.67,1,261.29,2026 ORFA3,,bigsby
NFC,SEA,Seattle Seahawks,15839,"Cross, Nick WAS S","Cross, Nick",WAS,S,Active,7.8,3,261.29,2026 ORFA5,,cross
NFC,SEA,Seattle Seahawks,15822,"Lloyd, Devin CAR LB","Lloyd, Devin",CAR,LB,Active,8.01,3,261.29,2026 mEXT,,lloyd
NFC,SEA,Seattle Seahawks,15789,"Watson, Christian GBP WR","Watson, Christian",GBP,WR,Active,30.01,4,261.29,2026 mEXT,,watson
NFC,SEA,Seattle Seahawks,17462,"Mendoza, Fernando LVR QB","Mendoza, Fernando",LVR,QB,Active,11.67,4,261.29,2026 1.01,,mendoza
NFC,SEA,Seattle Seahawks,17544,"Stowers, Eli PHI TE","Stowers, Eli",PHI,TE,Active,2.5,4,261.29,2026 2.01,,stowers
NFC,SEA,Seattle Seahawks,17511,"Fields, Malachi NYG WR","Fields, Malachi",NYG,WR,Active,1.67,4,261.29,2026 2.13,,fields
NFC,SEA,Seattle Seahawks,17579,"Banks, Caleb MIN DT","Banks, Caleb",MIN,DT,Active,1.32,4,261.29,2026 3.09,,banks
NFC,SEA,Seattle Seahawks,17508,"Bell, Skyler BUF WR","Bell, Skyler",BUF,WR,Active,1.25,4,261.29,2026 3.13,,bell
NFC,SEA,Seattle Seahawks,17482,"Washington Jr., Mike LVR RB","Washington Jr., Mike",LVR,RB,Active,1.1,4,261.29,2026 4.06,,washington jr.
NFC,SEA,Seattle Seahawks,14982,"Gilman, Alohi KCC S","Gilman, Alohi",KCC,S,Active,2,1,261.29,2026 UFA,,gilman
NFC,SEA,Seattle Seahawks,16145,"McMillian, Ja'Quan DEN CB","McMillian, Ja'Quan",DEN,CB,Active,2,1,261.29,2026 UFA,,mcmillian
NFC,SEA,Seattle Seahawks,14995,"Metellus, Josh MIN S","Metellus, Josh",MIN,S,Active,2.1,1,261.29,2026 UFA,,metellus
NFC,SEA,Seattle Seahawks,10700,"Cousins, Kirk LVR QB","Cousins, Kirk",LVR,QB,Active,3.6,1,261.29,2026 UFA,,cousins
NFC,SEA,Seattle Seahawks,15254,"Harris, Najee NYG RB","Harris, Najee",NYG,RB,Active,1.1,1,261.29,2026 UFA,,harris
NFC,SEA,Seattle Seahawks,17743,"Strand, Jack ATL QB","Strand, Jack",ATL,QB,Active,1.1,1,261.29,2026 UFA,,strand
NFC,SEA,Seattle Seahawks,15795,"Kolar, Charlie LAC TE","Kolar, Charlie",LAC,TE,Active,1.1,1,261.29,2026 R/F,,kolar
NFC,SEA,Seattle Seahawks,17554,"Parker, T.J. BUF DE","Parker, T.J.",BUF,DE,Active,1.86,4,261.29,2026 2.09,,parker
NFC,SEA,Seattle Seahawks,16274,"Williams, Garrett ARI CB","Williams, Garrett",ARI,CB,Active,1.1,1,261.29,2025 R/F,,williams
NFC,SEA,Seattle Seahawks,16300,"McGuire, Isaiah CLE DE","McGuire, Isaiah",CLE,DE,Active,1.1,1,261.29,2026 UFA,,mcguire
NFC,SEA,Seattle Seahawks,15681,"Elliss, Christian NEP LB","Elliss, Christian",NEP,LB,Active,1.1,1,261.29,2026 R/F,,elliss
NFC,SEA,Seattle Seahawks,17163,"Parrish, Jacob TBB CB","Parrish, Jacob",TBB,CB,Active,0.99,2,261.29,2025 UDFA,,parrish
NFC,SEA,Seattle Seahawks,17584,"Jacas, Gabe NEP DE","Jacas, Gabe",NEP,DE,Active,1.02,4,261.29,2026 4.19,,jacas
NFC,SEA,Seattle Seahawks,14954,"Hawkins, Jaylinn BAL S","Hawkins, Jaylinn",BAL,S,Active,3.45,2,261.29,2025 iEXT,,hawkins
NFC,SEA,Seattle Seahawks,17657,"Green, Taylen CLE QB","Green, Taylen",CLE,QB,Active,0.94,3,261.29,2026 UDFA,,green
NFC,SEA,Seattle Seahawks,15351,"Owusu-Koramoah, Jeremiah CLE LB","Owusu-Koramoah, Jeremiah",CLE,LB,INJURED_RESERVE,6.55,3,261.29,2025 B/R,,owusu-koramoah
NFC,SEA,Seattle Seahawks,17096,"Williams, Savion GBP WR","Williams, Savion",GBP,WR,INJURED_RESERVE,1.08,3,261.29,2025 4.15,,williams
NFC,SEA,Seattle Seahawks,15484,"Cooper, Jonathon DEN DE","Cooper, Jonathon",DEN,DE,Taxi,6.94,3,261.29,2025 iEXT,,cooper
AFC,BUF,Buffalo Bills,16162,"Gibbs, Jahmyr DET RB","Gibbs, Jahmyr",DET,RB,Active,6.9,1,266.62,2023 1.04,,gibbs
AFC,BUF,Buffalo Bills,16265,"Dexter, Gervon ATL DT","Dexter, Gervon",ATL,DT,Active,3.7,1,266.62,2023 5.13^,,dexter
AFC,BUF,Buffalo Bills,16223,"Anderson, Will HOU DE","Anderson, Will",HOU,DE,Active,4.48,1,266.62,2023 1.08,,anderson
AFC,BUF,Buffalo Bills,14109,"McLaurin, Terry WAS WR","McLaurin, Terry",WAS,WR,Active,10.29,2,266.62,2024 B/R,,mclaurin
AFC,BUF,Buffalo Bills,16641,"Bowers, Brock LVR TE","Bowers, Brock",LVR,TE,Active,7.02,2,266.62,2024 1.03,,bowers
AFC,BUF,Buffalo Bills,16614,"Harrison Jr., Marvin ARI WR","Harrison Jr., Marvin",ARI,WR,Active,6.14,2,266.62,2024 1.04,,harrison jr.
AFC,BUF,Buffalo Bills,16651,"Latu, Laiatu IND DE","Latu, Laiatu",IND,DE,Active,2.37,2,266.62,2024 2.01,,latu
AFC,BUF,Buffalo Bills,16677,"Bullard, Javon GBP S","Bullard, Javon",GBP,S,Active,1.44,2,266.62,2024 3.05,,bullard
AFC,BUF,Buffalo Bills,16148,"Young, Bryce CAR QB","Young, Bryce",CAR,QB,Active,7.93,1,266.62,2023 1.03,,young
AFC,BUF,Buffalo Bills,16681,"Reichard, Will MIN PK","Reichard, Will",MIN,PK,Active,1.03,1,266.62,2024 UDFA,,reichard
AFC,BUF,Buffalo Bills,17042,"Jeanty, Ashton LVR RB","Jeanty, Ashton",LVR,RB,Active,10.8,3,266.62,2025 1.01,,jeanty
AFC,BUF,Buffalo Bills,17081,"Egbuka, Emeka TBB WR","Egbuka, Emeka",TBB,WR,Active,3.19,3,266.62,2025 1.12,,egbuka
AFC,BUF,Buffalo Bills,17126,"Stutsman, Danny NOS LB","Stutsman, Danny",NOS,LB,Active,1.3,3,266.62,2025 3.12,,stutsman
AFC,BUF,Buffalo Bills,17055,"James, Jordan SFO RB","James, Jordan",SFO,RB,Active,1.13,3,266.62,2025 4.04,,james
AFC,BUF,Buffalo Bills,16667,"Gray, Cedric TEN LB","Gray, Cedric",TEN,LB,Active,1.17,2,266.62,2024 4.09,,gray
AFC,BUF,Buffalo Bills,16702,"Green, Renardo SFO CB","Green, Renardo",SFO,CB,Active,4.81,1,266.62,2025 UFA,,green
AFC,BUF,Buffalo Bills,17129,"Morrison, Benjamin TBB CB","Morrison, Benjamin",TBB,CB,Active,0.99,2,266.62,2025 UDFA,,morrison
AFC,BUF,Buffalo Bills,15839,"Cross, Nick WAS S","Cross, Nick",WAS,S,Active,6.66,2,266.62,2025 iEXT,,cross
AFC,BUF,Buffalo Bills,16165,"Spears, Tyjae TEN RB","Spears, Tyjae",TEN,RB,Active,1.46,1,266.62,2023 3.08,,spears
AFC,BUF,Buffalo Bills,16192,"Washington, Parker JAC WR","Washington, Parker",JAC,WR,Active,8.27,3,266.62,2026 oEXT,,washington
AFC,BUF,Buffalo Bills,15779,"Doubs, Romeo NEP WR","Doubs, Romeo",NEP,WR,Active,6.17,3,266.62,2025 iEXT,,doubs
AFC,BUF,Buffalo Bills,17139,"Sanders, T.J. BUF DT","Sanders, T.J.",BUF,DT,Active,1.03,3,266.62,2025 5.09,,sanders
AFC,BUF,Buffalo Bills,14777,"Burrow, Joe CIN QB","Burrow, Joe",CIN,QB,Active,27.27,3,266.62,2023 iEXT,,burrow
AFC,BUF,Buffalo Bills,14518,"Thompson, Jalen DAL S","Thompson, Jalen",DAL,S,Active,2.18,1,266.62,2026 oEXT,,thompson
AFC,BUF,Buffalo Bills,16615,"Nabers, Malik NYG WR","Nabers, Malik",NYG,WR,Active,8.15,2,266.62,2024 1.02,,nabers
AFC,BUF,Buffalo Bills,13920,"Ward, Charvarius IND CB","Ward, Charvarius",IND,CB,Active,2.09,1,266.62,2025 UFA,,ward
AFC,BUF,Buffalo Bills,17108,"Arroyo, Elijah SEA TE","Arroyo, Elijah",SEA,TE,Active,1.35,3,266.62,2025 3.09,,arroyo
AFC,BUF,Buffalo Bills,15806,"Thibodeaux, Kayvon NYG DE","Thibodeaux, Kayvon",NYG,DE,Active,5.51,4,266.62,2025 iEXT,,thibodeaux
AFC,BUF,Buffalo Bills,15831,"Chenal, Leo WAS LB","Chenal, Leo",WAS,LB,Active,2.1,3,266.62,2026 oEXT,,chenal
AFC,BUF,Buffalo Bills,17079,"Johnson, Tez TBB WR","Johnson, Tez",TBB,WR,Active,1.1,1,266.62,2026 ERFA,,johnson
AFC,BUF,Buffalo Bills,16788,"Vele, Devaughn NOS WR","Vele, Devaughn",NOS,WR,Active,1.1,1,266.62,2026 ERFA,,vele
AFC,BUF,Buffalo Bills,17557,"Styles, Sonny WAS LB","Styles, Sonny",WAS,LB,Active,4.52,4,266.62,2026 1.08,,styles
AFC,BUF,Buffalo Bills,17575,"McNeil-Warren, Emmanuel CLE S","McNeil-Warren, Emmanuel",CLE,S,Active,1.67,4,266.62,2026 2.13,,mcneil-warren
AFC,BUF,Buffalo Bills,17601,"Haulcy, A.J. IND S","Haulcy, A.J.",IND,S,Active,1.34,4,266.62,2026 3.08,,haulcy
AFC,BUF,Buffalo Bills,17664,"Eckley, Ryan BAL PN","Eckley, Ryan",BAL,PN,Active,0.99,4,266.62,2026 5.06,,eckley
AFC,BUF,Buffalo Bills,12697,"Robinson, A'Shawn TBB DT","Robinson, A'Shawn",TBB,DT,Active,4.56,2,266.62,2026 UFA,,robinson
AFC,BUF,Buffalo Bills,15808,"Karlaftis, George KCC DE","Karlaftis, George",KCC,DE,Active,7.89,2,266.62,2026 UFA,,karlaftis
AFC,BUF,Buffalo Bills,15405,"Stephens, Brandon NYJ CB","Stephens, Brandon",NYJ,CB,Active,1.1,1,266.62,2026 UFA,,stephens
AFC,BUF,Buffalo Bills,17613,"Halton, Gracen SFO DT","Halton, Gracen",SFO,DT,Active,1.08,4,266.62,2026 4.08,,halton
AFC,BUF,Buffalo Bills,17629,"Boettcher, Bryce IND LB","Boettcher, Bryce",IND,LB,Active,0.99,4,266.62,2026 5.08,,boettcher
AFC,BUF,Buffalo Bills,12218,"Armstead, Arik JAC DT","Armstead, Arik",JAC,DT,Active,1.1,1,266.62,2026 UFA,,armstead
AFC,BUF,Buffalo Bills,17619,"Dennis-Sutton, Dani GBP DE","Dennis-Sutton, Dani",GBP,DE,Active,1.04,4,266.62,2026 4.14,,dennis-sutton
AFC,BUF,Buffalo Bills,17685,"Heidenreich, Eli PIT RB","Heidenreich, Eli",PIT,RB,Active,0.94,3,266.62,2026 UDFA,,heidenreich
AFC,BUF,Buffalo Bills,17581,"Cisse, Brandon GBP CB","Cisse, Brandon",GBP,CB,Active,0.94,3,266.62,2026 UDFA,,cisse
AFC,BUF,Buffalo Bills,16234,"Simpson, Trenton BAL LB","Simpson, Trenton",BAL,LB,Active,1.1,1,266.62,2026 R/F,,simpson
AFC,BUF,Buffalo Bills,14918,"Terrell, A.J. ATL CB","Terrell, A.J.",ATL,CB,Active,1.1,1,266.62,2026 UFA,,terrell
AFC,BUF,Buffalo Bills,16256,"Bresee, Bryan NOS DT","Bresee, Bryan",NOS,DT,INJURED_RESERVE,3.7,1,266.62,2023 2.04^,,bresee
AFC,BUF,Buffalo Bills,16692,"Newton, Jer'Zhan WAS DT","Newton, Jer'Zhan",WAS,DT,INJURED_RESERVE,1.49,2,266.62,2024 3.03,,newton
AFC,BUF,Buffalo Bills,16671,"Arnold, Terrion SEA CB","Arnold, Terrion",SEA,CB,Taxi,1.18,2,266.62,2024 4.07,,arnold
AFC,BUF,Buffalo Bills,15484,"Cooper, Jonathon DEN DE","Cooper, Jonathon",DEN,DE,Taxi,9.26,2,266.62,2024 UFA,,cooper
AFC,MIA,Miami Dolphins,15287,"St. Brown, Amon-Ra DET WR","St. Brown, Amon-Ra",DET,WR,Active,37.05,3,266.62,2024 iEXT,,st. brown
AFC,MIA,Miami Dolphins,13837,"Franklin, Zaire GBP LB","Franklin, Zaire",GBP,LB,Active,9.41,1,266.62,2024 iEXT,,franklin
AFC,MIA,Miami Dolphins,16188,"Johnston, Quentin LAC WR","Johnston, Quentin",LAC,WR,Active,4.92,1,266.62,2023 1.07,,johnston
AFC,MIA,Miami Dolphins,16190,"Flowers, Zay BAL WR","Flowers, Zay",BAL,WR,Active,3.53,1,266.62,2023 1.11,,flowers
AFC,MIA,Miami Dolphins,14630,"Cole, A.J. LVR PN","Cole, A.J.",LVR,PN,Active,3.99,1,266.62,2024 iEXT,,cole
AFC,MIA,Miami Dolphins,13214,"Watt, T.J. PIT DE","Watt, T.J.",PIT,DE,Active,22.63,2,266.62,2024 B/R,,watt
AFC,MIA,Miami Dolphins,16580,"Maye, Drake NEP QB","Maye, Drake",NEP,QB,Active,3.22,2,266.62,2024 1.11,,maye
AFC,MIA,Miami Dolphins,16689,"Murphy, Byron SEA DT","Murphy, Byron",SEA,DT,Active,1.73,2,266.62,2024 2.11,,murphy
AFC,MIA,Miami Dolphins,14224,"Gardner-Johnson, Chauncey BUF S","Gardner-Johnson, Chauncey",BUF,S,Active,6.75,1,266.62,2024 UFA,,gardner-johnson
AFC,MIA,Miami Dolphins,15394,"Adebo, Paulson NYG CB","Adebo, Paulson",NYG,CB,Active,6.42,2,266.62,2024 iEXT,,adebo
AFC,MIA,Miami Dolphins,14995,"Metellus, Josh MIN S","Metellus, Josh",MIN,S,Active,5.88,1,266.62,2025 SRFA,,metellus
AFC,MIA,Miami Dolphins,15904,"Bland, DaRon DAL CB","Bland, DaRon",DAL,CB,Active,5.88,2,266.62,2025 SRFA,,bland
AFC,MIA,Miami Dolphins,17132,"Starks, Malaki BAL S","Starks, Malaki",BAL,S,Active,1.72,3,266.62,2025 2.12,,starks
AFC,MIA,Miami Dolphins,14717,"McLaughlin, Chase TBB PK","McLaughlin, Chase",TBB,PK,Active,2.11,2,266.62,2025 iEXT,,mclaughlin
AFC,MIA,Miami Dolphins,17102,"Warren, Tyler IND TE","Warren, Tyler",IND,TE,Active,3.41,3,266.62,2025 1.11,,warren
AFC,MIA,Miami Dolphins,17118,"Stewart, Josaiah LAR DE","Stewart, Josaiah",LAR,DE,Active,1.23,3,266.62,2025 3.17,,stewart
AFC,MIA,Miami Dolphins,17125,"Knight, Demetrius CIN LB","Knight, Demetrius",CIN,LB,Active,1.32,3,266.62,2025 3.11,,knight
AFC,MIA,Miami Dolphins,11769,"Lawrence, Demarcus SEA DE","Lawrence, Demarcus",SEA,DE,Active,3.34,1,266.62,2025 UFA,,lawrence
AFC,MIA,Miami Dolphins,9431,"Stafford, Matthew LAR QB","Stafford, Matthew",LAR,QB,Active,10.66,1,266.62,2025 UFA,,stafford
AFC,MIA,Miami Dolphins,13742,"Hill, B.J. CIN DT","Hill, B.J.",CIN,DT,Active,3.25,1,266.62,2025 UFA,,hill
AFC,MIA,Miami Dolphins,13164,"Kupp, Cooper SEA WR","Kupp, Cooper",SEA,WR,Active,4.18,1,266.62,2025 UFA,,kupp
AFC,MIA,Miami Dolphins,16013,"Landman, Nate LAR LB","Landman, Nate",LAR,LB,Active,3.27,1,266.62,2024 UFA,,landman
AFC,MIA,Miami Dolphins,13284,"Hendrickson, Trey BAL DE","Hendrickson, Trey",BAL,DE,Active,5.67,1,266.62,2024 iEXT,,hendrickson
AFC,MIA,Miami Dolphins,15708,"Hall, Breece NYJ RB","Hall, Breece",NYJ,RB,Active,15.12,1,266.62,2026 5YO,,hall
AFC,MIA,Miami Dolphins,17560,"Hill Jr., Anthony TEN LB","Hill Jr., Anthony",TEN,LB,Active,1.86,4,266.62,2026 2.09,,hill jr.
AFC,MIA,Miami Dolphins,17583,"Thomas, R Mason KCC DE","Thomas, R Mason",KCC,DE,Active,1.32,4,266.62,2026 3.09,,thomas
AFC,MIA,Miami Dolphins,17572,"Terrell, Avieon ATL CB","Terrell, Avieon",ATL,CB,Active,1.22,4,266.62,2026 3.15,,terrell
AFC,MIA,Miami Dolphins,16778,"Flournoy, Ryan DAL WR","Flournoy, Ryan",DAL,WR,Active,2,1,266.62,2026 UFA,,flournoy
AFC,MIA,Miami Dolphins,16279,"Moss, Riley DEN CB","Moss, Riley",DEN,CB,Active,2.2,1,266.62,2026 UFA,,moss
AFC,MIA,Miami Dolphins,13772,"Schultz, Dalton HOU TE","Schultz, Dalton",HOU,TE,Active,2.1,1,266.62,2026 UFA,,schultz
AFC,MIA,Miami Dolphins,13774,"Reed, D.J. DET CB","Reed, D.J.",DET,CB,Active,2.1,1,266.62,2026 UFA,,reed
AFC,MIA,Miami Dolphins,14893,"Baun, Zack PHI LB","Baun, Zack",PHI,LB,Active,6.39,3,266.62,2026 UFA,,baun
AFC,MIA,Miami Dolphins,15293,"Bateman, Rashod BAL WR","Bateman, Rashod",BAL,WR,Active,2,1,266.62,2026 UFA,,bateman
AFC,MIA,Miami Dolphins,11721,"Mack, Khalil LAC DE","Mack, Khalil",LAC,DE,Active,2.2,1,266.62,2026 UFA,,mack
AFC,MIA,Miami Dolphins,14800,"Dobbins, J.K. DEN RB","Dobbins, J.K.",DEN,RB,Active,10.08,3,266.62,2026 UFA,,dobbins
AFC,MIA,Miami Dolphins,14907,"Delpit, Grant CLE S","Delpit, Grant",CLE,S,Active,2.2,1,266.62,2026 UFA,,delpit
AFC,MIA,Miami Dolphins,13717,"Reid, Justin NOS S","Reid, Justin",NOS,S,Active,1.2,1,266.62,2026 UFA,,reid
AFC,MIA,Miami Dolphins,17482,"Washington Jr., Mike LVR RB","Washington Jr., Mike",LVR,RB,Active,1.04,4,266.62,2026 4.15,,washington jr.
AFC,MIA,Miami Dolphins,17519,"Lance, Bryce NOS WR","Lance, Bryce",NOS,WR,Active,0.94,3,266.62,2026 UDFA,,lance
AFC,MIA,Miami Dolphins,17547,"Klare, Max LAR TE","Klare, Max",LAR,TE,Active,1.05,4,266.62,2026 4.12,,klare
AFC,MIA,Miami Dolphins,17585,"Miller, Christen NOS DT","Miller, Christen",NOS,DT,Active,1.05,4,266.62,2026 4.13,,miller
AFC,MIA,Miami Dolphins,15358,"Togiai, Tommy HOU DT","Togiai, Tommy",HOU,DT,Active,1.1,1,266.62,2026 ERFA,,togiai
AFC,MIA,Miami Dolphins,13227,"Lewis, Jourdan JAC CB","Lewis, Jourdan",JAC,CB,Active,1.1,1,266.62,2026 R/F,,lewis
AFC,MIA,Miami Dolphins,14086,"Hill, Justice BAL RB","Hill, Justice",BAL,RB,Active,1.1,1,266.62,2026 UFA,,hill
AFC,MIA,Miami Dolphins,13806,"Elliott, DeShon PIT S","Elliott, DeShon",PIT,S,INJURED_RESERVE,4.94,2,266.62,2026 UFA,,elliott
AFC,NEP,New England Patriots,14782,"Love, Jordan GBP QB","Love, Jordan",GBP,QB,Active,11.5,3,259.69,2023 iEXT,,love
AFC,NEP,New England Patriots,15753,"Wilson, Garrett NYJ WR","Wilson, Garrett",NYJ,WR,Active,12.96,5,259.69,2025 iEXT,,wilson
AFC,NEP,New England Patriots,14167,"Hines-Allen, Josh JAC DE","Hines-Allen, Josh",JAC,DE,Active,14.64,1,259.69,2023 B/R,,hines-allen
AFC,NEP,New England Patriots,16252,"McDonald, Will NYJ DE","McDonald, Will",NYJ,DE,Active,3.7,1,259.69,2023 3.17^,,mcdonald
AFC,NEP,New England Patriots,14163,"Simmons, Jeffery TEN DT","Simmons, Jeffery",TEN,DT,Active,16.18,5,259.69,2025 oEXT,,simmons
AFC,NEP,New England Patriots,16206,"Wilson, Michael ARI WR","Wilson, Michael",ARI,WR,Active,1.14,1,259.69,2023 5.22,,wilson
AFC,NEP,New England Patriots,16698,"Sainristil, Mike WAS CB","Sainristil, Mike",WAS,CB,Active,1.2,2,259.69,2024 4.04,,sainristil
AFC,NEP,New England Patriots,15798,"Likely, Isaiah NYG TE","Likely, Isaiah",NYG,TE,Active,4.26,4,259.69,2024 iEXT,,likely
AFC,NEP,New England Patriots,16654,"Elliss, Jonah DEN DE","Elliss, Jonah",DEN,DE,Active,1.1,2,259.69,2024 4.24,,elliss
AFC,NEP,New England Patriots,16236,"To'oTo'o, Henry HOU LB","To'oTo'o, Henry",HOU,LB,Active,1.14,1,259.69,2023 5.21,,to'oto'o
AFC,NEP,New England Patriots,15349,"Phillips, Jaelan CAR DE","Phillips, Jaelan",CAR,DE,Active,11.89,4,259.69,2024 B/R,,phillips
AFC,NEP,New England Patriots,16629,"Wilson, Roman PIT WR","Wilson, Roman",PIT,WR,Active,1.93,2,259.69,2024 2.07,,wilson
AFC,NEP,New England Patriots,16268,"Turner, DJ CIN CB","Turner, DJ",CIN,CB,Active,1.14,1,259.69,2023 5.17,,turner
AFC,NEP,New England Patriots,15868,"Jones, Marcus NEP CB","Jones, Marcus",NEP,CB,Active,3.85,2,259.69,2026 oEXT,,jones
AFC,NEP,New England Patriots,17080,"Noel, Jaylin HOU WR","Noel, Jaylin",HOU,WR,Active,1.38,3,259.69,2025 3.08,,noel
AFC,NEP,New England Patriots,14218,"Okereke, Bobby CAR LB","Okereke, Bobby",CAR,LB,Active,8.02,2,259.69,2025 UFA,,okereke
AFC,NEP,New England Patriots,14059,"Jones, Daniel IND QB","Jones, Daniel",IND,QB,Active,6.38,1,259.69,2025 UFA,,jones
AFC,NEP,New England Patriots,17134,"Williams, Kyle NEP WR","Williams, Kyle",NEP,WR,Active,1.49,3,259.69,2025 3.03,,williams
AFC,NEP,New England Patriots,17148,"Collins, Alfred SFO DT","Collins, Alfred",SFO,DT,Active,1.16,3,259.69,2025 4.01,,collins
AFC,NEP,New England Patriots,17153,"Mukuba, Andrew PHI S","Mukuba, Andrew",PHI,S,Active,1.14,3,259.69,2025 4.03,,mukuba
AFC,NEP,New England Patriots,16080,"Shaheed, Rashid SEA WR","Shaheed, Rashid",SEA,WR,Active,7.28,4,259.69,2025 iEXT,,shaheed
AFC,NEP,New England Patriots,14900,"Madubuike, Nnamdi BAL DT","Madubuike, Nnamdi",BAL,DT,Active,7.39,3,259.69,2025 B/R,,madubuike
AFC,NEP,New England Patriots,15823,"Harris, Christian ATL LB","Harris, Christian",ATL,LB,Active,1.1,1,259.69,2026 R/F,,harris
AFC,NEP,New England Patriots,12752,"Byard, Kevin NEP S","Byard, Kevin",NEP,S,Active,9.48,1,259.69,2026 TT,,byard
AFC,NEP,New England Patriots,12626,"Henry, Derrick BAL RB","Henry, Derrick",BAL,RB,Active,20.33,2,259.69,2026 B/R,,henry
AFC,NEP,New England Patriots,17543,"Sadiq, Kenyon NYJ TE","Sadiq, Kenyon",NYJ,TE,Active,3.8,4,259.69,2026 1.10,,sadiq
AFC,NEP,New England Patriots,17500,"Boston, Denzel CLE WR","Boston, Denzel",CLE,WR,Active,3.08,4,259.69,2026 1.13,,boston
AFC,NEP,New England Patriots,17569,"McDonald, Kayden HOU DT","McDonald, Kayden",HOU,DT,Active,1.59,4,259.69,2026 2.15,,mcdonald
AFC,NEP,New England Patriots,17579,"Banks, Caleb MIN DT","Banks, Caleb",MIN,DT,Active,1.36,4,259.69,2026 3.07,,banks
AFC,NEP,New England Patriots,17507,"Branch, Zachariah ATL WR","Branch, Zachariah",ATL,WR,Active,1.26,4,259.69,2026 3.12,,branch
AFC,NEP,New England Patriots,13319,"Jones, Aaron MIN RB","Jones, Aaron",MIN,RB,Active,10,1,259.69,2026 UFA,,jones
AFC,NEP,New England Patriots,15861,"Bonitto, Nik DEN DE","Bonitto, Nik",DEN,DE,Active,11.05,4,259.69,2026 UFA,,bonitto
AFC,NEP,New England Patriots,14249,"Van Ginkel, Andrew MIN DE","Van Ginkel, Andrew",MIN,DE,Active,10.55,2,259.69,2026 UFA,,van ginkel
AFC,NEP,New England Patriots,17478,"Allen, Kaytron WAS RB","Allen, Kaytron",WAS,RB,Active,1.1,4,259.69,2026 4.05,,allen
AFC,NEP,New England Patriots,8851,"Folk, Nick ATL PK","Folk, Nick",ATL,PK,Active,1.1,1,259.69,2026 UFA,,folk
AFC,NEP,New England Patriots,13692,"Vea, Vita TBB DT","Vea, Vita",TBB,DT,Active,1.1,1,259.69,2026 UFA,,vea
AFC,NEP,New England Patriots,14256,"Bailey, Jake ATL PN","Bailey, Jake",ATL,PN,Active,1.1,1,259.69,2026 R/F,,bailey
AFC,NEP,New England Patriots,17171,"Dike, Chimere TEN WR","Dike, Chimere",TEN,WR,Active,1.06,3,259.69,2025 5.03,,dike
AFC,NEP,New England Patriots,15786,"Nailor, Jalen LVR WR","Nailor, Jalen",LVR,WR,Active,1.1,1,259.69,2026 ERFA,,nailor
AFC,NEP,New England Patriots,17634,"Jefferson, Justin CLE LB","Jefferson, Justin",CLE,LB,Active,1,4,259.69,2026 5.03,,jefferson
AFC,NEP,New England Patriots,17582,"Stukes, Treydan LVR S","Stukes, Treydan",LVR,S,Active,1.09,4,259.69,2026 4.07,,stukes
AFC,NEP,New England Patriots,17706,"Benson, Malik LVR WR","Benson, Malik",LVR,WR,Active,0.94,3,259.69,2026 UDFA,,benson
AFC,NEP,New England Patriots,17542,"Young, Colbie CIN WR","Young, Colbie",CIN,WR,Active,0.94,3,259.69,2026 UDFA,,young
AFC,NEP,New England Patriots,17597,"Height, Romello SFO DE","Height, Romello",SFO,DE,Active,0.94,3,259.69,2026 UDFA,,height
AFC,NEP,New England Patriots,17640,"Taaffe, Michael MIA S","Taaffe, Michael",MIA,S,Active,0.94,3,259.69,2026 UDFA,,taaffe
AFC,NEP,New England Patriots,15872,"Bryant, Coby CHI S","Bryant, Coby",CHI,S,INJURED_RESERVE,3.83,4,259.69,2026 UFA,,bryant
AFC,NEP,New England Patriots,17626,"Smith, Genesis LAC S","Smith, Genesis",LAC,S,Taxi,0.94,3,259.69,2026 UDFA,,smith
AFC,NYJ,New York Jets,16264,"Benton, Keeanu PIT DT","Benton, Keeanu",PIT,DT,Active,3.7,1,248.08,2023 5.02^,,benton
AFC,NYJ,New York Jets,14842,"Pittman, Michael PIT WR","Pittman, Michael",PIT,WR,Active,14.56,1,248.08,2024 oEXT,,pittman
AFC,NYJ,New York Jets,16251,"Gonzalez, Christian NEP CB","Gonzalez, Christian",NEP,CB,Active,3.7,1,248.08,2023 4.05^,,gonzalez
AFC,NYJ,New York Jets,15794,"McBride, Trey ARI TE","McBride, Trey",ARI,TE,Active,16.57,5,248.08,2025 iEXT,,mcbride
AFC,NYJ,New York Jets,16619,"Franklin, Troy DEN WR","Franklin, Troy",DEN,WR,Active,1.52,2,248.08,2024 3.02,,franklin
AFC,NYJ,New York Jets,16675,"DeJean, Cooper PHI CB","DeJean, Cooper",PHI,CB,Active,1.25,2,248.08,2024 3.16,,dejean
AFC,NYJ,New York Jets,16705,"Bullock, Calen HOU S","Bullock, Calen",HOU,S,Active,1.08,2,248.08,2024 5.11,,bullock
AFC,NYJ,New York Jets,16697,"Smith, Maason ATL DT","Smith, Maason",ATL,DT,Active,1.08,2,248.08,2024 5.16,,smith
AFC,NYJ,New York Jets,11675,"Adams, Davante LAR WR","Adams, Davante",LAR,WR,Active,23.96,1,248.08,2024 UFA,,adams
AFC,NYJ,New York Jets,17030,"Ward, Cam TEN QB","Ward, Cam",TEN,QB,Active,6.72,3,248.08,2025 1.04,,ward
AFC,NYJ,New York Jets,17072,"Harris, Tre LAC WR","Harris, Tre",LAC,WR,Active,2.18,3,248.08,2025 2.04,,harris
AFC,NYJ,New York Jets,17056,"Etienne, Trevor CAR RB","Etienne, Trevor",CAR,RB,Active,1.14,3,248.08,2025 4.02,,etienne
AFC,NYJ,New York Jets,16226,"Wilson, Tyree NOS DE","Wilson, Tyree",NOS,DE,Active,2.78,1,248.08,2023 1.15,,wilson
AFC,NYJ,New York Jets,17181,"Ransom, Lathan CAR S","Ransom, Lathan",CAR,S,Active,0.99,2,248.08,2025 UDFA,,ransom
AFC,NYJ,New York Jets,17205,"Lambert-Smith, KeAndre LAC WR","Lambert-Smith, KeAndre",LAC,WR,Active,0.99,2,248.08,2025 UDFA,,lambert-smith
AFC,NYJ,New York Jets,16274,"Williams, Garrett ARI CB","Williams, Garrett",ARI,CB,Active,1.14,1,248.08,2023 5.26,,williams
AFC,NYJ,New York Jets,16596,"Allen, Braelon NYJ RB","Allen, Braelon",NYJ,RB,Active,1.33,2,248.08,2024 3.11,,allen
AFC,NYJ,New York Jets,13682,"Key, Arden IND DE","Key, Arden",IND,DE,Active,1.1,1,248.08,2026 R/F,,key
AFC,NYJ,New York Jets,14892,"Brooks, Jordyn MIA LB","Brooks, Jordyn",MIA,LB,Active,14.84,1,248.08,2026 NEFT,,brooks
AFC,NYJ,New York Jets,14802,"Taylor, Jonathan IND RB","Taylor, Jonathan",IND,RB,Active,18.67,2,248.08,2025 oEXT,,taylor
AFC,NYJ,New York Jets,16278,"Diaby, YaYa TBB DE","Diaby, YaYa",TBB,DE,Active,7.5,3,248.08,2026 RRFA,,diaby
AFC,NYJ,New York Jets,14888,"Chaisson, K'Lavon WAS DE","Chaisson, K'Lavon",WAS,DE,Active,3.49,2,248.08,2026 oEXT,,chaisson
AFC,NYJ,New York Jets,14105,"Brown, Marquise PHI WR","Brown, Marquise",PHI,WR,Active,3.9,2,248.08,2026 B/R,,brown
AFC,NYJ,New York Jets,17556,"Reese, Arvell NYG LB","Reese, Arvell",NYG,LB,Active,3.28,4,248.08,2026 1.12,,reese
AFC,NYJ,New York Jets,17559,"Lawson, Deontae FA LB","Lawson, Deontae",FA,LB,Active,0.94,3,248.08,2026 UDFA,,lawson
AFC,NYJ,New York Jets,17577,"Wheatley, Zakee CAR S","Wheatley, Zakee",CAR,S,Active,0.94,3,248.08,2026 UDFA,,wheatley
AFC,NYJ,New York Jets,17676,"Hall, TJ NOS CB","Hall, TJ",NOS,CB,Active,0.94,3,248.08,2026 UDFA,,hall
AFC,NYJ,New York Jets,17690,"Hughes, Parker JAC LB","Hughes, Parker",JAC,LB,Active,0.94,3,248.08,2026 UDFA,,hughes
AFC,NYJ,New York Jets,13299,"Kittle, George SFO TE","Kittle, George",SFO,TE,Active,18.05,2,248.08,2026 UFA,,kittle
AFC,NYJ,New York Jets,13839,"Sieler, Zach MIA DT","Sieler, Zach",MIA,DT,Active,4.75,2,248.08,2026 UFA,,sieler
AFC,NYJ,New York Jets,12225,"Williams, Leonard SEA DT","Williams, Leonard",SEA,DT,Active,14.94,3,248.08,2026 UFA,,williams
AFC,NYJ,New York Jets,15355,"Bolton, Nick KCC LB","Bolton, Nick",KCC,LB,Active,10.4,5,248.08,2026 UFA,,bolton
AFC,NYJ,New York Jets,15911,"Araiza, Matt KCC PN","Araiza, Matt",KCC,PN,Active,1.1,1,248.08,2026 UFA,,araiza
AFC,NYJ,New York Jets,11945,"Santos, Cairo CHI PK","Santos, Cairo",CHI,PK,Active,1.1,1,248.08,2026 UFA,,santos
AFC,NYJ,New York Jets,12772,"Murray, Eric JAC S","Murray, Eric",JAC,S,Active,1.1,1,248.08,2026 UFA,,murray
AFC,NYJ,New York Jets,15319,"Palmer, Joshua BUF WR","Palmer, Joshua",BUF,WR,Active,1.1,1,248.08,2026 UFA,,palmer
AFC,NYJ,New York Jets,16383,"Pace, Ivan MIN LB","Pace, Ivan",MIN,LB,Active,1.1,1,248.08,2026 UFA,,pace
AFC,NYJ,New York Jets,14925,"Uche, Josh MIA DE","Uche, Josh",MIA,DE,Active,1.1,1,248.08,2026 R/F,,uche
AFC,NYJ,New York Jets,16281,"Brown, Ji'Ayir SFO S","Brown, Ji'Ayir",SFO,S,Active,1.1,1,248.08,2026 ERFA,,brown
AFC,NYJ,New York Jets,12620,"Prescott, Dak DAL QB","Prescott, Dak",DAL,QB,Active,40.93,2,248.08,2021 EXT,,prescott
AFC,NYJ,New York Jets,16333,"Higgins, Elijah ARI TE","Higgins, Elijah",ARI,TE,Active,1.1,1,248.08,2026 UFA,,higgins
AFC,NYJ,New York Jets,16752,"Davis, Isaiah NYJ RB","Davis, Isaiah",NYJ,RB,Active,1.1,1,248.08,2026 UFA,,davis
AFC,BAL,Baltimore Ravens,14779,"Herbert, Justin LAC QB","Herbert, Justin",LAC,QB,Active,15.59,3,262.58,2023 iEXT,,herbert
AFC,BAL,Baltimore Ravens,15346,"Rousseau, Gregory BUF DE","Rousseau, Gregory",BUF,DE,Active,7.37,2,262.58,2024 iEXT,,rousseau
AFC,BAL,Baltimore Ravens,15711,"Walker III, Kenneth KCC RB","Walker III, Kenneth",KCC,RB,Active,10.99,1,262.58,2025 iEXT,,walker iii
AFC,BAL,Baltimore Ravens,16650,"Turner, Dallas MIN DE","Turner, Dallas",MIN,DE,Active,2.1,2,262.58,2024 2.04,,turner
AFC,BAL,Baltimore Ravens,14927,"Chinn, Jeremy LVR S","Chinn, Jeremy",LVR,S,Active,5.01,2,262.58,2026 oEXT,,chinn
AFC,BAL,Baltimore Ravens,16187,"Downs, Josh IND WR","Downs, Josh",IND,WR,Active,1.57,1,262.58,2023 3.03,,downs
AFC,BAL,Baltimore Ravens,14909,"Winfield, Antoine TBB S","Winfield, Antoine",TBB,S,Active,9.11,2,262.58,2026 oEXT,,winfield
AFC,BAL,Baltimore Ravens,14303,"Elliss, Kaden NOS LB","Elliss, Kaden",NOS,LB,Active,5.85,1,262.58,2025 UFA,,elliss
AFC,BAL,Baltimore Ravens,16186,"Addison, Jordan MIN WR","Addison, Jordan",MIN,WR,Active,5.45,1,262.58,2023 1.06,,addison
AFC,BAL,Baltimore Ravens,16620,"Worthy, Xavier KCC WR","Worthy, Xavier",KCC,WR,Active,4.04,2,262.58,2024 1.08,,worthy
AFC,BAL,Baltimore Ravens,17044,"Hampton, Omarion LAC RB","Hampton, Omarion",LAC,RB,Active,5.92,3,262.58,2025 1.05,,hampton
AFC,BAL,Baltimore Ravens,16224,"Murphy, Myles CIN DE","Murphy, Myles",CIN,DE,Active,3.3,2,262.58,2026 oEXT,,murphy
AFC,BAL,Baltimore Ravens,14158,"Oliver, Ed BUF DT","Oliver, Ed",BUF,DT,Active,7.6,1,262.58,2023 iEXT,,oliver
AFC,BAL,Baltimore Ravens,17074,"Hunter, Travis JAC WR","Hunter, Travis",JAC,WR,Active,9.05,3,262.58,2025 1.02,,hunter
AFC,BAL,Baltimore Ravens,15762,"Pickens, George DAL WR","Pickens, George",DAL,WR,Active,36,3,262.58,2026 mEXT,,pickens
AFC,BAL,Baltimore Ravens,17555,"Woods, Peter KCC DT","Woods, Peter",KCC,DT,Active,1.49,4,262.58,2026 3.02,,woods
AFC,BAL,Baltimore Ravens,17587,"Moore, Derrick DET DE","Moore, Derrick",DET,DE,Active,1.41,4,262.58,2026 3.05,,moore
AFC,BAL,Baltimore Ravens,17558,"Allen, CJ IND LB","Allen, CJ",IND,LB,Active,1.98,4,262.58,2026 2.07,,allen
AFC,BAL,Baltimore Ravens,11244,"Kelce, Travis KCC TE","Kelce, Travis",KCC,TE,Active,5,1,262.58,2026 UFA,,kelce
AFC,BAL,Baltimore Ravens,16927,"Redmond, Jalen MIN DT","Redmond, Jalen",MIN,DT,Active,11.34,3,262.58,2026 UFA,,redmond
AFC,BAL,Baltimore Ravens,12711,"Ramsey, Jalen PIT CB","Ramsey, Jalen",PIT,CB,Active,2.2,1,262.58,2026 UFA,,ramsey
AFC,BAL,Baltimore Ravens,15889,"Okonkwo, Chigoziem WAS TE","Okonkwo, Chigoziem",WAS,TE,Active,2,1,262.58,2026 UFA,,okonkwo
AFC,BAL,Baltimore Ravens,14251,"Cashman, Blake MIN LB","Cashman, Blake",MIN,LB,Active,6.7,1,262.58,2026 UFA,,cashman
AFC,BAL,Baltimore Ravens,12616,"Brissett, Jacoby ARI QB","Brissett, Jacoby",ARI,QB,Active,5,1,262.58,2026 UFA,,brissett
AFC,BAL,Baltimore Ravens,13737,"Bates, Jessie ATL S","Bates, Jessie",ATL,S,Active,5.1,1,262.58,2026 UFA,,bates
AFC,BAL,Baltimore Ravens,15815,"Walker, Travon JAC DE","Walker, Travon",JAC,DE,Active,6.03,3,262.58,2026 UFA,,walker
AFC,BAL,Baltimore Ravens,16178,"Mitchell, Keaton LAC RB","Mitchell, Keaton",LAC,RB,Active,2,1,262.58,2026 UFA,,mitchell
AFC,BAL,Baltimore Ravens,17107,"Ferguson, Terrance LAR TE","Ferguson, Terrance",LAR,TE,Active,1.25,3,262.58,2025 3.15,,ferguson
AFC,BAL,Baltimore Ravens,15368,"McPherson, Evan CIN PK","McPherson, Evan",CIN,PK,Active,1.1,1,262.58,2026 R/F,,mcpherson
AFC,BAL,Baltimore Ravens,16716,"Wilson, Payton PIT LB","Wilson, Payton",PIT,LB,Active,1.29,2,262.58,2024 3.14,,wilson
AFC,BAL,Baltimore Ravens,17476,"Singleton, Nicholas TEN RB","Singleton, Nicholas",TEN,RB,Active,1.14,4,262.58,2026 4.01,,singleton
AFC,BAL,Baltimore Ravens,16693,"Sweat, T'Vondre NYJ DT","Sweat, T'Vondre",NYJ,DT,Active,1.23,2,262.58,2024 3.19,,sweat
AFC,BAL,Baltimore Ravens,17082,"Bryant, Pat DEN WR","Bryant, Pat",DEN,WR,Active,1.09,3,262.58,2025 4.12,,bryant
AFC,BAL,Baltimore Ravens,15051,"Townsend, Tommy TEN PN","Townsend, Tommy",TEN,PN,Active,1.1,1,262.58,2026 UFA,,townsend
AFC,BAL,Baltimore Ravens,15357,"Barmore, Christian NEP DT","Barmore, Christian",NEP,DT,Active,2,1,262.58,2026 UFA,,barmore
AFC,BAL,Baltimore Ravens,11757,"Donald, Aaron LAR DT","Donald, Aaron",LAR,DT,Active,5.5,1,262.58,2026 UFA,,donald
AFC,BAL,Baltimore Ravens,16342,"Douglas, Demario NEP WR","Douglas, Demario",NEP,WR,Active,1.1,1,262.58,2026 UFA,,douglas
AFC,BAL,Baltimore Ravens,17031,"Sanders, Shedeur CLE QB","Sanders, Shedeur",CLE,QB,Active,1.24,3,262.58,2025 3.16,,sanders
AFC,BAL,Baltimore Ravens,9051,"Campbell, Calais BAL DT","Campbell, Calais",BAL,DT,Active,2,1,262.58,2026 UFA,,campbell
AFC,BAL,Baltimore Ravens,16267,"Stevenson, Tyrique CHI CB","Stevenson, Tyrique",CHI,CB,Active,2,1,262.58,2026 UFA,,stevenson
AFC,BAL,Baltimore Ravens,15950,"Watson, Jaylen LAR CB","Watson, Jaylen",LAR,CB,Active,2,1,262.58,2026 UFA,,watson
AFC,BAL,Baltimore Ravens,16725,"Mustapha, Malik SFO S","Mustapha, Malik",SFO,S,Active,2.06,3,262.58,2025 iEXT,,mustapha
AFC,BAL,Baltimore Ravens,14136,"Samuel, Deebo SFO WR","Samuel, Deebo",SFO,WR,Active,2,1,262.58,2026 UFA,,samuel
AFC,BAL,Baltimore Ravens,13113,"Watson, Deshaun CLE QB","Watson, Deshaun",CLE,QB,Active,1.1,1,262.58,2026 R/F,,watson
AFC,BAL,Baltimore Ravens,14924,"Johnson, Jaylon CHI CB","Johnson, Jaylon",CHI,CB,Active,2,1,262.58,2026 UFA,,johnson
AFC,BAL,Baltimore Ravens,17164,"Williams, Nohl KCC CB","Williams, Nohl",KCC,CB,Active,1.1,1,262.58,2026 R/F,,williams
AFC,BAL,Baltimore Ravens,14840,"Aiyuk, Brandon SFO WR","Aiyuk, Brandon",SFO,WR,INJURED_RESERVE,2.38,2,262.58,2026 B/R,,aiyuk
AFC,BAL,Baltimore Ravens,16622,"Pearsall, Ricky SFO WR","Pearsall, Ricky",SFO,WR,INJURED_RESERVE,2.71,2,262.58,2024 1.14,,pearsall
AFC,BAL,Baltimore Ravens,15864,"Wright, Alex CLE DE","Wright, Alex",CLE,DE,INJURED_RESERVE,3.17,2,262.58,2025 iEXT,,wright
AFC,BAL,Baltimore Ravens,17151,"Turner, Shemar CHI DT","Turner, Shemar",CHI,DT,INJURED_RESERVE,1.18,3,262.58,2025 3.22,,turner
AFC,BAL,Baltimore Ravens,16300,"McGuire, Isaiah CLE DE","McGuire, Isaiah",CLE,DE,Taxi,1.1,1,262.58,2026 R/F,,mcguire
AFC,BAL,Baltimore Ravens,13354,"Butker, Harrison KCC PK","Butker, Harrison",KCC,PK,Taxi,1.1,1,262.58,2026 UFA,,butker
AFC,BAL,Baltimore Ravens,14434,"Reaves, Jeremy WAS S","Reaves, Jeremy",WAS,S,Taxi,1.1,1,262.58,2026 UFA,,reaves
AFC,BAL,Baltimore Ravens,14985,"Mann, Braden PHI PN","Mann, Braden",PHI,PN,Taxi,1.1,1,262.58,2026 UFA,,mann
AFC,BAL,Baltimore Ravens,10775,"Wagner, Bobby FA LB","Wagner, Bobby",FA,LB,Taxi,2.1,1,262.58,2026 UFA,,wagner
AFC,BAL,Baltimore Ravens,15173,"Tart, Teair LAC DT","Tart, Teair",LAC,DT,Taxi,1.1,1,262.58,2026 R/F,,tart
AFC,CIN,Cincinnati Bengals,15365,"Moehrig, Trevon CAR S","Moehrig, Trevon",CAR,S,Active,6.92,1,266.62,2024 iEXT,,moehrig
AFC,CIN,Cincinnati Bengals,16276,"Young, Byron LAR DE","Young, Byron",LAR,DE,Active,5.81,1,266.62,2023 3.12^,,young
AFC,CIN,Cincinnati Bengals,16351,"Evans, Ethan LAR PN","Evans, Ethan",LAR,PN,Active,1.14,1,266.62,2023 5.25,,evans
AFC,CIN,Cincinnati Bengals,16284,"Williams, Dorian BUF LB","Williams, Dorian",BUF,LB,Active,1.17,1,266.62,2023 5.10,,williams
AFC,CIN,Cincinnati Bengals,16579,"Williams, Caleb CHI QB","Williams, Caleb",CHI,QB,Active,9.67,2,266.62,2024 1.01,,williams
AFC,CIN,Cincinnati Bengals,14073,"Jacobs, Josh GBP RB","Jacobs, Josh",GBP,RB,Active,14.27,1,266.62,2024 UFA,,jacobs
AFC,CIN,Cincinnati Bengals,13710,"Davis, Carlton NEP CB","Davis, Carlton",NEP,CB,Active,2.22,1,266.62,2024 iEXT,,davis
AFC,CIN,Cincinnati Bengals,17051,"Judkins, Quinshon CLE RB","Judkins, Quinshon",CLE,RB,Active,5.28,3,266.62,2025 1.06,,judkins
AFC,CIN,Cincinnati Bengals,17123,"Campbell, Jihaad PHI LB","Campbell, Jihaad",PHI,LB,Active,2.04,3,266.62,2025 2.06,,campbell
AFC,CIN,Cincinnati Bengals,17120,"Green, Mike BAL DE","Green, Mike",BAL,DE,Active,1.41,3,266.62,2025 3.06,,green
AFC,CIN,Cincinnati Bengals,17098,"Horton, Tory SEA WR","Horton, Tory",SEA,WR,Active,1.12,3,266.62,2025 4.06,,horton
AFC,CIN,Cincinnati Bengals,13470,"Moore, Kenny FA CB","Moore, Kenny",FA,CB,Active,3.07,2,266.62,2025 UFA,,moore
AFC,CIN,Cincinnati Bengals,13635,"Moore, D.J. BUF WR","Moore, D.J.",BUF,WR,Active,14.42,3,266.62,2026 oEXT,,moore
AFC,CIN,Cincinnati Bengals,13298,"Stewart, Grover IND DT","Stewart, Grover",IND,DT,Active,16.41,1,266.62,2025 UFA,,stewart
AFC,CIN,Cincinnati Bengals,14957,"Robertson, Amik WAS CB","Robertson, Amik",WAS,CB,Active,1.1,1,266.62,2025 R/F,,robertson
AFC,CIN,Cincinnati Bengals,14170,"Bush, Devin CHI LB","Bush, Devin",CHI,LB,Active,10.26,3,266.62,2026 oEXT,,bush
AFC,CIN,Cincinnati Bengals,14122,"Slayton, Darius NYG WR","Slayton, Darius",NYG,WR,Active,1.1,1,266.62,2025 R/F,,slayton
AFC,CIN,Cincinnati Bengals,13748,"Jones, Justin FA DT","Jones, Justin",FA,DT,Active,3.86,2,266.62,2025 UFA,,jones
AFC,CIN,Cincinnati Bengals,16640,"Cowing, Jacob SFO WR","Cowing, Jacob",SFO,WR,Active,1.22,2,266.62,2024 4.01,,cowing
AFC,CIN,Cincinnati Bengals,16652,"Trice, Bralen ATL DE","Trice, Bralen",ATL,DE,Active,1.54,2,266.62,2024 3.01,,trice
AFC,CIN,Cincinnati Bengals,15254,"Harris, Najee NYG RB","Harris, Najee",NYG,RB,Active,4.16,2,266.62,2025 UFA,,harris
AFC,CIN,Cincinnati Bengals,12688,"Buckner, DeForest IND DT","Buckner, DeForest",IND,DT,Active,17.56,1,266.62,2025 UFA,,buckner
AFC,CIN,Cincinnati Bengals,14910,"Jones, Brandon DEN S","Jones, Brandon",DEN,S,Active,5.88,1,266.62,2025 SRFA,,jones
AFC,CIN,Cincinnati Bengals,14871,"Parkinson, Colby LAR TE","Parkinson, Colby",LAR,TE,Active,1.1,1,266.62,2026 R/F,,parkinson
AFC,CIN,Cincinnati Bengals,15813,"Enagbare, Kingsley NYJ DE","Enagbare, Kingsley",NYJ,DE,Active,1.1,1,266.62,2026 R/F,,enagbare
AFC,CIN,Cincinnati Bengals,14405,"Granderson, Carl NOS DE","Granderson, Carl",NOS,DE,Active,5.92,1,266.62,2026 ORFAN,,granderson
AFC,CIN,Cincinnati Bengals,16018,"Blankenship, Reed HOU S","Blankenship, Reed",HOU,S,Active,3.75,1,266.62,2026 ORFAN,,blankenship
AFC,CIN,Cincinnati Bengals,14127,"Meyers, Jakobi JAC WR","Meyers, Jakobi",JAC,WR,Active,9.12,2,266.62,2026 mEXT,,meyers
AFC,CIN,Cincinnati Bengals,15694,"Willis, Malik MIA QB","Willis, Malik",MIA,QB,Active,10.1,1,266.62,2026 mEXT,,willis
AFC,CIN,Cincinnati Bengals,17473,"Price, Jadarian SEA RB","Price, Jadarian",SEA,RB,Active,8.26,4,266.62,2026 1.03,,price
AFC,CIN,Cincinnati Bengals,17576,"Thieneman, Dillon CHI S","Thieneman, Dillon",CHI,S,Active,2.29,4,266.62,2026 2.03,,thieneman
AFC,CIN,Cincinnati Bengals,17554,"Parker, T.J. BUF DE","Parker, T.J.",BUF,DE,Active,1.46,4,266.62,2026 3.03,,parker
AFC,CIN,Cincinnati Bengals,17529,"Thompson, Brenen LAC WR","Thompson, Brenen",LAC,WR,Active,1.12,4,266.62,2026 4.03,,thompson
AFC,CIN,Cincinnati Bengals,14861,"Johnson, Juwan NOS TE","Johnson, Juwan",NOS,TE,Active,4.85,2,266.62,2026 UFA,,johnson
AFC,CIN,Cincinnati Bengals,13192,"Njoku, David LAC TE","Njoku, David",LAC,TE,Active,2,1,266.62,2026 UFA,,njoku
AFC,CIN,Cincinnati Bengals,16283,"Overshown, DeMarvion DAL LB","Overshown, DeMarvion",DAL,LB,Active,7.51,2,266.62,2026 UFA,,overshown
AFC,CIN,Cincinnati Bengals,13223,"Humphrey, Marlon BAL CB","Humphrey, Marlon",BAL,CB,Active,3.8,2,266.62,2026 UFA,,humphrey
AFC,CIN,Cincinnati Bengals,15362,"Surtain II, Patrick DEN CB","Surtain II, Patrick",DEN,CB,Active,3.15,3,266.62,2026 UFA,,surtain ii
AFC,CIN,Cincinnati Bengals,16195,"Wicks, Dontayvion PHI WR","Wicks, Dontayvion",PHI,WR,Active,1.1,1,266.62,2026 UFA,,wicks
AFC,CIN,Cincinnati Bengals,16295,"Conner, Chamarri KCC S","Conner, Chamarri",KCC,S,Active,4.95,3,266.62,2026 UFA,,conner
AFC,CIN,Cincinnati Bengals,13719,"Pineiro, Eddy SFO PK","Pineiro, Eddy",SFO,PK,Active,2,1,266.62,2026 UFA,,pineiro
AFC,CIN,Cincinnati Bengals,11671,"Evans, Mike SFO WR","Evans, Mike",SFO,WR,Active,24.8,2,266.62,2026 UFA,,evans
AFC,CIN,Cincinnati Bengals,15814,"Thomas, Cameron ATL DE","Thomas, Cameron",ATL,DE,Active,1.1,1,266.62,2026 UFA,,thomas
AFC,CIN,Cincinnati Bengals,16645,"All, Erick CIN TE","All, Erick",CIN,TE,Taxi,1.03,1,266.62,2024 UDFA,,all
AFC,CIN,Cincinnati Bengals,17595,"Onyedim, Tyler DEN DT","Onyedim, Tyler",DEN,DT,Taxi,0.94,3,266.62,2026 UDFA,,onyedim
AFC,CIN,Cincinnati Bengals,17155,"Gillotte, Ashton KCC DE","Gillotte, Ashton",KCC,DE,Taxi,0.99,2,266.62,2025 UDFA,,gillotte
AFC,CIN,Cincinnati Bengals,17178,"Simon, Cody ARI LB","Simon, Cody",ARI,LB,Taxi,1.04,3,266.62,2025 5.06,,simon
AFC,CIN,Cincinnati Bengals,17599,"Douglas, Caleb MIA WR","Douglas, Caleb",MIA,WR,Taxi,1.07,4,266.62,2026 4.10,,douglas
AFC,CIN,Cincinnati Bengals,16684,"Washington, Malik MIA WR","Washington, Malik",MIA,WR,Taxi,1.1,2,266.62,2024 5.01,,washington
AFC,CIN,Cincinnati Bengals,15738,"Davis, Malik DAL RB","Davis, Malik",DAL,RB,Taxi,1.1,1,266.62,2026 R/F,,davis
AFC,CLE,Cleveland Browns,13782,"Dickson, Michael SEA PN","Dickson, Michael",SEA,PN,Active,4.73,1,255.02,2024 iEXT,,dickson
AFC,CLE,Cleveland Browns,15352,"Collins, Zaven ARI DE","Collins, Zaven",ARI,DE,Active,4.1,1,255.02,2024 iEXT,,collins
AFC,CLE,Cleveland Browns,16233,"Carter, Jalen PHI DT","Carter, Jalen",PHI,DT,Active,3.8,1,255.02,2023 1.10+,,carter
AFC,CLE,Cleveland Browns,16266,"Tuipulotu, Tuli LAC DE","Tuipulotu, Tuli",LAC,DE,Active,1.29,1,255.02,2023 4.04,,tuipulotu
AFC,CLE,Cleveland Browns,16230,"Van Ness, Lukas GBP DE","Van Ness, Lukas",GBP,DE,Active,1.43,1,255.02,2023 3.10,,van ness
AFC,CLE,Cleveland Browns,16653,"Verse, Jared CLE DE","Verse, Jared",CLE,DE,Active,2.46,2,255.02,2024 1.16,,verse
AFC,CLE,Cleveland Browns,13590,"Mayfield, Baker TBB QB","Mayfield, Baker",TBB,QB,Active,22.96,1,255.02,2024 iEXT,,mayfield
AFC,CLE,Cleveland Browns,15754,"Olave, Chris NOS WR","Olave, Chris",NOS,WR,Active,14.15,2,255.02,2025 iEXT,,olave
AFC,CLE,Cleveland Browns,13738,"Jackson, Donte LAC CB","Jackson, Donte",LAC,CB,Active,1.1,1,255.02,2025 R/F,,jackson
AFC,CLE,Cleveland Browns,17047,"Sampson, Dylan CLE RB","Sampson, Dylan",CLE,RB,Active,1.61,3,255.02,2025 2.15,,sampson
AFC,CLE,Cleveland Browns,16610,"Wright, Jaylen MIA RB","Wright, Jaylen",MIA,RB,Active,1.42,2,255.02,2024 3.06,,wright
AFC,CLE,Cleveland Browns,17106,"Taylor, Mason NYJ TE","Taylor, Mason",NYJ,TE,Active,1.91,3,255.02,2025 2.08,,taylor
AFC,CLE,Cleveland Browns,17149,"Tuimoloau, JT IND DE","Tuimoloau, JT",IND,DE,Active,1.21,3,255.02,2025 3.19,,tuimoloau
AFC,CLE,Cleveland Browns,15856,"Taylor, Alontae TEN CB","Taylor, Alontae",TEN,CB,Active,6.01,1,255.02,2025 oEXT,,taylor
AFC,CLE,Cleveland Browns,16191,"Tillman, Cedric NOS WR","Tillman, Cedric",NOS,WR,Active,4.85,1,255.02,2025 oEXT,,tillman
AFC,CLE,Cleveland Browns,14143,"Knox, Dawson BUF TE","Knox, Dawson",BUF,TE,Active,1.1,1,255.02,2026 R/F,,knox
AFC,CLE,Cleveland Browns,15933,"Brown, Montaric JAC CB","Brown, Montaric",JAC,CB,Active,1.1,1,255.02,2026 R/F,,brown
AFC,CLE,Cleveland Browns,16390,"McLaughlin, Jaleel CLE RB","McLaughlin, Jaleel",CLE,RB,Active,1.1,1,255.02,2026 R/F,,mclaughlin
AFC,CLE,Cleveland Browns,14933,"Blackmon, Julian NOS S","Blackmon, Julian",NOS,S,Active,1.1,1,255.02,2026 R/F,,blackmon
AFC,CLE,Cleveland Browns,16166,"Tucker, Sean TBB RB","Tucker, Sean",TBB,RB,Active,3.52,1,255.02,2026 RRFA,,tucker
AFC,CLE,Cleveland Browns,15863,"Jones, Travis BAL DT","Jones, Travis",BAL,DT,Active,6,1,255.02,2026 RRFA,,jones
AFC,CLE,Cleveland Browns,14171,"Burns, Brian NYG DE","Burns, Brian",NYG,DE,Active,24.31,4,255.02,2025 iEXT,,burns
AFC,CLE,Cleveland Browns,14247,"Greenlaw, Dre SFO LB","Greenlaw, Dre",SFO,LB,Active,5.47,2,255.02,2025 oEXT,,greenlaw
AFC,CLE,Cleveland Browns,13714,"James, Derwin LAC S","James, Derwin",LAC,S,Active,6.04,2,255.02,2025 iEXT,,james
AFC,CLE,Cleveland Browns,15710,"Williams, Kyren LAR RB","Williams, Kyren",LAR,RB,Active,30.2,1,255.02,2026 UFA,,williams
AFC,CLE,Cleveland Browns,16809,"Coker, Jalen CAR WR","Coker, Jalen",CAR,WR,Active,6.65,2,255.02,2026 UFA,,coker
AFC,CLE,Cleveland Browns,15822,"Lloyd, Devin CAR LB","Lloyd, Devin",CAR,LB,Active,8.2,1,255.02,2026 UFA,,lloyd
AFC,CLE,Cleveland Browns,15255,"Gainwell, Kenneth TBB RB","Gainwell, Kenneth",TBB,RB,Active,9.6,1,255.02,2026 UFA,,gainwell
AFC,CLE,Cleveland Browns,15380,"Campbell, Tyson CLE CB","Campbell, Tyson",CLE,CB,Active,5.1,1,255.02,2026 UFA,,campbell
AFC,CLE,Cleveland Browns,15712,"Allgeier, Tyler ARI RB","Allgeier, Tyler",ARI,RB,Active,4.37,2,255.02,2026 UFA,,allgeier
AFC,CLE,Cleveland Browns,7836,"Rodgers, Aaron PIT QB","Rodgers, Aaron",PIT,QB,Active,2.2,1,255.02,2026 UFA,,rodgers
AFC,CLE,Cleveland Browns,15757,"Robinson, Wan'Dale TEN WR","Robinson, Wan'Dale",TEN,WR,Active,6.94,2,255.02,2026 UFA,,robinson
AFC,CLE,Cleveland Browns,14168,"White, Devin DET LB","White, Devin",DET,LB,Active,1.1,1,255.02,2026 UFA,,white
AFC,CLE,Cleveland Browns,15875,"Belton, Dane NYJ S","Belton, Dane",NYJ,S,Active,1.1,1,255.02,2026 UFA,,belton
AFC,CLE,Cleveland Browns,15881,"Jones, Jack SFO CB","Jones, Jack",SFO,CB,Active,1.1,1,255.02,2026 UFA,,jones
AFC,CLE,Cleveland Browns,15819,"Wyatt, Devonte GBP DT","Wyatt, Devonte",GBP,DT,Active,2.05,2,255.02,2025 iEXT,,wyatt
AFC,CLE,Cleveland Browns,16294,"Wooden, Colby NOS DT","Wooden, Colby",NOS,DT,Active,1.1,1,255.02,2026 UFA,,wooden
AFC,CLE,Cleveland Browns,17657,"Green, Taylen CLE QB","Green, Taylen",CLE,QB,Active,0.98,4,255.02,2026 5.18,,green
AFC,CLE,Cleveland Browns,11222,"Allen, Keenan IND WR","Allen, Keenan",IND,WR,Active,2,1,255.02,2026 UFA,,allen
AFC,CLE,Cleveland Browns,17503,"Bernard, Germie PIT WR","Bernard, Germie",PIT,WR,Active,2.12,4,255.02,2026 2.05,,bernard
AFC,CLE,Cleveland Browns,17584,"Jacas, Gabe NEP DE","Jacas, Gabe",NEP,DE,Active,1,4,255.02,2026 5.05,,jacas
AFC,CLE,Cleveland Browns,17124,"Carter, Barrett CIN LB","Carter, Barrett",CIN,LB,Active,1.03,3,255.02,2025 5.18,,carter
AFC,CLE,Cleveland Browns,17508,"Bell, Skyler BUF WR","Bell, Skyler",BUF,WR,Active,1.23,4,255.02,2026 3.14,,bell
AFC,CLE,Cleveland Browns,11936,"Boswell, Chris PIT PK","Boswell, Chris",PIT,PK,Active,2,1,255.02,2026 UFA,,boswell
AFC,CLE,Cleveland Browns,15401,"Wright, Nahshon NYJ CB","Wright, Nahshon",NYJ,CB,Active,1.1,1,255.02,2026 ERFA,,wright
AFC,CLE,Cleveland Browns,15003,"Stone, Geno BUF S","Stone, Geno",BUF,S,Active,3.52,1,255.02,2026 RRFA,,stone
AFC,CLE,Cleveland Browns,16244,"Branch, Brian DET S","Branch, Brian",DET,S,INJURED_RESERVE,3.7,1,255.02,2023 2.10^,,branch
AFC,CLE,Cleveland Browns,15351,"Owusu-Koramoah, Jeremiah CLE LB","Owusu-Koramoah, Jeremiah",CLE,LB,INJURED_RESERVE,2.01,2,255.02,2026 UFA,,owusu-koramoah
AFC,PIT,Pittsburgh Steelers,15284,"Waddle, Jaylen DEN WR","Waddle, Jaylen",DEN,WR,Active,24.02,2,259.67,2026 oEXT,,waddle
AFC,PIT,Pittsburgh Steelers,14783,"Hurts, Jalen PHI QB","Hurts, Jalen",PHI,QB,Active,41.47,1,259.67,2024 oEXT,,hurts
AFC,PIT,Pittsburgh Steelers,15834,"Hamilton, Kyle BAL S","Hamilton, Kyle",BAL,S,Active,7.8,3,259.67,2026 oEXT,,hamilton
AFC,PIT,Pittsburgh Steelers,16253,"Forbes, Emmanuel LAR CB","Forbes, Emmanuel",LAR,CB,Active,1.25,1,259.67,2023 4.06,,forbes
AFC,PIT,Pittsburgh Steelers,16696,"Cooper, Edgerrin GBP LB","Cooper, Edgerrin",GBP,LB,Active,1.86,2,259.67,2024 2.08,,cooper
AFC,PIT,Pittsburgh Steelers,16690,"Mitchell, Quinyon PHI CB","Mitchell, Quinyon",PHI,CB,Active,1.17,2,259.67,2024 4.08,,mitchell
AFC,PIT,Pittsburgh Steelers,15452,"Hufanga, Talanoa DEN S","Hufanga, Talanoa",DEN,S,Active,9.77,1,259.67,2025 oEXT,,hufanga
AFC,PIT,Pittsburgh Steelers,13671,"Andrews, Mark BAL TE","Andrews, Mark",BAL,TE,Active,8.57,1,259.67,2025 B/R,,andrews
AFC,PIT,Pittsburgh Steelers,17043,"Henderson, TreVeyon NEP RB","Henderson, TreVeyon",NEP,RB,Active,4.75,3,259.67,2025 1.07,,henderson
AFC,PIT,Pittsburgh Steelers,17135,"Ezeiruaku, Donovan DAL DE","Ezeiruaku, Donovan",DAL,DE,Active,1.39,3,259.67,2025 3.07,,ezeiruaku
AFC,PIT,Pittsburgh Steelers,17059,"Gordon, Ollie MIA RB","Gordon, Ollie",MIA,RB,Active,0.99,2,259.67,2025 UDFA,,gordon
AFC,PIT,Pittsburgh Steelers,17143,"Thomas, Azareye'h NYJ CB","Thomas, Azareye'h",NYJ,CB,Active,0.99,2,259.67,2025 UDFA,,thomas
AFC,PIT,Pittsburgh Steelers,17048,"Johnson, Kaleb GBP RB","Johnson, Kaleb",GBP,RB,Active,2.45,3,259.67,2025 2.01,,johnson
AFC,PIT,Pittsburgh Steelers,16626,"Mitchell, Adonai NYJ WR","Mitchell, Adonai",NYJ,WR,Active,2.28,2,259.67,2024 2.02,,mitchell
AFC,PIT,Pittsburgh Steelers,17141,"Hairston, Maxwell BUF CB","Hairston, Maxwell",BUF,CB,Active,1.11,3,259.67,2025 4.07,,hairston
AFC,PIT,Pittsburgh Steelers,17195,"Mills, Rylie SEA DT","Mills, Rylie",SEA,DT,Active,0.99,2,259.67,2025 UDFA,,mills
AFC,PIT,Pittsburgh Steelers,17114,"Stewart, Shemar CIN DE","Stewart, Shemar",CIN,DE,Active,1.54,3,259.67,2025 3.01,,stewart
AFC,PIT,Pittsburgh Steelers,16204,"Dell, Tank HOU WR","Dell, Tank",HOU,WR,Active,1.5,1,259.67,2023 3.06,,dell
AFC,PIT,Pittsburgh Steelers,16152,"Richardson, Anthony IND QB","Richardson, Anthony",IND,QB,Active,9.22,1,259.67,2023 1.02,,richardson
AFC,PIT,Pittsburgh Steelers,13629,"Ridley, Calvin TEN WR","Ridley, Calvin",TEN,WR,Active,13.31,1,259.67,2022 UFA,,ridley
AFC,PIT,Pittsburgh Steelers,17179,"Bowman, Billy ATL CB","Bowman, Billy",ATL,CB,Active,0.99,2,259.67,2025 UDFA,,bowman
AFC,PIT,Pittsburgh Steelers,15892,"Booker, Thomas LVR DT","Booker, Thomas",LVR,DT,Active,1.1,1,259.67,2026 R/F,,booker
AFC,PIT,Pittsburgh Steelers,16843,"Mevis, Harrison LAR PK","Mevis, Harrison",LAR,PK,Active,1.1,1,259.67,2026 R/F,,mevis
AFC,PIT,Pittsburgh Steelers,13791,"Scott, J.K. LAC PN","Scott, J.K.",LAC,PN,Active,1.1,1,259.67,2026 R/F,,scott
AFC,PIT,Pittsburgh Steelers,14930,"Hamilton, Davon JAC DT","Hamilton, Davon",JAC,DT,Active,1.1,1,259.67,2026 R/F,,hamilton
AFC,PIT,Pittsburgh Steelers,17497,"Tate, Carnell TEN WR","Tate, Carnell",TEN,WR,Active,9.73,4,259.67,2026 1.02,,tate
AFC,PIT,Pittsburgh Steelers,17512,"Williams, Antonio WAS WR","Williams, Antonio",WAS,WR,Active,1.81,4,259.67,2026 2.10,,williams
AFC,PIT,Pittsburgh Steelers,17580,"Lawrence, Malachi DAL DE","Lawrence, Malachi",DAL,DE,Active,1.63,4,259.67,2026 2.14,,lawrence
AFC,PIT,Pittsburgh Steelers,16169,"Charbonnet, Zach SEA RB","Charbonnet, Zach",SEA,RB,Active,2.65,1,259.67,2023 1.16,,charbonnet
AFC,PIT,Pittsburgh Steelers,17667,"Perkins, Harold ATL LB","Perkins, Harold",ATL,LB,Active,1.01,4,259.67,2026 4.21,,perkins
AFC,PIT,Pittsburgh Steelers,17561,"McCoy, Jermod LVR CB","McCoy, Jermod",LVR,CB,Active,0.99,4,259.67,2026 5.07,,mccoy
AFC,PIT,Pittsburgh Steelers,14056,"Murray, Kyler MIN QB","Murray, Kyler",MIN,QB,Active,13.5,1,259.67,2026 UFA,,murray
AFC,PIT,Pittsburgh Steelers,14896,"Queen, Patrick PIT LB","Queen, Patrick",PIT,LB,Active,5.1,1,259.67,2026 UFA,,queen
AFC,PIT,Pittsburgh Steelers,15832,"Stingley Jr., Derek HOU CB","Stingley Jr., Derek",HOU,CB,Active,4.2,1,259.67,2026 UFA,,stingley jr.
AFC,PIT,Pittsburgh Steelers,14085,"Pollard, Tony TEN RB","Pollard, Tony",TEN,RB,Active,15.1,1,259.67,2026 UFA,,pollard
AFC,PIT,Pittsburgh Steelers,13713,"Fitzpatrick, Minkah NYJ S","Fitzpatrick, Minkah",NYJ,S,Active,4.5,1,259.67,2026 UFA,,fitzpatrick
AFC,PIT,Pittsburgh Steelers,15331,"Freiermuth, Pat PIT TE","Freiermuth, Pat",PIT,TE,Active,2.1,1,259.67,2026 UFA,,freiermuth
AFC,PIT,Pittsburgh Steelers,10266,"Heyward, Cameron PIT DT","Heyward, Cameron",PIT,DT,Active,9.1,1,259.67,2026 UFA,,heyward
AFC,PIT,Pittsburgh Steelers,14169,"Wilson, Mack ARI LB","Wilson, Mack",ARI,LB,Active,7,1,259.67,2026 UFA,,wilson
AFC,PIT,Pittsburgh Steelers,15418,"Bynum, Camryn IND S","Bynum, Camryn",IND,S,Active,5.1,1,259.67,2026 UFA,,bynum
AFC,PIT,Pittsburgh Steelers,15378,"Oweh, Odafe WAS DE","Oweh, Odafe",WAS,DE,Active,3.6,2,259.67,2024 iEXT,,oweh
AFC,PIT,Pittsburgh Steelers,17113,"Williams, Mykel SFO DE","Williams, Mykel",SFO,DE,Active,1.97,3,259.67,2025 2.07,,williams
AFC,PIT,Pittsburgh Steelers,11706,"Clowney, Jadeveon HOU DE","Clowney, Jadeveon",HOU,DE,Active,1.1,1,259.67,2026 UFA,,clowney
AFC,PIT,Pittsburgh Steelers,12217,"Fowler, Dante SEA DE","Fowler, Dante",SEA,DE,Active,1.1,1,259.67,2026 UFA,,fowler
AFC,PIT,Pittsburgh Steelers,17509,"Brazzell II, Chris CAR WR","Brazzell II, Chris",CAR,WR,INJURED_RESERVE,1.3,4,259.67,2026 3.10,,brazzell ii
AFC,PIT,Pittsburgh Steelers,17122,"Walker, Jalon ATL DE","Walker, Jalon",ATL,DE,INJURED_RESERVE,1.76,3,259.67,2025 2.11,,walker
AFC,PIT,Pittsburgh Steelers,17468,"Allar, Drew PIT QB","Allar, Drew",PIT,QB,Taxi,1.18,4,259.67,2026 3.18,,allar
AFC,PIT,Pittsburgh Steelers,17463,"Simpson, Ty LAR QB","Simpson, Ty",LAR,QB,Taxi,2.39,4,259.67,2026 2.02,,simpson
AFC,PIT,Pittsburgh Steelers,16613,"Laube, Dylan LVR RB","Laube, Dylan",LVR,RB,Taxi,1.1,1,259.67,2026 R/F,,laube
AFC,PIT,Pittsburgh Steelers,17652,"Randall, Adam BAL RB","Randall, Adam",BAL,RB,Taxi,0.99,4,259.67,2026 5.10,,randall
AFC,PIT,Pittsburgh Steelers,17548,"Joly, Justin MIA TE","Joly, Justin",MIA,TE,Taxi,0.98,4,259.67,2026 5.19,,joly
AFC,PIT,Pittsburgh Steelers,17546,"Trigg, Michael DAL TE","Trigg, Michael",DAL,TE,Taxi,0.99,4,259.67,2026 5.12,,trigg
AFC,PIT,Pittsburgh Steelers,15759,"Metchie, John CAR WR","Metchie, John",CAR,WR,Taxi,1.1,1,259.67,2026 R/F,,metchie
AFC,PIT,Pittsburgh Steelers,16631,"Polk, Ja'Lynn FA WR","Polk, Ja'Lynn",FA,WR,Taxi,1.1,1,259.67,2026 R/F,,polk
AFC,PIT,Pittsburgh Steelers,17077,"Restrepo, Xavier TEN WR","Restrepo, Xavier",TEN,WR,Taxi,1.1,1,259.67,2026 R/F,,restrepo
AFC,HOU,Houston Texans,14832,"Lamb, CeeDee DAL WR","Lamb, CeeDee",DAL,WR,Active,24.65,2,257.89,2023 iEXT,,lamb
AFC,HOU,Houston Texans,14104,"Brown, A.J. NEP WR","Brown, A.J.",NEP,WR,Active,23.12,1,257.89,2022 iEXT,,brown
AFC,HOU,Houston Texans,15802,"Otton, Cade TBB TE","Otton, Cade",TBB,TE,Active,7.35,2,257.89,2024 iEXT,,otton
AFC,HOU,Houston Texans,14590,"Al-Shaair, Azeez HOU LB","Al-Shaair, Azeez",HOU,LB,Active,4.44,1,257.89,2024 iEXT,,al-shaair
AFC,HOU,Houston Texans,15698,"Purdy, Brock SFO QB","Purdy, Brock",SFO,QB,Active,37.58,4,257.89,2025 oEXT,,purdy
AFC,HOU,Houston Texans,16213,"Kincaid, Dalton BUF TE","Kincaid, Dalton",BUF,TE,Active,4.1,1,257.89,2023 1.09,,kincaid
AFC,HOU,Houston Texans,16241,"Witherspoon, Devon SEA CB","Witherspoon, Devon",SEA,CB,Active,3.7,1,257.89,2023 3.09^,,witherspoon
AFC,HOU,Houston Texans,16694,"Fiske, Braden LAR DT","Fiske, Braden",LAR,DT,Active,1.58,2,257.89,2024 2.15,,fiske
AFC,HOU,Houston Texans,16676,"Kinchens, Kamren LAR S","Kinchens, Kamren",LAR,S,Active,1.09,2,257.89,2024 5.09,,kinchens
AFC,HOU,Houston Texans,16717,"Taylor-Demerson, Dadrion ARI S","Taylor-Demerson, Dadrion",ARI,S,Active,1.08,2,257.89,2024 5.18,,taylor-demerson
AFC,HOU,Houston Texans,13251,"Baker, Budda ARI S","Baker, Budda",ARI,S,Active,7.37,1,257.89,2025 oEXT,,baker
AFC,HOU,Houston Texans,15768,"Pierce, Alec IND WR","Pierce, Alec",IND,WR,Active,20.69,3,257.89,2025 iEXT,,pierce
AFC,HOU,Houston Texans,15805,"Hutchinson, Aidan DET DE","Hutchinson, Aidan",DET,DE,Active,10.26,5,257.89,2025 iEXT,,hutchinson
AFC,HOU,Houston Texans,15809,"Johnson, Jermaine TEN DE","Johnson, Jermaine",TEN,DE,Active,7.46,4,257.89,2025 iEXT,,johnson
AFC,HOU,Houston Texans,14219,"Dean, Jamel PIT CB","Dean, Jamel",PIT,CB,Active,1.1,1,257.89,2025 R/F,,dean
AFC,HOU,Houston Texans,13130,"McCaffrey, Christian SFO RB","McCaffrey, Christian",SFO,RB,Active,15.68,1,257.89,2025 B/R,,mccaffrey
AFC,HOU,Houston Texans,17121,"Graham, Mason CLE DT","Graham, Mason",CLE,DT,Active,2.99,3,257.89,2025 1.13,,graham
AFC,HOU,Houston Texans,17033,"Milroe, Jalen SEA QB","Milroe, Jalen",SEA,QB,Active,1.29,3,257.89,2025 3.13,,milroe
AFC,HOU,Houston Texans,17053,"Marks, Woody HOU RB","Marks, Woody",HOU,RB,Active,1.1,3,257.89,2025 4.09,,marks
AFC,HOU,Houston Texans,17036,"Howard, Will PIT QB","Howard, Will",PIT,QB,Active,1.08,3,257.89,2025 4.13,,howard
AFC,HOU,Houston Texans,16794,"Briggs, Jowon NYJ DT","Briggs, Jowon",NYJ,DT,Active,2.09,3,257.89,2026 oEXT,,briggs
AFC,HOU,Houston Texans,16254,"Kancey, Calijah TBB DT","Kancey, Calijah",TBB,DT,Active,1.93,1,257.89,2023 2.09,,kancey
AFC,HOU,Houston Texans,17045,"Skattebo, Cam NYG RB","Skattebo, Cam",NYG,RB,Active,1.67,3,257.89,2025 2.13,,skattebo
AFC,HOU,Houston Texans,12842,"Dixon, Riley TBB PN","Dixon, Riley",TBB,PN,Active,1.1,1,257.89,2026 R/F,,dixon
AFC,HOU,Houston Texans,17514,"Stribling, De'Zhaun SFO WR","Stribling, De'Zhaun",SFO,WR,Active,2.62,4,257.89,2026 1.16,,stribling
AFC,HOU,Houston Texans,17568,"Mesidor, Akheem LAC DE","Mesidor, Akheem",LAC,DE,Active,1.56,4,257.89,2026 2.16,,mesidor
AFC,HOU,Houston Texans,17590,"Ponds, D'Angelo NYJ CB","Ponds, D'Angelo",NYJ,CB,Active,1.2,4,257.89,2026 3.16,,ponds
AFC,HOU,Houston Texans,17607,"Raridon, Eli NEP TE","Raridon, Eli",NEP,TE,Active,1.11,4,257.89,2026 4.04,,raridon
AFC,HOU,Houston Texans,17485,"Black, Kaelon SFO RB","Black, Kaelon",SFO,RB,Active,1.03,4,257.89,2026 4.16,,black
AFC,HOU,Houston Texans,17517,"Lane, Ja'Kobi BAL WR","Lane, Ja'Kobi",BAL,WR,Active,1.02,4,257.89,2026 4.18,,lane
AFC,HOU,Houston Texans,17617,"Rolder, Jimmy DET LB","Rolder, Jimmy",DET,LB,Active,1.02,4,257.89,2026 4.20,,rolder
AFC,HOU,Houston Texans,17611,"Jackson, Darrell NYJ DT","Jackson, Darrell",NYJ,DT,Active,1.01,4,257.89,2026 4.22,,jackson
AFC,HOU,Houston Texans,17467,"Klubnik, Cade NYJ QB","Klubnik, Cade",NYJ,QB,Active,0.98,4,257.89,2026 5.13,,klubnik
AFC,HOU,Houston Texans,10816,"Davis, Demario NYJ LB","Davis, Demario",NYJ,LB,Active,3.23,2,257.89,2026 UFA,,davis
AFC,HOU,Houston Texans,14270,"Epps, Marcus PHI S","Epps, Marcus",PHI,S,Active,1.1,1,257.89,2026 UFA,,epps
AFC,HOU,Houston Texans,14943,"Davis-Gaither, Akeem IND LB","Davis-Gaither, Akeem",IND,LB,Active,2,1,257.89,2026 UFA,,davis-gaither
AFC,HOU,Houston Texans,15396,"Deablo, Divine ATL LB","Deablo, Divine",ATL,LB,Active,2,1,257.89,2026 UFA,,deablo
AFC,HOU,Houston Texans,11150,"Smith, Geno NYJ QB","Smith, Geno",NYJ,QB,Active,4.7,1,257.89,2026 UFA,,smith
AFC,HOU,Houston Texans,15395,"Koonce, Malcolm LVR DE","Koonce, Malcolm",LVR,DE,Active,1.1,1,257.89,2026 UFA,,koonce
AFC,HOU,Houston Texans,15795,"Kolar, Charlie LAC TE","Kolar, Charlie",LAC,TE,Active,1.1,1,257.89,2026 UFA,,kolar
AFC,HOU,Houston Texans,15445,"Lenoir, Deommodore SFO CB","Lenoir, Deommodore",SFO,CB,Active,1.1,1,257.89,2026 UFA,,lenoir
AFC,HOU,Houston Texans,15895,"McCollum, Zyon TBB CB","McCollum, Zyon",TBB,CB,Active,1.1,1,257.89,2026 UFA,,mccollum
AFC,HOU,Houston Texans,14983,"Bass, Tyler BUF PK","Bass, Tyler",BUF,PK,Active,1.1,1,257.89,2026 UFA,,bass
AFC,HOU,Houston Texans,15749,"Pacheco, Isiah DET RB","Pacheco, Isiah",DET,RB,INJURED_RESERVE,5.3,1,257.89,2026 UFA,,pacheco
AFC,HOU,Houston Texans,16688,"Guerendo, Isaac SFO RB","Guerendo, Isaac",SFO,RB,INJURED_RESERVE,1.13,2,257.89,2024 4.12,,guerendo
AFC,HOU,Houston Texans,16215,"Musgrave, Luke GBP TE","Musgrave, Luke",GBP,TE,INJURED_RESERVE,1.1,1,257.89,2026 UFA,,musgrave
AFC,HOU,Houston Texans,16707,"Liufau, Marist DAL DE","Liufau, Marist",DAL,DE,INJURED_RESERVE,1.1,2,257.89,2024 4.21,,liufau
AFC,HOU,Houston Texans,14067,"Minshew, Gardner ARI QB","Minshew, Gardner",ARI,QB,Taxi,1.1,1,257.89,2026 R/F,,minshew
AFC,HOU,Houston Texans,12610,"Wentz, Carson MIN QB","Wentz, Carson",MIN,QB,Taxi,1.1,1,257.89,2026 R/F,,wentz
AFC,HOU,Houston Texans,13418,"Bourne, Kendrick ARI WR","Bourne, Kendrick",ARI,WR,Taxi,1.1,1,257.89,2026 R/F,,bourne
AFC,HOU,Houston Texans,17175,"Smith, Arian NYJ WR","Smith, Arian",NYJ,WR,Taxi,0.99,2,257.89,2025 UDFA,,smith
AFC,HOU,Houston Texans,13260,"Tomlinson, Dalvin LAC DT","Tomlinson, Dalvin",LAC,DT,Taxi,1.1,1,257.89,2026 R/F,,tomlinson
AFC,HOU,Houston Texans,17638,"Gumbs, George IND DE","Gumbs, George",IND,DE,Taxi,0.94,3,257.89,2026 UDFA,,gumbs
AFC,HOU,Houston Texans,17633,"Josephs, Joshua WAS DE","Josephs, Joshua",WAS,DE,Taxi,0.94,3,257.89,2026 UDFA,,josephs
AFC,HOU,Houston Texans,17630,"Overton, LT DAL DE","Overton, LT",DAL,DE,Taxi,0.94,3,257.89,2026 UDFA,,overton
AFC,HOU,Houston Texans,17618,"Williams, Wesley JAC DE","Williams, Wesley",JAC,DE,Taxi,0.94,3,257.89,2026 UDFA,,williams
AFC,HOU,Houston Texans,15890,"McFadden, Micah NYG LB","McFadden, Micah",NYG,LB,Taxi,1.1,1,257.89,2026 R/F,,mcfadden
AFC,HOU,Houston Texans,17654,"Payton, Cole PHI QB","Payton, Cole",PHI,QB,Taxi,0.98,4,257.89,2026 5.16,,payton
AFC,HOU,Houston Texans,16207,"Iosivas, Andrei CIN WR","Iosivas, Andrei",CIN,WR,Taxi,1.17,1,257.89,2023 5.09,,iosivas
AFC,HOU,Houston Texans,12678,"Higbee, Tyler LAR TE","Higbee, Tyler",LAR,TE,Taxi,1.1,1,257.89,2026 R/F,,higbee
AFC,HOU,Houston Texans,12764,"Hargrave, Javon GBP DT","Hargrave, Javon",GBP,DT,Taxi,2,1,257.89,2026 UFA,,hargrave
AFC,HOU,Houston Texans,17186,"Moore, Malachi NYJ S","Moore, Malachi",NYJ,S,Taxi,0.99,2,257.89,2025 UDFA,,moore
AFC,HOU,Houston Texans,16639,"Legette, Xavier CAR WR","Legette, Xavier",CAR,WR,Taxi,2.57,2,257.89,2024 1.15,,legette
AFC,HOU,Houston Texans,16799,"Bethune, Tatum SFO LB","Bethune, Tatum",SFO,LB,Taxi,1.1,1,257.89,2026 UFA,,bethune
AFC,HOU,Houston Texans,15807,"Ojabo, David FA DE","Ojabo, David",FA,DE,Taxi,1.1,1,257.89,2026 UFA,,ojabo
AFC,HOU,Houston Texans,16139,"Baker, Darrell MIA CB","Baker, Darrell",MIA,CB,Taxi,1.1,1,257.89,2026 R/F,,baker
AFC,HOU,Houston Texans,13832,"Sanders, Jason NYJ PK","Sanders, Jason",NYJ,PK,Taxi,1.1,1,257.89,2026 R/F,,sanders
AFC,IND,Indianapolis Colts,15846,"Walker, Quay LVR LB","Walker, Quay",LVR,LB,Active,5.52,3,245.71,2025 iEXT,,walker
AFC,IND,Indianapolis Colts,15761,"Shakir, Khalil BUF WR","Shakir, Khalil",BUF,WR,Active,7.11,1,245.71,2025 iEXT,,shakir
AFC,IND,Indianapolis Colts,14149,"Gary, Rashan DAL DE","Gary, Rashan",DAL,DE,Active,7.43,2,245.71,2025 iEXT,,gary
AFC,IND,Indianapolis Colts,15259,"Stevenson, Rhamondre NEP RB","Stevenson, Rhamondre",NEP,RB,Active,4.58,1,245.71,2024 iEXT,,stevenson
AFC,IND,Indianapolis Colts,14102,"Metcalf, DK PIT WR","Metcalf, DK",PIT,WR,Active,13.99,1,245.71,2023 oEXT,,metcalf
AFC,IND,Indianapolis Colts,14071,"Montgomery, David HOU RB","Montgomery, David",HOU,RB,Active,17.03,1,245.71,2024 iEXT,,montgomery
AFC,IND,Indianapolis Colts,16618,"Thomas Jr., Brian JAC WR","Thomas Jr., Brian",JAC,WR,Active,3.72,2,245.71,2024 1.09,,thomas jr.
AFC,IND,Indianapolis Colts,16582,"Nix, Bo DEN QB","Nix, Bo",DEN,QB,Active,1.81,2,245.71,2024 2.09,,nix
AFC,IND,Indianapolis Colts,16700,"Bishop, Cole BUF S","Bishop, Cole",BUF,S,Active,1.24,2,245.71,2024 3.17,,bishop
AFC,IND,Indianapolis Colts,16673,"Wiggins, Nate BAL CB","Wiggins, Nate",BAL,CB,Active,1.13,2,245.71,2024 4.13,,wiggins
AFC,IND,Indianapolis Colts,16662,"Jenkins, Kris CIN DT","Jenkins, Kris",CIN,DT,Active,1.12,2,245.71,2024 4.17,,jenkins
AFC,IND,Indianapolis Colts,16670,"McKinstry, Kool-Aid NOS CB","McKinstry, Kool-Aid",NOS,CB,Active,1.09,2,245.71,2024 5.07,,mckinstry
AFC,IND,Indianapolis Colts,16672,"Lassiter, Kamari HOU CB","Lassiter, Kamari",HOU,CB,Active,1.03,1,245.71,2024 UDFA,,lassiter
AFC,IND,Indianapolis Colts,16723,"Barner, AJ SEA TE","Barner, AJ",SEA,TE,Active,1.03,1,245.71,2024 UDFA,,barner
AFC,IND,Indianapolis Colts,16719,"Williams, Evan GBP S","Williams, Evan",GBP,S,Active,1.03,1,245.71,2024 UDFA,,williams
AFC,IND,Indianapolis Colts,16282,"Turner, Kobie LAR DT","Turner, Kobie",LAR,DT,Active,5.92,1,245.71,2024 SRFA,,turner
AFC,IND,Indianapolis Colts,14159,"Lawrence, Dexter CIN DT","Lawrence, Dexter",CIN,DT,Active,14.01,3,245.71,2025 iEXT,,lawrence
AFC,IND,Indianapolis Colts,14235,"Tranquill, Drue KCC LB","Tranquill, Drue",KCC,LB,Active,1.1,1,245.71,2025 R/F,,tranquill
AFC,IND,Indianapolis Colts,16712,"Hunt, Jalyx PHI DE","Hunt, Jalyx",PHI,DE,Active,1.1,1,245.71,2025 R/F,,hunt
AFC,IND,Indianapolis Colts,17070,"Burden, Luther CHI WR","Burden, Luther",CHI,WR,Active,2.7,3,245.71,2025 1.15,,burden
AFC,IND,Indianapolis Colts,17146,"Williams, Tyleik DET DT","Williams, Tyleik",DET,DT,Active,1.07,3,245.71,2025 4.17,,williams
AFC,IND,Indianapolis Colts,15345,"Paye, Kwity LVR DE","Paye, Kwity",LVR,DE,Active,3.96,2,245.71,2025 UFA,,paye
AFC,IND,Indianapolis Colts,13813,"Oluokun, Foyesade JAC LB","Oluokun, Foyesade",JAC,LB,Active,8.5,2,245.71,2026 oEXT,,oluokun
AFC,IND,Indianapolis Colts,16194,"Rice, Rashee KCC WR","Rice, Rashee",KCC,WR,Active,3.7,1,245.71,2023 2.08^,,rice
AFC,IND,Indianapolis Colts,16460,"Hickman, Ronnie CLE S","Hickman, Ronnie",CLE,S,Active,2.26,1,245.71,2026 oEXT,,hickman
AFC,IND,Indianapolis Colts,14179,"Love, Julian SEA S","Love, Julian",SEA,S,Active,9.55,2,245.71,2025 oEXT,,love
AFC,IND,Indianapolis Colts,13743,"Warner, Fred SFO LB","Warner, Fred",SFO,LB,Active,7.92,2,245.71,2025 B/R,,warner
AFC,IND,Indianapolis Colts,16635,"McCaffrey, Luke WAS WR","McCaffrey, Luke",WAS,WR,Active,1.14,2,245.71,2024 4.11,,mccaffrey
AFC,IND,Indianapolis Colts,16012,"Alford, Dee BUF CB","Alford, Dee",BUF,CB,Active,1.1,1,245.71,2026 R/F,,alford
AFC,IND,Indianapolis Colts,15845,"McDuffie, Trent LAR CB","McDuffie, Trent",LAR,CB,Active,1.1,1,245.71,2026 R/F,,mcduffie
AFC,IND,Indianapolis Colts,13593,"Jackson, Lamar BAL QB","Jackson, Lamar",BAL,QB,Active,43.14,1,245.71,2026 NEFT2,,jackson
AFC,IND,Indianapolis Colts,16887,"Rehkow, Ryan CIN PN","Rehkow, Ryan",CIN,PN,Active,1.1,1,245.71,2026 ERFA,,rehkow
AFC,IND,Indianapolis Colts,17066,"Monangai, Kyle CHI RB","Monangai, Kyle",CHI,RB,Active,1.03,3,245.71,2025 5.14,,monangai
AFC,IND,Indianapolis Colts,16655,"Robinson, Chop MIA DE","Robinson, Chop",MIA,DE,Active,1.78,2,245.71,2024 2.10,,robinson
AFC,IND,Indianapolis Colts,15756,"Williams, Jameson DET WR","Williams, Jameson",DET,WR,Active,21.34,4,245.71,2026 mEXT,,williams
AFC,IND,Indianapolis Colts,17563,"Downs, Caleb DAL S","Downs, Caleb",DAL,S,Active,2.76,4,245.71,2026 1.15,,downs
AFC,IND,Indianapolis Colts,16747,"Tracy, Tyrone NYG RB","Tracy, Tyrone",NYG,RB,Active,1.14,2,245.71,2024 4.10,,tracy
AFC,IND,Indianapolis Colts,16649,"Johnson, Theo NYG TE","Johnson, Theo",NYG,TE,Active,1.11,2,245.71,2024 4.19,,johnson
AFC,IND,Indianapolis Colts,17567,"Delp, Oscar NOS TE","Delp, Oscar",NOS,TE,Active,1.07,4,245.71,2026 4.09,,delp
AFC,IND,Indianapolis Colts,12676,"Henry, Hunter NEP TE","Henry, Hunter",NEP,TE,Active,5.1,1,245.71,2026 UFA,,henry
AFC,IND,Indianapolis Colts,13132,"Kamara, Alvin NOS RB","Kamara, Alvin",NOS,RB,Active,2.1,1,245.71,2026 UFA,,kamara
AFC,IND,Indianapolis Colts,12437,"Myers, Jason SEA PK","Myers, Jason",SEA,PK,Active,2,1,245.71,2026 UFA,,myers
AFC,IND,Indianapolis Colts,13198,"Garrett, Myles LAR DE","Garrett, Myles",LAR,DE,Active,22.9,5,245.71,2025 iEXT,,garrett
AFC,IND,Indianapolis Colts,17518,"Allen, Cyrus KCC WR","Allen, Cyrus",KCC,WR,Active,0.99,4,245.71,2026 5.09,,allen
AFC,IND,Indianapolis Colts,13952,"Luvu, Frankie WAS LB","Luvu, Frankie",WAS,LB,Active,1.7,1,245.71,2026 UFA,,luvu
AFC,IND,Indianapolis Colts,15871,"Joseph, Kerby DET S","Joseph, Kerby",DET,S,INJURED_RESERVE,8.21,2,245.71,2025 FRFA,,joseph
AFC,IND,Indianapolis Colts,17046,"Neal, Devin FA RB","Neal, Devin",FA,RB,INJURED_RESERVE,1.08,3,245.71,2025 4.15,,neal
AFC,IND,Indianapolis Colts,17058,"Brooks, Tahj CIN RB","Brooks, Tahj",CIN,RB,Taxi,0.99,2,245.71,2025 UDFA,,brooks
AFC,IND,Indianapolis Colts,17574,"Hood, Colton NYG CB","Hood, Colton",NYG,CB,Taxi,0.94,3,245.71,2026 UDFA,,hood
AFC,IND,Indianapolis Colts,16102,"Pola-Mao, Isaiah LVR S","Pola-Mao, Isaiah",LVR,S,Taxi,1.1,1,245.71,2026 R/F,,pola-mao
AFC,IND,Indianapolis Colts,17650,"Styles, Lorenzo NOS S","Styles, Lorenzo",NOS,S,Taxi,0.94,3,245.71,2026 UDFA,,styles
AFC,IND,Indianapolis Colts,14953,"Dye, Troy LAC LB","Dye, Troy",LAC,LB,Taxi,1.1,1,245.71,2026 R/F,,dye
AFC,JAC,Jacksonville Jaguars,15742,"Warren, Jaylen PIT RB","Warren, Jaylen",PIT,RB,Active,4.11,1,260.59,2023 iEXT,,warren
AFC,JAC,Jacksonville Jaguars,16280,"Henley, Daiyan LAC LB","Henley, Daiyan",LAC,LB,Active,3.7,1,260.59,2023 2.14^,,henley
AFC,JAC,Jacksonville Jaguars,16164,"Bigsby, Tank PHI RB","Bigsby, Tank",PHI,RB,Active,1.36,1,260.59,2023 3.14,,bigsby
AFC,JAC,Jacksonville Jaguars,16255,"Banks, Deonte NYG CB","Banks, Deonte",NYG,CB,Active,1.17,1,260.59,2023 5.14,,banks
AFC,JAC,Jacksonville Jaguars,16617,"Coleman, Keon BUF WR","Coleman, Keon",BUF,WR,Active,3.03,2,260.59,2024 1.12,,coleman
AFC,JAC,Jacksonville Jaguars,16603,"Davis, Ray BUF RB","Davis, Ray",BUF,RB,Active,1.32,2,260.59,2024 3.12,,davis
AFC,JAC,Jacksonville Jaguars,16680,"Little, Cam JAC PK","Little, Cam",JAC,PK,Active,1.03,1,260.59,2024 UDFA,,little
AFC,JAC,Jacksonville Jaguars,13674,"Goedert, Dallas PHI TE","Goedert, Dallas",PHI,TE,Active,6.53,1,260.59,2024 B/R,,goedert
AFC,JAC,Jacksonville Jaguars,10292,"Jordan, Cameron NOS DE","Jordan, Cameron",NOS,DE,Active,1.1,1,260.59,2025 R/F,,jordan
AFC,JAC,Jacksonville Jaguars,15393,"Odighizuwa, Osa SFO DT","Odighizuwa, Osa",SFO,DT,Active,4.51,1,260.59,2025 RRFA,,odighizuwa
AFC,JAC,Jacksonville Jaguars,12186,"Diggs, Stefon WAS WR","Diggs, Stefon",WAS,WR,Active,6.08,3,260.59,2025 B/R,,diggs
AFC,JAC,Jacksonville Jaguars,17075,"Golden, Matthew GBP WR","Golden, Matthew",GBP,WR,Active,3.66,3,260.59,2025 1.10,,golden
AFC,JAC,Jacksonville Jaguars,17039,"Shough, Tyler NOS QB","Shough, Tyler",NOS,QB,Active,2.25,3,260.59,2025 2.03,,shough
AFC,JAC,Jacksonville Jaguars,17078,"Bech, Jack LVR WR","Bech, Jack",LVR,WR,Active,2.1,3,260.59,2025 2.05,,bech
AFC,JAC,Jacksonville Jaguars,17086,"Royals, Jalen KCC WR","Royals, Jalen",KCC,WR,Active,1.2,3,260.59,2025 3.20,,royals
AFC,JAC,Jacksonville Jaguars,17127,"Johnson, Will ARI CB","Johnson, Will",ARI,CB,Active,1.12,3,260.59,2025 4.05,,johnson
AFC,JAC,Jacksonville Jaguars,17145,"Winston, Kevin TEN S","Winston, Kevin",TEN,S,Active,1.04,3,260.59,2025 5.05,,winston
AFC,JAC,Jacksonville Jaguars,17182,"Sorrell, Barryn GBP DE","Sorrell, Barryn",GBP,DE,Active,1.03,3,260.59,2025 5.19,,sorrell
AFC,JAC,Jacksonville Jaguars,12686,"Bosa, Joey FA DE","Bosa, Joey",FA,DE,Active,2.2,2,260.59,2025 UFA,,bosa
AFC,JAC,Jacksonville Jaguars,14252,"Jackson, Michael CAR CB","Jackson, Michael",CAR,CB,Active,1.1,1,260.59,2025 R/F,,jackson
AFC,JAC,Jacksonville Jaguars,16733,"Bertrand, JD ATL LB","Bertrand, JD",ATL,LB,Active,1.13,2,260.59,2024 4.14,,bertrand
AFC,JAC,Jacksonville Jaguars,13697,"Edmunds, Tremaine NYG LB","Edmunds, Tremaine",NYG,LB,Active,3.07,2,260.59,2025 UFA,,edmunds
AFC,JAC,Jacksonville Jaguars,16149,"Levis, Will FA QB","Levis, Will",FA,QB,Active,2.93,1,260.59,2023 1.14,,levis
AFC,JAC,Jacksonville Jaguars,16711,"Isaac, Adisa BAL DE","Isaac, Adisa",BAL,DE,Active,1.08,2,260.59,2024 5.12,,isaac
AFC,JAC,Jacksonville Jaguars,16222,"Kraft, Tucker GBP TE","Kraft, Tucker",GBP,TE,Active,3.7,1,260.59,2023 4.14^,,kraft
AFC,JAC,Jacksonville Jaguars,16679,"Nubin, Tyler NYG S","Nubin, Tyler",NYG,S,Active,1.69,2,260.59,2024 2.12,,nubin
AFC,JAC,Jacksonville Jaguars,13589,"Allen, Josh BUF QB","Allen, Josh",BUF,QB,Active,41.7,1,260.59,2026 EFT,,allen
AFC,JAC,Jacksonville Jaguars,17551,"Bailey, David NYJ DE","Bailey, David",NYJ,DE,Active,3.52,4,260.59,2026 1.11,,bailey
AFC,JAC,Jacksonville Jaguars,17477,"Coleman, Jonah DEN RB","Coleman, Jonah",DEN,RB,Active,1.76,4,260.59,2026 2.11,,coleman
AFC,JAC,Jacksonville Jaguars,17562,"Delane, Mansoor KCC CB","Delane, Mansoor",KCC,CB,Active,1.28,4,260.59,2026 3.11,,delane
AFC,JAC,Jacksonville Jaguars,17521,"Thomas, Zavion CHI WR","Thomas, Zavion",CHI,WR,Active,1.06,4,260.59,2026 4.11,,thomas
AFC,JAC,Jacksonville Jaguars,13163,"Godwin, Chris TBB WR","Godwin, Chris",TBB,WR,Active,9.1,1,260.59,2026 UFA,,godwin
AFC,JAC,Jacksonville Jaguars,13604,"Barkley, Saquon PHI RB","Barkley, Saquon",PHI,RB,Active,33.1,1,260.59,2026 UFA,,barkley
AFC,JAC,Jacksonville Jaguars,15282,"Smith, DeVonta PHI WR","Smith, DeVonta",PHI,WR,Active,34,1,260.59,2026 UFA,,smith
AFC,JAC,Jacksonville Jaguars,14877,"Young, Chase NOS DE","Young, Chase",NOS,DE,Active,8,1,260.59,2026 UFA,,young
AFC,JAC,Jacksonville Jaguars,14833,"Jeudy, Jerry CLE WR","Jeudy, Jerry",CLE,WR,Active,5,1,260.59,2026 UFA,,jeudy
AFC,JAC,Jacksonville Jaguars,13693,"Phillips, Harrison NYJ DT","Phillips, Harrison",NYJ,DT,Active,2.1,1,260.59,2026 UFA,,phillips
AFC,JAC,Jacksonville Jaguars,14982,"Gilman, Alohi KCC S","Gilman, Alohi",KCC,S,Active,2,1,260.59,2026 UFA,,gilman
AFC,JAC,Jacksonville Jaguars,14217,"Barton, Cody TEN LB","Barton, Cody",TEN,LB,Active,2.1,1,260.59,2026 UFA,,barton
AFC,JAC,Jacksonville Jaguars,10945,"Hekker, Johnny FA PN","Hekker, Johnny",FA,PN,Active,1.1,1,260.59,2026 UFA,,hekker
AFC,JAC,Jacksonville Jaguars,14302,"Scott, Nick CAR S","Scott, Nick",CAR,S,Active,1.1,1,260.59,2026 UFA,,scott
AFC,JAC,Jacksonville Jaguars,15386,"Odeyingbo, Dayo CHI DE","Odeyingbo, Dayo",CHI,DE,Active,1.1,1,260.59,2026 UFA,,odeyingbo
AFC,JAC,Jacksonville Jaguars,17037,"Gabriel, Dillon CLE QB","Gabriel, Dillon",CLE,QB,INJURED_RESERVE,1.06,3,260.59,2025 4.19,,gabriel
AFC,JAC,Jacksonville Jaguars,13146,"Conner, James ARI RB","Conner, James",ARI,RB,INJURED_RESERVE,3.69,3,260.59,2026 B/R,,conner
AFC,JAC,Jacksonville Jaguars,17138,"Grant, Kenneth MIA DT","Grant, Kenneth",MIA,DT,INJURED_RESERVE,1.43,3,260.59,2025 3.05,,grant
AFC,JAC,Jacksonville Jaguars,17152,"Norman-Lott, Omarr KCC DT","Norman-Lott, Omarr",KCC,DT,INJURED_RESERVE,1.03,3,260.59,2025 5.17,,norman-lott
AFC,JAC,Jacksonville Jaguars,17615,"Moore, Devin DAL CB","Moore, Devin",DAL,CB,INJURED_RESERVE,0.94,3,260.59,2026 UDFA,,moore
AFC,JAC,Jacksonville Jaguars,14095,"Johnson, Ty BUF RB","Johnson, Ty",BUF,RB,Taxi,1.1,1,260.59,2026 R/F,,johnson
AFC,JAC,Jacksonville Jaguars,12785,"Robinson, Demarcus SFO WR","Robinson, Demarcus",SFO,WR,Taxi,1.1,1,260.59,2026 R/F,,robinson
AFC,JAC,Jacksonville Jaguars,17549,"Roush, Sam CHI TE","Roush, Sam",CHI,TE,Taxi,0.94,3,260.59,2026 UDFA,,roush
AFC,JAC,Jacksonville Jaguars,17603,"Orange, Domonique MIN DT","Orange, Domonique",MIN,DT,Taxi,0.94,3,260.59,2026 UDFA,,orange
AFC,JAC,Jacksonville Jaguars,17645,"Elliott, Keyshaun CHI LB","Elliott, Keyshaun",CHI,LB,Taxi,0.94,3,260.59,2026 UDFA,,elliott
AFC,JAC,Jacksonville Jaguars,17642,"Rivers, Chandler BAL CB","Rivers, Chandler",BAL,CB,Taxi,0.94,3,260.59,2026 UDFA,,rivers
AFC,JAC,Jacksonville Jaguars,17564,"Ramsey, Kamari HOU S","Ramsey, Kamari",HOU,S,Taxi,0.94,3,260.59,2026 UDFA,,ramsey
AFC,JAC,Jacksonville Jaguars,16036,"Tonges, Jake SFO TE","Tonges, Jake",SFO,TE,Taxi,1.1,1,260.59,2026 ERFA,,tonges
AFC,JAC,Jacksonville Jaguars,15089,"Roach, Malcolm DEN DT","Roach, Malcolm",DEN,DT,Taxi,1.1,1,260.59,2026 UFA,,roach
AFC,JAC,Jacksonville Jaguars,15473,"McDuffie, Isaiah GBP LB","McDuffie, Isaiah",GBP,LB,Taxi,1.1,1,260.59,2026 R/F,,mcduffie
AFC,JAC,Jacksonville Jaguars,16926,"Reid, Winston CLE LB","Reid, Winston",CLE,LB,Taxi,1.1,1,260.59,2026 UFA,,reid
AFC,JAC,Jacksonville Jaguars,12831,"Roberts, Elandon FA LB","Roberts, Elandon",FA,LB,Taxi,1.1,1,260.59,2026 R/F,,roberts
AFC,JAC,Jacksonville Jaguars,12231,"Thompson, Shaq BUF LB","Thompson, Shaq",BUF,LB,Taxi,1.1,1,260.59,2026 R/F,,thompson
AFC,TEN,Tennessee Titans,14940,"Highsmith, Alex PIT DE","Highsmith, Alex",PIT,DE,Active,10.7,2,260.48,2026 oEXT,,highsmith
AFC,TEN,Tennessee Titans,16150,"Stroud, C.J. HOU QB","Stroud, C.J.",HOU,QB,Active,3.3,1,260.48,2023 1.12,,stroud
AFC,TEN,Tennessee Titans,16189,"Mims, Marvin DEN WR","Mims, Marvin",DEN,WR,Active,1.38,1,260.48,2023 3.13,,mims
AFC,TEN,Tennessee Titans,16303,"Herbig, Nick PIT DE","Herbig, Nick",PIT,DE,Active,1.23,1,260.48,2023 4.10,,herbig
AFC,TEN,Tennessee Titans,14153,"Allen, Zach DEN DT","Allen, Zach",DEN,DT,Active,13.94,1,260.48,2024 UFA,,allen
AFC,TEN,Tennessee Titans,12221,"Hunter, Danielle HOU DE","Hunter, Danielle",HOU,DE,Active,18.69,1,260.48,2026 oEXT,,hunter
AFC,TEN,Tennessee Titans,16211,"Nacua, Puka LAR WR","Nacua, Puka",LAR,WR,Active,5.81,1,260.48,2023 5.03^,,nacua
AFC,TEN,Tennessee Titans,16584,"McCarthy, J.J. MIN QB","McCarthy, J.J.",MIN,QB,Active,4.42,2,260.48,2024 1.07,,mccarthy
AFC,TEN,Tennessee Titans,15290,"Collins, Nico HOU WR","Collins, Nico",HOU,WR,Active,27.78,3,260.48,2025 B/R,,collins
AFC,TEN,Tennessee Titans,17147,"Schwesinger, Carson CLE LB","Schwesinger, Carson",CLE,LB,Active,1.8,3,260.48,2025 2.10,,schwesinger
AFC,TEN,Tennessee Titans,17104,"Loveland, Colston CHI TE","Loveland, Colston",CHI,TE,Active,4.32,3,260.48,2025 1.08,,loveland
AFC,TEN,Tennessee Titans,15409,"Barnes, Derrick DET LB","Barnes, Derrick",DET,LB,Active,1.1,1,260.48,2025 R/F,,barnes
AFC,TEN,Tennessee Titans,15390,"McNeill, Alim DET DT","McNeill, Alim",DET,DT,Active,2.06,1,260.48,2024 oEXT,,mcneill
AFC,TEN,Tennessee Titans,16228,"Smith, Nolan PHI DE","Smith, Nolan",PHI,DE,Active,1.32,1,260.48,2023 3.19,,smith
AFC,TEN,Tennessee Titans,16597,"Brooks, Jonathon CAR RB","Brooks, Jonathon",CAR,RB,Active,2.86,2,260.48,2024 1.13,,brooks
AFC,TEN,Tennessee Titans,16583,"Penix Jr., Michael ATL QB","Penix Jr., Michael",ATL,QB,Active,1.62,2,260.48,2024 2.14,,penix jr.
AFC,TEN,Tennessee Titans,12741,"Jones, Chris KCC DT","Jones, Chris",KCC,DT,Active,3.53,1,260.48,2025 iEXT,,jones
AFC,TEN,Tennessee Titans,15894,"Woolen, Tariq PHI CB","Woolen, Tariq",PHI,CB,Active,1.1,1,260.48,2026 R/F,,woolen
AFC,TEN,Tennessee Titans,13226,"Jackson, Adoree PHI CB","Jackson, Adoree",PHI,CB,Active,1.1,1,260.48,2026 R/F,,jackson
AFC,TEN,Tennessee Titans,15972,"Mason, Jordan MIN RB","Mason, Jordan",MIN,RB,Active,3.52,1,260.48,2026 RRFA,,mason
AFC,TEN,Tennessee Titans,16193,"Boutte, Kayshon HOU WR","Boutte, Kayshon",HOU,WR,Active,5.77,2,260.48,2026 SRFA,,boutte
AFC,TEN,Tennessee Titans,16246,"Johnson, Antonio JAC S","Johnson, Antonio",JAC,S,Active,3.52,2,260.48,2026 RRFA,,johnson
AFC,TEN,Tennessee Titans,16314,"Dennis, SirVocea TBB LB","Dennis, SirVocea",TBB,LB,Active,1.1,1,260.48,2026 ERFA,,dennis
AFC,TEN,Tennessee Titans,15789,"Watson, Christian GBP WR","Watson, Christian",GBP,WR,Active,19,2,260.48,2026 mEXT,,watson
AFC,TEN,Tennessee Titans,13592,"Darnold, Sam SEA QB","Darnold, Sam",SEA,QB,Active,13.95,3,260.48,2026 mEXT,,darnold
AFC,TEN,Tennessee Titans,15721,"White, Rachaad WAS RB","White, Rachaad",WAS,RB,Active,2.85,2,260.48,2026 mEXT,,white
AFC,TEN,Tennessee Titans,16181,"Brown, Chase CIN RB","Brown, Chase",CIN,RB,Active,9.71,2,260.48,2025 iEXT,,brown
AFC,TEN,Tennessee Titans,17499,"Lemon, Makai PHI WR","Lemon, Makai",PHI,WR,Active,5.56,4,260.48,2026 1.06,,lemon
AFC,TEN,Tennessee Titans,17544,"Stowers, Eli PHI TE","Stowers, Eli",PHI,TE,Active,2.2,4,260.48,2026 2.04,,stowers
AFC,TEN,Tennessee Titans,17552,"Howell, Cashius CIN DE","Howell, Cashius",CIN,DE,Active,1.44,4,260.48,2026 3.04,,howell
AFC,TEN,Tennessee Titans,14860,"Jennings, Jauan MIN WR","Jennings, Jauan",MIN,WR,Active,2,1,260.48,2026 UFA,,jennings
AFC,TEN,Tennessee Titans,16240,"Porter Jr., Joey PIT CB","Porter Jr., Joey",PIT,CB,Active,2,1,260.48,2026 UFA,,porter jr.
AFC,TEN,Tennessee Titans,15256,"Williams, Javonte DAL RB","Williams, Javonte",DAL,RB,Active,31.1,1,260.48,2026 UFA,,williams
AFC,TEN,Tennessee Titans,12801,"Hill, Tyreek FA WR","Hill, Tyreek",FA,WR,Active,3.33,2,260.48,2026 UFA,,hill
AFC,TEN,Tennessee Titans,13723,"Payne, Da'Ron WAS DT","Payne, Da'Ron",WAS,DT,Active,4.1,1,260.48,2026 UFA,,payne
AFC,TEN,Tennessee Titans,14412,"Singleton, Alex DEN LB","Singleton, Alex",DEN,LB,Active,3,1,260.48,2026 UFA,,singleton
AFC,TEN,Tennessee Titans,16296,"Miller, Ventrell JAC LB","Miller, Ventrell",JAC,LB,Active,2,1,260.48,2026 UFA,,miller
AFC,TEN,Tennessee Titans,15001,"Curl, Kamren LAR S","Curl, Kamren",LAR,S,Active,2.85,2,260.48,2026 UFA,,curl
AFC,TEN,Tennessee Titans,16216,"Washington, Darnell PIT TE","Washington, Darnell",PIT,TE,Active,2,1,260.48,2026 UFA,,washington
AFC,TEN,Tennessee Titans,17474,"Johnson, Emmett KCC RB","Johnson, Emmett",KCC,RB,Active,1.19,4,260.48,2026 3.17,,johnson
AFC,TEN,Tennessee Titans,17520,"Hurst, Ted TBB WR","Hurst, Ted",TBB,WR,Active,1.17,4,260.48,2026 3.19,,hurst
AFC,TEN,Tennessee Titans,17157,"TeSlaa, Isaac DET WR","TeSlaa, Isaac",DET,WR,Active,1.11,3,260.48,2025 4.08,,teslaa
AFC,TEN,Tennessee Titans,16661,"Hall Jr., Michael CLE DT","Hall Jr., Michael",CLE,DT,Active,1.28,2,260.48,2024 3.15,,hall jr.
AFC,TEN,Tennessee Titans,16846,"Bates, Jake DET PK","Bates, Jake",DET,PK,Active,2,1,260.48,2026 UFA,,bates
AFC,TEN,Tennessee Titans,14148,"Sweat, Montez CHI DE","Sweat, Montez",CHI,DE,Active,8.55,2,260.48,2026 UFA,,sweat
AFC,TEN,Tennessee Titans,13289,"Hollins, Mack NEP WR","Hollins, Mack",NEP,WR,Taxi,1.1,1,260.48,2025 R/F,,hollins
AFC,TEN,Tennessee Titans,17593,"Klein, Marlin HOU TE","Klein, Marlin",HOU,TE,Taxi,0.98,4,260.48,2026 5.17,,klein
AFC,TEN,Tennessee Titans,17339,"McNamara, Austin NYJ PN","McNamara, Austin",NYJ,PN,Taxi,1.1,1,260.48,2026 ERFA,,mcnamara
AFC,TEN,Tennessee Titans,17672,"Gill-Howard, Skyler DET DT","Gill-Howard, Skyler",DET,DT,Taxi,0.94,3,260.48,2026 UDFA,,gill-howard
AFC,TEN,Tennessee Titans,13332,"Jones, D.J. DEN DT","Jones, D.J.",DEN,DT,Taxi,1.1,1,260.48,2025 R/F,,jones
AFC,TEN,Tennessee Titans,14899,"Kinlaw, Javon WAS DT","Kinlaw, Javon",WAS,DT,Taxi,1.1,1,260.48,2026 R/F,,kinlaw
AFC,TEN,Tennessee Titans,17600,"McClellan, Chris GBP DT","McClellan, Chris",GBP,DT,Taxi,0.94,3,260.48,2026 UDFA,,mcclellan
AFC,TEN,Tennessee Titans,17161,"Burch, Jordan ARI DE","Burch, Jordan",ARI,DE,Taxi,0.99,2,260.48,2025 UDFA,,burch
AFC,TEN,Tennessee Titans,15398,"Jones, Patrick CAR DE","Jones, Patrick",CAR,DE,Taxi,1.1,1,260.48,2025 R/F,,jones
AFC,TEN,Tennessee Titans,10267,"Miller, Von DAL DE","Miller, Von",DAL,DE,Taxi,1.1,1,260.48,2026 R/F,,miller
AFC,TEN,Tennessee Titans,17150,"Oladejo, Oluwafemi TEN DE","Oladejo, Oluwafemi",TEN,DE,Taxi,1.04,3,260.48,2025 5.08,,oladejo
AFC,TEN,Tennessee Titans,17623,"Elarms-Orr, Kaleb BUF LB","Elarms-Orr, Kaleb",BUF,LB,Taxi,1,4,260.48,2026 5.04,,elarms-orr
AFC,TEN,Tennessee Titans,17598,"Davis, Tacario CIN CB","Davis, Tacario",CIN,CB,Taxi,0.94,3,260.48,2026 UDFA,,davis
AFC,TEN,Tennessee Titans,17635,"Johnson, Dalton LVR S","Johnson, Dalton",LVR,S,Taxi,0.94,3,260.48,2026 UDFA,,johnson
AFC,TEN,Tennessee Titans,13133,"Perine, Samaje CIN RB","Perine, Samaje",CIN,RB,Taxi,1.1,1,260.48,2026 UFA,,perine
AFC,TEN,Tennessee Titans,15382,"Onwuzurike, Levi DET DT","Onwuzurike, Levi",DET,DT,Taxi,1.1,1,260.48,2026 UFA,,onwuzurike
AFC,TEN,Tennessee Titans,14879,"Epenesa, A.J. PHI DE","Epenesa, A.J.",PHI,DE,Taxi,1.1,1,260.48,2026 UFA,,epenesa
AFC,TEN,Tennessee Titans,15913,"Benford, Christian BUF CB","Benford, Christian",BUF,CB,Taxi,1.1,1,260.48,2026 ERFA,,benford
AFC,TEN,Tennessee Titans,15833,"Gardner, Sauce IND CB","Gardner, Sauce",IND,CB,Taxi,1.1,1,260.48,2025 R/F,,gardner
AFC,TEN,Tennessee Titans,16708,"Smith, Tykee TBB S","Smith, Tykee",TBB,S,Taxi,1.08,2,260.48,2024 5.14,,smith
AFC,DEN,Denver Broncos,13696,"Smith, Roquan BAL LB","Smith, Roquan",BAL,LB,Active,14.27,2,261.42,2024 oEXT,,smith
AFC,DEN,Denver Broncos,14897,"Brown, Derrick CAR DT","Brown, Derrick",CAR,DT,Active,19.49,2,261.42,2024 oEXT,,brown
AFC,DEN,Denver Broncos,15428,"Sherwood, Jamien NYJ LB","Sherwood, Jamien",NYJ,LB,Active,5.88,2,261.42,2025 SRFA,,sherwood
AFC,DEN,Denver Broncos,15253,"Etienne, Travis NOS RB","Etienne, Travis",NOS,RB,Active,14.48,2,261.42,2026 oEXT,,etienne
AFC,DEN,Denver Broncos,17071,"McMillan, Tetairoa CAR WR","McMillan, Tetairoa",CAR,WR,Active,7.73,3,261.42,2025 1.03,,mcmillan
AFC,DEN,Denver Broncos,17073,"Ayomanor, Elic TEN WR","Ayomanor, Elic",TEN,WR,Active,1.17,3,261.42,2025 3.23,,ayomanor
AFC,DEN,Denver Broncos,15237,"Lawrence, Trevor JAC QB","Lawrence, Trevor",JAC,QB,Active,14.95,2,261.42,2025 UFA,,lawrence
AFC,DEN,Denver Broncos,16703,"Phillips, Andru NYG CB","Phillips, Andru",NYG,CB,Active,1.1,1,261.42,2025 R/F,,phillips
AFC,DEN,Denver Broncos,14182,"Hooker, Amani TEN S","Hooker, Amani",TEN,S,Active,5.43,1,261.42,2025 UFA,,hooker
AFC,DEN,Denver Broncos,17163,"Parrish, Jacob TBB CB","Parrish, Jacob",TBB,CB,Active,1.1,1,261.42,2026 ERFA,,parrish
AFC,DEN,Denver Broncos,14778,"Tagovailoa, Tua ATL QB","Tagovailoa, Tua",ATL,QB,Active,20.49,2,261.42,2025 B/R,,tagovailoa
AFC,DEN,Denver Broncos,16734,"Booker, Austin CHI DE","Booker, Austin",CHI,DE,Active,1.1,2,261.42,2024 4.22,,booker
AFC,DEN,Denver Broncos,15877,"Uwazurike, Eyioma DEN DT","Uwazurike, Eyioma",DEN,DT,Active,1.1,1,261.42,2026 ERFA,,uwazurike
AFC,DEN,Denver Broncos,16604,"Lloyd, MarShawn GBP RB","Lloyd, MarShawn",GBP,RB,Active,1.38,2,261.42,2024 3.08,,lloyd
AFC,DEN,Denver Broncos,16628,"McMillan, Jalen TBB WR","McMillan, Jalen",TBB,WR,Active,1.19,2,261.42,2024 4.05,,mcmillan
AFC,DEN,Denver Broncos,14835,"Higgins, Tee CIN WR","Higgins, Tee",CIN,WR,Active,15.43,2,261.42,2024 B/R,,higgins
AFC,DEN,Denver Broncos,16214,"LaPorta, Sam DET TE","LaPorta, Sam",DET,TE,Active,3.7,1,261.42,2023 2.02^,,laporta
AFC,DEN,Denver Broncos,17202,"Trader, Dante MIA S","Trader, Dante",MIA,S,Active,1.1,1,261.42,2026 R/F,,trader
AFC,DEN,Denver Broncos,15860,"Cook, Bryan CIN S","Cook, Bryan",CIN,S,Active,1.1,1,261.42,2026 R/F,,cook
AFC,DEN,Denver Broncos,13744,"Shepherd, Nathan NOS DT","Shepherd, Nathan",NOS,DT,Active,1.1,1,261.42,2026 R/F,,shepherd
AFC,DEN,Denver Broncos,16212,"Mayer, Michael LVR TE","Mayer, Michael",LVR,TE,Active,1.1,1,261.42,2026 R/F,,mayer
AFC,DEN,Denver Broncos,16245,"Battle, Jordan CIN S","Battle, Jordan",CIN,S,Active,6.5,1,261.42,2026 ORFA3,,battle
AFC,DEN,Denver Broncos,14147,"Bosa, Nick SFO DE","Bosa, Nick",SFO,DE,Active,23.13,3,261.42,2026 mEXT,,bosa
AFC,DEN,Denver Broncos,17472,"Love, Jeremiyah ARI RB","Love, Jeremiyah",ARI,RB,Active,11.67,4,261.42,2026 1.01,,love
AFC,DEN,Denver Broncos,17553,"Faulk, Keldric TEN DE","Faulk, Keldric",TEN,DE,Active,1.52,4,261.42,2026 3.01,,faulk
AFC,DEN,Denver Broncos,14138,"Hockenson, T.J. MIN TE","Hockenson, T.J.",MIN,TE,Active,18.5,2,261.42,2025 oEXT,,hockenson
AFC,DEN,Denver Broncos,14974,"Mooney, Darnell NYG WR","Mooney, Darnell",NYG,WR,Active,2,1,261.42,2026 UFA,,mooney
AFC,DEN,Denver Broncos,13208,"Allen, Jonathan CIN DT","Allen, Jonathan",CIN,DT,Active,5.1,1,261.42,2026 UFA,,allen
AFC,DEN,Denver Broncos,15797,"Dulcich, Greg MIA TE","Dulcich, Greg",MIA,TE,Active,1.1,1,261.42,2026 UFA,,dulcich
AFC,DEN,Denver Broncos,17187,"Riley, Quincy NOS CB","Riley, Quincy",NOS,CB,Active,1.1,1,261.42,2026 UFA,,riley
AFC,DEN,Denver Broncos,16660,"Robinson, Darius ARI DT","Robinson, Darius",ARI,DT,Active,1.56,2,261.42,2024 2.16,,robinson
AFC,DEN,Denver Broncos,13681,"Chubb, Bradley BUF DE","Chubb, Bradley",BUF,DE,Active,3.75,1,261.42,2025 ORFA1,,chubb
AFC,DEN,Denver Broncos,17588,"Young, Zion BAL DE","Young, Zion",BAL,DE,Active,1.25,4,261.42,2026 3.13,,young
AFC,DEN,Denver Broncos,17158,"Broughton, Vernon NOS DT","Broughton, Vernon",NOS,DT,Active,1.1,1,261.42,2026 R/F,,broughton
AFC,DEN,Denver Broncos,17241,"Crawshaw, Jeremy DEN PN","Crawshaw, Jeremy",DEN,PN,Active,1.06,3,261.42,2025 5.01,,crawshaw
AFC,DEN,Denver Broncos,17105,"Helm, Gunnar TEN TE","Helm, Gunnar",TEN,TE,Active,1.04,3,261.42,2025 5.07,,helm
AFC,DEN,Denver Broncos,17185,"Buchanan, Teddye BAL LB","Buchanan, Teddye",BAL,LB,Active,1.03,3,261.42,2025 5.20,,buchanan
AFC,DEN,Denver Broncos,17154,"Alexander, Darius NYG DT","Alexander, Darius",NYG,DT,Active,1.03,3,261.42,2025 5.10,,alexander
AFC,DEN,Denver Broncos,16722,"Knight, Tyrice SEA LB","Knight, Tyrice",SEA,LB,Active,1.03,1,261.42,2024 UDFA,,knight
AFC,DEN,Denver Broncos,17076,"Bond, Isaiah CLE WR","Bond, Isaiah",CLE,WR,Active,1.02,3,261.42,2025 5.22,,bond
AFC,DEN,Denver Broncos,17172,"Woodson, Craig NEP S","Woodson, Craig",NEP,S,Active,1.03,3,261.42,2025 5.15,,woodson
AFC,DEN,Denver Broncos,17606,"Barham, Jaishawn DAL LB","Barham, Jaishawn",DAL,LB,Active,1.01,4,261.42,2026 5.01,,barham
AFC,DEN,Denver Broncos,17466,"Beck, Carson ARI QB","Beck, Carson",ARI,QB,Active,1.13,4,261.42,2026 4.02,,beck
AFC,DEN,Denver Broncos,14472,"Dodson, Tyrel CAR LB","Dodson, Tyrel",CAR,LB,Active,2.3,1,261.42,2026 UFA,,dodson
AFC,DEN,Denver Broncos,17256,"Croskey-Merritt, Jacory WAS RB","Croskey-Merritt, Jacory",WAS,RB,Active,0.99,2,261.42,2025 UDFA,,croskey-merritt
AFC,DEN,Denver Broncos,17612,"Proctor, Kaleb ARI DT","Proctor, Kaleb",ARI,DT,INJURED_RESERVE,0.94,3,261.42,2026 UDFA,,proctor
AFC,DEN,Denver Broncos,17096,"Williams, Savion GBP WR","Williams, Savion",GBP,WR,INJURED_RESERVE,1.03,3,261.42,2025 5.12,,williams
AFC,DEN,Denver Broncos,17596,"Crawford, Keyron LVR DE","Crawford, Keyron",LVR,DE,INJURED_RESERVE,0.94,3,261.42,2026 UDFA,,crawford
AFC,DEN,Denver Broncos,17130,"Amos, Trey WAS CB","Amos, Trey",WAS,CB,INJURED_RESERVE,1.1,1,261.42,2026 R/F,,amos
AFC,DEN,Denver Broncos,17668,"Smack, Trey GBP PK","Smack, Trey",GBP,PK,Taxi,0.98,4,261.42,2026 5.15,,smack
AFC,DEN,Denver Broncos,17616,"Scott, Keionte TBB CB","Scott, Keionte",TBB,CB,Taxi,0.98,4,261.42,2026 5.14,,scott
AFC,KCC,Kansas City Chiefs,14836,"Jefferson, Justin MIN WR","Jefferson, Justin",MIN,WR,Active,43.12,3,254.86,2024 iEXT,,jefferson
AFC,KCC,Kansas City Chiefs,16616,"Odunze, Rome CHI WR","Odunze, Rome",CHI,WR,Active,5.43,2,254.86,2024 1.05,,odunze
AFC,KCC,Kansas City Chiefs,15835,"Brisker, Jaquan PIT S","Brisker, Jaquan",PIT,S,Active,4.47,2,254.86,2025 iEXT,,brisker
AFC,KCC,Kansas City Chiefs,17068,"Harvey, RJ DEN RB","Harvey, RJ",DEN,RB,Active,2.56,3,254.86,2025 1.16,,harvey
AFC,KCC,Kansas City Chiefs,17032,"Dart, Jaxson NYG QB","Dart, Jaxson",NYG,QB,Active,2.35,3,254.86,2025 2.02,,dart
AFC,KCC,Kansas City Chiefs,17144,"Emmanwori, Nick SEA S","Emmanwori, Nick",SEA,S,Active,1.57,3,254.86,2025 2.16,,emmanwori
AFC,KCC,Kansas City Chiefs,17103,"Fannin, Harold CLE TE","Fannin, Harold",CLE,TE,Active,1.33,3,254.86,2025 3.10,,fannin
AFC,KCC,Kansas City Chiefs,15366,"Holland, Jevon NYG S","Holland, Jevon",NYG,S,Active,2.67,2,254.86,2025 UFA,,holland
AFC,KCC,Kansas City Chiefs,15281,"Chase, Ja'Marr CIN WR","Chase, Ja'Marr",CIN,WR,Active,20.61,4,254.86,2024 iEXT,,chase
AFC,KCC,Kansas City Chiefs,13116,"Mahomes, Patrick KCC QB","Mahomes, Patrick",KCC,QB,Active,41.47,3,254.86,2023 oEXT,,mahomes
AFC,KCC,Kansas City Chiefs,15391,"Williams, Milton NEP DT","Williams, Milton",NEP,DT,Active,2.02,4,254.86,2026 oEXT,,williams
AFC,KCC,Kansas City Chiefs,17136,"Nolen, Walter ARI DT","Nolen, Walter",ARI,DT,Active,1.46,3,254.86,2025 3.04,,nolen
AFC,KCC,Kansas City Chiefs,14221,"Williams, Quincy CLE LB","Williams, Quincy",CLE,LB,Active,4.94,2,254.86,2026 B/R,,williams
AFC,KCC,Kansas City Chiefs,17501,"Concepcion, KC CLE WR","Concepcion, KC",CLE,WR,Active,4.99,4,254.86,2026 1.07,,concepcion
AFC,KCC,Kansas City Chiefs,17589,"Trotter, Josiah TBB LB","Trotter, Josiah",TBB,LB,Active,1.92,4,254.86,2026 2.08,,trotter
AFC,KCC,Kansas City Chiefs,17506,"Bell, Chris MIA WR","Bell, Chris",MIA,WR,Active,1.71,4,254.86,2026 2.12,,bell
AFC,KCC,Kansas City Chiefs,15836,"Hill, Daxton CIN CB","Hill, Daxton",CIN,CB,Active,2,1,254.86,2026 UFA,,hill
AFC,KCC,Kansas City Chiefs,16174,"Rodriguez, Chris JAC RB","Rodriguez, Chris",JAC,RB,Active,5,1,254.86,2026 UFA,,rodriguez
AFC,KCC,Kansas City Chiefs,16787,"Laulu, Jonah LVR DT","Laulu, Jonah",LVR,DT,Active,2.47,2,254.86,2026 UFA,,laulu
AFC,KCC,Kansas City Chiefs,15853,"Mafe, Boye CIN DE","Mafe, Boye",CIN,DE,Active,2.01,2,254.86,2026 UFA,,mafe
AFC,KCC,Kansas City Chiefs,13447,"Wilson, Eric MIN LB","Wilson, Eric",MIN,LB,Active,2.01,2,254.86,2026 UFA,,wilson
AFC,KCC,Kansas City Chiefs,13987,"Spillane, Robert NEP LB","Spillane, Robert",NEP,LB,Active,2,1,254.86,2026 UFA,,spillane
AFC,KCC,Kansas City Chiefs,14164,"Jones, Dre'Mont NEP DE","Jones, Dre'Mont",NEP,DE,Active,2,1,254.86,2026 UFA,,jones
AFC,KCC,Kansas City Chiefs,16145,"McMillian, Ja'Quan DEN CB","McMillian, Ja'Quan",DEN,CB,Active,2,1,254.86,2026 UFA,,mcmillian
AFC,KCC,Kansas City Chiefs,15755,"Dotson, Jahan ATL WR","Dotson, Jahan",ATL,WR,Active,1.1,1,254.86,2026 R/F,,dotson
AFC,KCC,Kansas City Chiefs,17505,"Sarratt, Elijah BAL WR","Sarratt, Elijah",BAL,WR,Active,1.03,4,254.86,2026 4.17,,sarratt
AFC,KCC,Kansas City Chiefs,17099,"Gadsden, Oronde LAC TE","Gadsden, Oronde",LAC,TE,Active,0.99,2,254.86,2025 UDFA,,gadsden
AFC,KCC,Kansas City Chiefs,13448,"Butler, Adam LVR DT","Butler, Adam",LVR,DT,Active,1.1,1,254.86,2026 UFA,,butler
AFC,KCC,Kansas City Chiefs,17570,"Hunter, Lee CAR DT","Hunter, Lee",CAR,DT,Active,0.98,4,254.86,2026 5.22,,hunter
AFC,KCC,Kansas City Chiefs,16450,"Thomas, Drake SEA LB","Thomas, Drake",SEA,LB,Active,1.1,1,254.86,2026 ERFA,,thomas
AFC,KCC,Kansas City Chiefs,14180,"Murphy, Byron MIN CB","Murphy, Byron",MIN,CB,Active,1.1,1,254.86,2026 UFA,,murphy
AFC,KCC,Kansas City Chiefs,16572,"Okada, Ty SEA S","Okada, Ty",SEA,S,Active,1.1,1,254.86,2026 R/F,,okada
AFC,KCC,Kansas City Chiefs,16608,"Holani, George SEA RB","Holani, George",SEA,RB,Active,1.1,1,254.86,2026 UFA,,holani
AFC,KCC,Kansas City Chiefs,17162,"Walley, Justin IND CB","Walley, Justin",IND,CB,Active,1.1,1,254.86,2026 UFA,,walley
AFC,KCC,Kansas City Chiefs,16786,"Drake-Rodriguez, Levi MIN DT","Drake-Rodriguez, Levi",MIN,DT,Active,1.1,1,254.86,2026 ERFA,,drake-rodriguez
AFC,KCC,Kansas City Chiefs,17550,"Bain Jr., Rueben TBB DE","Bain Jr., Rueben",TBB,DE,Active,4.13,4,254.86,2026 1.09,,bain jr.
AFC,KCC,Kansas City Chiefs,15261,"Hubbard, Chuba CAR RB","Hubbard, Chuba",CAR,RB,Active,9.12,1,254.86,2025 oEXT,,hubbard
AFC,KCC,Kansas City Chiefs,17160,"Umanmielen, Princely CAR DE","Umanmielen, Princely",CAR,DE,Active,0.99,2,254.86,2025 UDFA,,umanmielen
AFC,KCC,Kansas City Chiefs,16010,"Wright, Ryan NOS PN","Wright, Ryan",NOS,PN,Active,1.1,1,254.86,2026 R/F,,wright
AFC,KCC,Kansas City Chiefs,17628,"Daniels, Kendal ATL LB","Daniels, Kendal",ATL,LB,Active,0.94,3,254.86,2026 UDFA,,daniels
AFC,KCC,Kansas City Chiefs,17545,"Endries, Jack CIN TE","Endries, Jack",CIN,TE,Active,0.94,3,254.86,2026 UDFA,,endries
AFC,KCC,Kansas City Chiefs,17189,"Robinson, Quandarrius DEN DE","Robinson, Quandarrius",DEN,DE,Active,2,1,254.86,2026 UFA,,robinson
AFC,KCC,Kansas City Chiefs,17128,"Barron, Jahdae DEN CB","Barron, Jahdae",DEN,CB,Active,1.19,3,254.86,2025 3.21,,barron
AFC,KCC,Kansas City Chiefs,16896,"Shrader, Spencer IND PK","Shrader, Spencer",IND,PK,Active,1.1,1,254.86,2026 UFA,,shrader
AFC,KCC,Kansas City Chiefs,17578,"Louis, Kyle MIA LB","Louis, Kyle",MIA,LB,Active,0.94,3,254.86,2026 UDFA,,louis
AFC,KCC,Kansas City Chiefs,17119,"Scourton, Nic CAR DE","Scourton, Nic",CAR,DE,INJURED_RESERVE,1.09,3,254.86,2025 4.11,,scourton
AFC,KCC,Kansas City Chiefs,17594,"Clark, Bud SEA S","Clark, Bud",SEA,S,INJURED_RESERVE,1,4,254.86,2026 5.02,,clark
AFC,KCC,Kansas City Chiefs,16594,"Benson, Trey ARI RB","Benson, Trey",ARI,RB,INJURED_RESERVE,1.98,2,254.86,2024 2.06,,benson
AFC,KCC,Kansas City Chiefs,17498,"Tyson, Jordyn NOS WR","Tyson, Jordyn",NOS,WR,INJURED_RESERVE,6.27,4,254.86,2026 1.05,,tyson
AFC,KCC,Kansas City Chiefs,15081,"Wharton, Tershawn CAR DT","Wharton, Tershawn",CAR,DT,INJURED_RESERVE,1.1,1,254.86,2025 R/F,,wharton
AFC,KCC,Kansas City Chiefs,17625,"Moore, Trey MIA LB","Moore, Trey",MIA,LB,INJURED_RESERVE,0.94,3,254.86,2026 UDFA,,moore
AFC,KCC,Kansas City Chiefs,15510,"Washington, Ar'Darius NYG S","Washington, Ar'Darius",NYG,S,Taxi,1.1,1,254.86,2026 ERFA,,washington
AFC,KCC,Kansas City Chiefs,12754,"Collins, Maliek CLE DT","Collins, Maliek",CLE,DT,Taxi,1.1,1,254.86,2026 R/F,,collins
AFC,KCC,Kansas City Chiefs,11383,"Martin, Sam CAR PN","Martin, Sam",CAR,PN,Taxi,1.1,1,254.86,2026 R/F,,martin
AFC,KCC,Kansas City Chiefs,15402,"Molden, Elijah LAC S","Molden, Elijah",LAC,S,Taxi,1.1,1,254.86,2026 R/F,,molden
AFC,KCC,Kansas City Chiefs,16444,"Grupe, Blake NYJ PK","Grupe, Blake",NYJ,PK,Taxi,1.1,1,254.86,2026 R/F,,grupe
AFC,KCC,Kansas City Chiefs,15849,"McCreary, Roger DET CB","McCreary, Roger",DET,CB,Taxi,1.1,1,254.86,2026 R/F,,mccreary
AFC,KCC,Kansas City Chiefs,14867,"Kmet, Cole CHI TE","Kmet, Cole",CHI,TE,Taxi,1.1,1,254.86,2026 UFA,,kmet
AFC,KCC,Kansas City Chiefs,15866,"Flott, Cordale TEN CB","Flott, Cordale",TEN,CB,Taxi,1.1,1,254.86,2026 R/F,,flott
AFC,KCC,Kansas City Chiefs,14198,"Ya-Sin, Rock DET CB","Ya-Sin, Rock",DET,CB,Taxi,1.1,1,254.86,2026 UFA,,ya-sin
AFC,KCC,Kansas City Chiefs,15238,"Fields, Justin KCC QB","Fields, Justin",KCC,QB,Taxi,1.9,1,254.86,2026 UFA,,fields
AFC,KCC,Kansas City Chiefs,12140,"Winston, Jameis NYG QB","Winston, Jameis",NYG,QB,Taxi,2,1,254.86,2026 UFA,,winston
AFC,KCC,Kansas City Chiefs,16171,"Miller, Kendre NOS RB","Miller, Kendre",NOS,RB,Taxi,2.1,1,254.86,2023 2.06,,miller
AFC,KCC,Kansas City Chiefs,16432,"Wilson, Emanuel SEA RB","Wilson, Emanuel",SEA,RB,Taxi,2,1,254.86,2026 UFA,,wilson
AFC,KCC,Kansas City Chiefs,16923,"Tillman, Dondrea DEN DE","Tillman, Dondrea",DEN,DE,Taxi,2,1,254.86,2026 UFA,,tillman
AFC,KCC,Kansas City Chiefs,15676,"Anderson, Zayne MIA S","Anderson, Zayne",MIA,S,Taxi,1.1,1,254.86,2026 UFA,,anderson
AFC,KCC,Kansas City Chiefs,13325,"Woods, Xavier CHI S","Woods, Xavier",CHI,S,Taxi,1.1,1,254.86,2026 UFA,,woods
AFC,KCC,Kansas City Chiefs,16757,"Vidal, Kimani LAC RB","Vidal, Kimani",LAC,RB,Taxi,2.3,1,254.86,2026 UFA,,vidal
AFC,KCC,Kansas City Chiefs,15787,"Thornton, Tyquan KCC WR","Thornton, Tyquan",KCC,WR,Taxi,2.4,1,254.86,2026 B/R,,thornton
AFC,KCC,Kansas City Chiefs,12956,"Lutz, Wil DEN PK","Lutz, Wil",DEN,PK,Taxi,1.1,1,254.86,2026 R/F,,lutz
AFC,KCC,Kansas City Chiefs,17666,"van den Berg, Jordan CHI DT","van den Berg, Jordan",CHI,DT,Taxi,1.1,1,254.86,2026 UFA,,van den berg
AFC,LVR,Las Vegas Raiders,12611,"Goff, Jared DET QB","Goff, Jared",DET,QB,Active,26.98,2,251.85,2024 oEXT,,goff
AFC,LVR,Las Vegas Raiders,14797,"Swift, D'Andre CHI RB","Swift, D'Andre",CHI,RB,Active,6.56,1,251.85,2024 oEXT,,swift
AFC,LVR,Las Vegas Raiders,16161,"Robinson, Bijan ATL RB","Robinson, Bijan",ATL,RB,Active,10.93,1,251.85,2023 1.01,,robinson
AFC,LVR,Las Vegas Raiders,16185,"Smith-Njigba, Jaxon SEA WR","Smith-Njigba, Jaxon",SEA,WR,Active,6.09,1,251.85,2023 1.05,,smith-njigba
AFC,LVR,Las Vegas Raiders,13690,"Sweat, Josh ARI DE","Sweat, Josh",ARI,DE,Active,5.78,3,251.85,2026 oEXT,,sweat
AFC,LVR,Las Vegas Raiders,14908,"McKinney, Xavier GBP S","McKinney, Xavier",GBP,S,Active,5.88,1,251.85,2023 UFA,,mckinney
AFC,LVR,Las Vegas Raiders,16581,"Daniels, Jayden WAS QB","Daniels, Jayden",WAS,QB,Active,4.87,2,251.85,2024 1.06,,daniels
AFC,LVR,Las Vegas Raiders,13630,"Sutton, Courtland DEN WR","Sutton, Courtland",DEN,WR,Active,24.97,3,251.85,2026 oEXT,,sutton
AFC,LVR,Las Vegas Raiders,14921,"Dugger, Kyle CIN S","Dugger, Kyle",CIN,S,Active,7.08,1,251.85,2024 UFA,,dugger
AFC,LVR,Las Vegas Raiders,15873,"Bellinger, Daniel TEN TE","Bellinger, Daniel",TEN,TE,Active,2.06,1,251.85,2024 UFA,,bellinger
AFC,LVR,Las Vegas Raiders,16598,"Irving, Bucky TBB RB","Irving, Bucky",TBB,RB,Active,1.11,2,251.85,2024 4.18,,irving
AFC,LVR,Las Vegas Raiders,17112,"Carter, Abdul NYG DE","Carter, Abdul",NYG,DE,Active,3.97,3,251.85,2025 1.09,,carter
AFC,LVR,Las Vegas Raiders,17167,"Sanker, Jonas NOS S","Sanker, Jonas",NOS,S,Active,1.02,3,251.85,2025 5.21,,sanker
AFC,LVR,Las Vegas Raiders,13869,"Bojorquez, Corey CLE PN","Bojorquez, Corey",CLE,PN,Active,2.05,1,251.85,2025 UFA,,bojorquez
AFC,LVR,Las Vegas Raiders,15361,"Horn, Jaycee CAR CB","Horn, Jaycee",CAR,CB,Active,3.14,1,251.85,2025 UFA,,horn
AFC,LVR,Las Vegas Raiders,15404,"Jones, Ernest SEA LB","Jones, Ernest",SEA,LB,Active,7.43,2,251.85,2025 UFA,,jones
AFC,LVR,Las Vegas Raiders,15788,"Tolbert, Jalen MIA WR","Tolbert, Jalen",MIA,WR,Active,2.05,2,251.85,2025 UFA,,tolbert
AFC,LVR,Las Vegas Raiders,15869,"Bernard, Terrel BUF LB","Bernard, Terrel",BUF,LB,Active,5.15,2,251.85,2025 UFA,,bernard
AFC,LVR,Las Vegas Raiders,14157,"Williams, Quinnen DAL DT","Williams, Quinnen",DAL,DT,Active,12.65,1,251.85,2025 UFA,,williams
AFC,LVR,Las Vegas Raiders,15821,"Dean, Nakobe LVR LB","Dean, Nakobe",LVR,LB,Active,7.69,4,251.85,2026 oEXT,,dean
AFC,LVR,Las Vegas Raiders,16586,"Rattler, Spencer NOS QB","Rattler, Spencer",NOS,QB,Active,1.08,2,251.85,2024 5.13,,rattler
AFC,LVR,Las Vegas Raiders,15923,"Lake, Quentin LAR S","Lake, Quentin",LAR,S,Active,4.39,1,251.85,2025 UFA,,lake
AFC,LVR,Las Vegas Raiders,15751,"London, Drake ATL WR","London, Drake",ATL,WR,Active,29.83,1,251.85,2026 5YO,,london
AFC,LVR,Las Vegas Raiders,13704,"Nwosu, Uchenna SEA DE","Nwosu, Uchenna",SEA,DE,Active,1.1,1,251.85,2026 R/F,,nwosu
AFC,LVR,Las Vegas Raiders,14904,"Fulton, Kristian KCC CB","Fulton, Kristian",KCC,CB,Active,1.1,1,251.85,2026 R/F,,fulton
AFC,LVR,Las Vegas Raiders,15989,"Jobe, Josh SEA CB","Jobe, Josh",SEA,CB,Active,1.1,1,251.85,2026 R/F,,jobe
AFC,LVR,Las Vegas Raiders,15817,"Davis, Jordan PHI DT","Davis, Jordan",PHI,DT,Active,20.26,1,251.85,2026 NEFT,,davis
AFC,LVR,Las Vegas Raiders,14823,"Dowdle, Rico PIT RB","Dowdle, Rico",PIT,RB,Active,5.77,1,251.85,2026 SRFA,,dowdle
AFC,LVR,Las Vegas Raiders,14954,"Hawkins, Jaylinn BAL S","Hawkins, Jaylinn",BAL,S,Active,1.1,1,251.85,2026 ERFA,,hawkins
AFC,LVR,Las Vegas Raiders,15799,"Ferguson, Jake DAL TE","Ferguson, Jake",DAL,TE,Active,5.77,2,251.85,2026 SRFA,,ferguson
AFC,LVR,Las Vegas Raiders,14997,"Rodgers, Isaiah MIN CB","Rodgers, Isaiah",MIN,CB,Active,1.1,1,251.85,2026 ERFA,,rodgers
AFC,LVR,Las Vegas Raiders,17502,"Cooper Jr., Omar NYJ WR","Cooper Jr., Omar",NYJ,WR,Active,2.91,4,251.85,2026 1.14,,cooper jr.
AFC,LVR,Las Vegas Raiders,15387,"Werner, Pete NOS LB","Werner, Pete",NOS,LB,Active,2.05,1,251.85,2025 UFA,,werner
AFC,LVR,Las Vegas Raiders,17621,"Woodaz, Wade HOU LB","Woodaz, Wade",HOU,LB,Active,0.94,3,251.85,2026 UDFA,,woodaz
AFC,LVR,Las Vegas Raiders,17665,"Obiazor, Namdi NEP LB","Obiazor, Namdi",NEP,LB,Active,0.94,3,251.85,2026 UDFA,,obiazor
AFC,LVR,Las Vegas Raiders,13268,"Anzalone, Alex TBB LB","Anzalone, Alex",TBB,LB,Active,2.1,1,251.85,2026 UFA,,anzalone
AFC,LVR,Las Vegas Raiders,14669,"Nixon, Keisean GBP CB","Nixon, Keisean",GBP,CB,Active,2.6,1,251.85,2026 UFA,,nixon
AFC,LVR,Las Vegas Raiders,15979,"Dicker, Cameron LAC PK","Dicker, Cameron",LAC,PK,Active,2.79,3,251.85,2026 UFA,,dicker
AFC,LVR,Las Vegas Raiders,16369,"Ojomo, Moro PHI DT","Ojomo, Moro",PHI,DT,Active,2.01,3,251.85,2026 UFA,,ojomo
AFC,LVR,Las Vegas Raiders,16663,"Eboigbe, Justin LAC DT","Eboigbe, Justin",LAC,DT,Active,2.01,2,251.85,2026 UFA,,eboigbe
AFC,LVR,Las Vegas Raiders,15921,"Jackson, Theo MIN S","Jackson, Theo",MIN,S,Active,2.47,2,251.85,2026 UFA,,jackson
AFC,LVR,Las Vegas Raiders,16201,"Hutchinson, Xavier HOU WR","Hutchinson, Xavier",HOU,WR,Active,2.01,3,251.85,2026 UFA,,hutchinson
AFC,LVR,Las Vegas Raiders,16287,"Tucker, Tre LVR WR","Tucker, Tre",LVR,WR,Active,1.1,1,251.85,2026 ERFA,,tucker
AFC,LVR,Las Vegas Raiders,13700,"Landry, Harold NEP DE","Landry, Harold",NEP,DE,INJURED_RESERVE,7.92,2,251.85,2025 UFA,,landry
AFC,LVR,Las Vegas Raiders,17115,"Pearce, James ATL DE","Pearce, James",ATL,DE,Taxi,1.86,3,251.85,2025 2.09,,pearce
AFC,LAC,Los Angeles Chargers,14322,"Edwards, T.J. CHI LB","Edwards, T.J.",CHI,LB,Active,10.63,2,266.62,2024 oEXT,,edwards
AFC,LAC,Los Angeles Chargers,15715,"Cook, James BUF RB","Cook, James",BUF,RB,Active,16.87,3,266.62,2026 oEXT,,cook
AFC,LAC,Los Angeles Chargers,15329,"Pitts, Kyle ATL TE","Pitts, Kyle",ATL,TE,Active,10.07,2,266.62,2024 iEXT,,pitts
AFC,LAC,Los Angeles Chargers,16239,"Campbell, Jack DET LB","Campbell, Jack",DET,LB,Active,3.1,1,266.62,2023 1.13+,,campbell
AFC,LAC,Los Angeles Chargers,16414,"Aubrey, Brandon DAL PK","Aubrey, Brandon",DAL,PK,Active,3.92,4,266.62,2026 oEXT,,aubrey
AFC,LAC,Los Angeles Chargers,16167,"Achane, De'Von MIA RB","Achane, De'Von",MIA,RB,Active,5.81,1,266.62,2023 2.13^,,achane
AFC,LAC,Los Angeles Chargers,12860,"Fairbairn, Ka'imi HOU PK","Fairbairn, Ka'imi",HOU,PK,Active,1.99,1,266.62,2023 iEXT,,fairbairn
AFC,LAC,Los Angeles Chargers,16627,"McConkey, Ladd LAC WR","McConkey, Ladd",LAC,WR,Active,3.45,2,266.62,2024 1.10,,mcconkey
AFC,LAC,Los Angeles Chargers,16644,"Sinnott, Ben WAS TE","Sinnott, Ben",WAS,TE,Active,1.66,2,266.62,2024 2.13,,sinnott
AFC,LAC,Los Angeles Chargers,16593,"Corum, Blake LAR RB","Corum, Blake",LAR,RB,Active,1.39,2,266.62,2024 3.07,,corum
AFC,LAC,Los Angeles Chargers,13431,"Sanchez, Rigoberto IND PN","Sanchez, Rigoberto",IND,PN,Active,2.39,1,266.62,2024 iEXT,,sanchez
AFC,LAC,Los Angeles Chargers,15363,"Melifonwu, Ifeatu TBB S","Melifonwu, Ifeatu",TBB,S,Active,2.06,2,266.62,2024 oEXT,,melifonwu
AFC,LAC,Los Angeles Chargers,14225,"Crosby, Maxx LVR DE","Crosby, Maxx",LVR,DE,Active,25.29,3,266.62,2023 iEXT,,crosby
AFC,LAC,Los Angeles Chargers,16704,"Wallace, Trevin NYJ LB","Wallace, Trevin",NYJ,LB,Active,1.2,1,266.62,2024 4.03,,wallace
AFC,LAC,Los Angeles Chargers,17137,"Harmon, Derrick PIT DT","Harmon, Derrick",PIT,DT,Active,1.64,3,266.62,2025 2.14,,harmon
AFC,LAC,Los Angeles Chargers,17052,"Tuten, Bhayshul JAC RB","Tuten, Bhayshul",JAC,RB,Active,1.51,3,266.62,2025 3.02,,tuten
AFC,LAC,Los Angeles Chargers,17131,"Watts, Xavier ATL S","Watts, Xavier",ATL,S,Active,1.26,3,266.62,2025 3.14,,watts
AFC,LAC,Los Angeles Chargers,16346,"Winters, Dee DAL LB","Winters, Dee",DAL,LB,Active,1.1,1,266.62,2025 R/F,,winters
AFC,LAC,Los Angeles Chargers,17174,"Walker, Deone BUF DT","Walker, Deone",BUF,DT,Active,1.1,1,266.62,2026 ERFA,,walker
AFC,LAC,Los Angeles Chargers,16350,"Jones, Jaylon IND CB","Jones, Jaylon",IND,CB,Active,4.08,1,266.62,2024 iEXT,,jones
AFC,LAC,Los Angeles Chargers,16269,"Strange, Brenton JAC TE","Strange, Brenton",JAC,TE,Active,1.1,1,266.62,2025 R/F,,strange
AFC,LAC,Los Angeles Chargers,16184,"Reed, Jayden GBP WR","Reed, Jayden",GBP,WR,Active,2.05,1,266.62,2023 2.07,,reed
AFC,LAC,Los Angeles Chargers,16455,"Cox, Brenton GBP DE","Cox, Brenton",GBP,DE,Active,2.54,1,266.62,2025 oEXT,,cox
AFC,LAC,Los Angeles Chargers,17169,"Stout, Upton SFO CB","Stout, Upton",SFO,CB,Active,1.1,1,266.62,2026 ERFA,,stout
AFC,LAC,Los Angeles Chargers,16227,"Harrison, Zach ATL DT","Harrison, Zach",ATL,DT,Active,1.1,1,266.62,2025 R/F,,harrison
AFC,LAC,Los Angeles Chargers,15469,"Hamlin, Damar BUF S","Hamlin, Damar",BUF,S,Active,3.84,1,266.62,2024 iEXT,,hamlin
AFC,LAC,Los Angeles Chargers,14882,"Greenard, Jonathan PHI DE","Greenard, Jonathan",PHI,DE,Active,20.65,1,266.62,2025 oEXT,,greenard
AFC,LAC,Los Angeles Chargers,16729,"Still, Tarheeb LAC CB","Still, Tarheeb",LAC,CB,Active,1.1,1,266.62,2026 R/F,,still
AFC,LAC,Los Angeles Chargers,16657,"Dorlus, Brandon ATL DT","Dorlus, Brandon",ATL,DT,Active,1.1,1,266.62,2026 ERFA,,dorlus
AFC,LAC,Los Angeles Chargers,17462,"Mendoza, Fernando LVR QB","Mendoza, Fernando",LVR,QB,Active,7.14,4,266.62,2026 1.04,,mendoza
AFC,LAC,Los Angeles Chargers,17586,"Rodriguez, Jacob MIA LB","Rodriguez, Jacob",MIA,LB,Active,2.5,4,266.62,2026 2.01,,rodriguez
AFC,LAC,Los Angeles Chargers,17511,"Fields, Malachi NYG WR","Fields, Malachi",NYG,WR,Active,2.05,4,266.62,2026 2.06,,fields
AFC,LAC,Los Angeles Chargers,17571,"Golday, Jake MIN LB","Golday, Jake",MIN,LB,Active,1.39,4,266.62,2026 3.06,,golday
AFC,LAC,Los Angeles Chargers,17481,"Claiborne, Demond MIN RB","Claiborne, Demond",MIN,RB,Active,1.15,4,266.62,2026 3.20,,claiborne
AFC,LAC,Los Angeles Chargers,17573,"Johnson, Chris MIA CB","Johnson, Chris",MIA,CB,Active,1.1,4,266.62,2026 4.06,,johnson
AFC,LAC,Los Angeles Chargers,17646,"Kilgore, Jalon BUF S","Kilgore, Jalon",BUF,S,Active,0.98,4,266.62,2026 5.21,,kilgore
AFC,LAC,Los Angeles Chargers,15812,"Hall, Logan HOU DT","Hall, Logan",HOU,DT,Active,1.1,1,266.62,2026 R/F,,hall
AFC,LAC,Los Angeles Chargers,15850,"Pitre, Jalen HOU S","Pitre, Jalen",HOU,S,Active,5.89,2,266.62,2026 UFA,,pitre
AFC,LAC,Los Angeles Chargers,10700,"Cousins, Kirk LVR QB","Cousins, Kirk",LVR,QB,Active,5.1,1,266.62,2026 UFA,,cousins
AFC,LAC,Los Angeles Chargers,17353,"Walker, Jahdae CHI WR","Walker, Jahdae",CHI,WR,Active,1.1,1,266.62,2026 UFA,,walker
AFC,LAC,Los Angeles Chargers,15241,"Jones, Mac SFO QB","Jones, Mac",SFO,QB,Active,2.01,2,266.62,2026 UFA,,jones
AFC,LAC,Los Angeles Chargers,13770,"Franklin-Myers, John TEN DT","Franklin-Myers, John",TEN,DT,Active,1.1,1,266.62,2026 UFA,,franklin-myers
AFC,LAC,Los Angeles Chargers,16298,"Robinson, Tavius BAL DE","Robinson, Tavius",BAL,DE,Active,1.1,1,266.62,2026 UFA,,robinson
AFC,LAC,Los Angeles Chargers,17035,"Leonard, Riley IND QB","Leonard, Riley",IND,QB,Active,1.1,1,266.62,2026 R/F,,leonard
AFC,LAC,Los Angeles Chargers,13066,"Raymond, Kalif CHI WR","Raymond, Kalif",CHI,WR,Active,1.1,1,266.62,2026 UFA,,raymond
AFC,LAC,Los Angeles Chargers,17083,"Higgins, Jayden HOU WR","Higgins, Jayden",HOU,WR,INJURED_RESERVE,2.84,3,266.62,2025 1.14,,higgins
AFC,LAC,Los Angeles Chargers,15350,"Parsons, Micah GBP DE","Parsons, Micah",GBP,DE,INJURED_RESERVE,11.08,3,266.62,2024 iEXT,,parsons
AFC,LAC,Los Angeles Chargers,17087,"Thornton, Dont'e LVR WR","Thornton, Dont'e",LVR,WR,INJURED_RESERVE,2.06,1,266.62,2025 UFA,,thornton
AFC,LAC,Los Angeles Chargers,17465,"Nussmeier, Garrett KCC QB","Nussmeier, Garrett",KCC,QB,Taxi,0.94,3,266.62,2026 UDFA,,nussmeier
AFC,LAC,Los Angeles Chargers,17049,"Smith, Brashard KCC RB","Smith, Brashard",KCC,RB,Taxi,1.08,3,266.62,2025 4.14,,smith
AFC,LAC,Los Angeles Chargers,17504,"Daniels, CJ LAR WR","Daniels, CJ",LAR,WR,Taxi,0.94,3,266.62,2026 UDFA,,daniels
