"season","week","player_id","points","player_name"
2026,1,"13589",68.3,"Allen, Josh"
2026,1,"16579",64.2,"Williams, Caleb"
2026,1,"16148",60.1,"Young, Bryce"
2026,1,"13593",55.8,"Jackson, Lamar"
2026,1,"15237",52.9,"Lawrence, Trevor"
2026,1,"17032",46.6,"Dart, Jaxson"
2026,1,"12616",43.7,"Brissett, Jacoby"
2026,1,"13214",39.1,"Watt, T.J."
2026,1,"14783",37.1,"Hurts, Jalen"
2026,1,"12626",36.1,"Henry, Derrick"
2026,1,"17589",36,"Trotter, Josiah"
2026,1,"15711",35.2,"Walker III, Kenneth"
2026,1,"15346",35.1,"Rousseau, Gregory"
2026,1,"15789",34.9,"Watson, Christian"
2026,1,"15698",33.8,"Purdy, Brock"
2026,1,"13116",33.5,"Mahomes, Patrick"
2026,1,"16190",33,"Flowers, Zay"
2026,1,"14797",32.3,"Swift, D'Andre"
2026,1,"15754",31.9,"Olave, Chris"
2026,1,"16809",31.1,"Coker, Jalen"
2026,1,"14057",30.6,"Lock, Drew"
2026,1,"16162",29.7,"Gibbs, Jahmyr"
2026,1,"11150",29.2,"Smith, Geno"
2026,1,"14782",29.1,"Love, Jordan"
2026,1,"15923",28.5,"Lake, Quentin"
2026,1,"16728",27.5,"Pritchett, Nehemiah"
2026,1,"17042",27.4,"Jeanty, Ashton"
2026,1,"16150",27.4,"Stroud, C.J."
2026,1,"14836",26.9,"Jefferson, Justin"
2026,1,"14328",25.5,"Wingard, Andrew"
2026,1,"14669",24.9,"Nixon, Keisean"
2026,1,"16213",24.5,"Kincaid, Dalton"
2026,1,"17066",24.3,"Monangai, Kyle"
2026,1,"14249",23.9,"Van Ginkel, Andrew"
2026,1,"16185",23.9,"Smith-Njigba, Jaxon"
2026,1,"16581",23.8,"Daniels, Jayden"
2026,1,"15124",23.8,"Pierre, James"
2026,1,"13696",23.7,"Smith, Roquan"
2026,1,"13113",23.6,"Watson, Deshaun"
2026,1,"14167",23.3,"Hines-Allen, Josh"
2026,1,"15409",23.2,"Barnes, Derrick"
2026,1,"12610",23.1,"Wentz, Carson"
2026,1,"15368",23,"McPherson, Evan"
2026,1,"17573",22,"Johnson, Chris"
2026,1,"13674",21.9,"Goedert, Dallas"
2026,1,"15805",21.6,"Hutchinson, Aidan"
2026,1,"17135",21.3,"Ezeiruaku, Donovan"
2026,1,"14179",21,"Love, Julian"
2026,1,"15261",20.9,"Hubbard, Chuba"
2026,1,"15345",20.7,"Paye, Kwity"
2026,1,"15895",20.6,"McCollum, Zyon"
2026,1,"17039",20.6,"Shough, Tyler"
2026,1,"16161",20.6,"Robinson, Bijan"
2026,1,"13635",20.5,"Moore, D.J."
2026,1,"14153",20.4,"Allen, Zach"
2026,1,"14777",20.3,"Burrow, Joe"
2026,1,"16296",20.3,"Miller, Ventrell"
2026,1,"17125",20.1,"Knight, Demetrius"
2026,1,"13223",19.6,"Humphrey, Marlon"
2026,1,"17158",19.5,"Broughton, Vernon"
2026,1,"17622",19.4,"Muhammad, Malik"
2026,1,"12620",19.3,"Prescott, Dak"
2026,1,"16650",19.3,"Turner, Dallas"
2026,1,"14779",19.2,"Herbert, Justin"
2026,1,"16192",19.1,"Washington, Parker"
2026,1,"15708",19.1,"Hall, Breece"
2026,1,"12611",19,"Goff, Jared"
2026,1,"14910",18.6,"Jones, Brandon"
2026,1,"15821",18.5,"Dean, Nakobe"
2026,1,"15835",18.5,"Brisker, Jaquan"
2026,1,"16627",18.4,"McConkey, Ladd"
2026,1,"7836",18.1,"Rodgers, Aaron"
2026,1,"17052",18.1,"Tuten, Bhayshul"
2026,1,"14158",18,"Oliver, Ed"
2026,1,"13813",17.8,"Oluokun, Foyesade"
2026,1,"14802",17.7,"Taylor, Jonathan"
2026,1,"13672",17.6,"Gesicki, Mike"
2026,1,"14893",17.5,"Baun, Zack"
2026,1,"15794",17.5,"McBride, Trey"
2026,1,"17174",17.3,"Walker, Deone"
2026,1,"17222",17.3,"Loop, Tyler"
2026,1,"17582",17,"Stukes, Treydan"
2026,1,"13743",17,"Warner, Fred"
2026,1,"12301",17,"Smith, Za'Darius"
2026,1,"13682",16.8,"Key, Arden"
2026,1,"17512",16.8,"Williams, Antonio"
2026,1,"17599",16.8,"Douglas, Caleb"
2026,1,"15798",16.6,"Likely, Isaiah"
2026,1,"16195",16.6,"Wicks, Dontayvion"
2026,1,"15853",16.6,"Mafe, Boye"
2026,1,"17124",16.5,"Carter, Barrett"
2026,1,"13322",16.2,"Clark, Chuck"
2026,1,"17121",16.2,"Graham, Mason"
2026,1,"17202",16.1,"Trader, Dante"
2026,1,"15869",16,"Bernard, Terrel"
2026,1,"15860",16,"Cook, Bryan"
2026,1,"10266",15.5,"Heyward, Cameron"
2026,1,"16266",15.5,"Tuipulotu, Tuli"
2026,1,"13774",15.4,"Reed, D.J."
2026,1,"15290",15.4,"Collins, Nico"
2026,1,"15989",15.4,"Jobe, Josh"
2026,1,"14071",15.3,"Montgomery, David"
2026,1,"15849",15,"McCreary, Roger"
2026,1,"17624",15,"Lee, Will"
2026,1,"17560",15,"Hill Jr., Anthony"
2026,1,"14985",15,"Mann, Braden"
2026,1,"15817",15,"Davis, Jordan"
2026,1,"15845",14.8,"McDuffie, Trent"
2026,1,"17640",14.8,"Taaffe, Michael"
2026,1,"12711",14.6,"Ramsey, Jalen"
2026,1,"17576",14.5,"Thieneman, Dillon"
2026,1,"15287",14.4,"St. Brown, Amon-Ra"
2026,1,"14251",14.3,"Cashman, Blake"
2026,1,"13066",14.3,"Raymond, Kalif"
2026,1,"17045",14.2,"Skattebo, Cam"
2026,1,"14940",14.2,"Highsmith, Alex"
2026,1,"13590",14.1,"Mayfield, Baker"
2026,1,"13704",14,"Nwosu, Uchenna"
2026,1,"17668",13.9,"Smack, Trey"
2026,1,"17500",13.8,"Boston, Denzel"
2026,1,"16788",13.8,"Vele, Devaughn"
2026,1,"15253",13.8,"Etienne, Travis"
2026,1,"13767",13.5,"Maddox, Avonte"
2026,1,"13418",13.5,"Bourne, Kendrick"
2026,1,"16233",13.5,"Carter, Jalen"
2026,1,"14136",13.5,"Samuel, Deebo"
2026,1,"14303",13.5,"Elliss, Kaden"
2026,1,"14180",13.4,"Murphy, Byron"
2026,1,"17563",13.2,"Downs, Caleb"
2026,1,"16298",13.1,"Robinson, Tavius"
2026,1,"16786",13,"Drake-Rodriguez, Levi"
2026,1,"12785",13,"Robinson, Demarcus"
2026,1,"17570",13,"Hunter, Lee"
2026,1,"16923",13,"Tillman, Dondrea"
2026,1,"15863",13,"Jones, Travis"
2026,1,"11671",12.8,"Evans, Mike"
2026,1,"17562",12.8,"Delane, Mansoor"
2026,1,"16255",12.8,"Banks, Deonte"
2026,1,"16696",12.7,"Cooper, Edgerrin"
2026,1,"17241",12.6,"Crawshaw, Jeremy"
2026,1,"16702",12.5,"Green, Renardo"
2026,1,"16282",12.5,"Turner, Kobie"
2026,1,"16716",12.5,"Wilson, Payton"
2026,1,"14218",12.5,"Okereke, Bobby"
2026,1,"13714",12.5,"James, Derwin"
2026,1,"14147",12.5,"Bosa, Nick"
2026,1,"15256",12.4,"Williams, Javonte"
2026,1,"14127",12.4,"Meyers, Jakobi"
2026,1,"15331",12.2,"Freiermuth, Pat"
2026,1,"15888",12.2,"Durant, Decobie"
2026,1,"12225",12.2,"Williams, Leonard"
2026,1,"17165",12,"Caldwell, Jamaree"
2026,1,"16230",12,"Van Ness, Lukas"
2026,1,"14947",12,"Wonnum, D.J."
2026,1,"13798",12,"Fatukasi, Foley"
2026,1,"15396",12,"Deablo, Divine"
2026,1,"12697",12,"Robinson, A'Shawn"
2026,1,"15710",12,"Williams, Kyren"
2026,1,"17075",12,"Golden, Matthew"
2026,1,"12860",11.9,"Fairbairn, Ka'imi"
2026,1,"15753",11.8,"Wilson, Garrett"
2026,1,"16670",11.8,"McKinstry, Kool-Aid"
2026,1,"17143",11.8,"Thomas, Azareye'h"
2026,1,"11244",11.7,"Kelce, Travis"
2026,1,"14219",11.6,"Dean, Jamel"
2026,1,"13731",11.6,"Hughes, Mike"
2026,1,"16598",11.6,"Irving, Bucky"
2026,1,"16626",11.5,"Mitchell, Adonai"
2026,1,"13317",11.5,"Godchaux, Davon"
2026,1,"14164",11.5,"Jones, Dre'Mont"
2026,1,"14157",11.5,"Williams, Quinnen"
2026,1,"14037",11.4,"Davis, Jalen"
2026,1,"13832",11.4,"Sanders, Jason"
2026,1,"16651",11.3,"Latu, Laiatu"
2026,1,"13707",11.2,"Ward, Denzel"
2026,1,"15378",11.2,"Oweh, Odafe"
2026,1,"13189",11.1,"Engram, Evan"
2026,1,"17164",11,"Williams, Nohl"
2026,1,"16013",11,"Landman, Nate"
2026,1,"16224",11,"Murphy, Myles"
2026,1,"16731",11,"Hart, Cam"
2026,1,"15822",11,"Lloyd, Devin"
2026,1,"15832",10.8,"Stingley Jr., Derek"
2026,1,"16279",10.8,"Moss, Riley"
2026,1,"14861",10.8,"Johnson, Juwan"
2026,1,"17129",10.8,"Morrison, Benjamin"
2026,1,"15694",10.8,"Willis, Malik"
2026,1,"15366",10.8,"Holland, Jevon"
2026,1,"12773",10.6,"Moore, Chris"
2026,1,"17081",10.6,"Egbuka, Emeka"
2026,1,"17080",10.6,"Noel, Jaylin"
2026,1,"13192",10.6,"Njoku, David"
2026,1,"15404",10.5,"Jones, Ernest"
2026,1,"14927",10.5,"Chinn, Jeremy"
2026,1,"16344",10.5,"Stills, Dante"
2026,1,"17167",10.5,"Sanker, Jonas"
2026,1,"15839",10.5,"Cross, Nick"
2026,1,"13839",10.5,"Sieler, Zach"
2026,1,"14170",10.5,"Bush, Devin"
2026,1,"14225",10.4,"Crosby, Maxx"
2026,1,"16251",10.4,"Gonzalez, Christian"
2026,1,"14630",10.3,"Cole, A.J."
2026,1,"16211",10.3,"Nacua, Puka"
2026,1,"16267",10.2,"Stevenson, Tyrique"
2026,1,"14138",10.2,"Hockenson, T.J."
2026,1,"15768",10.2,"Pierce, Alec"
2026,1,"17123",10.2,"Campbell, Jihaad"
2026,1,"14717",10.1,"McLaughlin, Chase"
2026,1,"17474",10.1,"Johnson, Emmett"
2026,1,"16181",10.1,"Brown, Chase"
2026,1,"17030",10.1,"Ward, Cam"
2026,1,"15387",10,"Werner, Pete"
2026,1,"15393",10,"Odighizuwa, Osa"
2026,1,"16222",10,"Kraft, Tucker"
2026,1,"16680",10,"Little, Cam"
2026,1,"15676",10,"Anderson, Zayne"
2026,1,"17190",10,"Hemingway, Tonka"
2026,1,"17156",10,"Porter, Darien"
2026,1,"14182",10,"Hooker, Amani"
2026,1,"14867",10,"Kmet, Cole"
2026,1,"17147",10,"Schwesinger, Carson"
2026,1,"17584",9.9,"Jacas, Gabe"
2026,1,"17161",9.8,"Burch, Jordan"
2026,1,"15815",9.8,"Walker, Travon"
2026,1,"15319",9.8,"Palmer, Joshua"
2026,1,"12688",9.8,"Buckner, DeForest"
2026,1,"14983",9.7,"Bass, Tyler"
2026,1,"16257",9.7,"Anudike-Uzomah, Felix"
2026,1,"17557",9.7,"Styles, Sonny"
2026,1,"15911",9.7,"Araiza, Matt"
2026,1,"17551",9.7,"Bailey, David"
2026,1,"15942",9.6,"Ford, Jonathan"
2026,1,"14842",9.6,"Pittman, Michael"
2026,1,"17118",9.5,"Stewart, Josaiah"
2026,1,"17586",9.5,"Rodriguez, Jacob"
2026,1,"16705",9.5,"Bullock, Calen"
2026,1,"16450",9.4,"Thomas, Drake"
2026,1,"16597",9.4,"Brooks, Jonathon"
2026,1,"17127",9.4,"Johnson, Will"
2026,1,"16615",9.3,"Nabers, Malik"
2026,1,"14832",9.3,"Lamb, CeeDee"
2026,1,"16896",9.3,"Shrader, Spencer"
2026,1,"15972",9.3,"Mason, Jordan"
2026,1,"15032",9.2,"Fox, Jack"
2026,1,"14924",9.2,"Johnson, Jaylon"
2026,1,"15349",9.2,"Phillips, Jaelan"
2026,1,"14412",9.1,"Singleton, Alex"
2026,1,"16675",9.1,"DeJean, Cooper"
2026,1,"13133",9,"Perine, Samaje"
2026,1,"15850",9,"Pitre, Jalen"
2026,1,"15756",9,"Williams, Jameson"
2026,1,"14892",9,"Brooks, Jordyn"
2026,1,"16927",9,"Redmond, Jalen"
2026,1,"16767",9,"Davis, Tyler"
2026,1,"15892",9,"Booker, Thomas"
2026,1,"13193",9,"Smith, Jonnu"
2026,1,"10816",9,"Davis, Demario"
2026,1,"14835",8.8,"Higgins, Tee"
2026,1,"15904",8.6,"Bland, DaRon"
2026,1,"16673",8.6,"Wiggins, Nate"
2026,1,"15814",8.5,"Thomas, Cameron"
2026,1,"13717",8.5,"Reid, Justin"
2026,1,"17527",8.5,"Cameron, Josh"
2026,1,"15808",8.5,"Karlaftis, George"
2026,1,"16284",8.5,"Williams, Dorian"
2026,1,"14590",8.5,"Al-Shaair, Azeez"
2026,1,"17556",8.5,"Reese, Arvell"
2026,1,"17160",8.4,"Umanmielen, Princely"
2026,1,"15836",8.4,"Hill, Daxton"
2026,1,"13208",8.3,"Allen, Jonathan"
2026,1,"17352",8.2,"Kroeger, Kai"
2026,1,"16206",8.2,"Wilson, Michael"
2026,1,"17132",8.2,"Starks, Malaki"
2026,1,"14956",8.2,"Sneed, L'Jarius"
2026,1,"16009",8.1,"Gibbens, Jack"
2026,1,"13130",8.1,"McCaffrey, Christian"
2026,1,"15259",8,"Stevenson, Rhamondre"
2026,1,"17221",8,"Harris, Marcus"
2026,1,"15881",8,"Jones, Jack"
2026,1,"15089",8,"Roach, Malcolm"
2026,1,"14909",8,"Winfield, Antoine"
2026,1,"16239",8,"Campbell, Jack"
2026,1,"13604",8,"Barkley, Saquon"
2026,1,"17485",8,"Black, Kaelon"
2026,1,"14163",8,"Simmons, Jeffery"
2026,1,"15461",8,"Lopez, Roy"
2026,1,"15898",8,"Ogbonnia, Otito"
2026,1,"14256",7.9,"Bailey, Jake"
2026,1,"16698",7.8,"Sainristil, Mike"
2026,1,"10700",7.8,"Cousins, Kirk"
2026,1,"13289",7.7,"Hollins, Mack"
2026,1,"14244",7.7,"Gay, Matt"
2026,1,"11706",7.7,"Clowney, Jadeveon"
2026,1,"17410",7.7,"Combs, Branson"
2026,1,"14080",7.6,"Singletary, Devin"
2026,1,"17078",7.6,"Bech, Jack"
2026,1,"15380",7.6,"Campbell, Tyson"
2026,1,"17473",7.6,"Price, Jadarian"
2026,1,"15933",7.6,"Brown, Montaric"
2026,1,"15819",7.5,"Wyatt, Devonte"
2026,1,"16292",7.5,"Ryland, Chad"
2026,1,"13697",7.5,"Edmunds, Tremaine"
2026,1,"13987",7.5,"Spillane, Robert"
2026,1,"16234",7.5,"Simpson, Trenton"
2026,1,"17196",7.5,"Phillips, Jordan"
2026,1,"16657",7.5,"Dorlus, Brandon"
2026,1,"15946",7.5,"Thomas II, Rodney"
2026,1,"16653",7.5,"Verse, Jared"
2026,1,"15303",7.5,"Fehoko, Simi"
2026,1,"12735",7.5,"Rankins, Sheldon"
2026,1,"16245",7.5,"Battle, Jordan"
2026,1,"14405",7.4,"Granderson, Carl"
2026,1,"13769",7.4,"Street, Kentavius"
2026,1,"13952",7.3,"Luvu, Frankie"
2026,1,"17220",7.3,"Borregales, Andres"
2026,1,"16194",7.3,"Rice, Rashee"
2026,1,"16252",7.2,"McDonald, Will"
2026,1,"15846",7.2,"Walker, Quay"
2026,1,"11985",7.2,"Way, Tress"
2026,1,"13785",7.2,"Neal, Siran"
2026,1,"16633",7.1,"Whittington, Jordan"
2026,1,"13163",7.1,"Godwin, Chris"
2026,1,"15418",7,"Bynum, Camryn"
2026,1,"14224",7,"Gardner-Johnson, Chauncey"
2026,1,"17145",7,"Winston, Kevin"
2026,1,"16689",7,"Murphy, Byron"
2026,1,"16063",7,"McCrary-Ball, Marcelino"
2026,1,"14169",7,"Wilson, Mack"
2026,1,"17195",7,"Mills, Rylie"
2026,1,"17583",7,"Thomas, R Mason"
2026,1,"16928",7,"Harper, Thomas"
2026,1,"17603",7,"Orange, Domonique"
2026,1,"13744",7,"Shepherd, Nathan"
2026,1,"17555",7,"Woods, Peter"
2026,1,"17580",7,"Lawrence, Malachi"
2026,1,"17162",7,"Walley, Justin"
2026,1,"15761",7,"Shakir, Khalil"
2026,1,"13681",7,"Chubb, Bradley"
2026,1,"17519",6.9,"Lance, Bryce"
2026,1,"16593",6.8,"Corum, Blake"
2026,1,"15755",6.8,"Dotson, Jahan"
2026,1,"17664",6.8,"Eckley, Ryan"
2026,1,"14148",6.7,"Sweat, Montez"
2026,1,"17520",6.7,"Hurst, Ted"
2026,1,"13251",6.6,"Baker, Budda"
2026,1,"14137",6.6,"Fant, Noah"
2026,1,"14957",6.6,"Robertson, Amik"
2026,1,"15282",6.6,"Smith, DeVonta"
2026,1,"16171",6.5,"Miller, Kendre"
2026,1,"12741",6.5,"Jones, Chris"
2026,1,"17189",6.5,"Robinson, Quandarrius"
2026,1,"16369",6.5,"Ojomo, Moro"
2026,1,"17207",6.5,"Sigle, Marques"
2026,1,"14943",6.5,"Davis-Gaither, Akeem"
2026,1,"16455",6.5,"Cox, Brenton"
2026,1,"10783",6.5,"Smith, Harrison"
2026,1,"12186",6.5,"Diggs, Stefon"
2026,1,"16241",6.5,"Witherspoon, Devon"
2026,1,"17472",6.5,"Love, Jeremiyah"
2026,1,"13319",6.5,"Jones, Aaron"
2026,1,"16264",6.5,"Benton, Keeanu"
2026,1,"16187",6.4,"Downs, Josh"
2026,1,"13782",6.4,"Dickson, Michael"
2026,1,"16616",6.4,"Odunze, Rome"
2026,1,"17163",6.4,"Parrish, Jacob"
2026,1,"17200",6.4,"Marshall, Jason"
2026,1,"16662",6.3,"Jenkins, Kris"
2026,1,"16280",6.3,"Henley, Daiyan"
2026,1,"16167",6.2,"Achane, De'Von"
2026,1,"15813",6.2,"Enagbare, Kingsley"
2026,1,"14059",6.1,"Jones, Daniel"
2026,1,"16346",6,"Winters, Dee"
2026,1,"11327",6,"Jefferson, Tony"
2026,1,"14899",6,"Kinlaw, Javon"
2026,1,"15397",6,"Golston, Chauncey"
2026,1,"14518",6,"Thompson, Jalen"
2026,1,"13260",6,"Tomlinson, Dalvin"
2026,1,"13164",6,"Kupp, Cooper"
2026,1,"14467",6,"Phillips, Del'Shawn"
2026,1,"17150",6,"Oladejo, Oluwafemi"
2026,1,"15352",6,"Collins, Zaven"
2026,1,"15355",6,"Bolton, Nick"
2026,1,"14907",6,"Delpit, Grant"
2026,1,"17182",6,"Sorrell, Barryn"
2026,1,"16676",6,"Kinchens, Kamren"
2026,1,"14270",6,"Epps, Marcus"
2026,1,"16010",6,"Wright, Ryan"
2026,1,"17193",6,"Ingram-Dawkins, Tyrion"
2026,1,"14302",6,"Scott, Nick"
2026,1,"16713",6,"Carter, DeWayne"
2026,1,"12305",6,"Jarrett, Grady"
2026,1,"15565",6,"Hoecht, Michael"
2026,1,"17502",6,"Cooper Jr., Omar"
2026,1,"14897",6,"Brown, Derrick"
2026,1,"15446",6,"Slaton, Tedarrell"
2026,1,"17099",5.9,"Gadsden, Oronde"
2026,1,"16708",5.9,"Smith, Tykee"
2026,1,"15390",5.9,"McNeill, Alim"
2026,1,"16223",5.8,"Anderson, Will"
2026,1,"13431",5.8,"Sanchez, Rigoberto"
2026,1,"17142",5.8,"Revel, Shavon"
2026,1,"9431",5.8,"Stafford, Matthew"
2026,1,"16351",5.6,"Evans, Ethan"
2026,1,"17752",5.6,"Meyers, Dohnte"
2026,1,"15757",5.6,"Robinson, Wan'Dale"
2026,1,"14227",5.6,"Wishnowsky, Mitch"
2026,1,"16269",5.6,"Strange, Brenton"
2026,1,"15140",5.5,"Lewis, Cam"
2026,1,"16460",5.5,"Hickman, Ronnie"
2026,1,"15877",5.5,"Uwazurike, Eyioma"
2026,1,"15712",5.5,"Allgeier, Tyler"
2026,1,"17601",5.5,"Haulcy, A.J."
2026,1,"17166",5.5,"Ransaw, Caleb"
2026,1,"14161",5.5,"Tillery, Jerry"
2026,1,"14971",5.5,"Washington, Broderick"
2026,1,"13770",5.5,"Franklin-Myers, John"
2026,1,"16018",5.5,"Blankenship, Reed"
2026,1,"17146",5.5,"Williams, Tyleik"
2026,1,"17177",5.5,"West, CJ"
2026,1,"17672",5.5,"Gill-Howard, Skyler"
2026,1,"15499",5.5,"Gillikin, Blake"
2026,1,"11769",5.5,"Lawrence, Demarcus"
2026,1,"15834",5.5,"Hamilton, Kyle"
2026,1,"16265",5.5,"Dexter, Gervon"
2026,1,"17071",5.5,"McMillan, Tetairoa"
2026,1,"16513",5.5,"London, LaCale"
2026,1,"16663",5.5,"Eboigbe, Justin"
2026,1,"14974",5.4,"Mooney, Darnell"
2026,1,"15445",5.4,"Lenoir, Deommodore"
2026,1,"13671",5.3,"Andrews, Mark"
2026,1,"14953",5.3,"Dye, Troy"
2026,1,"14905",5.2,"Henderson, CJ"
2026,1,"13281",5.2,"Douglas, Rasul"
2026,1,"17353",5.2,"Walker, Jahdae"
2026,1,"17482",5.2,"Washington Jr., Mike"
2026,1,"16145",5.2,"McMillian, Ja'Quan"
2026,1,"17068",5.2,"Harvey, RJ"
2026,1,"17581",5.2,"Cisse, Brandon"
2026,1,"13764",5.2,"Johnson, Taron"
2026,1,"13848",5.1,"Johnston, Cam"
2026,1,"16214",5.1,"LaPorta, Sam"
2026,1,"17116",5,"Sawyer, Jack"
2026,1,"13330",5,"Muhammad, Al-Quadin"
2026,1,"17172",5,"Woodson, Craig"
2026,1,"17592",5,"Igbinosun, Davison"
2026,1,"16263",5,"Martin, Quan"
2026,1,"16262",5,"White, Keion"
2026,1,"14896",5,"Queen, Patrick"
2026,1,"16749",5,"Solomon, Javon"
2026,1,"16754",5,"Stiggers, Qwan'tez"
2026,1,"15364",5,"Cisco, Andre"
2026,1,"16383",5,"Pace, Ivan"
2026,1,"11721",5,"Mack, Khalil"
2026,1,"16877",5,"Davis, Kaden"
2026,1,"15391",5,"Williams, Milton"
2026,1,"13455",5,"Ricard, Patrick"
2026,1,"14925",5,"Uche, Josh"
2026,1,"13690",5,"Sweat, Josh"
2026,1,"17053",5,"Marks, Woody"
2026,1,"14951",5,"Lynch, James"
2026,1,"17070",5,"Burden, Luther"
2026,1,"17778",5,"O'Neill, Eric"
2026,1,"17689",4.9,"Doman, Tommy"
2026,1,"10814",4.9,"Anger, Bryan"
2026,1,"16681",4.8,"Reichard, Will"
2026,1,"17543",4.8,"Sadiq, Kenyon"
2026,1,"17616",4.8,"Scott, Keionte"
2026,1,"17187",4.8,"Riley, Quincy"
2026,1,"13719",4.8,"Pineiro, Eddy"
2026,1,"17128",4.8,"Barron, Jahdae"
2026,1,"13844",4.7,"Cooke, Logan"
2026,1,"17339",4.7,"McNamara, Austin"
2026,1,"15856",4.6,"Taylor, Alontae"
2026,1,"16614",4.6,"Harrison Jr., Marvin"
2026,1,"16268",4.6,"Turner, DJ"
2026,1,"16736",4.6,"Brownlee, Jarvis"
2026,1,"15868",4.6,"Jones, Marcus"
2026,1,"17606",4.5,"Barham, Jaishawn"
2026,1,"14149",4.5,"Gary, Rashan"
2026,1,"14930",4.5,"Hamilton, Davon"
2026,1,"13837",4.5,"Franklin, Zaire"
2026,1,"14962",4.5,"Gipson, Trevis"
2026,1,"16303",4.5,"Herbig, Nick"
2026,1,"17265",4.5,"Dolac, Shaun"
2026,1,"13737",4.5,"Bates, Jessie"
2026,1,"17629",4.5,"Boettcher, Bryce"
2026,1,"12323",4.5,"Pinion, Bradley"
2026,1,"15914",4.5,"Rodriguez, Malcolm"
2026,1,"16912",4.5,"McCollough, Jaylen"
2026,1,"13694",4.5,"Settle, Tim"
2026,1,"16700",4.5,"Bishop, Cole"
2026,1,"17112",4.5,"Carter, Abdul"
2026,1,"16291",4.5,"Adebawore, Adetomiwa"
2026,1,"15806",4.5,"Thibodeaux, Kayvon"
2026,1,"17626",4.5,"Smith, Genesis"
2026,1,"14235",4.5,"Tranquill, Drue"
2026,1,"13268",4.5,"Anzalone, Alex"
2026,1,"13888",4.5,"Gardeck, Dennis"
2026,1,"17639",4.4,"Abney, Keith"
2026,1,"17607",4.4,"Raridon, Eli"
2026,1,"15950",4.4,"Watson, Jaylen"
2026,1,"12155",4.4,"Abdullah, Ameer"
2026,1,"12758",4.3,"Bullard, Jonathan"
2026,1,"17073",4.2,"Ayomanor, Elic"
2026,1,"12676",4.2,"Henry, Hunter"
2026,1,"17497",4.1,"Tate, Carnell"
2026,1,"13810",4,"Joseph-Day, Sebastian"
2026,1,"13447",4,"Wilson, Eric"
2026,1,"17630",4,"Overton, LT"
2026,1,"15405",4,"Stephens, Brandon"
2026,1,"15358",4,"Togiai, Tommy"
2026,1,"16058",4,"Herring, Malik"
2026,1,"16325",4,"Clark, Kei'Trel"
2026,1,"17137",4,"Harmon, Derrick"
2026,1,"16870",4,"Speights, Omar"
2026,1,"12218",4,"Armstead, Arik"
2026,1,"15357",4,"Barmore, Christian"
2026,1,"17506",4,"Bell, Chris"
2026,1,"14434",4,"Reaves, Jeremy"
2026,1,"15173",4,"Tart, Teair"
2026,1,"17224",4,"Smith, Tim"
2026,1,"14237",4,"Gaines, Greg"
2026,1,"17126",4,"Stutsman, Danny"
2026,1,"17261",4,"Biggers, Zeek"
2026,1,"16496",4,"Russell, Brady"
2026,1,"17051",4,"Judkins, Quinshon"
2026,1,"13294",4,"Ebukam, Samson"
2026,1,"16694",4,"Fiske, Braden"
2026,1,"12802",4,"Reader, D.J."
2026,1,"12739",4,"Clark, Kenny"
2026,1,"14933",4,"Blackmon, Julian"
2026,1,"16294",4,"Wooden, Colby"
2026,1,"16712",4,"Hunt, Jalyx"
2026,1,"17773",4,"Edwards, TeRah"
2026,1,"16278",4,"Diaby, YaYa"
2026,1,"15402",4,"Molden, Elijah"
2026,1,"14171",4,"Burns, Brian"
2026,1,"16235",3.9,"Hall, Derick"
2026,1,"17169",3.9,"Stout, Upton"
2026,1,"16212",3.9,"Mayer, Michael"
2026,1,"11222",3.9,"Allen, Keenan"
2026,1,"14012",3.9,"Ford, Mike"
2026,1,"17277",3.8,"Fitzgerald, Ryan"
2026,1,"15692",3.8,"Pickett, Kenny"
2026,1,"14877",3.8,"Young, Chase"
2026,1,"15051",3.7,"Townsend, Tommy"
2026,1,"14800",3.7,"Dobbins, J.K."
2026,1,"14104",3.7,"Brown, A.J."
2026,1,"17062",3.7,"Sanders, Raheim"
2026,1,"14997",3.6,"Rodgers, Isaiah"
2026,1,"15866",3.6,"Flott, Cordale"
2026,1,"17102",3.6,"Warren, Tyler"
2026,1,"14805",3.6,"Dillon, AJ"
2026,1,"15394",3.6,"Adebo, Paulson"
2026,1,"17149",3.5,"Tuimoloau, JT"
2026,1,"15452",3.5,"Hufanga, Talanoa"
2026,1,"14221",3.5,"Williams, Quincy"
2026,1,"16596",3.5,"Allen, Braelon"
2026,1,"14247",3.5,"Greenlaw, Dre"
2026,1,"15681",3.5,"Elliss, Christian"
2026,1,"15857",3.5,"Williams, Sam"
2026,1,"17333",3.5,"Cooper, Darius"
2026,1,"16246",3.5,"Johnson, Antonio"
2026,1,"14198",3.5,"Ya-Sin, Rock"
2026,1,"12752",3.5,"Byard, Kevin"
2026,1,"14995",3.5,"Metellus, Josh"
2026,1,"17141",3.4,"Hairston, Maxwell"
2026,1,"15786",3.4,"Nailor, Jalen"
2026,1,"11945",3.4,"Santos, Cairo"
2026,1,"13710",3.4,"Davis, Carlton"
2026,1,"15361",3.4,"Horn, Jaycee"
2026,1,"16719",3.3,"Williams, Evan"
2026,1,"12263",3.3,"Waller, Darren"
2026,1,"15335",3.3,"Farrell, Luke"
2026,1,"13298",3.3,"Stewart, Grover"
2026,1,"16193",3.2,"Boutte, Kayshon"
2026,1,"15362",3.2,"Surtain II, Patrick"
2026,1,"17593",3.2,"Klein, Marlin"
2026,1,"16729",3.2,"Still, Tarheeb"
2026,1,"16271",3.2,"Brown, Sydney"
2026,1,"17761",3.2,"Thorson, Brett"
2026,1,"13227",3.2,"Lewis, Jourdan"
2026,1,"17044",3.1,"Hampton, Omarion"
2026,1,"14600",3.1,"Slye, Joey"
2026,1,"15797",3.1,"Dulcich, Greg"
2026,1,"17105",3.1,"Helm, Gunnar"
2026,1,"16216",3.1,"Washington, Darnell"
2026,1,"16520",3,"Durden, Cory"
2026,1,"17568",3,"Mesidor, Akheem"
2026,1,"9051",3,"Campbell, Calais"
2026,1,"17767",3,"Thompson Jr., James"
2026,1,"17636",3,"Dugger, Jaden"
2026,1,"15771",3,"Martin, Tay"
2026,1,"14880",3,"Kareem, Khalid"
2026,1,"16324",3,"Brooks, Karl"
2026,1,"15861",3,"Bonitto, Nik"
2026,1,"17397",3,"Striggow, Danny"
2026,1,"16228",3,"Smith, Nolan"
2026,1,"12234",3,"Dupree, Bud"
2026,1,"16485",3,"Incoom, Thomas"
2026,1,"15412",3,"Brown, Bobby"
2026,1,"14934",3,"Elliott, Jordan"
2026,1,"15428",3,"Sherwood, Jamien"
2026,1,"13693",3,"Phillips, Harrison"
2026,1,"14254",3,"Omenihu, Charles"
2026,1,"13927",3,"Dickerson, Matt"
2026,1,"16697",3,"Smith, Maason"
2026,1,"14879",3,"Epenesa, A.J."
2026,1,"16734",3,"Booker, Austin"
2026,1,"16727",3,"Hicks, Jaden"
2026,1,"15809",3,"Johnson, Jermaine"
2026,1,"17131",3,"Watts, Xavier"
2026,1,"15751",3,"London, Drake"
2026,1,"12221",3,"Hunter, Danielle"
2026,1,"16894",3,"McGregor, Braiden"
2026,1,"14888",3,"Chaisson, K'Lavon"
2026,1,"16679",3,"Nubin, Tyler"
2026,1,"16281",3,"Brown, Ji'Ayir"
2026,1,"16153",2.9,"Bennett, Stetson"
2026,1,"16287",2.9,"Tucker, Tre"
2026,1,"13303",2.9,"Elliott, Jake"
2026,1,"14146",2.8,"Sample, Drew"
2026,1,"17653",2.8,"Masses, Hezekiah"
2026,1,"15726",2.8,"Rivers, Ronnie"
2026,1,"17103",2.7,"Fannin, Harold"
2026,1,"14833",2.7,"Jeudy, Jerry"
2026,1,"15716",2.7,"Robinson, Brian"
2026,1,"16678",2.6,"Vaki, Sione"
2026,1,"17501",2.6,"Concepcion, KC"
2026,1,"17627",2.6,"Hibner, Matthew"
2026,1,"16261",2.6,"Brents, Julius"
2026,1,"16219",2.6,"Allen, Davis"
2026,1,"16725",2.5,"Mustapha, Malik"
2026,1,"17246",2.5,"Crawford, Kitan"
2026,1,"12764",2.5,"Hargrave, Javon"
2026,1,"17330",2.5,"Stackhouse, Nazir"
2026,1,"14982",2.5,"Gilman, Alohi"
2026,1,"16494",2.5,"Moon, Jeremiah"
2026,1,"17181",2.5,"Ransom, Lathan"
2026,1,"13723",2.5,"Payne, Da'Ron"
2026,1,"17628",2.5,"Daniels, Kendal"
2026,1,"16654",2.5,"Elliss, Jonah"
2026,1,"16911",2.5,"Stalbird, Isaiah"
2026,1,"17753",2.5,"Thomas, Jacob"
2026,1,"12698",2.5,"Reed, Jarran"
2026,1,"17511",2.5,"Fields, Malachi"
2026,1,"15875",2.5,"Belton, Dane"
2026,1,"15332",2.5,"Tremble, Tommy"
2026,1,"17665",2.5,"Obiazor, Namdi"
2026,1,"14200",2.5,"Tavai, Jahlani"
2026,1,"16690",2.4,"Mitchell, Quinyon"
2026,1,"16201",2.4,"Hutchinson, Xavier"
2026,1,"17011",2.4,"Wayne, Jared"
2026,1,"17368",2.4,"Martin, Keyon"
2026,1,"15386",2.4,"Odeyingbo, Dayo"
2026,1,"15377",2.4,"Stokes, Eric"
2026,1,"14252",2.4,"Jackson, Michael"
2026,1,"13920",2.4,"Ward, Charvarius"
2026,1,"14085",2.3,"Pollard, Tony"
2026,1,"16647",2.3,"Spann-Ford, Brevyn"
2026,1,"17268",2.3,"Briningstool, Jake"
2026,1,"17251",2.2,"Robinson, Micah"
2026,1,"16784",2.2,"Harden, Myles"
2026,1,"15884",2.2,"Stout, Jordan"
2026,1,"15129",2.2,"Dorsey, Khalil"
2026,1,"17376",2.2,"Knowles, Kevin"
2026,1,"17074",2.2,"Hunter, Travis"
2026,1,"15862",2.2,"Emerson, Martin"
2026,1,"14918",2.1,"Terrell, A.J."
2026,1,"12437",2.1,"Myers, Jason"
2026,1,"15762",2.1,"Pickens, George"
2026,1,"14086",2.1,"Hill, Justice"
2026,1,"16174",2.1,"Rodriguez, Chris"
2026,1,"15742",2.1,"Warren, Jaylen"
2026,1,"15369",2.1,"Patterson, Riley"
2026,1,"13354",2.1,"Butker, Harrison"
2026,1,"16175",2,"Johnson, Roschon"
2026,1,"15851",2,"Ebiketie, Arnold"
2026,1,"17232",2,"Wester, LaJohntay"
2026,1,"11723",2,"Van Noy, Kyle"
2026,1,"14979",2,"Strnad, Justin"
2026,1,"16664",2,"Trotter Jr., Jeremiah"
2026,1,"13284",2,"Hendrickson, Trey"
2026,1,"17383",2,"Jones, Carl"
2026,1,"17180",2,"Walker, David"
2026,1,"15443",2,"Wallow, Garret"
2026,1,"17658",2,"Sharar, Karson"
2026,1,"15913",2,"Benford, Christian"
2026,1,"14891",2,"Harrison, Malik"
2026,1,"17361",2,"Ponder, Elijah"
2026,1,"17554",2,"Parker, T.J."
2026,1,"14168",2,"White, Devin"
2026,1,"15921",2,"Jackson, Theo"
2026,1,"16880",2,"Owens, Tyler"
2026,1,"17117",2,"Jackson, Landon"
2026,1,"17287",2,"Ivey, Jared"
2026,1,"14239",2,"Moreau, Foster"
2026,1,"15785",2,"Melton, Bo"
2026,1,"16618",2,"Thomas Jr., Brian"
2026,1,"16652",2,"Trice, Bralen"
2026,1,"15001",2,"Curl, Kamren"
2026,1,"17350",2,"Huntington, Adin"
2026,1,"16900",2,"Pettus, Dell"
2026,1,"15831",2,"Chenal, Leo"
2026,1,"15481",2,"Johnson, Patrick"
2026,1,"16300",2,"McGuire, Isaiah"
2026,1,"16322",2,"Beal, Robert"
2026,1,"17550",2,"Bain Jr., Rueben"
2026,1,"17680",2,"Spears-Jennings, Robert"
2026,1,"14217",2,"Barton, Cody"
2026,1,"16778",1.9,"Flournoy, Ryan"
2026,1,"11383",1.9,"Martin, Sam"
2026,1,"14209",1.9,"Oliver, Josh"
2026,1,"16672",1.8,"Lassiter, Kamari"
2026,1,"16724",1.8,"Taylor, Tory"
2026,1,"16387",1.8,"Brooks, Chris"
2026,1,"15802",1.7,"Otton, Cade"
2026,1,"17256",1.7,"Croskey-Merritt, Jacory"
2026,1,"15889",1.7,"Okonkwo, Chigoziem"
2026,1,"15981",1.6,"Turpin, KaVontae"
2026,1,"14908",1.6,"McKinney, Xavier"
2026,1,"14901",1.5,"Gallimore, Neville"
2026,1,"16691",1.5,"Orhorhoro, Ruke"
2026,1,"16236",1.5,"To'oTo'o, Henry"
2026,1,"14159",1.5,"Lawrence, Dexter"
2026,1,"17010",1.5,"Bozeman, Swayze"
2026,1,"14154",1.5,"Nelson, Anthony"
2026,1,"17199",1.5,"Hamilton, Ty"
2026,1,"13692",1.5,"Vea, Vita"
2026,1,"13963",1.5,"Hodge, KhaDarel"
2026,1,"13448",1.5,"Butler, Adam"
2026,1,"17379",1.5,"Mascarenas-Arnold, Easton"
2026,1,"15492",1.5,"Tonga, Khyiris"
2026,1,"12956",1.5,"Lutz, Wil"
2026,1,"16660",1.5,"Robinson, Darius"
2026,1,"12754",1.5,"Collins, Maliek"
2026,1,"14155",1.5,"Collier, L.J."
2026,1,"16529",1.5,"Leota, Eku"
2026,1,"17648",1.5,"Nowakowski, Riley"
2026,1,"12772",1.5,"Murray, Eric"
2026,1,"14675",1.5,"Tuttle, Shy"
2026,1,"15094",1.5,"Locke, P.J."
2026,1,"12361",1.5,"Nunez-Roches, Rakeem"
2026,1,"16311",1.5,"Howden, Jordan"
2026,1,"13802",1.5,"Martin, Jake"
2026,1,"16527",1.5,"VanSumeren, Ben"
2026,1,"16797",1.5,"Harris, Marcus"
2026,1,"13288",1.5,"Jenkins, Rayshawn"
2026,1,"17389",1.5,"Okoye, CJ"
2026,1,"13772",1.5,"Schultz, Dalton"
2026,1,"17247",1.5,"Bruener, Carson"
2026,1,"17419",1.5,"Latu, Keleki"
2026,1,"14954",1.5,"Hawkins, Jaylinn"
2026,1,"16254",1.5,"Kancey, Calijah"
2026,1,"16787",1.5,"Laulu, Jonah"
2026,1,"16014",1.5,"Adams, Tony"
2026,1,"17136",1.5,"Nolen, Walter"
2026,1,"16693",1.5,"Sweat, T'Vondre"
2026,1,"17611",1.5,"Jackson, Darrell"
2026,1,"16342",1.5,"Douglas, Demario"
2026,1,"12782",1.5,"Onyemata, David"
2026,1,"17602",1.5,"Regis, Albert"
2026,1,"13685",1.5,"Okoronkwo, Ogbonnia"
2026,1,"15365",1.5,"Moehrig, Trevon"
2026,1,"16138",1.5,"Olubi, Segun"
2026,1,"16730",1.5,"Magee, Jordan"
2026,1,"17236",1.5,"Peebles, Aeneas"
2026,1,"15473",1.5,"McDuffie, Isaiah"
2026,1,"13332",1.5,"Jones, D.J."
2026,1,"17755",1.5,"Nwankpa, Xavier"
2026,1,"17769",1.5,"Hall, Aaron"
2026,1,"16273",1.5,"Young, Byron"
2026,1,"16391",1.4,"Luepke, Hunter"
2026,1,"15721",1.4,"White, Rachaad"
2026,1,"16601",1.4,"Shipley, Will"
2026,1,"16630",1.4,"Williams, Isaiah"
2026,1,"16940",1.3,"Whiteheart, Blake"
2026,1,"16695",1.3,"Melton, Max"
2026,1,"13869",1.3,"Bojorquez, Corey"
2026,1,"16649",1.3,"Johnson, Theo"
2026,1,"17267",1.3,"Larison, Lan"
2026,1,"17726",1.3,"Stevens, Drew"
2026,1,"15715",1.3,"Cook, James"
2026,1,"13811",1.2,"Smith, Tremon"
2026,1,"11675",1.2,"Adams, Davante"
2026,1,"17736",1.2,"Zvada, Dominic"
2026,1,"15401",1.2,"Wright, Nahshon"
2026,1,"16629",1.2,"Wilson, Roman"
2026,1,"15392",1.2,"St-Juste, Benjamin"
2026,1,"15833",1.2,"Gardner, Sauce"
2026,1,"17604",1.2,"Everette, Daylen"
2026,1,"15894",1.2,"Woolen, Tariq"
2026,1,"14904",1.2,"Fulton, Kristian"
2026,1,"16452",1.2,"Whelan, Daniel"
2026,1,"17168",1.2,"Smith, Jaylin"
2026,1,"16776",1.2,"Hadden, Kamal"
2026,1,"17572",1.2,"Terrell, Avieon"
2026,1,"17478",1.2,"Allen, Kaytron"
2026,1,"16054",1.2,"Blackwell, Josh"
2026,1,"16913",1.2,"Woods, Charles"
2026,1,"15432",1.2,"Carter, Michael"
2026,1,"16419",1.1,"Szmyt, Andre"
2026,1,"15255",1.1,"Gainwell, Kenneth"
2026,1,"16741",1,"Smith-Wade, Chau"
2026,1,"16314",1,"Dennis, SirVocea"
2026,1,"14894",1,"Jennings, Anfernee"
2026,1,"15943",1,"Hardy, Daniel"
2026,1,"16302",1,"Lacy, Tyler"
2026,1,"16777",1,"Johnson, Cedric"
2026,1,"17667",1,"Perkins, Harold"
2026,1,"15151",1,"Welch, Kristian"
2026,1,"16887",1,"Rehkow, Ryan"
2026,1,"17674",1,"Curry, Caden"
2026,1,"17412",1,"O'Toole, Connor"
2026,1,"16532",1,"Nowaske, Trevor"
2026,1,"17774",1,"Welch, Treyton"
2026,1,"16720",1,"Richardson, Decamerion"
2026,1,"15413",1,"Rumph, Chris"
2026,1,"15928",1,"Houston, James"
2026,1,"16780",1,"Jean-Baptiste, Javontae"
2026,1,"16655",1,"Robinson, Chop"
2026,1,"16726",1,"Tampa, T.J."
2026,1,"17155",1,"Gillotte, Ashton"
2026,1,"17776",1,"Chambers, Tahj"
2026,1,"17623",1,"Elarms-Orr, Kaleb"
2026,1,"17186",1,"Moore, Malachi"
2026,1,"17553",1,"Faulk, Keldric"
2026,1,"16276",1,"Young, Byron"
2026,1,"14151",1,"Ferrell, Clelin"
2026,1,"15899",1,"Jackson, D'Marco"
2026,1,"16949",1,"Tremayne, Brycen"
2026,1,"17140",1,"Mondon, Smael"
2026,1,"17233",1,"Medrano, Kain"
2026,1,"17571",1,"Golday, Jake"
2026,1,"16376",1,"Johnson, Desjuan"
2026,1,"14315",1,"Dulin, Ashton"
2026,1,"13228",1,"Hooker, Malik"
2026,1,"14414",1,"Owens, Jonathan"
2026,1,"16328",1,"Barnes, Zaire"
2026,1,"17660",1,"Sharp, Bauer"
2026,1,"15395",1,"Koonce, Malcolm"
2026,1,"15985",1,"Bell, Markquese"
2026,1,"17365",1,"McMillon, Donovan"
2026,1,"14911",1,"Davis, Ashtyn"
2026,1,"16019",1,"Hansen, Jake"
2026,1,"16474",1,"Adkins, Nate"
2026,1,"12776",1,"Killebrew, Miles"
2026,1,"17754",1,"Foster, Montorie"
2026,1,"16636",1,"Corley, Malachi"
2026,1,"17319",1,"Clark, Alijah"
2026,1,"17153",1,"Mukuba, Andrew"
2026,1,"16352",1,"Hellams, DeMarcco"
2026,1,"17777",1,"Harsh, Sabastian"
2026,1,"16613",1,"Laube, Dylan"
2026,1,"15589",1,"White, Cody"
2026,1,"17408",1,"Turner, Jordan"
2026,1,"15907",1,"Robinson, Dominique"
2026,1,"15873",0.9,"Bellinger, Daniel"
2026,1,"16207",0.9,"Iosivas, Andrei"
2026,1,"17082",0.9,"Bryant, Pat"
2026,1,"16846",0.9,"Bates, Jake"
2026,1,"16604",0.9,"Lloyd, MarShawn"
2026,1,"14143",0.9,"Knox, Dawson"
2026,1,"17171",0.9,"Dike, Chimere"
2026,1,"16012",0.8,"Alford, Dee"
2026,1,"16608",0.8,"Holani, George"
2026,1,"16165",0.8,"Spears, Tyjae"
2026,1,"17214",0.7,"Burke, Denzel"
2026,1,"14815",0.7,"Dallas, DeeJay"
2026,1,"15668",0.6,"Waitman, Corliss"
2026,1,"15979",0.6,"Dicker, Cameron"
2026,1,"16723",0.6,"Barner, AJ"
2026,1,"15344",0.6,"Bates, John"
2026,1,"16898",0.5,"Yankoff, Colson"
2026,1,"15244",0.5,"Franks, Feleipe"
2026,1,"16746",0.5,"Ali, Rasheen"
2026,1,"16499",0.5,"Blair, Chris"
2026,1,"14592",0.5,"Zaccheaus, Olamide"
2026,1,"15527",0.5,"Key, Devon"
2026,1,"17286",0.5,"Higgins, Jay"
2026,1,"14322",0.5,"Edwards, T.J."
2026,1,"16247",0.5,"Skinner, JL"
2026,1,"17362",0.5,"Reid, Karene"
2026,1,"14260",0.5,"Holcomb, Cole"
2026,1,"17203",0.5,"Bassa, Jeffrey"
2026,1,"14737",0.5,"Giles-Harris, Joe"
2026,1,"16492",0.5,"Cherelus, Claudin"
2026,1,"15626",0.5,"Wright, Brock"
2026,1,"16102",0.5,"Pola-Mao, Isaiah"
2026,1,"15956",0.5,"Hicks, Elijah"
2026,1,"16850",0.5,"Saylors, Jacob"
2026,1,"16793",0.5,"Williams, James"
2026,1,"17356",0.5,"McDonald, Cooper"
2026,1,"17696",0.5,"Ryan, Carsen"
2026,1,"13750",0.5,"Burks, Oren"
2026,1,"15337",0.5,"Gray, Noah"
2026,1,"15456",0.5,"Niemann, Nick"
2026,1,"15510",0.5,"Washington, Ar'Darius"
2026,1,"15937",0.5,"Muse, Nick"
2026,1,"14926",0.5,"Gay, Willie"
2026,1,"16439",0.5,"Diabate, Mohamoud"
2026,1,"17621",0.5,"Woodaz, Wade"
2026,1,"16443",0.5,"O'Connell, Patrick"
2026,1,"16385",0.4,"Demercado, Emari"
2026,1,"16843",0.3,"Mevis, Harrison"
2026,1,"17184",0.3,"Lane, Jaylin"
2026,1,"14370",0.3,"Hudson, Tanner"
2026,1,"13676",0.3,"Smythe, Durham"
2026,1,"15796",0.3,"Ruckert, Jeremy"
2026,1,"14109",0.3,"McLaurin, Terry"
2026,1,"15800",0.2,"Heyward, Connor"
2026,1,"15799",0.2,"Ferguson, Jake"
2026,1,"16599",0.1,"Gore Jr., Frank"
2026,1,"16603",0.1,"Davis, Ray"
2026,1,"17772",0.1,"Harris, Kenneth"
2026,1,"16164",0.1,"Bigsby, Tank"
2026,1,"16642",0.1,"Stover, Cade"
2026,1,"17541",0.1,"Brown, Barion"
2026,1,"15890",0,"McFadden, Micah"
2026,1,"17574",0,"Hood, Colton"
2026,1,"17016",0,"Jones, Truman"
2026,1,"10267",0,"Miller, Von"
2026,1,"15727",0,"Knight, Bam"
2026,1,"12217",0,"Fowler, Dante"
2026,1,"16640",0,"Cowing, Jacob"
2026,1,"13199",0,"Thomas, Solomon"
2026,1,"17059",0,"Gordon II, Ollie"
2026,1,"17423",0,"Ingle, Tanner"
2026,1,"17613",0,"Halton, Gracen"
2026,1,"16218",0,"Durham, Payne"
2026,1,"16756",0,"Dial, Marcellas"
2026,1,"12955",0,"Manhertz, Chris"
2026,1,"17250",0,"Wohler, Hunter"
2026,1,"15840",0,"Woods, Jelani"
2026,1,"17108",0,"Arroyo, Elijah"
2026,1,"14942",0,"Burgess, Terrell"
2026,1,"16340",0,"Hallett, Erick"
2026,1,"16356",0,"Valentine, Carrington"
2026,1,"16919",0,"Jenkins, E.J."
2026,1,"13713",0,"Fitzpatrick, Minkah"
2026,1,"17579",0,"Banks, Caleb"
2026,1,"17154",0,"Alexander, Darius"
2026,1,"13246",0,"Alie-Cox, Mo"
2026,1,"15975",0,"Sanborn, Jack"
2026,1,"16242",0,"Ringo, Kelee"
2026,1,"14108",0,"Dortch, Greg"
2026,1,"16714",0,"Jones, Jarrian"
2026,1,"15238",0,"Fields, Justin"
2026,1,"16750",0,"Oladapo, Kitan"
2026,1,"17049",0,"Smith, Brashard"
2026,1,"16883",0,"Johnson, Kameron"
2026,1,"16364",0,"Brooks, Jalen"
2026,1,"13427",0,"Tonyan, Robert"
2026,1,"17542",0,"Young, Colbie"
2026,1,"16645",0,"All, Erick"
2026,1,"15878",0,"Clemons, Micheal"
2026,1,"16217",0,"Latu, Cameron"
2026,1,"16926",0,"Reid, Winston"
2026,1,"12677",0,"Hooper, Austin"
2026,1,"15880",0,"Evans, Akayleb"
2026,1,"17552",0,"Howell, Cashius"
2026,1,"12325",0,"Burton, Michael"
2026,1,"16345",0,"Speed, Ameer"
2026,1,"17061",0,"Allen, LeQuint"
2026,1,"15498",0,"Stuard, Grant"
2026,1,"13683",0,"Hand, Da'Shawn"
2026,1,"17662",0,"Kelly, Jack"
2026,1,"12608",0,"Winchester, James"
2026,1,"16366",0,"Ivey, DJ"
2026,1,"16017",0,"Hummel, Jake"
2026,1,"15363",0,"Melifonwu, Ifeatu"
2026,1,"16817",0,"Taylor, Leonard"
2026,1,"16989",0,"Wood, Julius"
2026,1,"14442",0,"Kuntz, Christian"
2026,1,"16661",0,"Hall Jr., Michael"
2026,1,"16283",0,"Overshown, DeMarvion"
2026,1,"17587",0,"Moore, Derrick"
2026,1,"11872",0,"Harris, Shelby"
2026,1,"16907",0,"Roland-Wallace, Chris"
2026,1,"11679",0,"Beckham, Odell"
2026,1,"16288",0,"Blackmon, Mekhi"
2026,1,"17229",0,"Lane, Rayuan"
2026,1,"16666",0,"Eichenberg, Tommy"
2026,1,"17683",0,"Kuwatch, Jackson"
2026,1,"11286",0,"Jenkins, John"
2026,1,"17671",0,"Williams, C.J."
2026,1,"17178",0,"Simon, Cody"
2026,1,"17120",0,"Green, Mike"
2026,1,"12842",0,"Dixon, Riley"
2026,1,"9064",0,"Flacco, Joe"
2026,1,"16253",0,"Forbes, Emmanuel"
2026,1,"15049",0,"Bachie, Joe"
2026,1,"15767",0,"Jones, Velus"
2026,1,"17334",0,"Meeks, Jackson"
2026,1,"17398",0,"Jackson, Keondre"
2026,1,"13675",0,"Conklin, Tyler"
2026,1,"17643",0,"Demmings, Charles"
2026,1,"17588",0,"Young, Zion"
2026,1,"16486",0,"Pili, Brandon"
2026,1,"11367",0,"Juszczyk, Kyle"
2026,1,"16036",0,"Tonges, Jake"
2026,1,"16759",0,"Muasau, Darius"
2026,1,"16738",0,"Carlies, Jaylon"
2026,1,"17208",0,"Mauigoa, Francisco"
2026,1,"15285",0,"Wallace, Tylan"
2026,1,"16794",0,"Briggs, Jowon"
2026,1,"16644",0,"Sinnott, Ben"
2026,1,"17211",0,"Hancock, Jordan"
2026,1,"16333",0,"Higgins, Elijah"
2026,1,"15103",0,"Gilliam, Reggie"
2026,1,"17609",0,"Neal, Julian"
2026,1,"16831",0,"Martin-Robinson, David"
2026,1,"16954",0,"Wallace, Josh"
2026,1,"16293",0,"Phillips, Clark"
2026,1,"17597",0,"Height, Romello"
2026,1,"17343",0,"Jules, PJ"
2026,1,"17191",0,"Farmer, Joshua"
2026,1,"17666",0,"van den Berg, Jordan"
2026,1,"17223",0,"Reed, Jaylen"
2026,1,"17503",0,"Bernard, Germie"
2026,1,"13715",0,"Harrison, Ronnie"
2026,1,"17360",0,"Price, Myles"
2026,1,"16869",0,"Richter, Bo"
2026,1,"15620",0,"Myarick, Chris"
2026,1,"14503",0,"Kennedy, Tom"
2026,1,"13629",0,"Ridley, Calvin"
2026,1,"14984",0,"Woerner, Charlie"
2026,1,"13270",0,"Moreau, Fabian"
2026,1,"17477",0,"Coleman, Jonah"
2026,1,"17510",0,"Burks, Deion"
2026,1,"16757",0,"Vidal, Kimani"
2026,1,"17549",0,"Roush, Sam"
2026,1,"17354",0,"Wax, Marlowe"
2026,1,"16312",0,"Whyle, Josh"
2026,1,"16091",0,"Stille, Ben"
2026,1,"12988",0,"Jones, Jonathan"
2026,1,"16958",0,"Miller, Ryan"
2026,1,"16299",0,"Davis, Derius"
2026,1,"16304",0,"Ward, Jay"
2026,1,"16571",0,"McCollum, Tristin"
2026,1,"16422",0,"Remigio, Nikko"
2026,1,"17633",0,"Josephs, Joshua"
2026,1,"13933",0,"Ford, Poona"
2026,1,"17507",0,"Branch, Zachariah"
2026,1,"15356",0,"Browning, Baron"
2026,1,"14495",0,"Gifford, Luke"
2026,1,"15812",0,"Hall, Logan"
2026,1,"17359",0,"Williams, Josh"
2026,1,"17529",0,"Thompson, Brenen"
2026,1,"14420",0,"Ingold, Alec"
2026,1,"16375",0,"Williamson, Kendall"
2026,1,"13638",0,"Berrios, Braxton"
2026,1,"15650",0,"Prentice, Adam"
2026,1,"17685",0,"Heidenreich, Eli"
2026,1,"17564",0,"Ramsey, Kamari"
2026,1,"16428",0,"Smith, Xavier"
2026,1,"14319",0,"Beck, Andrew"
2026,1,"13198",0,"Garrett, Myles"
2026,1,"17058",0,"Brooks, Tahj"
2026,1,"17213",0,"Hawes, Jackson"
2026,1,"17751",0,"Smith, Avery"
2026,1,"17746",0,"Bailey, Wesley"
2026,1,"17651",0,"Cuevas, Josh"
2026,1,"16752",0,"Davis, Isaiah"
2026,1,"15765",0,"Austin, Kevin"
2026,1,"17231",0,"Bartholomew, Gavin"
2026,1,"13201",0,"Barnett, Derek"
2026,1,"16816",0,"Brooks, British"
2026,1,"17134",0,"Williams, Kyle"
2026,1,"17578",0,"Louis, Kyle"
2026,1,"17175",0,"Smith, Arian"
2026,1,"17048",0,"Johnson, Kaleb"
2026,1,"15965",0,"Chestnut, Julius"
2026,1,"13940",0,"Mundt, Johnny"
2026,1,"15464",0,"Echols, Brandin"
2026,1,"17201",0,"James, Shemar"
2026,1,"17521",0,"Thomas, Zavion"
2026,1,"17641",0,"Bredeson, Max"
2026,1,"17632",0,"Barrett, Nick"
2026,1,"16336",0,"Braswell, Christian"
2026,1,"17351",0,"Green, B.J."
2026,1,"15684",0,"Ross, D'Angelo"
2026,1,"15419",0,"Granson, Kylen"
2026,1,"17514",0,"Stribling, De'Zhaun"
2026,1,"17076",0,"Bond, Isaiah"
2026,1,"13678",0,"Thomas, Ian"
2026,1,"17655",0,"Traore, Seydou"
2026,1,"15491",0,"Skowronek, Ben"
2026,1,"17176",0,"Robinson, Ty"
2026,1,"17695",0,"Hutchins, Quintayvious"
2026,1,"13263",0,"Awuzie, Chidobe"
2026,1,"17620",0,"Wetjen, Kaden"
2026,1,"17197",0,"McWilliams, Mac"
2026,1,"17047",0,"Sampson, Dylan"
2026,1,"16674",0,"King, Kalen"
2026,1,"15772",0,"Covey, Britain"
2026,1,"16305",0,"Abdullah, Yasir"
2026,1,"14870",0,"Trautman, Adam"
2026,1,"16189",0,"Mims, Marvin"
2026,1,"14847",0,"Duvernay, Devin"
2026,1,"16722",0,"Knight, Tyrice"
2026,1,"17097",0,"Felton, Tai"
2026,1,"15929",0,"Kieft, Ko"
2026,1,"17449",0,"Woodard, Jackson"
2026,1,"17355",0,"Chambliss, Chaz"
2026,1,"17170",0,"Jones, Sai'vion"
2026,1,"17645",0,"Elliott, Keyshaun"
2026,1,"15874",0,"Butler, Percy"
2026,1,"17205",0,"Lambert-Smith, KeAndre"
2026,1,"16735",0,"Abrams-Draine, Kris"
2026,1,"15281",-0.1,"Chase, Ja'Marr"
2026,1,"8851",-0.1,"Folk, Nick"
2026,1,"16178",-0.2,"Mitchell, Keaton"
2026,1,"12219",-0.2,"Edwards, Mario"
2026,1,"17517",-0.3,"Lane, Ja'Kobi"
2026,1,"11936",-0.3,"Boswell, Chris"
2026,1,"16617",-0.3,"Coleman, Keon"
2026,1,"14871",-0.3,"Parkinson, Colby"
2026,1,"16620",-0.4,"Worthy, Xavier"
2026,1,"13592",-0.4,"Darnold, Sam"
2026,1,"16432",-0.4,"Wilson, Emanuel"
2026,1,"17072",-0.5,"Harris, Tre"
2026,1,"17475",-0.5,"McGowan, Seth"
2026,1,"17086",-0.5,"Royals, Jalen"
2026,1,"17575",-0.5,"McNeil-Warren, Emmanuel"
2026,1,"15341",-0.5,"Morris, Quintin"
2026,1,"13299",-0.6,"Kittle, George"
2026,1,"16221",-0.6,"Schoonmaker, Luke"
2026,1,"16197",-0.7,"Mingo, Jonathan"
2026,1,"16610",-0.7,"Wright, Jaylen"
2026,1,"15469",-0.7,"Hamlin, Damar"
2026,1,"13630",-0.8,"Sutton, Courtland"
2026,1,"17274",-0.8,"Kiner, Corey"
2026,1,"16580",-1,"Maye, Drake"
2026,1,"15787",-1,"Thornton, Tyquan"
2026,1,"17107",-1,"Ferguson, Terrance"
2026,1,"17605",-1,"Kacmarek, Will"
2026,1,"14860",-1,"Jennings, Jauan"
2026,1,"17771",-1,"Thomas, Skyler"
2026,1,"17254",-1,"Mumpfield, Konata"
2026,1,"17234",-1,"Horn, Jimmy"
2026,1,"15916",-1,"Ogletree, Drew"
2026,1,"15293",-1,"Bateman, Rashod"
2026,1,"16184",-1,"Reed, Jayden"
2026,1,"17157",-1,"TeSlaa, Isaac"
2026,1,"16872",-1,"Andreessen, Joe"
2026,1,"15766",-1,"Moore, Skyy"
2026,1,"15329",-1,"Pitts, Kyle"
2026,1,"17492",-1.1,"Donaldson, CJ"
2026,1,"17591",-1.2,"Boerkircher, Nate"
2026,1,"15334",-1.3,"Long, Hunter"
2026,1,"17598",-1.3,"Davis, Tacario"
2026,1,"16684",-1.4,"Washington, Malik"
2026,1,"16414",-1.4,"Aubrey, Brandon"
2026,1,"13742",-1.5,"Hill, B.J."
2026,1,"14102",-1.5,"Metcalf, DK"
2026,1,"15795",-1.5,"Kolar, Charlie"
2026,1,"13315",-1.5,"Saubert, Eric"
2026,1,"17204",-1.5,"Roberts, Elijah"
2026,1,"17209",-1.5,"Black, Yahya"
2026,1,"15941",-1.5,"Young, Dareke"
2026,1,"17619",-1.5,"Dennis-Sutton, Dani"
2026,1,"17585",-1.5,"Miller, Christen"
2026,1,"15384",-1.5,"Samuel, Asante"
2026,1,"16226",-1.5,"Wilson, Tyree"
2026,1,"16080",-1.7,"Shaheed, Rashid"
2026,1,"13738",-1.7,"Jackson, Donte"
2026,1,"17614",-1.8,"Canady, Jadon"
2026,1,"17600",-2,"McClellan, Chris"
2026,1,"14379",-2,"Woods, Josh"
2026,1,"13939",-2,"Odum, George"
2026,1,"17528",-2,"Coleman, Kevin"
2026,1,"16186",-2,"Addison, Jordan"
2026,1,"16639",-2,"Legette, Xavier"
2026,1,"15292",-2,"Brown, Dyami"
2026,1,"15903",-2,"Anderson, Tycen"
2026,1,"15284",-2.1,"Waddle, Jaylen"
2026,1,"13968",-2.1,"Mullens, Nick"
2026,1,"17079",-2.3,"Johnson, Tez"
2026,1,"17706",-2.4,"Benson, Malik"
2026,1,"15353",-2.5,"Surratt, Chazz"
2026,1,"17768",-2.5,"Burke, Ethan"
2026,1,"15595",-2.5,"Campbell, Elijah"
2026,1,"14921",-2.5,"Dugger, Kyle"
2026,1,"16072",-2.5,"Cochrane, Jack"
2026,1,"17518",-2.7,"Allen, Cyrus"
2026,1,"15375",-2.8,"Newsome, Greg"
2026,1,"16619",-3,"Franklin, Troy"
2026,1,"15779",-3,"Doubs, Romeo"
2026,1,"14887",-3,"Simmons, Isaiah"
2026,1,"16774",-3,"Watson, Nathaniel"
2026,1,"16188",-3.1,"Johnston, Quentin"
2026,1,"15148",-3.1,"Franklin, Sam"
2026,1,"17109",-3.2,"Evans, Mitchell"
2026,1,"12645",-3.5,"Treadwell, Laquon"
2026,1,"17499",-3.5,"Lemon, Makai"
2026,1,"16703",-3.7,"Phillips, Andru"
2026,1,"16747",-3.7,"Tracy, Tyrone"
2026,1,"17106",-3.7,"Taylor, Mason"
2026,1,"14823",-3.8,"Dowdle, Rico"
2026,1,"16677",-4,"Bullard, Javon"
2026,1,"13718",-4.2,"Carlson, Daniel"
2026,1,"17104",-4.5,"Loveland, Colston"
2026,1,"12678",-4.6,"Higbee, Tyler"
2026,1,"13791",-4.6,"Scott, J.K."
2026,1,"14056",-7.6,"Murray, Kyler"
2026,1,"16582",-16.6,"Nix, Bo"
2026,1,"13124",-18.6,"Rush, Cooper"
2026,2,"15698",67.3,"Purdy, Brock"
2026,2,"13116",65.6,"Mahomes, Patrick"
2026,2,"12620",61.4,"Prescott, Dak"
2026,2,"13589",57.4,"Allen, Josh"
2026,2,"9431",54.9,"Stafford, Matthew"
2026,2,"15822",54,"Lloyd, Devin"
2026,2,"16148",47.1,"Young, Bryce"
2026,2,"12611",46,"Goff, Jared"
2026,2,"11675",45.5,"Adams, Davante"
2026,2,"14057",44.3,"Lock, Drew"
2026,2,"16185",40.5,"Smith-Njigba, Jaxon"
2026,2,"13113",39.5,"Watson, Deshaun"
2026,2,"16582",38.8,"Nix, Bo"
2026,2,"14832",37.1,"Lamb, CeeDee"
2026,2,"15366",35.5,"Holland, Jevon"
2026,2,"17653",35.2,"Masses, Hezekiah"
2026,2,"10700",34.8,"Cousins, Kirk"
2026,2,"17361",32,"Ponder, Elijah"
2026,2,"15287",31.4,"St. Brown, Amon-Ra"
2026,2,"17039",30.8,"Shough, Tyler"
2026,2,"17030",30.7,"Ward, Cam"
2026,2,"14182",30.3,"Hooker, Amani"
2026,2,"15845",29.7,"McDuffie, Trent"
2026,2,"16230",28.3,"Van Ness, Lukas"
2026,2,"16150",28,"Stroud, C.J."
2026,2,"15836",25.6,"Hill, Daxton"
2026,2,"16287",25.3,"Tucker, Tre"
2026,2,"16784",25.2,"Harden, Myles"
2026,2,"15694",25.1,"Willis, Malik"
2026,2,"15923",24.5,"Lake, Quentin"
2026,2,"16223",24.5,"Anderson, Will"
2026,2,"15346",24.4,"Rousseau, Gregory"
2026,2,"13593",24.1,"Jackson, Lamar"
2026,2,"14059",24,"Jones, Daniel"
2026,2,"15282",23.9,"Smith, DeVonta"
2026,2,"14180",23.7,"Murphy, Byron"
2026,2,"14802",23.4,"Taylor, Jonathan"
2026,2,"15284",23.1,"Waddle, Jaylen"
2026,2,"14783",23.1,"Hurts, Jalen"
2026,2,"13772",23,"Schultz, Dalton"
2026,2,"16303",23,"Herbig, Nick"
2026,2,"15715",22.3,"Cook, James"
2026,2,"14777",22.2,"Burrow, Joe"
2026,2,"16279",21.7,"Moss, Riley"
2026,2,"17221",21.3,"Harris, Marcus"
2026,2,"14163",21.2,"Simmons, Jeffery"
2026,2,"11244",21.2,"Kelce, Travis"
2026,2,"15711",21.1,"Walker III, Kenneth"
2026,2,"16213",21,"Kincaid, Dalton"
2026,2,"14218",20.5,"Okereke, Bobby"
2026,2,"15681",20.1,"Elliss, Christian"
2026,2,"16719",20,"Williams, Evan"
2026,2,"17500",20,"Boston, Denzel"
2026,2,"15352",20,"Collins, Zaven"
2026,2,"12141",19.8,"Mariota, Marcus"
2026,2,"16731",19.7,"Hart, Cam"
2026,2,"16958",19.4,"Miller, Ryan"
2026,2,"12225",19.4,"Williams, Leonard"
2026,2,"13251",19.2,"Baker, Budda"
2026,2,"14179",19,"Love, Julian"
2026,2,"15293",18.6,"Bateman, Rashod"
2026,2,"14997",18.4,"Rodgers, Isaiah"
2026,2,"16581",18.3,"Daniels, Jayden"
2026,2,"14717",18.3,"McLaughlin, Chase"
2026,2,"17584",18.2,"Jacas, Gabe"
2026,2,"16192",18.1,"Washington, Parker"
2026,2,"15364",18,"Cisco, Andre"
2026,2,"13299",18,"Kittle, George"
2026,2,"15368",17.8,"McPherson, Evan"
2026,2,"13738",17.6,"Jackson, Donte"
2026,2,"17563",17.5,"Downs, Caleb"
2026,2,"15281",17.5,"Chase, Ja'Marr"
2026,2,"13130",17.2,"McCaffrey, Christian"
2026,2,"16162",17.1,"Gibbs, Jahmyr"
2026,2,"16927",17,"Redmond, Jalen"
2026,2,"13227",16.8,"Lewis, Jourdan"
2026,2,"11150",16.7,"Smith, Geno"
2026,2,"16414",16.6,"Aubrey, Brandon"
2026,2,"17769",16.5,"Hall, Aaron"
2026,2,"15805",16.5,"Hutchinson, Aidan"
2026,2,"15089",16.5,"Roach, Malcolm"
2026,2,"15821",16.4,"Dean, Nakobe"
2026,2,"15787",16.2,"Thornton, Tyquan"
2026,2,"12688",16.1,"Buckner, DeForest"
2026,2,"15799",16.1,"Ferguson, Jake"
2026,2,"16580",16.1,"Maye, Drake"
2026,2,"13208",16.1,"Allen, Jonathan"
2026,2,"16696",16,"Cooper, Edgerrin"
2026,2,"12186",15.9,"Diggs, Stefon"
2026,2,"16650",15.9,"Turner, Dallas"
2026,2,"16346",15.8,"Winters, Dee"
2026,2,"16913",15.6,"Woods, Charles"
2026,2,"16777",15.3,"Johnson, Cedric"
2026,2,"15913",15.3,"Benford, Christian"
2026,2,"14782",15.2,"Love, Jordan"
2026,2,"14940",15.1,"Highsmith, Alex"
2026,2,"17174",15,"Walker, Deone"
2026,2,"15813",15,"Enagbare, Kingsley"
2026,2,"13888",15,"Gardeck, Dennis"
2026,2,"16593",14.9,"Corum, Blake"
2026,2,"12626",14.9,"Henry, Derrick"
2026,2,"16677",14.8,"Bullard, Javon"
2026,2,"15754",14.7,"Olave, Chris"
2026,2,"17071",14.7,"McMillan, Tetairoa"
2026,2,"12735",14.6,"Rankins, Sheldon"
2026,2,"12263",14.6,"Waller, Darren"
2026,2,"17137",14.6,"Harmon, Derrick"
2026,2,"17072",14.6,"Harris, Tre"
2026,2,"14927",14.5,"Chinn, Jeremy"
2026,2,"14933",14.3,"Blackmon, Julian"
2026,2,"13718",14.2,"Carlson, Daniel"
2026,2,"16276",14.2,"Young, Byron"
2026,2,"16452",14.1,"Whelan, Daniel"
2026,2,"16194",14.1,"Rice, Rashee"
2026,2,"15387",14.1,"Werner, Pete"
2026,2,"14835",14,"Higgins, Tee"
2026,2,"17123",14,"Campbell, Jihaad"
2026,2,"17579",14,"Banks, Caleb"
2026,2,"14957",14,"Robertson, Amik"
2026,2,"16660",14,"Robinson, Darius"
2026,2,"14405",14,"Granderson, Carl"
2026,2,"16896",13.9,"Shrader, Spencer"
2026,2,"12697",13.9,"Robinson, A'Shawn"
2026,2,"14249",13.9,"Van Ginkel, Andrew"
2026,2,"16195",13.8,"Wicks, Dontayvion"
2026,2,"13681",13.7,"Chubb, Bradley"
2026,2,"15357",13.7,"Barmore, Christian"
2026,2,"16712",13.5,"Hunt, Jalyx"
2026,2,"15377",13.5,"Stokes, Eric"
2026,2,"17606",13.5,"Barham, Jaishawn"
2026,2,"12741",13.5,"Jones, Chris"
2026,2,"15395",13.4,"Koonce, Malcolm"
2026,2,"17169",13.1,"Stout, Upton"
2026,2,"16794",13.1,"Briggs, Jowon"
2026,2,"14235",13,"Tranquill, Drue"
2026,2,"13214",13,"Watt, T.J."
2026,2,"15753",12.9,"Wilson, Garrett"
2026,2,"15589",12.8,"White, Cody"
2026,2,"17073",12.8,"Ayomanor, Elic"
2026,2,"15884",12.8,"Stout, Jordan"
2026,2,"17043",12.7,"Henderson, TreVeyon"
2026,2,"17551",12.7,"Bailey, David"
2026,2,"15721",12.6,"White, Rachaad"
2026,2,"16251",12.6,"Gonzalez, Christian"
2026,2,"14951",12.5,"Lynch, James"
2026,2,"13590",12.5,"Mayfield, Baker"
2026,2,"17613",12.5,"Halton, Gracen"
2026,2,"14943",12.5,"Davis-Gaither, Akeem"
2026,2,"16344",12.5,"Stills, Dante"
2026,2,"14896",12.5,"Queen, Patrick"
2026,2,"16214",12.4,"LaPorta, Sam"
2026,2,"15710",12.4,"Williams, Kyren"
2026,2,"15261",12.3,"Hubbard, Chuba"
2026,2,"15812",12.2,"Hall, Logan"
2026,2,"14861",12.2,"Johnson, Juwan"
2026,2,"17120",12.1,"Green, Mike"
2026,2,"17131",12,"Watts, Xavier"
2026,2,"15834",12,"Hamilton, Kyle"
2026,2,"17044",12,"Hampton, Omarion"
2026,2,"17129",12,"Morrison, Benjamin"
2026,2,"17146",12,"Williams, Tyleik"
2026,2,"16187",11.9,"Downs, Josh"
2026,2,"14956",11.8,"Sneed, L'Jarius"
2026,2,"17164",11.8,"Williams, Nohl"
2026,2,"15779",11.7,"Doubs, Romeo"
2026,2,"13163",11.6,"Godwin, Chris"
2026,2,"16617",11.6,"Coleman, Keon"
2026,2,"15355",11.5,"Bolton, Nick"
2026,2,"14157",11.5,"Williams, Quinnen"
2026,2,"14244",11.5,"Gay, Matt"
2026,2,"16681",11.4,"Reichard, Will"
2026,2,"16268",11.4,"Turner, DJ"
2026,2,"16178",11.3,"Mitchell, Keaton"
2026,2,"17121",11.2,"Graham, Mason"
2026,2,"16419",11.2,"Szmyt, Andre"
2026,2,"16474",11.1,"Adkins, Nate"
2026,2,"13303",11.1,"Elliott, Jake"
2026,2,"13764",11.1,"Johnson, Taron"
2026,2,"13319",11,"Jones, Aaron"
2026,2,"16228",11,"Smith, Nolan"
2026,2,"17052",10.9,"Tuten, Bhayshul"
2026,2,"16241",10.8,"Witherspoon, Devon"
2026,2,"11671",10.8,"Evans, Mike"
2026,2,"14905",10.8,"Henderson, CJ"
2026,2,"15833",10.8,"Gardner, Sauce"
2026,2,"15253",10.7,"Etienne, Travis"
2026,2,"14877",10.7,"Young, Chase"
2026,2,"13743",10.7,"Warner, Fred"
2026,2,"17477",10.6,"Coleman, Jonah"
2026,2,"13707",10.6,"Ward, Denzel"
2026,2,"15319",10.6,"Palmer, Joshua"
2026,2,"17619",10.6,"Dennis-Sutton, Dani"
2026,2,"17251",10.6,"Robinson, Micah"
2026,2,"16284",10.5,"Williams, Dorian"
2026,2,"14925",10.5,"Uche, Josh"
2026,2,"16281",10.5,"Brown, Ji'Ayir"
2026,2,"17577",10.5,"Wheatley, Zakee"
2026,2,"16679",10.5,"Nubin, Tyler"
2026,2,"16708",10.5,"Smith, Tykee"
2026,2,"15814",10.4,"Thomas, Cameron"
2026,2,"16267",10.4,"Stevenson, Tyrique"
2026,2,"11721",10.3,"Mack, Khalil"
2026,2,"16639",10.3,"Legette, Xavier"
2026,2,"17624",10.2,"Lee, Will"
2026,2,"12645",10.2,"Treadwell, Laquon"
2026,2,"17189",10.2,"Robinson, Quandarrius"
2026,2,"14161",10.1,"Tillery, Jerry"
2026,2,"14303",10,"Elliss, Kaden"
2026,2,"16245",10,"Battle, Jordan"
2026,2,"15358",10,"Togiai, Tommy"
2026,2,"14159",10,"Lawrence, Dexter"
2026,2,"15856",10,"Taylor, Alontae"
2026,2,"16369",10,"Ojomo, Moro"
2026,2,"15708",9.9,"Hall, Breece"
2026,2,"12301",9.9,"Smith, Za'Darius"
2026,2,"16432",9.9,"Wilson, Emanuel"
2026,2,"16788",9.8,"Vele, Devaughn"
2026,2,"15751",9.8,"London, Drake"
2026,2,"13848",9.8,"Johnston, Cam"
2026,2,"14899",9.8,"Kinlaw, Javon"
2026,2,"15375",9.8,"Newsome, Greg"
2026,2,"17107",9.8,"Ferguson, Terrance"
2026,2,"16809",9.7,"Coker, Jalen"
2026,2,"17075",9.6,"Golden, Matthew"
2026,2,"15384",9.6,"Samuel, Asante"
2026,2,"17162",9.6,"Walley, Justin"
2026,2,"15353",9.6,"Surratt, Chazz"
2026,2,"13744",9.5,"Shepherd, Nathan"
2026,2,"13759",9.5,"Armstrong, Dorance"
2026,2,"17589",9.5,"Trotter, Josiah"
2026,2,"17147",9.5,"Schwesinger, Carson"
2026,2,"14995",9.5,"Metellus, Josh"
2026,2,"14930",9.5,"Hamilton, Davon"
2026,2,"16009",9.5,"Gibbens, Jack"
2026,2,"17172",9.5,"Woodson, Craig"
2026,2,"17125",9.5,"Knight, Demetrius"
2026,2,"15428",9.5,"Sherwood, Jamien"
2026,2,"14219",9.4,"Dean, Jamel"
2026,2,"15362",9.4,"Surtain II, Patrick"
2026,2,"11367",9.4,"Juszczyk, Kyle"
2026,2,"17333",9.2,"Cooper, Darius"
2026,2,"12221",9.2,"Hunter, Danielle"
2026,2,"15361",9.2,"Horn, Jaycee"
2026,2,"17191",9.2,"Farmer, Joshua"
2026,2,"14630",9.1,"Cole, A.J."
2026,2,"10266",9,"Heyward, Cameron"
2026,2,"16598",9,"Irving, Bucky"
2026,2,"16300",9,"McGuire, Isaiah"
2026,2,"15831",9,"Chenal, Leo"
2026,2,"13791",9,"Scott, J.K."
2026,2,"14590",9,"Al-Shaair, Azeez"
2026,2,"14251",9,"Cashman, Blake"
2026,2,"15173",9,"Tart, Teair"
2026,2,"17161",9,"Burch, Jordan"
2026,2,"15869",9,"Bernard, Terrel"
2026,2,"17207",9,"Sigle, Marques"
2026,2,"15409",9,"Barnes, Derrick"
2026,2,"17190",9,"Hemingway, Tonka"
2026,2,"17576",9,"Thieneman, Dillon"
2026,2,"17182",8.9,"Sorrell, Barryn"
2026,2,"13223",8.8,"Humphrey, Marlon"
2026,2,"17112",8.8,"Carter, Abdul"
2026,2,"14888",8.8,"Chaisson, K'Lavon"
2026,2,"17103",8.8,"Fannin, Harold"
2026,2,"15349",8.7,"Phillips, Jaelan"
2026,2,"17256",8.7,"Croskey-Merritt, Jacory"
2026,2,"13284",8.7,"Hendrickson, Trey"
2026,2,"16145",8.6,"McMillian, Ja'Quan"
2026,2,"15950",8.6,"Watson, Jaylen"
2026,2,"15904",8.6,"Bland, DaRon"
2026,2,"14974",8.6,"Mooney, Darnell"
2026,2,"13298",8.5,"Stewart, Grover"
2026,2,"14170",8.5,"Bush, Devin"
2026,2,"17736",8.5,"Zvada, Dominic"
2026,2,"16282",8.5,"Turner, Kobie"
2026,2,"16450",8.5,"Thomas, Drake"
2026,2,"14328",8.5,"Wingard, Andrew"
2026,2,"12698",8.4,"Reed, Jarran"
2026,2,"15716",8.4,"Robinson, Brian"
2026,2,"14412",8.4,"Singleton, Alex"
2026,2,"16621",8.4,"Walker, Devontez"
2026,2,"17339",8.4,"McNamara, Austin"
2026,2,"17114",8.4,"Stewart, Shemar"
2026,2,"16724",8.3,"Taylor, Tory"
2026,2,"16727",8.2,"Hicks, Jaden"
2026,2,"17127",8.2,"Johnson, Will"
2026,2,"17788",8.2,"Gushiken, Kapena"
2026,2,"17761",8.1,"Thorson, Brett"
2026,2,"16616",8.1,"Odunze, Rome"
2026,2,"15001",8,"Curl, Kamren"
2026,2,"16513",8,"London, LaCale"
2026,2,"15397",8,"Golston, Chauncey"
2026,2,"11383",8,"Martin, Sam"
2026,2,"16716",8,"Wilson, Payton"
2026,2,"15742",7.9,"Warren, Jaylen"
2026,2,"15380",7.8,"Campbell, Tyson"
2026,2,"15237",7.8,"Lawrence, Trevor"
2026,2,"16672",7.8,"Lassiter, Kamari"
2026,2,"13671",7.8,"Andrews, Mark"
2026,2,"15794",7.7,"McBride, Trey"
2026,2,"17581",7.7,"Cisse, Brandon"
2026,2,"16670",7.6,"McKinstry, Kool-Aid"
2026,2,"17142",7.6,"Revel, Shavon"
2026,2,"17622",7.6,"Muhammad, Malik"
2026,2,"15894",7.6,"Woolen, Tariq"
2026,2,"12802",7.5,"Reader, D.J."
2026,2,"17560",7.5,"Hill Jr., Anthony"
2026,2,"14836",7.5,"Jefferson, Justin"
2026,2,"15846",7.5,"Walker, Quay"
2026,2,"11757",7.5,"Donald, Aaron"
2026,2,"13322",7.5,"Clark, Chuck"
2026,2,"16234",7.5,"Simpson, Trenton"
2026,2,"15832",7.4,"Stingley Jr., Derek"
2026,2,"14037",7.4,"Davis, Jalen"
2026,2,"13260",7.4,"Tomlinson, Dalvin"
2026,2,"16233",7.3,"Carter, Jalen"
2026,2,"12219",7.3,"Edwards, Mario"
2026,2,"13802",7.2,"Martin, Jake"
2026,2,"16265",7.1,"Dexter, Gervon"
2026,2,"17099",7.1,"Gadsden, Oronde"
2026,2,"17066",7.1,"Monangai, Kyle"
2026,2,"12739",7,"Clark, Kenny"
2026,2,"13933",7,"Ford, Poona"
2026,2,"16693",7,"Sweat, T'Vondre"
2026,2,"15461",7,"Lopez, Roy"
2026,2,"17586",7,"Rodriguez, Jacob"
2026,2,"17640",7,"Taaffe, Michael"
2026,2,"14985",7,"Mann, Braden"
2026,2,"16663",7,"Eboigbe, Justin"
2026,2,"16278",7,"Diaby, YaYa"
2026,2,"16690",7,"Mitchell, Quinyon"
2026,2,"13199",7,"Thomas, Solomon"
2026,2,"14221",7,"Williams, Quincy"
2026,2,"14979",7,"Strnad, Justin"
2026,2,"14982",7,"Gilman, Alohi"
2026,2,"15418",7,"Bynum, Camryn"
2026,2,"17195",7,"Mills, Rylie"
2026,2,"17261",7,"Biggers, Zeek"
2026,2,"16013",7,"Landman, Nate"
2026,2,"16333",7,"Higgins, Elijah"
2026,2,"14085",7,"Pollard, Tony"
2026,2,"16654",7,"Elliss, Jonah"
2026,2,"17474",7,"Johnson, Emmett"
2026,2,"15911",6.9,"Araiza, Matt"
2026,2,"16684",6.9,"Washington, Malik"
2026,2,"16298",6.9,"Robinson, Tavius"
2026,2,"17079",6.8,"Johnson, Tez"
2026,2,"16734",6.8,"Booker, Austin"
2026,2,"13844",6.8,"Cooke, Logan"
2026,2,"12785",6.8,"Robinson, Demarcus"
2026,2,"15386",6.7,"Odeyingbo, Dayo"
2026,2,"16161",6.7,"Robinson, Bijan"
2026,2,"12610",6.7,"Wentz, Carson"
2026,2,"13869",6.7,"Bojorquez, Corey"
2026,2,"17200",6.6,"Marshall, Jason"
2026,2,"16673",6.6,"Wiggins, Nate"
2026,2,"17180",6.6,"Walker, David"
2026,2,"15921",6.5,"Jackson, Theo"
2026,2,"14247",6.5,"Greenlaw, Dre"
2026,2,"16627",6.5,"McConkey, Ladd"
2026,2,"13447",6.5,"Wilson, Eric"
2026,2,"16494",6.5,"Moon, Jeremiah"
2026,2,"13066",6.5,"Raymond, Kalif"
2026,2,"14169",6.5,"Wilson, Mack"
2026,2,"17145",6.5,"Winston, Kevin"
2026,2,"16754",6.5,"Stiggers, Qwan'tez"
2026,2,"15124",6.4,"Pierre, James"
2026,2,"16288",6.4,"Blackmon, Mekhi"
2026,2,"16714",6.2,"Jones, Jarrian"
2026,2,"17086",6.2,"Royals, Jalen"
2026,2,"16164",6.1,"Bigsby, Tank"
2026,2,"12956",6.1,"Lutz, Wil"
2026,2,"16626",6.1,"Mitchell, Adonai"
2026,2,"15626",6,"Wright, Brock"
2026,2,"17607",6,"Raridon, Eli"
2026,2,"16928",6,"Harper, Thomas"
2026,2,"14907",6,"Delpit, Grant"
2026,2,"13813",6,"Oluokun, Foyesade"
2026,2,"12676",6,"Henry, Hunter"
2026,2,"17616",6,"Scott, Keionte"
2026,2,"14302",6,"Scott, Nick"
2026,2,"13201",6,"Barnett, Derek"
2026,2,"16651",6,"Latu, Laiatu"
2026,2,"17184",6,"Lane, Jaylin"
2026,2,"15404",6,"Jones, Ernest"
2026,2,"14953",6,"Dye, Troy"
2026,2,"13354",5.9,"Butker, Harrison"
2026,2,"17568",5.9,"Mesidor, Akheem"
2026,2,"15032",5.9,"Fox, Jack"
2026,2,"14904",5.9,"Fulton, Kristian"
2026,2,"14198",5.8,"Ya-Sin, Rock"
2026,2,"14823",5.8,"Dowdle, Rico"
2026,2,"16887",5.8,"Rehkow, Ryan"
2026,2,"15452",5.8,"Hufanga, Talanoa"
2026,2,"13294",5.7,"Ebukam, Samson"
2026,2,"14127",5.6,"Meyers, Jakobi"
2026,2,"16167",5.6,"Achane, De'Von"
2026,2,"15378",5.5,"Oweh, Odafe"
2026,2,"13737",5.5,"Bates, Jessie"
2026,2,"15390",5.5,"McNeill, Alim"
2026,2,"16653",5.5,"Verse, Jared"
2026,2,"15985",5.5,"Bell, Markquese"
2026,2,"10816",5.5,"Davis, Demario"
2026,2,"16700",5.5,"Bishop, Cole"
2026,2,"14171",5.5,"Burns, Brian"
2026,2,"15863",5.5,"Jones, Travis"
2026,2,"17773",5.5,"Edwards, TeRah"
2026,2,"15051",5.5,"Townsend, Tommy"
2026,2,"17250",5.5,"Wohler, Hunter"
2026,2,"16235",5.5,"Hall, Derick"
2026,2,"16620",5.5,"Worthy, Xavier"
2026,2,"14467",5.5,"Phillips, Del'Shawn"
2026,2,"13723",5.5,"Payne, Da'Ron"
2026,2,"13697",5.5,"Edmunds, Tremaine"
2026,2,"14971",5.5,"Washington, Broderick"
2026,2,"15808",5.5,"Karlaftis, George"
2026,2,"15941",5.4,"Young, Dareke"
2026,2,"16675",5.4,"DeJean, Cooper"
2026,2,"13731",5.4,"Hughes, Mike"
2026,2,"16695",5.4,"Melton, Max"
2026,2,"16723",5.3,"Barner, AJ"
2026,2,"17102",5.3,"Warren, Tyler"
2026,2,"15888",5.2,"Durant, Decobie"
2026,2,"17187",5.2,"Riley, Quincy"
2026,2,"15766",5.2,"Moore, Skyy"
2026,2,"13774",5.2,"Reed, D.J."
2026,2,"15859",5.2,"Taylor-Britt, Cam"
2026,2,"17135",5,"Ezeiruaku, Donovan"
2026,2,"15839",5,"Cross, Nick"
2026,2,"13694",5,"Settle, Tim"
2026,2,"15875",5,"Belton, Dane"
2026,2,"16246",5,"Johnson, Antonio"
2026,2,"13696",5,"Smith, Roquan"
2026,2,"16296",5,"Miller, Ventrell"
2026,2,"14893",5,"Baun, Zack"
2026,2,"15446",5,"Slaton, Tedarrell"
2026,2,"17556",5,"Reese, Arvell"
2026,2,"14149",5,"Gary, Rashan"
2026,2,"14256",5,"Bailey, Jake"
2026,2,"14901",5,"Gallimore, Neville"
2026,2,"17194",5,"Jackson, Cam"
2026,2,"16596",5,"Allen, Braelon"
2026,2,"13770",5,"Franklin-Myers, John"
2026,2,"13693",5,"Phillips, Harrison"
2026,2,"17588",5,"Young, Zion"
2026,2,"14924",4.8,"Johnson, Jaylon"
2026,2,"15933",4.8,"Brown, Montaric"
2026,2,"14797",4.8,"Swift, D'Andre"
2026,2,"17080",4.8,"Noel, Jaylin"
2026,2,"15718",4.8,"Badie, Tyler"
2026,2,"16698",4.6,"Sainristil, Mike"
2026,2,"15756",4.6,"Williams, Jameson"
2026,2,"15802",4.6,"Otton, Cade"
2026,2,"17592",4.6,"Igbinosun, Davison"
2026,2,"11769",4.5,"Lawrence, Demarcus"
2026,2,"13288",4.5,"Jenkins, Rayshawn"
2026,2,"16697",4.5,"Smith, Maason"
2026,2,"14136",4.5,"Samuel, Deebo"
2026,2,"17136",4.5,"Nolen, Walter"
2026,2,"14910",4.5,"Jones, Brandon"
2026,2,"13714",4.5,"James, Derwin"
2026,2,"17555",4.5,"Woods, Peter"
2026,2,"16165",4.5,"Spears, Tyjae"
2026,2,"17626",4.5,"Smith, Genesis"
2026,2,"17330",4.5,"Stackhouse, Nazir"
2026,2,"11327",4.5,"Jefferson, Tony"
2026,2,"15393",4.5,"Odighizuwa, Osa"
2026,2,"13810",4.5,"Joseph-Day, Sebastian"
2026,2,"13837",4.5,"Franklin, Zaire"
2026,2,"16532",4.5,"Nowaske, Trevor"
2026,2,"12218",4.5,"Armstead, Arik"
2026,2,"17078",4.5,"Bech, Jack"
2026,2,"15668",4.5,"Waitman, Corliss"
2026,2,"15815",4.5,"Walker, Travon"
2026,2,"17177",4.5,"West, CJ"
2026,2,"16738",4.5,"Carlies, Jaylon"
2026,2,"14909",4.5,"Winfield, Antoine"
2026,2,"16181",4.4,"Brown, Chase"
2026,2,"15445",4.4,"Lenoir, Deommodore"
2026,2,"17277",4.4,"Fitzgerald, Ryan"
2026,2,"16193",4.4,"Boutte, Kayshon"
2026,2,"16012",4.4,"Alford, Dee"
2026,2,"16619",4.4,"Franklin, Troy"
2026,2,"17642",4.4,"Rivers, Chandler"
2026,2,"14239",4.3,"Moreau, Foster"
2026,2,"17777",4.3,"Harsh, Sabastian"
2026,2,"14138",4.3,"Hockenson, T.J."
2026,2,"15727",4.3,"Knight, Bam"
2026,2,"15331",4.3,"Freiermuth, Pat"
2026,2,"15761",4.1,"Shakir, Khalil"
2026,2,"16239",4.1,"Campbell, Jack"
2026,2,"17611",4,"Jackson, Darrell"
2026,2,"15356",4,"Browning, Baron"
2026,2,"16787",4,"Laulu, Jonah"
2026,2,"14954",4,"Hawkins, Jaylinn"
2026,2,"17632",4,"Barrett, Nick"
2026,2,"12305",4,"Jarrett, Grady"
2026,2,"14153",4,"Allen, Zach"
2026,2,"15365",4,"Moehrig, Trevon"
2026,2,"17153",4,"Mukuba, Andrew"
2026,2,"17193",4,"Ingram-Dawkins, Tyrion"
2026,2,"16735",4,"Abrams-Draine, Kris"
2026,2,"16305",4,"Abdullah, Yasir"
2026,2,"13769",4,"Street, Kentavius"
2026,2,"17767",4,"Thompson Jr., James"
2026,2,"14894",4,"Jennings, Anfernee"
2026,2,"15140",4,"Lewis, Cam"
2026,2,"15881",4,"Jones, Jack"
2026,2,"11723",4,"Van Noy, Kyle"
2026,2,"11286",4,"Jenkins, John"
2026,2,"14155",4,"Collier, L.J."
2026,2,"17155",4,"Gillotte, Ashton"
2026,2,"17211",4,"Hancock, Jordan"
2026,2,"16227",4,"Harrison, Zach"
2026,2,"16018",4,"Blankenship, Reed"
2026,2,"16253",4,"Forbes, Emmanuel"
2026,2,"13987",4,"Spillane, Robert"
2026,2,"16940",3.9,"Whiteheart, Blake"
2026,2,"16262",3.7,"White, Keion"
2026,2,"15862",3.6,"Emerson, Martin"
2026,2,"14600",3.6,"Slye, Joey"
2026,2,"15895",3.6,"McCollum, Zyon"
2026,2,"13963",3.6,"Hodge, KhaDarel"
2026,2,"16629",3.6,"Wilson, Roman"
2026,2,"17629",3.5,"Boettcher, Bryce"
2026,2,"15345",3.5,"Paye, Kwity"
2026,2,"13629",3.5,"Ridley, Calvin"
2026,2,"16019",3.5,"Hansen, Jake"
2026,2,"17580",3.5,"Lawrence, Malachi"
2026,2,"16667",3.5,"Gray, Cedric"
2026,2,"17472",3.5,"Love, Jeremiyah"
2026,2,"15835",3.5,"Brisker, Jaquan"
2026,2,"16072",3.5,"Cochrane, Jack"
2026,2,"17680",3.5,"Spears-Jennings, Robert"
2026,2,"14225",3.5,"Crosby, Maxx"
2026,2,"15850",3.5,"Pitre, Jalen"
2026,2,"14518",3.5,"Thompson, Jalen"
2026,2,"17124",3.5,"Carter, Barrett"
2026,2,"13164",3.5,"Kupp, Cooper"
2026,2,"15860",3.5,"Cook, Bryan"
2026,2,"17132",3.5,"Starks, Malaki"
2026,2,"17561",3.4,"McCoy, Jermod"
2026,2,"17108",3.4,"Arroyo, Elijah"
2026,2,"13133",3.4,"Perine, Samaje"
2026,2,"17574",3.4,"Hood, Colton"
2026,2,"13189",3.4,"Engram, Evan"
2026,2,"15880",3.4,"Evans, Akayleb"
2026,2,"13431",3.4,"Sanchez, Rigoberto"
2026,2,"11936",3.4,"Boswell, Chris"
2026,2,"16080",3.3,"Shaheed, Rashid"
2026,2,"14209",3.3,"Oliver, Josh"
2026,2,"16351",3.3,"Evans, Ethan"
2026,2,"16898",3.3,"Yankoff, Colson"
2026,2,"15795",3.2,"Kolar, Charlie"
2026,2,"14252",3.2,"Jackson, Michael"
2026,2,"13281",3.2,"Douglas, Rasul"
2026,2,"17668",3.2,"Smack, Trey"
2026,2,"14434",3.2,"Reaves, Jeremy"
2026,2,"15129",3.2,"Dorsey, Khalil"
2026,2,"14168",3.1,"White, Devin"
2026,2,"15565",3.1,"Hoecht, Michael"
2026,2,"13289",3.1,"Hollins, Mack"
2026,2,"17081",3.1,"Egbuka, Emeka"
2026,2,"17511",3,"Fields, Malachi"
2026,2,"16657",3,"Dorlus, Brandon"
2026,2,"17672",3,"Gill-Howard, Skyler"
2026,2,"10783",3,"Smith, Harrison"
2026,2,"17167",3,"Sanker, Jonas"
2026,2,"14167",3,"Hines-Allen, Josh"
2026,2,"14908",3,"McKinney, Xavier"
2026,2,"15809",3,"Johnson, Jermaine"
2026,2,"15853",3,"Mafe, Boye"
2026,2,"17603",3,"Orange, Domonique"
2026,2,"15396",3,"Deablo, Divine"
2026,2,"14148",3,"Sweat, Montez"
2026,2,"14897",3,"Brown, Derrick"
2026,2,"14217",3,"Barton, Cody"
2026,2,"17695",3,"Hutchins, Quintayvious"
2026,2,"14147",3,"Bosa, Nick"
2026,2,"10292",3,"Jordan, Cameron"
2026,2,"13692",3,"Vea, Vita"
2026,2,"13630",3,"Sutton, Courtland"
2026,2,"17582",3,"Stukes, Treydan"
2026,2,"17165",3,"Caldwell, Jamaree"
2026,2,"15851",3,"Ebiketie, Arnold"
2026,2,"16460",3,"Hickman, Ronnie"
2026,2,"16520",3,"Durden, Cory"
2026,2,"17160",3,"Umanmielen, Princely"
2026,2,"14322",3,"Edwards, T.J."
2026,2,"16780",3,"Jean-Baptiste, Javontae"
2026,2,"13717",3,"Reid, Justin"
2026,2,"16870",3,"Speights, Omar"
2026,2,"17674",3,"Curry, Caden"
2026,2,"16678",3,"Vaki, Sione"
2026,2,"16786",3,"Drake-Rodriguez, Levi"
2026,2,"17575",3,"McNeil-Warren, Emmanuel"
2026,2,"16257",3,"Anudike-Uzomah, Felix"
2026,2,"16689",3,"Murphy, Byron"
2026,2,"16485",3,"Incoom, Thomas"
2026,2,"16516",3,"Wheat, Tyrus"
2026,2,"17126",3,"Stutsman, Danny"
2026,2,"17181",3,"Ransom, Lathan"
2026,2,"15861",3,"Bonitto, Nik"
2026,2,"14947",3,"Wonnum, D.J."
2026,2,"14880",3,"Kareem, Khalid"
2026,2,"16455",3,"Cox, Brenton"
2026,2,"14151",3,"Ferrell, Clelin"
2026,2,"13798",3,"Fatukasi, Foley"
2026,2,"15789",2.9,"Watson, Christian"
2026,2,"16269",2.9,"Strange, Brenton"
2026,2,"12842",2.9,"Dixon, Riley"
2026,2,"17510",2.8,"Burks, Deion"
2026,2,"17599",2.8,"Douglas, Caleb"
2026,2,"14227",2.8,"Wishnowsky, Mitch"
2026,2,"17478",2.8,"Allen, Kaytron"
2026,2,"12437",2.8,"Myers, Jason"
2026,2,"17512",2.8,"Williams, Antonio"
2026,2,"15301",2.8,"Atwell, Tutu"
2026,2,"14800",2.7,"Dobbins, J.K."
2026,2,"14083",2.7,"Homer, Travis"
2026,2,"12711",2.7,"Ramsey, Jalen"
2026,2,"16630",2.6,"Williams, Isaiah"
2026,2,"14669",2.6,"Nixon, Keisean"
2026,2,"16266",2.5,"Tuipulotu, Tuli"
2026,2,"16662",2.5,"Jenkins, Kris"
2026,2,"16376",2.5,"Johnson, Desjuan"
2026,2,"16647",2.5,"Spann-Ford, Brevyn"
2026,2,"17666",2.5,"van den Berg, Jordan"
2026,2,"17765",2.5,"Campbell, Anthony"
2026,2,"16102",2.5,"Pola-Mao, Isaiah"
2026,2,"17239",2.5,"Mickens, R.J."
2026,2,"14892",2.5,"Brooks, Jordyn"
2026,2,"17204",2.5,"Roberts, Elijah"
2026,2,"13332",2.5,"Jones, D.J."
2026,2,"15892",2.5,"Booker, Thomas"
2026,2,"16713",2.5,"Carter, DeWayne"
2026,2,"16457",2.5,"Izien, Christian"
2026,2,"14143",2.5,"Knox, Dawson"
2026,2,"15817",2.5,"Davis, Jordan"
2026,2,"15877",2.5,"Uwazurike, Eyioma"
2026,2,"11793",2.5,"Jones, DaQuan"
2026,2,"14815",2.5,"Dallas, DeeJay"
2026,2,"15762",2.5,"Pickens, George"
2026,2,"17552",2.5,"Howell, Cashius"
2026,2,"13682",2.5,"Key, Arden"
2026,2,"13782",2.5,"Dickson, Michael"
2026,2,"16384",2.5,"Bagent, Tyson"
2026,2,"11872",2.5,"Harris, Shelby"
2026,2,"12234",2.5,"Dupree, Bud"
2026,2,"16271",2.5,"Brown, Sydney"
2026,2,"12754",2.5,"Collins, Maliek"
2026,2,"13832",2.5,"Sanders, Jason"
2026,2,"16846",2.4,"Bates, Jake"
2026,2,"17785",2.4,"Shelley, Rodney"
2026,2,"12860",2.4,"Fairbairn, Ka'imi"
2026,2,"14919",2.4,"Igbinoghene, Noah"
2026,2,"17497",2.4,"Tate, Carnell"
2026,2,"16954",2.4,"Wallace, Josh"
2026,2,"17507",2.3,"Branch, Zachariah"
2026,2,"17499",2.3,"Lemon, Makai"
2026,2,"16370",2.2,"Jones, Nic"
2026,2,"15499",2.2,"Gillikin, Blake"
2026,2,"16261",2.2,"Brents, Julius"
2026,2,"16387",2.2,"Brooks, Chris"
2026,2,"16736",2.2,"Brownlee, Jarvis"
2026,2,"17143",2.2,"Thomas, Azareye'h"
2026,2,"13920",2.2,"Ward, Charvarius"
2026,2,"15868",2.2,"Jones, Marcus"
2026,2,"17222",2.2,"Loop, Tyler"
2026,2,"13678",2.2,"Thomas, Ian"
2026,2,"16702",2.2,"Green, Renardo"
2026,2,"16366",2.2,"Ivey, DJ"
2026,2,"15768",2.2,"Pierce, Alec"
2026,2,"17109",2.1,"Evans, Mitchell"
2026,2,"16778",2.1,"Flournoy, Ryan"
2026,2,"17051",2.1,"Judkins, Quinshon"
2026,2,"16328",2,"Barnes, Zaire"
2026,2,"17554",2,"Parker, T.J."
2026,2,"14672",2,"Reeder, Troy"
2026,2,"16869",2,"Richter, Bo"
2026,2,"16923",2,"Tillman, Dondrea"
2026,2,"17503",2,"Bernard, Germie"
2026,2,"16912",2,"McCollough, Jaylen"
2026,2,"15595",2,"Campbell, Elijah"
2026,2,"17201",2,"James, Shemar"
2026,2,"17415",2,"Kaho, Ale"
2026,2,"17746",2,"Bailey, Wesley"
2026,2,"16618",2,"Thomas Jr., Brian"
2026,2,"17449",2,"Woodard, Jackson"
2026,2,"17778",2,"O'Neill, Eric"
2026,2,"14926",2,"Gay, Willie"
2026,2,"17076",2,"Bond, Isaiah"
2026,2,"14154",2,"Nelson, Anthony"
2026,2,"16058",2,"Herring, Malik"
2026,2,"13767",2,"Maddox, Avonte"
2026,2,"17630",2,"Overton, LT"
2026,2,"17016",2,"Jones, Truman"
2026,2,"15676",2,"Anderson, Zayne"
2026,2,"16664",2,"Trotter Jr., Jeremiah"
2026,2,"12677",2,"Hooper, Austin"
2026,2,"16883",2,"Johnson, Kameron"
2026,2,"17628",2,"Daniels, Kendal"
2026,2,"16666",2,"Eichenberg, Tommy"
2026,2,"16729",2,"Still, Tarheeb"
2026,2,"15194",2,"Christiansen, Cole"
2026,2,"12772",2,"Murray, Eric"
2026,2,"17753",2,"Thomas, Jacob"
2026,2,"17150",2,"Oladejo, Oluwafemi"
2026,2,"16749",2,"Solomon, Javon"
2026,2,"15797",1.9,"Dulcich, Greg"
2026,2,"15946",1.8,"Thomas II, Rodney"
2026,2,"16601",1.8,"Shipley, Will"
2026,2,"15757",1.8,"Robinson, Wan'Dale"
2026,2,"17157",1.7,"TeSlaa, Isaac"
2026,2,"16610",1.7,"Wright, Jaylen"
2026,2,"17105",1.6,"Helm, Gunnar"
2026,2,"12155",1.6,"Abdullah, Ameer"
2026,2,"13268",1.6,"Anzalone, Alex"
2026,2,"14086",1.6,"Hill, Justice"
2026,2,"15857",1.5,"Williams, Sam"
2026,2,"17389",1.5,"Okoye, CJ"
2026,2,"14270",1.5,"Epps, Marcus"
2026,2,"12758",1.5,"Bullard, Jonathan"
2026,2,"16383",1.5,"Pace, Ivan"
2026,2,"17485",1.5,"Black, Kaelon"
2026,2,"17223",1.5,"Reed, Jaylen"
2026,2,"15391",1.5,"Williams, Milton"
2026,2,"17665",1.5,"Obiazor, Namdi"
2026,2,"16294",1.5,"Wooden, Colby"
2026,2,"15898",1.5,"Ogbonnia, Otito"
2026,2,"16894",1.5,"McGregor, Braiden"
2026,2,"16367",1.5,"Willis, Brayden"
2026,2,"13839",1.5,"Sieler, Zach"
2026,2,"17602",1.5,"Regis, Albert"
2026,2,"17158",1.5,"Broughton, Vernon"
2026,2,"15469",1.5,"Hamlin, Damar"
2026,2,"13719",1.5,"Pineiro, Eddy"
2026,2,"16280",1.5,"Henley, Daiyan"
2026,2,"17410",1.5,"Combs, Branson"
2026,2,"14921",1.5,"Dugger, Kyle"
2026,2,"14978",1.5,"Danna, Michael"
2026,2,"17636",1.5,"Dugger, Jaden"
2026,2,"15975",1.5,"Sanborn, Jack"
2026,2,"9051",1.5,"Campbell, Calais"
2026,2,"17149",1.5,"Tuimoloau, JT"
2026,2,"17601",1.5,"Haulcy, A.J."
2026,2,"15819",1.5,"Wyatt, Devonte"
2026,2,"17202",1.5,"Trader, Dante"
2026,2,"13317",1.5,"Godchaux, Davon"
2026,2,"16263",1.5,"Martin, Quan"
2026,2,"13448",1.5,"Butler, Adam"
2026,2,"17229",1.5,"Lane, Rayuan"
2026,2,"14237",1.5,"Gaines, Greg"
2026,2,"17055",1.5,"James, Jordan"
2026,2,"16324",1.5,"Brooks, Karl"
2026,2,"17597",1.5,"Height, Romello"
2026,2,"17032",1.5,"Dart, Jaxson"
2026,2,"12361",1.5,"Nunez-Roches, Rakeem"
2026,2,"17583",1.5,"Thomas, R Mason"
2026,2,"15899",1.5,"Jackson, D'Marco"
2026,2,"16608",1.5,"Holani, George"
2026,2,"14934",1.5,"Elliott, Jordan"
2026,2,"17196",1.5,"Phillips, Jordan"
2026,2,"17557",1.5,"Styles, Sonny"
2026,2,"15256",1.5,"Williams, Javonte"
2026,2,"14105",1.4,"Brown, Marquise"
2026,2,"16219",1.4,"Allen, Davis"
2026,2,"17070",1.4,"Burden, Luther"
2026,2,"17501",1.4,"Concepcion, KC"
2026,2,"17543",1.4,"Sadiq, Kenyon"
2026,2,"17726",1.3,"Stevens, Drew"
2026,2,"12752",1.3,"Byard, Kevin"
2026,2,"15712",1.3,"Allgeier, Tyler"
2026,2,"17168",1.2,"Smith, Jaylin"
2026,2,"13270",1.2,"Moreau, Fabian"
2026,2,"17649",1.2,"Prunty, Karon"
2026,2,"17572",1.2,"Terrell, Avieon"
2026,2,"17573",1.2,"Johnson, Chris"
2026,2,"17751",1.2,"Smith, Avery"
2026,2,"15989",1.2,"Jobe, Josh"
2026,2,"16391",1.2,"Luepke, Hunter"
2026,2,"14918",1.2,"Terrell, A.J."
2026,2,"17427",1.2,"Taylor, Reese"
2026,2,"16703",1.2,"Phillips, Andru"
2026,2,"17609",1.2,"Neal, Julian"
2026,2,"17141",1.2,"Hairston, Maxwell"
2026,2,"16325",1.1,"Clark, Kei'Trel"
2026,2,"17567",1.1,"Delp, Oscar"
2026,2,"16212",1.1,"Mayer, Michael"
2026,2,"16757",1,"Vidal, Kimani"
2026,2,"15823",1,"Harris, Christian"
2026,2,"11945",1,"Santos, Cairo"
2026,2,"14414",1,"Owens, Jonathan"
2026,2,"17689",1,"Doman, Tommy"
2026,2,"17074",1,"Hunter, Travis"
2026,2,"17118",1,"Stewart, Josaiah"
2026,2,"14420",1,"Ingold, Alec"
2026,2,"14495",1,"Gifford, Luke"
2026,2,"16850",1,"Saylors, Jacob"
2026,2,"15956",1,"Hicks, Elijah"
2026,2,"17365",1,"McMillon, Donovan"
2026,2,"14911",1,"Davis, Ashtyn"
2026,2,"16254",1,"Kancey, Calijah"
2026,2,"13325",1,"Woods, Xavier"
2026,2,"13750",1,"Burks, Oren"
2026,2,"15965",1,"Chestnut, Julius"
2026,2,"14200",1,"Tavai, Jahlani"
2026,2,"17175",1,"Smith, Arian"
2026,2,"17350",1,"Huntington, Adin"
2026,2,"16138",1,"Olubi, Segun"
2026,2,"17134",1,"Williams, Kyle"
2026,2,"15916",1,"Ogletree, Drew"
2026,2,"14319",1,"Beck, Andrew"
2026,2,"17614",1,"Canady, Jadon"
2026,2,"17355",1,"Chambliss, Chaz"
2026,2,"16264",1,"Benton, Keeanu"
2026,2,"16774",1,"Watson, Nathaniel"
2026,2,"15510",1,"Washington, Ar'Darius"
2026,2,"15244",1,"Franks, Feleipe"
2026,2,"14942",1,"Burgess, Terrell"
2026,2,"17144",1,"Emmanwori, Nick"
2026,2,"17692",1,"Fisher, Aiden"
2026,2,"10267",1,"Miller, Von"
2026,2,"17768",1,"Burke, Ethan"
2026,2,"17286",1,"Higgins, Jay"
2026,2,"15413",1,"Rumph, Chris"
2026,2,"16926",1,"Reid, Winston"
2026,2,"17598",1,"Davis, Tacario"
2026,2,"17178",1,"Simon, Cody"
2026,2,"17553",1,"Faulk, Keldric"
2026,2,"17771",1,"Thomas, Skyler"
2026,2,"17376",1,"Knowles, Kevin"
2026,2,"14962",1,"Gipson, Trevis"
2026,2,"14260",1,"Holcomb, Cole"
2026,2,"17776",1,"Chambers, Tahj"
2026,2,"17623",1,"Elarms-Orr, Kaleb"
2026,2,"17397",1,"Striggow, Danny"
2026,2,"14224",1,"Gardner-Johnson, Chauncey"
2026,2,"14164",1,"Jones, Dre'Mont"
2026,2,"13604",1,"Barkley, Saquon"
2026,2,"17343",1,"Jules, PJ"
2026,2,"17140",1,"Mondon, Smael"
2026,2,"16949",1,"Tremayne, Brycen"
2026,2,"15094",1,"Locke, P.J."
2026,2,"16759",1,"Muasau, Darius"
2026,2,"13704",1,"Nwosu, Uchenna"
2026,2,"16710",1,"Hopper, Ty'Ron"
2026,2,"16515",1,"Finley, AJ"
2026,2,"17398",1,"Jackson, Keondre"
2026,2,"17787",1,"Anderson, Liam"
2026,2,"16207",0.9,"Iosivas, Andrei"
2026,2,"15650",0.9,"Prentice, Adam"
2026,2,"15341",0.9,"Morris, Quintin"
2026,2,"17520",0.9,"Hurst, Ted"
2026,2,"15765",0.9,"Austin, Kevin"
2026,2,"16201",0.9,"Hutchinson, Xavier"
2026,2,"17542",0.9,"Young, Colbie"
2026,2,"17492",0.9,"Donaldson, CJ"
2026,2,"14071",0.8,"Montgomery, David"
2026,2,"16292",0.8,"Ryland, Chad"
2026,2,"17605",0.8,"Kacmarek, Will"
2026,2,"16186",0.7,"Addison, Jordan"
2026,2,"14109",0.7,"McLaurin, Terry"
2026,2,"17062",0.7,"Sanders, Raheim"
2026,2,"15405",0.7,"Stephens, Brandon"
2026,2,"16644",0.7,"Sinnott, Ben"
2026,2,"15798",0.6,"Likely, Isaiah"
2026,2,"17220",0.6,"Borregales, Andres"
2026,2,"15492",0.6,"Tonga, Khyiris"
2026,2,"16174",0.6,"Rodriguez, Chris"
2026,2,"17419",0.5,"Latu, Keleki"
2026,2,"16776",0.5,"Hadden, Kamal"
2026,2,"16224",0.5,"Murphy, Myles"
2026,2,"17707",0.5,"Sturdivant, J Michael"
2026,2,"17766",0.5,"Hunter, Erick"
2026,2,"14737",0.5,"Giles-Harris, Joe"
2026,2,"16747",0.5,"Tracy, Tyrone"
2026,2,"10814",0.5,"Anger, Bryan"
2026,2,"16304",0.5,"Ward, Jay"
2026,2,"15914",0.5,"Rodriguez, Malcolm"
2026,2,"17053",0.5,"Marks, Woody"
2026,2,"15473",0.5,"McDuffie, Isaiah"
2026,2,"16816",0.5,"Brooks, British"
2026,2,"17319",0.5,"Clark, Alijah"
2026,2,"13690",0.5,"Sweat, Josh"
2026,2,"15903",0.5,"Anderson, Tycen"
2026,2,"17408",0.5,"Turner, Jordan"
2026,2,"15456",0.5,"Niemann, Nick"
2026,2,"16746",0.5,"Ali, Rasheen"
2026,2,"15334",0.5,"Long, Hunter"
2026,2,"16340",0.5,"Hallett, Erick"
2026,2,"16725",0.5,"Mustapha, Malik"
2026,2,"16314",0.5,"Dennis, SirVocea"
2026,2,"16217",0.5,"Latu, Cameron"
2026,2,"15527",0.5,"Key, Devon"
2026,2,"15771",0.5,"Martin, Tay"
2026,2,"14379",0.5,"Woods, Josh"
2026,2,"15255",0.5,"Gainwell, Kenneth"
2026,2,"17186",0.5,"Moore, Malachi"
2026,2,"15443",0.5,"Wallow, Garret"
2026,2,"16989",0.5,"Wood, Julius"
2026,2,"17558",0.5,"Allen, CJ"
2026,2,"17571",0.5,"Golday, Jake"
2026,2,"17203",0.5,"Bassa, Jeffrey"
2026,2,"11985",0.4,"Way, Tress"
2026,2,"17241",0.4,"Crawshaw, Jeremy"
2026,2,"17352",0.4,"Kroeger, Kai"
2026,2,"16342",0.3,"Douglas, Demario"
2026,2,"16184",0.3,"Reed, Jayden"
2026,2,"17232",0.3,"Wester, LaJohntay"
2026,2,"15103",0.3,"Gilliam, Reggie"
2026,2,"16604",0.2,"Lloyd, MarShawn"
2026,2,"15800",0.2,"Heyward, Connor"
2026,2,"15259",0.2,"Stevenson, Rhamondre"
2026,2,"13418",0.2,"Bourne, Kendrick"
2026,2,"16385",0.1,"Demercado, Emari"
2026,2,"16880",0,"Owens, Tyler"
2026,2,"17247",0,"Bruener, Carson"
2026,2,"15076",0,"Rozeboom, Christian"
2026,2,"16492",0,"Cherelus, Claudin"
2026,2,"14879",0,"Epenesa, A.J."
2026,2,"17456",0,"Neal, Elias"
2026,2,"13672",0,"Gesicki, Mike"
2026,2,"16237",0,"Pappoe, Owen"
2026,2,"17660",0,"Sharp, Bauer"
2026,2,"15726",0,"Rivers, Ronnie"
2026,2,"16770",0,"Boyd, Khristian"
2026,2,"14503",0,"Kennedy, Tom"
2026,2,"15620",0,"Myarick, Chris"
2026,2,"16628",0,"McMillan, Jalen"
2026,2,"17414",0,"Kallerup, Nick"
2026,2,"16771",0,"Crumedy, Jaden"
2026,2,"16797",0,"Harris, Marcus"
2026,2,"16527",0,"VanSumeren, Ben"
2026,2,"13455",0,"Ricard, Patrick"
2026,2,"13638",0,"Berrios, Braxton"
2026,2,"16375",0,"Williamson, Kendall"
2026,2,"17209",0,"Black, Yahya"
2026,2,"15796",0,"Ruckert, Jeremy"
2026,2,"12776",0,"Killebrew, Miles"
2026,2,"16014",0,"Adams, Tony"
2026,2,"17633",0,"Josephs, Joshua"
2026,2,"13965",0,"Tupou, Josh"
2026,2,"16422",0,"Remigio, Nikko"
2026,2,"16299",0,"Davis, Derius"
2026,2,"12988",0,"Jones, Jonathan"
2026,2,"17106",0,"Taylor, Mason"
2026,2,"16312",0,"Whyle, Josh"
2026,2,"17287",0,"Ivey, Jared"
2026,2,"17354",0,"Wax, Marlowe"
2026,2,"16336",0,"Braswell, Christian"
2026,2,"15759",0,"Metchie, John"
2026,2,"17641",0,"Bredeson, Max"
2026,2,"15464",0,"Echols, Brandin"
2026,2,"17521",0,"Thomas, Zavion"
2026,2,"17545",0,"Endries, Jack"
2026,2,"17098",0,"Horton, Tory"
2026,2,"15481",0,"Johnson, Patrick"
2026,2,"16613",0,"Laube, Dylan"
2026,2,"13193",0,"Smith, Jonnu"
2026,2,"17236",0,"Peebles, Aeneas"
2026,2,"16900",0,"Pettus, Dell"
2026,2,"16642",0,"Stover, Cade"
2026,2,"13685",0,"Okoronkwo, Ogbonnia"
2026,2,"15806",0,"Thibodeaux, Kayvon"
2026,2,"16352",0,"Hellams, DeMarcco"
2026,2,"16291",0,"Adebawore, Adetomiwa"
2026,2,"17231",0,"Bartholomew, Gavin"
2026,2,"15303",0,"Fehoko, Simi"
2026,2,"16767",0,"Davis, Tyler"
2026,2,"12782",0,"Onyemata, David"
2026,2,"14012",0,"Ford, Mike"
2026,2,"17696",0,"Ryan, Carsen"
2026,2,"17651",0,"Cuevas, Josh"
2026,2,"16636",0,"Corley, Malachi"
2026,2,"15344",0,"Bates, John"
2026,2,"14887",0,"Simmons, Isaiah"
2026,2,"17213",0,"Hawes, Jackson"
2026,2,"17058",0,"Brooks, Tahj"
2026,2,"16054",0,"Blackwell, Josh"
2026,2,"17564",0,"Ramsey, Kamari"
2026,2,"17685",0,"Heidenreich, Eli"
2026,2,"15874",0,"Butler, Percy"
2026,2,"17645",0,"Elliott, Keyshaun"
2026,2,"17170",0,"Jones, Sai'vion"
2026,2,"16166",0,"Tucker, Sean"
2026,2,"15907",0,"Robinson, Dominique"
2026,2,"16443",0,"O'Connell, Patrick"
2026,2,"15929",0,"Kieft, Ko"
2026,2,"16226",0,"Wilson, Tyree"
2026,2,"17097",0,"Felton, Tai"
2026,2,"16722",0,"Knight, Tyrice"
2026,2,"17541",0,"Brown, Barion"
2026,2,"14847",0,"Duvernay, Devin"
2026,2,"17268",0,"Briningstool, Jake"
2026,2,"17621",0,"Woodaz, Wade"
2026,2,"17128",0,"Barron, Jahdae"
2026,2,"14870",0,"Trautman, Adam"
2026,2,"15772",0,"Covey, Britain"
2026,2,"16674",0,"King, Kalen"
2026,2,"17326",0,"Reed, Nikko"
2026,2,"17591",0,"Boerkircher, Nate"
2026,2,"15329",0,"Pitts, Kyle"
2026,2,"17171",0,"Dike, Chimere"
2026,2,"17197",0,"McWilliams, Mac"
2026,2,"16273",0,"Young, Byron"
2026,2,"14871",0,"Parkinson, Colby"
2026,2,"17620",0,"Wetjen, Kaden"
2026,2,"16872",0,"Andreessen, Joe"
2026,2,"13263",0,"Awuzie, Chidobe"
2026,2,"16705",0,"Bullock, Calen"
2026,2,"15937",0,"Muse, Nick"
2026,2,"16717",0,"Taylor-Demerson, Dadrion"
2026,2,"17176",0,"Robinson, Ty"
2026,2,"17655",0,"Traore, Seydou"
2026,2,"17550",0,"Bain Jr., Rueben"
2026,2,"17755",0,"Nwankpa, Xavier"
2026,2,"15432",0,"Carter, Michael"
2026,2,"16221",0,"Schoonmaker, Luke"
2026,2,"17780",0,"Price, Jayden"
2026,2,"16322",0,"Beal, Robert"
2026,2,"16750",0,"Oladapo, Kitan"
2026,2,"17049",0,"Smith, Brashard"
2026,2,"14108",0,"Dortch, Greg"
2026,2,"16242",0,"Ringo, Kelee"
2026,2,"13246",0,"Alie-Cox, Mo"
2026,2,"17199",0,"Hamilton, Ty"
2026,2,"17225",0,"McLeod, Jalen"
2026,2,"16919",0,"Jenkins, E.J."
2026,2,"16356",0,"Valentine, Carrington"
2026,2,"17010",0,"Bozeman, Swayze"
2026,2,"12678",0,"Higbee, Tyler"
2026,2,"15840",0,"Woods, Jelani"
2026,2,"13330",0,"Muhammad, Al-Quadin"
2026,2,"12955",0,"Manhertz, Chris"
2026,2,"16218",0,"Durham, Payne"
2026,2,"13811",0,"Smith, Tremon"
2026,2,"16252",0,"McDonald, Will"
2026,2,"15943",0,"Hardy, Daniel"
2026,2,"17116",0,"Sawyer, Jack"
2026,2,"17476",0,"Singleton, Nicholas"
2026,2,"12217",0,"Fowler, Dante"
2026,2,"16640",0,"Cowing, Jacob"
2026,2,"16175",0,"Johnson, Roschon"
2026,2,"16732",0,"Gould, Anthony"
2026,2,"16691",0,"Orhorhoro, Ruke"
2026,2,"17536",0,"Bell, Dillon"
2026,2,"16345",0,"Speed, Ameer"
2026,2,"17518",0,"Allen, Cyrus"
2026,2,"12325",0,"Burton, Michael"
2026,2,"15878",0,"Clemons, Micheal"
2026,2,"17166",0,"Ransaw, Caleb"
2026,2,"17530",0,"Bond, Lewis"
2026,2,"17774",0,"Welch, Treyton"
2026,2,"17379",0,"Mascarenas-Arnold, Easton"
2026,2,"15401",0,"Wright, Nahshon"
2026,2,"16745",0,"Simpson, Jaylin"
2026,2,"13427",0,"Tonyan, Robert"
2026,2,"16364",0,"Brooks, Jalen"
2026,2,"16197",0,"Mingo, Jonathan"
2026,2,"17368",0,"Martin, Keyon"
2026,2,"16496",0,"Russell, Brady"
2026,2,"16063",0,"McCrary-Ball, Marcelino"
2026,2,"16315",0,"Luter, Darrell"
2026,2,"17323",0,"Barron, Justin"
2026,2,"15382",0,"Onwuzurike, Levi"
2026,2,"17683",0,"Kuwatch, Jackson"
2026,2,"17362",0,"Reid, Karene"
2026,2,"17527",0,"Cameron, Josh"
2026,2,"11679",0,"Beckham, Odell"
2026,2,"16907",0,"Roland-Wallace, Chris"
2026,2,"14120",0,"Jennings, Gary"
2026,2,"17688",0,"Llewellyn, Max"
2026,2,"17430",0,"Clark, Jordan"
2026,2,"17224",0,"Smith, Tim"
2026,2,"17587",0,"Moore, Derrick"
2026,2,"16661",0,"Hall Jr., Michael"
2026,2,"14442",0,"Kuntz, Christian"
2026,2,"15363",0,"Melifonwu, Ifeatu"
2026,2,"12608",0,"Winchester, James"
2026,2,"17662",0,"Kelly, Jack"
2026,2,"15498",0,"Stuard, Grant"
2026,2,"17383",0,"Jones, Carl"
2026,2,"16599",0,"Gore Jr., Frank"
2026,2,"17593",0,"Klein, Marlin"
2026,2,"16694",0,"Fiske, Braden"
2026,2,"17233",0,"Medrano, Kain"
2026,2,"13927",0,"Dickerson, Matt"
2026,2,"14891",0,"Harrison, Malik"
2026,2,"16293",0,"Phillips, Clark"
2026,2,"16311",0,"Howden, Jordan"
2026,2,"16831",0,"Martin-Robinson, David"
2026,2,"17570",0,"Hunter, Lee"
2026,2,"17547",0,"Klare, Max"
2026,2,"17265",0,"Dolac, Shaun"
2026,2,"16603",0,"Davis, Ray"
2026,2,"14254",0,"Omenihu, Charles"
2026,2,"17627",0,"Hibner, Matthew"
2026,2,"14675",0,"Tuttle, Shy"
2026,2,"15285",0,"Wallace, Tylan"
2026,2,"17648",0,"Nowakowski, Riley"
2026,2,"17528",0,"Coleman, Kevin"
2026,2,"17208",0,"Mauigoa, Francisco"
2026,2,"17244",0,"Lindenberg, Cody"
2026,2,"17604",0,"Everette, Daylen"
2026,2,"16486",0,"Pili, Brandon"
2026,2,"17643",0,"Demmings, Charles"
2026,2,"17353",0,"Walker, Jahdae"
2026,2,"13675",0,"Conklin, Tyler"
2026,2,"13939",0,"Odum, George"
2026,2,"16529",0,"Leota, Eku"
2026,2,"17334",0,"Meeks, Jackson"
2026,2,"14146",0,"Sample, Drew"
2026,2,"15049",0,"Bachie, Joe"
2026,2,"15942",0,"Ford, Jonathan"
2026,2,"17117",-0.1,"Jackson, Landon"
2026,2,"16216",-0.1,"Washington, Darnell"
2026,2,"17481",-0.1,"Claiborne, Demond"
2026,2,"16579",-0.1,"Williams, Caleb"
2026,2,"15491",-0.1,"Skowronek, Ben"
2026,2,"17059",-0.1,"Gordon II, Ollie"
2026,2,"15786",-0.2,"Nailor, Jalen"
2026,2,"15755",-0.3,"Dotson, Jahan"
2026,2,"17082",-0.3,"Bryant, Pat"
2026,2,"15981",-0.3,"Turpin, KaVontae"
2026,2,"17519",-0.4,"Lance, Bryce"
2026,2,"16680",-0.4,"Little, Cam"
2026,2,"14984",-0.5,"Woerner, Charlie"
2026,2,"17473",-0.5,"Price, Jadarian"
2026,2,"16302",-0.5,"Lacy, Tyler"
2026,2,"14983",-0.5,"Bass, Tyler"
2026,2,"16010",-0.6,"Wright, Ryan"
2026,2,"13192",-0.7,"Njoku, David"
2026,2,"13635",-0.7,"Moore, D.J."
2026,2,"16247",-0.7,"Skinner, JL"
2026,2,"14080",-0.7,"Singletary, Devin"
2026,2,"16597",-0.8,"Brooks, Jonathon"
2026,2,"15254",-0.8,"Harris, Najee"
2026,2,"13595",-0.9,"Rudolph, Mason"
2026,2,"16390",-0.9,"McLaughlin, Jaleel"
2026,2,"17011",-0.9,"Wayne, Jared"
2026,2,"17360",-1,"Price, Myles"
2026,2,"14867",-1,"Kmet, Cole"
2026,2,"14118",-1,"Humphrey, Lil'Jordan"
2026,2,"15785",-1,"Melton, Bo"
2026,2,"16428",-1,"Smith, Xavier"
2026,2,"17274",-1,"Kiner, Corey"
2026,2,"15337",-1,"Gray, Noah"
2026,2,"14833",-1,"Jeudy, Jerry"
2026,2,"17752",-1,"Meyers, Dohnte"
2026,2,"16614",-1,"Harrison Jr., Marvin"
2026,2,"17706",-1,"Benson, Malik"
2026,2,"17475",-1,"McGowan, Seth"
2026,2,"17061",-1,"Allen, LeQuint"
2026,2,"15873",-1,"Bellinger, Daniel"
2026,2,"17506",-1,"Bell, Chris"
2026,2,"16645",-1,"All, Erick"
2026,2,"13676",-1,"Smythe, Durham"
2026,2,"15752",-1,"Burks, Treylon"
2026,2,"14805",-1.1,"Dillon, AJ"
2026,2,"17482",-1.1,"Washington Jr., Mike"
2026,2,"17254",-1.1,"Mumpfield, Konata"
2026,2,"14102",-1.1,"Metcalf, DK"
2026,2,"15849",-1.2,"McCreary, Roger"
2026,2,"16499",-1.3,"Blair, Chris"
2026,2,"15692",-1.3,"Pickett, Kenny"
2026,2,"16728",-1.4,"Pritchett, Nehemiah"
2026,2,"17042",-1.4,"Jeanty, Ashton"
2026,2,"15241",-1.4,"Jones, Mac"
2026,2,"15148",-1.5,"Franklin, Sam"
2026,2,"16752",-1.5,"Davis, Isaiah"
2026,2,"17667",-1.5,"Perkins, Harold"
2026,2,"16222",-1.5,"Kraft, Tucker"
2026,2,"14137",-1.5,"Fant, Noah"
2026,2,"15335",-1.5,"Farrell, Luke"
2026,2,"16761",-1.5,"Hill, Jamal"
2026,2,"17664",-1.6,"Eckley, Ryan"
2026,2,"17269",-1.6,"Chism, Efton"
2026,2,"17214",-1.7,"Burke, Denzel"
2026,2,"13674",-1.7,"Goedert, Dallas"
2026,2,"16188",-1.7,"Johnston, Quentin"
2026,2,"17104",-1.9,"Loveland, Colston"
2026,2,"16206",-1.9,"Wilson, Michael"
2026,2,"14592",-1.9,"Zaccheaus, Olamide"
2026,2,"13785",-2,"Neal, Siran"
2026,2,"17045",-2,"Skattebo, Cam"
2026,2,"17048",-2.1,"Johnson, Kaleb"
2026,2,"17549",-2.2,"Roush, Sam"
2026,2,"12323",-2.4,"Pinion, Bradley"
2026,2,"13315",-2.5,"Saubert, Eric"
2026,2,"8851",-2.6,"Folk, Nick"
2026,2,"13940",-2.9,"Mundt, Johnny"
2026,2,"15622",-3,"Robinson, Curtis"
2026,2,"17658",-3,"Sharar, Karson"
2026,2,"13132",-3.1,"Kamara, Alvin"
2026,2,"17423",-3.2,"Ingle, Tanner"
2026,2,"17600",-3.3,"McClellan, Chris"
2026,2,"16615",-3.3,"Nabers, Malik"
2026,2,"11222",-3.5,"Allen, Keenan"
2026,2,"15369",-4.1,"Patterson, Riley"
2026,2,"16843",-4.3,"Mevis, Harrison"
2026,2,"17784",-4.4,"Herman, DJ"
2026,2,"16649",-4.5,"Johnson, Theo"
2026,2,"12773",-4.8,"Moore, Chris"
2026,2,"15292",-5.3,"Brown, Dyami"
2026,2,"17529",-5.4,"Thompson, Brenen"
2026,2,"15979",-5.4,"Dicker, Cameron"
2026,2,"15332",-5.5,"Tremble, Tommy"
2026,2,"12616",-7.4,"Brissett, Jacoby"
2026,2,"12140",-7.8,"Winston, Jameis"
2026,2,"14779",-9,"Herbert, Justin"
2026,2,"13124",-13.9,"Rush, Cooper"
2026,2,"7836",-17.2,"Rodgers, Aaron"
2026,2,"17743",-21,"Strand, Jack"
2026,3,"15698",69.2,"Purdy, Brock"
2026,3,"15452",51.4,"Hufanga, Talanoa"
2026,3,"11150",47.8,"Smith, Geno"
2026,3,"13593",46.7,"Jackson, Lamar"
2026,3,"10948",46.1,"Keenum, Case"
2026,3,"14777",44.9,"Burrow, Joe"
2026,3,"13592",43.3,"Darnold, Sam"
2026,3,"12611",42.7,"Goff, Jared"
2026,3,"12620",41.2,"Prescott, Dak"
2026,3,"16161",41.1,"Robinson, Bijan"
2026,3,"12616",40.7,"Brissett, Jacoby"
2026,3,"13116",39.4,"Mahomes, Patrick"
2026,3,"7836",38.6,"Rodgers, Aaron"
2026,3,"15751",36.8,"London, Drake"
2026,3,"16162",35.8,"Gibbs, Jahmyr"
2026,3,"10700",33.5,"Cousins, Kirk"
2026,3,"16583",33.3,"Penix Jr., Michael"
2026,3,"16223",29.5,"Anderson, Will"
2026,3,"16185",29.1,"Smith-Njigba, Jaxon"
2026,3,"17233",29,"Medrano, Kain"
2026,3,"12141",28.9,"Mariota, Marcus"
2026,3,"14957",28.8,"Robertson, Amik"
2026,3,"17039",28.3,"Shough, Tyler"
2026,3,"17626",27.7,"Smith, Genesis"
2026,3,"15742",27.7,"Warren, Jaylen"
2026,3,"15237",27.1,"Lawrence, Trevor"
2026,3,"14163",26.4,"Simmons, Jeffery"
2026,3,"15868",26.4,"Jones, Marcus"
2026,3,"17557",25.9,"Styles, Sonny"
2026,3,"17121",25.7,"Graham, Mason"
2026,3,"17586",24.7,"Rodriguez, Jacob"
2026,3,"14224",24.5,"Gardner-Johnson, Chauncey"
2026,3,"15710",24.1,"Williams, Kyren"
2026,3,"16896",23.9,"Shrader, Spencer"
2026,3,"16582",23.7,"Nix, Bo"
2026,3,"14930",23.6,"Hamilton, Davon"
2026,3,"14832",23.4,"Lamb, CeeDee"
2026,3,"17082",23.2,"Bryant, Pat"
2026,3,"16280",23,"Henley, Daiyan"
2026,3,"16018",23,"Blankenship, Reed"
2026,3,"15346",22.8,"Rousseau, Gregory"
2026,3,"16681",22.8,"Reichard, Will"
2026,3,"15821",22.5,"Dean, Nakobe"
2026,3,"17543",22.5,"Sadiq, Kenyon"
2026,3,"14136",22.3,"Samuel, Deebo"
2026,3,"14782",22.2,"Love, Jordan"
2026,3,"16954",22.2,"Wallace, Josh"
2026,3,"16641",21.7,"Bowers, Brock"
2026,3,"14905",21.6,"Henderson, CJ"
2026,3,"14322",21.5,"Edwards, T.J."
2026,3,"13113",21.4,"Watson, Deshaun"
2026,3,"13299",20.9,"Kittle, George"
2026,3,"14159",20.8,"Lawrence, Dexter"
2026,3,"12221",20.7,"Hunter, Danielle"
2026,3,"15753",20.4,"Wilson, Garrett"
2026,3,"14779",20.3,"Herbert, Justin"
2026,3,"13130",20.2,"McCaffrey, Christian"
2026,3,"16690",20.2,"Mitchell, Quinyon"
2026,3,"16714",20.1,"Jones, Jarrian"
2026,3,"17653",20.1,"Masses, Hezekiah"
2026,3,"14835",20,"Higgins, Tee"
2026,3,"15395",20,"Koonce, Malcolm"
2026,3,"16457",20,"Izien, Christian"
2026,3,"14225",20,"Crosby, Maxx"
2026,3,"13066",20,"Raymond, Kalif"
2026,3,"16190",19.8,"Flowers, Zay"
2026,3,"15715",19.8,"Cook, James"
2026,3,"15281",19.1,"Chase, Ja'Marr"
2026,3,"16266",18.6,"Tuipulotu, Tuli"
2026,3,"17131",18.6,"Watts, Xavier"
2026,3,"16150",18.6,"Stroud, C.J."
2026,3,"14910",18.5,"Jones, Brandon"
2026,3,"13764",18.4,"Johnson, Taron"
2026,3,"16702",18.4,"Green, Renardo"
2026,3,"14997",18.4,"Rodgers, Isaiah"
2026,3,"14877",18.4,"Young, Chase"
2026,3,"11723",18.3,"Van Noy, Kyle"
2026,3,"14861",18.1,"Johnson, Juwan"
2026,3,"17254",18.1,"Mumpfield, Konata"
2026,3,"13447",18,"Wilson, Eric"
2026,3,"12688",17.8,"Buckner, DeForest"
2026,3,"11675",17.4,"Adams, Davante"
2026,3,"13322",17.4,"Clark, Chuck"
2026,3,"17562",17.4,"Delane, Mansoor"
2026,3,"14908",17.3,"McKinney, Xavier"
2026,3,"14249",17.3,"Van Ginkel, Andrew"
2026,3,"16245",17.2,"Battle, Jordan"
2026,3,"16460",17.2,"Hickman, Ronnie"
2026,3,"14927",17.2,"Chinn, Jeremy"
2026,3,"15256",17.1,"Williams, Javonte"
2026,3,"16186",17,"Addison, Jordan"
2026,3,"15366",17,"Holland, Jevon"
2026,3,"17576",17,"Thieneman, Dillon"
2026,3,"13696",16.8,"Smith, Roquan"
2026,3,"15789",16.7,"Watson, Christian"
2026,3,"17052",16.5,"Tuten, Bhayshul"
2026,3,"17075",16.5,"Golden, Matthew"
2026,3,"15863",16.5,"Jones, Travis"
2026,3,"17556",16.5,"Reese, Arvell"
2026,3,"15754",16.4,"Olave, Chris"
2026,3,"9431",16.4,"Stafford, Matthew"
2026,3,"16672",16.2,"Lassiter, Kamari"
2026,3,"15834",16,"Hamilton, Kyle"
2026,3,"15358",16,"Togiai, Tommy"
2026,3,"17277",16,"Fitzgerald, Ryan"
2026,3,"15808",16,"Karlaftis, George"
2026,3,"14109",15.9,"McLaurin, Terry"
2026,3,"11244",15.8,"Kelce, Travis"
2026,3,"12697",15.5,"Robinson, A'Shawn"
2026,3,"15898",15.5,"Ogbonnia, Otito"
2026,3,"12225",15.5,"Williams, Leonard"
2026,3,"14897",15.5,"Brown, Derrick"
2026,3,"16148",15.4,"Young, Bryce"
2026,3,"17472",15.3,"Love, Jeremiyah"
2026,3,"14127",15.3,"Meyers, Jakobi"
2026,3,"15711",15.1,"Walker III, Kenneth"
2026,3,"16663",15,"Eboigbe, Justin"
2026,3,"14251",15,"Cashman, Blake"
2026,3,"16870",14.9,"Speights, Omar"
2026,3,"14153",14.8,"Allen, Zach"
2026,3,"16949",14.6,"Tremayne, Brycen"
2026,3,"15355",14.5,"Bolton, Nick"
2026,3,"13710",14.5,"Davis, Carlton"
2026,3,"16734",14.5,"Booker, Austin"
2026,3,"13692",14.5,"Vea, Vita"
2026,3,"15089",14.5,"Roach, Malcolm"
2026,3,"12626",14.3,"Henry, Derrick"
2026,3,"17103",14.2,"Fannin, Harold"
2026,3,"17137",14.1,"Harmon, Derrick"
2026,3,"14893",14,"Baun, Zack"
2026,3,"14894",14,"Jennings, Anfernee"
2026,3,"16843",14,"Mevis, Harrison"
2026,3,"16689",14,"Murphy, Byron"
2026,3,"16206",13.8,"Wilson, Michael"
2026,3,"17482",13.8,"Washington Jr., Mike"
2026,3,"16670",13.6,"McKinstry, Kool-Aid"
2026,3,"15491",13.6,"Skowronek, Ben"
2026,3,"14137",13.6,"Fant, Noah"
2026,3,"17074",13.5,"Hunter, Travis"
2026,3,"11769",13.5,"Lawrence, Demarcus"
2026,3,"14896",13.5,"Queen, Patrick"
2026,3,"16675",13.4,"DeJean, Cooper"
2026,3,"16770",13.3,"Boyd, Khristian"
2026,3,"10816",13.3,"Davis, Demario"
2026,3,"15694",13.2,"Willis, Malik"
2026,3,"17157",13.2,"TeSlaa, Isaac"
2026,3,"14956",13,"Sneed, L'Jarius"
2026,3,"12735",13,"Rankins, Sheldon"
2026,3,"16282",13,"Turner, Kobie"
2026,3,"17553",13,"Faulk, Keldric"
2026,3,"16234",12.9,"Simpson, Trenton"
2026,3,"14947",12.8,"Wonnum, D.J."
2026,3,"17072",12.7,"Harris, Tre"
2026,3,"17030",12.6,"Ward, Cam"
2026,3,"16300",12.6,"McGuire, Isaiah"
2026,3,"16703",12.6,"Phillips, Andru"
2026,3,"17551",12.5,"Bailey, David"
2026,3,"15261",12.5,"Hubbard, Chuba"
2026,3,"16629",12.5,"Wilson, Roman"
2026,3,"12678",12.4,"Higbee, Tyler"
2026,3,"14717",12.4,"McLaughlin, Chase"
2026,3,"15833",12.3,"Gardner, Sauce"
2026,3,"15950",12.2,"Watson, Jaylen"
2026,3,"16288",12.1,"Blackmon, Mekhi"
2026,3,"17192",12,"Watkins, Jordan"
2026,3,"16691",12,"Orhorhoro, Ruke"
2026,3,"15352",12,"Collins, Zaven"
2026,3,"16216",11.9,"Washington, Darnell"
2026,3,"16452",11.8,"Whelan, Daniel"
2026,3,"17180",11.8,"Walker, David"
2026,3,"16239",11.8,"Campbell, Jack"
2026,3,"16627",11.7,"McConkey, Ladd"
2026,3,"16292",11.7,"Ryland, Chad"
2026,3,"13164",11.7,"Kupp, Cooper"
2026,3,"16291",11.6,"Adebawore, Adetomiwa"
2026,3,"17222",11.5,"Loop, Tyler"
2026,3,"17613",11.5,"Halton, Gracen"
2026,3,"16419",11.5,"Szmyt, Andre"
2026,3,"13743",11.5,"Warner, Fred"
2026,3,"16194",11.4,"Rice, Rashee"
2026,3,"17162",11.4,"Walley, Justin"
2026,3,"13920",11.4,"Ward, Charvarius"
2026,3,"15375",11.2,"Newsome, Greg"
2026,3,"15390",11.1,"McNeill, Alim"
2026,3,"17070",11.1,"Burden, Luther"
2026,3,"13223",11,"Humphrey, Marlon"
2026,3,"13933",11,"Ford, Poona"
2026,3,"17573",11,"Johnson, Chris"
2026,3,"15716",11,"Robinson, Brian"
2026,3,"17520",11,"Hurst, Ted"
2026,3,"11327",11,"Jefferson, Tony"
2026,3,"15884",11,"Stout, Jordan"
2026,3,"16235",10.9,"Hall, Derick"
2026,3,"15762",10.9,"Pickens, George"
2026,3,"15796",10.8,"Ruckert, Jeremy"
2026,3,"17221",10.8,"Harris, Marcus"
2026,3,"12711",10.8,"Ramsey, Jalen"
2026,3,"15814",10.7,"Thomas, Cameron"
2026,3,"14085",10.7,"Pollard, Tony"
2026,3,"11222",10.6,"Allen, Keenan"
2026,3,"17592",10.6,"Igbinosun, Davison"
2026,3,"15364",10.5,"Cisco, Andre"
2026,3,"12698",10.5,"Reed, Jarran"
2026,3,"13694",10.5,"Settle, Tim"
2026,3,"17202",10.5,"Trader, Dante"
2026,3,"14221",10.5,"Williams, Quincy"
2026,3,"17181",10.5,"Ransom, Lathan"
2026,3,"15368",10.5,"McPherson, Evan"
2026,3,"13672",10.4,"Gesicki, Mike"
2026,3,"17214",10.4,"Burke, Denzel"
2026,3,"16212",10.4,"Mayer, Michael"
2026,3,"11985",10.3,"Way, Tress"
2026,3,"13697",10.3,"Edmunds, Tremaine"
2026,3,"13246",10.2,"Alie-Cox, Mo"
2026,3,"13774",10.1,"Reed, D.J."
2026,3,"13839",10,"Sieler, Zach"
2026,3,"14921",10,"Dugger, Kyle"
2026,3,"12437",10,"Myers, Jason"
2026,3,"14434",10,"Reaves, Jeremy"
2026,3,"17726",9.9,"Stevens, Drew"
2026,3,"15757",9.9,"Robinson, Wan'Dale"
2026,3,"17616",9.8,"Scott, Keionte"
2026,3,"11721",9.7,"Mack, Khalil"
2026,3,"17098",9.6,"Horton, Tory"
2026,3,"14219",9.6,"Dean, Jamel"
2026,3,"15845",9.6,"McDuffie, Trent"
2026,3,"16608",9.6,"Holani, George"
2026,3,"14182",9.5,"Hooker, Amani"
2026,3,"14882",9.5,"Greenard, Jonathan"
2026,3,"15875",9.5,"Belton, Dane"
2026,3,"17193",9.5,"Ingram-Dawkins, Tyrion"
2026,3,"17606",9.5,"Barham, Jaishawn"
2026,3,"16532",9.5,"Nowaske, Trevor"
2026,3,"13317",9.5,"Godchaux, Davon"
2026,3,"17145",9.5,"Winston, Kevin"
2026,3,"16227",9.5,"Harrison, Zach"
2026,3,"16192",9.5,"Washington, Parker"
2026,3,"17624",9.4,"Lee, Will"
2026,3,"17160",9.4,"Umanmielen, Princely"
2026,3,"13635",9.4,"Moore, D.J."
2026,3,"16729",9.4,"Still, Tarheeb"
2026,3,"13289",9.4,"Hollins, Mack"
2026,3,"11936",9.3,"Boswell, Chris"
2026,3,"17179",9.2,"Bowman, Billy"
2026,3,"15895",9.2,"McCollum, Zyon"
2026,3,"15362",9.2,"Surtain II, Patrick"
2026,3,"17500",9.2,"Boston, Denzel"
2026,3,"14783",9.2,"Hurts, Jalen"
2026,3,"17042",9.1,"Jeanty, Ashton"
2026,3,"15282",9,"Smith, DeVonta"
2026,3,"15386",9,"Odeyingbo, Dayo"
2026,3,"15391",9,"Williams, Milton"
2026,3,"17633",9,"Josephs, Joshua"
2026,3,"15253",9,"Etienne, Travis"
2026,3,"9051",9,"Campbell, Calais"
2026,3,"15850",9,"Pitre, Jalen"
2026,3,"16012",9,"Alford, Dee"
2026,3,"14979",9,"Strnad, Justin"
2026,3,"13770",9,"Franklin-Myers, John"
2026,3,"14095",9,"Johnson, Ty"
2026,3,"15124",9,"Pierre, James"
2026,3,"16450",9,"Thomas, Drake"
2026,3,"13604",9,"Barkley, Saquon"
2026,3,"16794",9,"Briggs, Jowon"
2026,3,"16178",8.9,"Mitchell, Keaton"
2026,3,"16187",8.9,"Downs, Josh"
2026,3,"17506",8.9,"Bell, Chris"
2026,3,"16174",8.9,"Rodriguez, Chris"
2026,3,"15756",8.8,"Williams, Jameson"
2026,3,"14995",8.8,"Metellus, Josh"
2026,3,"17568",8.8,"Mesidor, Akheem"
2026,3,"13869",8.8,"Bojorquez, Corey"
2026,3,"17598",8.8,"Davis, Tacario"
2026,3,"15721",8.7,"White, Rachaad"
2026,3,"17584",8.7,"Jacas, Gabe"
2026,3,"16695",8.6,"Melton, Max"
2026,3,"16262",8.6,"White, Keion"
2026,3,"17627",8.6,"Hibner, Matthew"
2026,3,"17174",8.5,"Walker, Deone"
2026,3,"16233",8.5,"Carter, Jalen"
2026,3,"14303",8.5,"Elliss, Kaden"
2026,3,"13325",8.5,"Woods, Xavier"
2026,3,"16296",8.5,"Miller, Ventrell"
2026,3,"12764",8.5,"Hargrave, Javon"
2026,3,"15398",8.5,"Jones, Patrick"
2026,3,"17124",8.5,"Carter, Barrett"
2026,3,"16828",8.5,"Njongmeta, Maema"
2026,3,"13448",8.5,"Butler, Adam"
2026,3,"13837",8.5,"Franklin, Zaire"
2026,3,"15409",8.5,"Barnes, Derrick"
2026,3,"15404",8.5,"Jones, Ernest"
2026,3,"13693",8.5,"Phillips, Harrison"
2026,3,"15836",8.4,"Hill, Daxton"
2026,3,"13319",8.4,"Jones, Aaron"
2026,3,"14802",8.4,"Taylor, Jonathan"
2026,3,"16181",8.3,"Brown, Chase"
2026,3,"15861",8.3,"Bonitto, Nik"
2026,3,"15051",8.2,"Townsend, Tommy"
2026,3,"16279",8.2,"Moss, Riley"
2026,3,"15880",8.2,"Evans, Akayleb"
2026,3,"17117",8,"Jackson, Landon"
2026,3,"15378",8,"Oweh, Odafe"
2026,3,"14924",8,"Johnson, Jaylon"
2026,3,"16727",8,"Hicks, Jaden"
2026,3,"14892",8,"Brooks, Jordyn"
2026,3,"16705",8,"Bullock, Calen"
2026,3,"16281",8,"Brown, Ji'Ayir"
2026,3,"15856",8,"Taylor, Alontae"
2026,3,"15819",8,"Wyatt, Devonte"
2026,3,"14412",8,"Singleton, Alex"
2026,3,"17189",8,"Robinson, Quandarrius"
2026,3,"14953",8,"Dye, Troy"
2026,3,"15428",8,"Sherwood, Jamien"
2026,3,"14943",8,"Davis-Gaither, Akeem"
2026,3,"17527",7.9,"Cameron, Josh"
2026,3,"11671",7.8,"Evans, Mike"
2026,3,"15849",7.8,"McCreary, Roger"
2026,3,"17062",7.7,"Sanders, Raheim"
2026,3,"15802",7.7,"Otton, Cade"
2026,3,"13281",7.6,"Douglas, Rasul"
2026,3,"15794",7.5,"McBride, Trey"
2026,3,"17632",7.5,"Barrett, Nick"
2026,3,"17059",7.5,"Gordon II, Ollie"
2026,3,"17352",7.5,"Kroeger, Kai"
2026,3,"16009",7.5,"Gibbens, Jack"
2026,3,"17241",7.5,"Crawshaw, Jeremy"
2026,3,"17736",7.5,"Zvada, Dominic"
2026,3,"12754",7.5,"Collins, Maliek"
2026,3,"13208",7.5,"Allen, Jonathan"
2026,3,"16298",7.5,"Robinson, Tavius"
2026,3,"17190",7.5,"Hemingway, Tonka"
2026,3,"15254",7.4,"Harris, Najee"
2026,3,"16784",7.4,"Harden, Myles"
2026,3,"12140",7.3,"Winston, Jameis"
2026,3,"16723",7.3,"Barner, AJ"
2026,3,"15337",7.3,"Gray, Noah"
2026,3,"15499",7.2,"Gillikin, Blake"
2026,3,"15377",7.2,"Stokes, Eric"
2026,3,"15332",7.2,"Tremble, Tommy"
2026,3,"12842",7.2,"Dixon, Riley"
2026,3,"11945",7.1,"Santos, Cairo"
2026,3,"17497",7.1,"Tate, Carnell"
2026,3,"17135",7,"Ezeiruaku, Donovan"
2026,3,"13288",7,"Jenkins, Rayshawn"
2026,3,"17204",7,"Roberts, Elijah"
2026,3,"16265",7,"Dexter, Gervon"
2026,3,"17209",7,"Black, Yahya"
2026,3,"13813",7,"Oluokun, Foyesade"
2026,3,"16241",7,"Witherspoon, Devon"
2026,3,"14158",7,"Oliver, Ed"
2026,3,"14235",7,"Tranquill, Drue"
2026,3,"14157",7,"Williams, Quinnen"
2026,3,"16201",7,"Hutchinson, Xavier"
2026,3,"16719",7,"Williams, Evan"
2026,3,"16677",7,"Bullard, Javon"
2026,3,"15846",7,"Walker, Quay"
2026,3,"12741",7,"Jones, Chris"
2026,3,"15797",7,"Dulcich, Greg"
2026,3,"17388",7,"Simmons, Elijah"
2026,3,"16496",7,"Russell, Brady"
2026,3,"14962",7,"Gipson, Trevis"
2026,3,"17196",7,"Phillips, Jordan"
2026,3,"17570",7,"Hunter, Lee"
2026,3,"17622",6.9,"Muhammad, Malik"
2026,3,"17081",6.9,"Egbuka, Emeka"
2026,3,"17102",6.9,"Warren, Tyler"
2026,3,"16214",6.8,"LaPorta, Sam"
2026,3,"17051",6.8,"Judkins, Quinshon"
2026,3,"8851",6.7,"Folk, Nick"
2026,3,"13719",6.7,"Pineiro, Eddy"
2026,3,"17109",6.7,"Evans, Mitchell"
2026,3,"11383",6.7,"Martin, Sam"
2026,3,"16222",6.7,"Kraft, Tucker"
2026,3,"15981",6.6,"Turpin, KaVontae"
2026,3,"17581",6.6,"Cisse, Brandon"
2026,3,"14669",6.6,"Nixon, Keisean"
2026,3,"16284",6.5,"Williams, Dorian"
2026,3,"13737",6.5,"Bates, Jessie"
2026,3,"16328",6.5,"Barnes, Zaire"
2026,3,"16653",6.5,"Verse, Jared"
2026,3,"14954",6.5,"Hawkins, Jaylinn"
2026,3,"15356",6.5,"Browning, Baron"
2026,3,"16712",6.5,"Hunt, Jalyx"
2026,3,"13201",6.5,"Barnett, Derek"
2026,3,"17123",6.5,"Campbell, Jihaad"
2026,3,"14590",6.5,"Al-Shaair, Azeez"
2026,3,"13810",6.5,"Joseph-Day, Sebastian"
2026,3,"16230",6.5,"Van Ness, Lukas"
2026,3,"15913",6.5,"Benford, Christian"
2026,3,"16694",6.5,"Fiske, Braden"
2026,3,"16251",6.4,"Gonzalez, Christian"
2026,3,"16617",6.4,"Coleman, Keon"
2026,3,"15445",6.3,"Lenoir, Deommodore"
2026,3,"14056",6.3,"Murray, Kyler"
2026,3,"17053",6.2,"Marks, Woody"
2026,3,"15384",6.2,"Samuel, Asante"
2026,3,"12263",6.2,"Waller, Darren"
2026,3,"14244",6.2,"Gay, Matt"
2026,3,"17141",6.2,"Hairston, Maxwell"
2026,3,"17171",6.1,"Dike, Chimere"
2026,3,"15752",6.1,"Burks, Treylon"
2026,3,"16923",6,"Tillman, Dondrea"
2026,3,"16657",6,"Dorlus, Brandon"
2026,3,"15396",6,"Deablo, Divine"
2026,3,"13744",6,"Shepherd, Nathan"
2026,3,"17560",6,"Hill Jr., Anthony"
2026,3,"14167",6,"Hines-Allen, Josh"
2026,3,"14925",6,"Uche, Josh"
2026,3,"17319",6,"Clark, Alijah"
2026,3,"15800",6,"Heyward, Connor"
2026,3,"14888",6,"Chaisson, K'Lavon"
2026,3,"14217",6,"Barton, Cody"
2026,3,"14170",6,"Bush, Devin"
2026,3,"16696",6,"Cooper, Edgerrin"
2026,3,"16614",6,"Harrison Jr., Marvin"
2026,3,"14154",6,"Nelson, Anthony"
2026,3,"14880",6,"Kareem, Khalid"
2026,3,"17398",6,"Jackson, Keondre"
2026,3,"16716",6,"Wilson, Payton"
2026,3,"14836",5.9,"Jefferson, Justin"
2026,3,"15293",5.9,"Bateman, Rashod"
2026,3,"17163",5.8,"Parrish, Jacob"
2026,3,"16913",5.8,"Woods, Charles"
2026,3,"10945",5.8,"Hekker, Johnny"
2026,3,"15779",5.8,"Doubs, Romeo"
2026,3,"17104",5.7,"Loveland, Colston"
2026,3,"15877",5.7,"Uwazurike, Eyioma"
2026,3,"12677",5.7,"Hooper, Austin"
2026,3,"13315",5.6,"Saubert, Eric"
2026,3,"17142",5.6,"Revel, Shavon"
2026,3,"15405",5.6,"Stephens, Brandon"
2026,3,"15881",5.6,"Jones, Jack"
2026,3,"14797",5.6,"Swift, D'Andre"
2026,3,"17223",5.5,"Reed, Jaylen"
2026,3,"10266",5.5,"Heyward, Cameron"
2026,3,"14247",5.5,"Greenlaw, Dre"
2026,3,"13298",5.5,"Stewart, Grover"
2026,3,"15812",5.5,"Hall, Logan"
2026,3,"16927",5.5,"Redmond, Jalen"
2026,3,"16294",5.5,"Wooden, Colby"
2026,3,"16102",5.5,"Pola-Mao, Isaiah"
2026,3,"15708",5.5,"Hall, Breece"
2026,3,"17555",5.5,"Woods, Peter"
2026,3,"17796",5.5,"Valdez, Sebastian"
2026,3,"16713",5.5,"Carter, DeWayne"
2026,3,"15835",5.5,"Brisker, Jaquan"
2026,3,"16273",5.5,"Young, Byron"
2026,3,"16346",5.5,"Winters, Dee"
2026,3,"17199",5.5,"Hamilton, Ty"
2026,3,"15357",5.5,"Barmore, Christian"
2026,3,"14328",5.5,"Wingard, Andrew"
2026,3,"16485",5.5,"Incoom, Thomas"
2026,3,"17125",5.5,"Knight, Demetrius"
2026,3,"17143",5.4,"Thomas, Azareye'h"
2026,3,"14148",5.4,"Sweat, Montez"
2026,3,"16678",5.4,"Vaki, Sione"
2026,3,"15866",5.4,"Flott, Cordale"
2026,3,"17499",5.3,"Lemon, Makai"
2026,3,"15933",5.2,"Brown, Montaric"
2026,3,"13630",5.2,"Sutton, Courtland"
2026,3,"15923",5.2,"Lake, Quentin"
2026,3,"17604",5.2,"Everette, Daylen"
2026,3,"16673",5.1,"Wiggins, Nate"
2026,3,"17164",5.1,"Williams, Nohl"
2026,3,"16287",5.1,"Tucker, Tre"
2026,3,"13772",5,"Schultz, Dalton"
2026,3,"16254",5,"Kancey, Calijah"
2026,3,"16019",5,"Hansen, Jake"
2026,3,"15946",5,"Thomas II, Rodney"
2026,3,"14420",5,"Ingold, Alec"
2026,3,"16701",5,"Rakestraw, Ennis"
2026,3,"16667",5,"Gray, Cedric"
2026,3,"17777",5,"Harsh, Sabastian"
2026,3,"15365",5,"Moehrig, Trevon"
2026,3,"15813",5,"Enagbare, Kingsley"
2026,3,"16499",5,"Blair, Chris"
2026,3,"17552",5,"Howell, Cashius"
2026,3,"15448",5,"Pinnock, Jason"
2026,3,"17155",5,"Gillotte, Ashton"
2026,3,"17120",5,"Green, Mike"
2026,3,"16654",5,"Elliss, Jonah"
2026,3,"14891",5,"Harrison, Malik"
2026,3,"13927",5,"Dickerson, Matt"
2026,3,"14405",5,"Granderson, Carl"
2026,3,"16311",5,"Howden, Jordan"
2026,3,"17132",5,"Starks, Malaki"
2026,3,"13704",5,"Nwosu, Uchenna"
2026,3,"17068",4.9,"Harvey, RJ"
2026,3,"16383",4.9,"Pace, Ivan"
2026,3,"13268",4.9,"Anzalone, Alex"
2026,3,"13590",4.9,"Mayfield, Baker"
2026,3,"16647",4.8,"Spann-Ford, Brevyn"
2026,3,"16788",4.8,"Vele, Devaughn"
2026,3,"15759",4.8,"Metchie, John"
2026,3,"17134",4.8,"Williams, Kyle"
2026,3,"17153",4.8,"Mukuba, Andrew"
2026,3,"12773",4.8,"Moore, Chris"
2026,3,"17361",4.7,"Ponder, Elijah"
2026,3,"16684",4.7,"Washington, Malik"
2026,3,"16474",4.6,"Adkins, Nate"
2026,3,"15432",4.6,"Carter, Michael"
2026,3,"17574",4.6,"Hood, Colton"
2026,3,"14086",4.6,"Hill, Justice"
2026,3,"14270",4.5,"Epps, Marcus"
2026,3,"16700",4.5,"Bishop, Cole"
2026,3,"15831",4.5,"Chenal, Leo"
2026,3,"13685",4.5,"Okoronkwo, Ogbonnia"
2026,3,"15473",4.5,"McDuffie, Isaiah"
2026,3,"15817",4.5,"Davis, Jordan"
2026,3,"17773",4.5,"Edwards, TeRah"
2026,3,"17577",4.5,"Wheatley, Zakee"
2026,3,"15393",4.5,"Odighizuwa, Osa"
2026,3,"14652",4.5,"Givens, Kevin"
2026,3,"14899",4.5,"Kinlaw, Javon"
2026,3,"14982",4.5,"Gilman, Alohi"
2026,3,"16620",4.5,"Worthy, Xavier"
2026,3,"16369",4.5,"Ojomo, Moro"
2026,3,"16188",4.5,"Johnston, Quentin"
2026,3,"17080",4.5,"Noel, Jaylin"
2026,3,"17628",4.5,"Daniels, Kendal"
2026,3,"13987",4.5,"Spillane, Robert"
2026,3,"14227",4.4,"Wishnowsky, Mitch"
2026,3,"16731",4.4,"Hart, Cam"
2026,3,"15787",4.4,"Thornton, Tyquan"
2026,3,"14974",4.3,"Mooney, Darnell"
2026,3,"17549",4.2,"Roush, Sam"
2026,3,"15989",4.2,"Jobe, Josh"
2026,3,"16619",4.2,"Franklin, Troy"
2026,3,"14256",4.2,"Bailey, Jake"
2026,3,"17184",4.2,"Lane, Jaylin"
2026,3,"13132",4.2,"Kamara, Alvin"
2026,3,"14071",4.1,"Montgomery, David"
2026,3,"15259",4.1,"Stevenson, Rhamondre"
2026,3,"17126",4.1,"Stutsman, Danny"
2026,3,"13832",4.1,"Sanders, Jason"
2026,3,"12739",4,"Clark, Kenny"
2026,3,"17182",4,"Sorrell, Barryn"
2026,3,"15809",4,"Johnson, Jermaine"
2026,3,"13738",4,"Jackson, Donte"
2026,3,"17580",4,"Lawrence, Malachi"
2026,3,"16278",4,"Diaby, YaYa"
2026,3,"12752",4,"Byard, Kevin"
2026,3,"17116",4,"Sawyer, Jack"
2026,3,"15840",4,"Woods, Jelani"
2026,3,"15387",4,"Werner, Pete"
2026,3,"16268",4,"Turner, DJ"
2026,3,"15869",4,"Bernard, Terrel"
2026,3,"12218",4,"Armstead, Arik"
2026,3,"15492",4,"Tonga, Khyiris"
2026,3,"15397",4,"Golston, Chauncey"
2026,3,"16228",4,"Smith, Nolan"
2026,3,"17224",4,"Smith, Tim"
2026,3,"16324",4,"Brooks, Karl"
2026,3,"15815",4,"Walker, Travon"
2026,3,"16276",4,"Young, Byron"
2026,3,"14467",4,"Phillips, Del'Shawn"
2026,3,"14169",4,"Wilson, Mack"
2026,3,"17588",4,"Young, Zion"
2026,3,"16708",4,"Smith, Tykee"
2026,3,"16616",4,"Odunze, Rome"
2026,3,"17707",3.9,"Sturdivant, J Michael"
2026,3,"14630",3.9,"Cole, A.J."
2026,3,"15589",3.8,"White, Cody"
2026,3,"15805",3.8,"Hutchinson, Aidan"
2026,3,"14102",3.8,"Metcalf, DK"
2026,3,"17044",3.7,"Hampton, Omarion"
2026,3,"16193",3.7,"Boutte, Kayshon"
2026,3,"15331",3.7,"Freiermuth, Pat"
2026,3,"13707",3.6,"Ward, Denzel"
2026,3,"16342",3.6,"Douglas, Demario"
2026,3,"15668",3.6,"Waitman, Corliss"
2026,3,"17766",3.5,"Hunter, Erick"
2026,3,"15681",3.5,"Elliss, Christian"
2026,3,"15956",3.5,"Hicks, Elijah"
2026,3,"14472",3.5,"Dodson, Tyrel"
2026,3,"15481",3.5,"Johnson, Patrick"
2026,3,"13714",3.5,"James, Derwin"
2026,3,"15349",3.5,"Phillips, Jaelan"
2026,3,"15874",3.5,"Butler, Percy"
2026,3,"17147",3.5,"Schwesinger, Carson"
2026,3,"16651",3.5,"Latu, Laiatu"
2026,3,"17045",3.5,"Skattebo, Cam"
2026,3,"15443",3.5,"Wallow, Garret"
2026,3,"16455",3.5,"Cox, Brenton"
2026,3,"16195",3.4,"Wicks, Dontayvion"
2026,3,"16261",3.4,"Brents, Julius"
2026,3,"10814",3.4,"Anger, Bryan"
2026,3,"13589",3.4,"Allen, Josh"
2026,3,"16269",3.4,"Strange, Brenton"
2026,3,"16441",3.4,"DeVito, Tommy"
2026,3,"17672",3.3,"Gill-Howard, Skyler"
2026,3,"17511",3.3,"Fields, Malachi"
2026,3,"15369",3.2,"Patterson, Riley"
2026,3,"16630",3.2,"Williams, Isaiah"
2026,3,"17128",3.2,"Barron, Jahdae"
2026,3,"16263",3.2,"Martin, Quan"
2026,3,"12658",3.1,"Shepard, Sterling"
2026,3,"17764",3.1,"Thomas Jr., Bryan"
2026,3,"16887",3.1,"Rehkow, Ryan"
2026,3,"15894",3.1,"Woolen, Tariq"
2026,3,"14907",3,"Delpit, Grant"
2026,3,"15345",3,"Paye, Kwity"
2026,3,"17239",3,"Mickens, R.J."
2026,3,"17167",3,"Sanker, Jonas"
2026,3,"17136",3,"Nolen, Walter"
2026,3,"16693",3,"Sweat, T'Vondre"
2026,3,"15001",3,"Curl, Kamren"
2026,3,"13848",3,"Johnston, Cam"
2026,3,"16652",3,"Trice, Bralen"
2026,3,"15937",3,"Muse, Nick"
2026,3,"17176",3,"Robinson, Ty"
2026,3,"17778",3,"O'Neill, Eric"
2026,3,"13888",3,"Gardeck, Dennis"
2026,3,"16513",3,"London, LaCale"
2026,3,"17355",3,"Chambliss, Chaz"
2026,3,"15446",3,"Slaton, Tedarrell"
2026,3,"17769",3,"Hall, Aaron"
2026,3,"17630",3,"Overton, LT"
2026,3,"13330",3,"Muhammad, Al-Quadin"
2026,3,"16650",3,"Turner, Dallas"
2026,3,"17225",3,"McLeod, Jalen"
2026,3,"11757",3,"Donald, Aaron"
2026,3,"16661",3,"Hall Jr., Michael"
2026,3,"14237",3,"Gaines, Greg"
2026,3,"13284",3,"Hendrickson, Trey"
2026,3,"17207",3,"Sigle, Marques"
2026,3,"16529",3,"Leota, Eku"
2026,3,"14934",3,"Elliott, Jordan"
2026,3,"14909",3,"Winfield, Antoine"
2026,3,"14239",2.9,"Moreau, Foster"
2026,3,"17274",2.9,"Kiner, Corey"
2026,3,"16351",2.9,"Evans, Ethan"
2026,3,"13418",2.9,"Bourne, Kendrick"
2026,3,"17503",2.8,"Bernard, Germie"
2026,3,"17651",2.8,"Cuevas, Josh"
2026,3,"15287",2.8,"St. Brown, Amon-Ra"
2026,3,"17640",2.8,"Taaffe, Michael"
2026,3,"15718",2.8,"Badie, Tyler"
2026,3,"17066",2.7,"Monangai, Kyle"
2026,3,"16615",2.7,"Nabers, Malik"
2026,3,"12186",2.6,"Diggs, Stefon"
2026,3,"15911",2.6,"Araiza, Matt"
2026,3,"13731",2.6,"Hughes, Mike"
2026,3,"12802",2.5,"Reader, D.J."
2026,3,"13163",2.5,"Godwin, Chris"
2026,3,"14933",2.5,"Blackmon, Julian"
2026,3,"17369",2.5,"Ajiake, Austin"
2026,3,"12219",2.5,"Edwards, Mario"
2026,3,"13681",2.5,"Chubb, Bradley"
2026,3,"17563",2.5,"Downs, Caleb"
2026,3,"17250",2.5,"Wohler, Hunter"
2026,3,"14901",2.5,"Gallimore, Neville"
2026,3,"16725",2.5,"Mustapha, Malik"
2026,3,"11793",2.5,"Jones, DaQuan"
2026,3,"16314",2.5,"Dennis, SirVocea"
2026,3,"13214",2.5,"Watt, T.J."
2026,3,"13251",2.5,"Baker, Budda"
2026,3,"17166",2.5,"Ransaw, Caleb"
2026,3,"14518",2.5,"Thompson, Jalen"
2026,3,"17575",2.5,"McNeil-Warren, Emmanuel"
2026,3,"12772",2.5,"Murray, Eric"
2026,3,"14675",2.5,"Tuttle, Shy"
2026,3,"17265",2.5,"Dolac, Shaun"
2026,3,"14198",2.4,"Ya-Sin, Rock"
2026,3,"15464",2.4,"Echols, Brandin"
2026,3,"13785",2.4,"Neal, Siran"
2026,3,"17200",2.4,"Marshall, Jason"
2026,3,"16219",2.3,"Allen, Davis"
2026,3,"15284",2.3,"Waddle, Jaylen"
2026,3,"16724",2.3,"Taylor, Tory"
2026,3,"16728",2.2,"Pritchett, Nehemiah"
2026,3,"16878",2.2,"Steward, Reddy"
2026,3,"16846",2.2,"Bates, Jake"
2026,3,"17664",2.2,"Eckley, Ryan"
2026,3,"15361",2.2,"Horn, Jaycee"
2026,3,"17642",2.2,"Rivers, Chandler"
2026,3,"14037",2.2,"Davis, Jalen"
2026,3,"17086",2.2,"Royals, Jalen"
2026,3,"17793",2.2,"Slaughter, Doneiko"
2026,3,"14985",2.1,"Mann, Braden"
2026,3,"16376",2,"Johnson, Desjuan"
2026,3,"16757",2,"Vidal, Kimani"
2026,3,"15076",2,"Rozeboom, Christian"
2026,3,"17118",2,"Stewart, Josaiah"
2026,3,"15941",2,"Young, Dareke"
2026,3,"13759",2,"Armstrong, Dorance"
2026,3,"17415",2,"Kaho, Ale"
2026,3,"17619",2,"Dennis-Sutton, Dani"
2026,3,"13750",2,"Burks, Oren"
2026,3,"17350",2,"Huntington, Adin"
2026,3,"15907",2,"Robinson, Dominique"
2026,3,"16072",2,"Cochrane, Jack"
2026,3,"14926",2,"Gay, Willie"
2026,3,"16252",2,"McDonald, Will"
2026,3,"14900",2,"Madubuike, Nnamdi"
2026,3,"17144",2,"Emmanwori, Nick"
2026,3,"17016",2,"Jones, Truman"
2026,3,"10267",2,"Miller, Von"
2026,3,"14149",2,"Gary, Rashan"
2026,3,"16332",2,"Ramirez, Jose"
2026,3,"15851",2,"Ebiketie, Arnold"
2026,3,"17601",2,"Haulcy, A.J."
2026,3,"15527",2,"Key, Devon"
2026,3,"13963",2,"Hodge, KhaDarel"
2026,3,"17674",2,"Curry, Caden"
2026,3,"15388",2,"Ossai, Joseph"
2026,3,"15860",2,"Cook, Bryan"
2026,3,"17397",2,"Striggow, Danny"
2026,3,"17169",2,"Stout, Upton"
2026,3,"13431",2,"Sanchez, Rigoberto"
2026,3,"16303",2,"Herbig, Nick"
2026,3,"16013",2,"Landman, Nate"
2026,3,"16333",2,"Higgins, Elijah"
2026,3,"16738",2,"Carlies, Jaylon"
2026,3,"17752",1.8,"Meyers, Dohnte"
2026,3,"13671",1.8,"Andrews, Mark"
2026,3,"14983",1.8,"Bass, Tyler"
2026,3,"15766",1.7,"Moore, Skyy"
2026,3,"16747",1.6,"Tracy, Tyrone"
2026,3,"13791",1.6,"Scott, J.K."
2026,3,"16010",1.6,"Wright, Ryan"
2026,3,"14370",1.6,"Hudson, Tanner"
2026,3,"16697",1.5,"Smith, Maason"
2026,3,"16527",1.5,"VanSumeren, Ben"
2026,3,"15921",1.5,"Jackson, Theo"
2026,3,"16224",1.5,"Murphy, Myles"
2026,3,"17247",1.5,"Bruener, Carson"
2026,3,"12758",1.5,"Bullard, Jonathan"
2026,3,"16662",1.5,"Jenkins, Kris"
2026,3,"17794",1.5,"Cooper, Keith"
2026,3,"15148",1.5,"Franklin, Sam"
2026,3,"17611",1.5,"Jackson, Darrell"
2026,3,"17158",1.5,"Broughton, Vernon"
2026,3,"16767",1.5,"Davis, Tyler"
2026,3,"15303",1.5,"Fehoko, Simi"
2026,3,"15469",1.5,"Hamlin, Damar"
2026,3,"14951",1.5,"Lynch, James"
2026,3,"13332",1.5,"Jones, D.J."
2026,3,"12305",1.5,"Jarrett, Grady"
2026,3,"15892",1.5,"Booker, Thomas"
2026,3,"17790",1.5,"Eason, Bryson"
2026,3,"16264",1.5,"Benton, Keeanu"
2026,3,"14171",1.5,"Burns, Brian"
2026,3,"12645",1.5,"Treadwell, Laquon"
2026,3,"17600",1.5,"McClellan, Chris"
2026,3,"17579",1.5,"Banks, Caleb"
2026,3,"17379",1.5,"Mascarenas-Arnold, Easton"
2026,3,"15418",1.5,"Bynum, Camryn"
2026,3,"13717",1.5,"Reid, Justin"
2026,3,"13682",1.5,"Key, Arden"
2026,3,"16786",1.5,"Drake-Rodriguez, Levi"
2026,3,"14161",1.5,"Tillery, Jerry"
2026,3,"17623",1.5,"Elarms-Orr, Kaleb"
2026,3,"16510",1.5,"Pharms, Jeremiah"
2026,3,"15412",1.5,"Brown, Bobby"
2026,3,"11286",1.5,"Jenkins, John"
2026,3,"17797",1.5,"Williams, Wydett"
2026,3,"13723",1.5,"Payne, Da'Ron"
2026,3,"17261",1.5,"Biggers, Zeek"
2026,3,"16710",1.5,"Hopper, Ty'Ron"
2026,3,"15899",1.5,"Jackson, D'Marco"
2026,3,"15618",1.5,"Jones, Naquan"
2026,3,"15942",1.5,"Ford, Jonathan"
2026,3,"13798",1.5,"Fatukasi, Foley"
2026,3,"16344",1.5,"Stills, Dante"
2026,3,"17191",1.5,"Farmer, Joshua"
2026,3,"17571",1.5,"Golday, Jake"
2026,3,"16911",1.5,"Stalbird, Isaiah"
2026,3,"17269",1.4,"Chism, Efton"
2026,3,"16167",1.4,"Achane, De'Von"
2026,3,"16387",1.3,"Brooks, Chris"
2026,3,"17043",1.3,"Henderson, TreVeyon"
2026,3,"12860",1.3,"Fairbairn, Ka'imi"
2026,3,"13940",1.3,"Mundt, Johnny"
2026,3,"15032",1.3,"Fox, Jack"
2026,3,"17475",1.3,"McGowan, Seth"
2026,3,"17339",1.3,"McNamara, Austin"
2026,3,"15786",1.2,"Nailor, Jalen"
2026,3,"17789",1.2,"Couch, Te'Cory"
2026,3,"16698",1.2,"Sainristil, Mike"
2026,3,"16736",1.2,"Brownlee, Jarvis"
2026,3,"13193",1.2,"Smith, Jonnu"
2026,3,"17780",1.2,"Price, Jayden"
2026,3,"16735",1.2,"Abrams-Draine, Kris"
2026,3,"13263",1.2,"Awuzie, Chidobe"
2026,3,"17326",1.2,"Reed, Nikko"
2026,3,"13811",1.2,"Smith, Tremon"
2026,3,"15832",1.2,"Stingley Jr., Derek"
2026,3,"17782",1.2,"Canada, Channing"
2026,3,"15129",1.2,"Dorsey, Khalil"
2026,3,"17788",1.2,"Gushiken, Kapena"
2026,3,"16366",1.2,"Ivey, DJ"
2026,3,"16907",1.2,"Roland-Wallace, Chris"
2026,3,"16754",1.2,"Stiggers, Qwan'tez"
2026,3,"17156",1.2,"Porter, Darien"
2026,3,"17609",1.2,"Neal, Julian"
2026,3,"16618",1.1,"Thomas Jr., Brian"
2026,3,"16809",1.1,"Coker, Jalen"
2026,3,"13844",1.1,"Cooke, Logan"
2026,3,"17334",1.1,"Meeks, Jackson"
2026,3,"16869",1,"Richter, Bo"
2026,3,"17689",1,"Doman, Tommy"
2026,3,"10783",1,"Smith, Harrison"
2026,3,"17629",1,"Boettcher, Bryce"
2026,3,"17660",1,"Sharp, Bauer"
2026,3,"15823",1,"Harris, Christian"
2026,3,"16912",1,"McCollough, Jaylen"
2026,3,"15914",1,"Rodriguez, Malcolm"
2026,3,"16753",1,"Carson, Caelen"
2026,3,"12323",1,"Pinion, Bradley"
2026,3,"17572",1,"Terrell, Avieon"
2026,3,"15853",1,"Mafe, Boye"
2026,3,"14495",1,"Gifford, Luke"
2026,3,"16375",1,"Williamson, Kendall"
2026,3,"16014",1,"Adams, Tony"
2026,3,"17746",1,"Bailey, Wesley"
2026,3,"16636",1,"Corley, Malachi"
2026,3,"17187",1,"Riley, Quincy"
2026,3,"14887",1,"Simmons, Isaiah"
2026,3,"15965",1,"Chestnut, Julius"
2026,3,"17641",1,"Bredeson, Max"
2026,3,"16367",1,"Willis, Brayden"
2026,3,"15806",1,"Thibodeaux, Kayvon"
2026,3,"15510",1,"Washington, Ar'Darius"
2026,3,"17621",1,"Woodaz, Wade"
2026,3,"12301",1,"Smith, Za'Darius"
2026,3,"16872",1,"Andreessen, Joe"
2026,3,"17410",1,"Combs, Branson"
2026,3,"16674",1,"King, Kalen"
2026,3,"16741",1,"Smith-Wade, Chau"
2026,3,"15890",1,"McFadden, Micah"
2026,3,"17636",1,"Dugger, Jaden"
2026,3,"17011",1,"Wayne, Jared"
2026,3,"16058",1,"Herring, Malik"
2026,3,"16883",1,"Johnson, Kameron"
2026,3,"16274",1,"Williams, Garrett"
2026,3,"14963",1,"Thomas, Daniel"
2026,3,"15928",1,"Houston, James"
2026,3,"17286",1,"Higgins, Jay"
2026,3,"12234",1,"Dupree, Bud"
2026,3,"14180",1,"Murphy, Byron"
2026,3,"16247",1,"Skinner, JL"
2026,3,"15363",1,"Melifonwu, Ifeatu"
2026,3,"16271",1,"Brown, Sydney"
2026,3,"16761",1,"Hill, Jamal"
2026,3,"17178",1,"Simon, Cody"
2026,3,"16257",1,"Anudike-Uzomah, Felix"
2026,3,"14260",1,"Holcomb, Cole"
2026,3,"17186",1,"Moore, Malachi"
2026,3,"17203",1,"Bassa, Jeffrey"
2026,3,"17150",1,"Oladejo, Oluwafemi"
2026,3,"17343",1,"Jules, PJ"
2026,3,"14254",1,"Omenihu, Charles"
2026,3,"17485",0.9,"Black, Kaelon"
2026,3,"15626",0.9,"Wright, Brock"
2026,3,"15904",0.9,"Bland, DaRon"
2026,3,"16596",0.9,"Allen, Braelon"
2026,3,"17474",0.9,"Johnson, Emmett"
2026,3,"14805",0.8,"Dillon, AJ"
2026,3,"17105",0.8,"Helm, Gunnar"
2026,3,"16080",0.8,"Shaheed, Rashid"
2026,3,"14592",0.8,"Zaccheaus, Olamide"
2026,3,"17061",0.8,"Allen, LeQuint"
2026,3,"17107",0.8,"Ferguson, Terrance"
2026,3,"17785",0.7,"Shelley, Rodney"
2026,3,"16601",0.7,"Shipley, Will"
2026,3,"14672",0.5,"Reeder, Troy"
2026,3,"14737",0.5,"Giles-Harris, Joe"
2026,3,"16880",0.5,"Owens, Tyler"
2026,3,"14911",0.5,"Davis, Ashtyn"
2026,3,"17333",0.5,"Cooper, Darius"
2026,3,"15650",0.5,"Prentice, Adam"
2026,3,"16704",0.5,"Wallace, Trevin"
2026,3,"15785",0.5,"Melton, Bo"
2026,3,"16752",0.5,"Davis, Isaiah"
2026,3,"17564",0.5,"Ramsey, Kamari"
2026,3,"16613",0.5,"Laube, Dylan"
2026,3,"16138",0.5,"Olubi, Segun"
2026,3,"15456",0.5,"Niemann, Nick"
2026,3,"17755",0.5,"Nwankpa, Xavier"
2026,3,"17268",0.5,"Briningstool, Jake"
2026,3,"17408",0.5,"Turner, Jordan"
2026,3,"15929",0.5,"Kieft, Ko"
2026,3,"17423",0.5,"Ingle, Tanner"
2026,3,"15244",0.5,"Franks, Feleipe"
2026,3,"17010",0.5,"Bozeman, Swayze"
2026,3,"17149",0.5,"Tuimoloau, JT"
2026,3,"15334",0.5,"Long, Hunter"
2026,3,"17617",0.5,"Rolder, Jimmy"
2026,3,"17492",0.5,"Donaldson, CJ"
2026,3,"15498",0.5,"Stuard, Grant"
2026,3,"16666",0.5,"Eichenberg, Tommy"
2026,3,"17229",0.5,"Lane, Rayuan"
2026,3,"17683",0.5,"Kuwatch, Jackson"
2026,3,"15930",0.5,"Campbell, Chance"
2026,3,"13939",0.5,"Odum, George"
2026,3,"17244",0.5,"Lindenberg, Cody"
2026,3,"16118",0.5,"Brown, Mike"
2026,3,"17658",0.5,"Sharar, Karson"
2026,3,"17140",0.5,"Mondon, Smael"
2026,3,"17753",0.5,"Thomas, Jacob"
2026,3,"17583",0.5,"Thomas, R Mason"
2026,3,"15285",0.5,"Wallace, Tylan"
2026,3,"17798",0.5,"Reid, Mike"
2026,3,"15730",0.4,"Goodson, Tyler"
2026,3,"13303",0.3,"Elliott, Jake"
2026,3,"16246",0.3,"Johnson, Antonio"
2026,3,"11247",0.3,"Ertz, Zach"
2026,3,"17049",0.3,"Smith, Brashard"
2026,3,"15755",0.2,"Dotson, Jahan"
2026,3,"16958",0.2,"Miller, Ryan"
2026,3,"17079",0.1,"Johnson, Tez"
2026,3,"16604",0.1,"Lloyd, MarShawn"
2026,3,"17256",0.1,"Croskey-Merritt, Jacory"
2026,3,"16213",0.1,"Kincaid, Dalton"
2026,3,"14414",0,"Owens, Jonathan"
2026,3,"14984",0,"Woerner, Charlie"
2026,3,"13270",0,"Moreau, Fabian"
2026,3,"14503",0,"Kennedy, Tom"
2026,3,"16357",0,"Jones, Andre"
2026,3,"16145",0,"McMillian, Ja'Quan"
2026,3,"17666",0,"van den Berg, Jordan"
2026,3,"17414",0,"Kallerup, Nick"
2026,3,"16771",0,"Crumedy, Jaden"
2026,3,"17360",0,"Price, Myles"
2026,3,"17168",0,"Smith, Jaylin"
2026,3,"17419",0,"Latu, Keleki"
2026,3,"16776",0,"Hadden, Kamal"
2026,3,"17510",0,"Burks, Deion"
2026,3,"17389",0,"Okoye, CJ"
2026,3,"17554",0,"Parker, T.J."
2026,3,"17456",0,"Neal, Elias"
2026,3,"16370",0,"Jones, Nic"
2026,3,"17491",0,"Connors, Dean"
2026,3,"16299",0,"Davis, Derius"
2026,3,"13754",0,"Yiadom, Isaac"
2026,3,"16304",0,"Ward, Jay"
2026,3,"12988",0,"Jones, Jonathan"
2026,3,"13227",0,"Lewis, Jourdan"
2026,3,"17293",0,"Pritchett, Jamaal"
2026,3,"16571",0,"McCollum, Tristin"
2026,3,"17365",0,"McMillon, Donovan"
2026,3,"17644",0,"Koziol, Tanner"
2026,3,"15461",0,"Lopez, Roy"
2026,3,"15521",0,"Ogbongbemiga, Amen"
2026,3,"17354",0,"Wax, Marlowe"
2026,3,"17287",0,"Ivey, Jared"
2026,3,"17603",0,"Orange, Domonique"
2026,3,"15109",0,"Westbrook-Ikhine, Nick"
2026,3,"16312",0,"Whyle, Josh"
2026,3,"17799",0,"Katsis, Kolbe"
2026,3,"17649",0,"Prunty, Karon"
2026,3,"17665",0,"Obiazor, Namdi"
2026,3,"13455",0,"Ricard, Patrick"
2026,3,"13638",0,"Berrios, Braxton"
2026,3,"17561",0,"McCoy, Jermod"
2026,3,"16787",0,"Laulu, Jonah"
2026,3,"15319",0,"Palmer, Joshua"
2026,3,"16422",0,"Remigio, Nikko"
2026,3,"17478",0,"Allen, Kaytron"
2026,3,"16850",0,"Saylors, Jacob"
2026,3,"15341",0,"Morris, Quintin"
2026,3,"14919",0,"Igbinoghene, Noah"
2026,3,"15765",0,"Austin, Kevin"
2026,3,"14012",0,"Ford, Mike"
2026,3,"17231",0,"Bartholomew, Gavin"
2026,3,"14319",0,"Beck, Andrew"
2026,3,"16054",0,"Blackwell, Josh"
2026,3,"17058",0,"Brooks, Tahj"
2026,3,"15944",0,"Leonard, Deane"
2026,3,"17614",0,"Canady, Jadon"
2026,3,"16232",0,"Morris, Mike"
2026,3,"16428",0,"Smith, Xavier"
2026,3,"14940",0,"Highsmith, Alex"
2026,3,"15916",0,"Ogletree, Drew"
2026,3,"15903",0,"Anderson, Tycen"
2026,3,"17034",0,"Ewers, Quinn"
2026,3,"16894",0,"McGregor, Braiden"
2026,3,"17396",0,"Williams, Ke'Shawn"
2026,3,"17201",0,"James, Shemar"
2026,3,"17791",0,"Tyus, Anthony"
2026,3,"16336",0,"Braswell, Christian"
2026,3,"16816",0,"Brooks, British"
2026,3,"16352",0,"Hellams, DeMarcco"
2026,3,"16642",0,"Stover, Cade"
2026,3,"17655",0,"Traore, Seydou"
2026,3,"13769",0,"Street, Kentavius"
2026,3,"15565",0,"Hoecht, Michael"
2026,3,"13678",0,"Thomas, Ian"
2026,3,"17076",0,"Bond, Isaiah"
2026,3,"14847",0,"Duvernay, Devin"
2026,3,"16722",0,"Knight, Tyrice"
2026,3,"14870",0,"Trautman, Adam"
2026,3,"17795",0,"Arkin, Tanner"
2026,3,"17590",0,"Ponds, D'Angelo"
2026,3,"16443",0,"O'Connell, Patrick"
2026,3,"16166",0,"Tucker, Sean"
2026,3,"17645",0,"Elliott, Keyshaun"
2026,3,"15288",0,"Moore, Elijah"
2026,3,"14083",0,"Homer, Travis"
2026,3,"17449",0,"Woodard, Jackson"
2026,3,"17620",0,"Wetjen, Kaden"
2026,3,"16635",0,"McCaffrey, Luke"
2026,3,"15772",0,"Covey, Britain"
2026,3,"16305",0,"Abdullah, Yasir"
2026,3,"16302",0,"Lacy, Tyler"
2026,3,"13199",0,"Thomas, Solomon"
2026,3,"16267",0,"Stevenson, Tyrique"
2026,3,"15943",0,"Hardy, Daniel"
2026,3,"12955",0,"Manhertz, Chris"
2026,3,"17692",0,"Fisher, Aiden"
2026,3,"16732",0,"Gould, Anthony"
2026,3,"15727",0,"Knight, Bam"
2026,3,"16520",0,"Durden, Cory"
2026,3,"16175",0,"Johnson, Roschon"
2026,3,"12217",0,"Fowler, Dante"
2026,3,"17476",0,"Singleton, Nicholas"
2026,3,"15975",0,"Sanborn, Jack"
2026,3,"16746",0,"Ali, Rasheen"
2026,3,"16940",0,"Whiteheart, Blake"
2026,3,"17154",0,"Alexander, Darius"
2026,3,"10292",0,"Jordan, Cameron"
2026,3,"16750",0,"Oladapo, Kitan"
2026,3,"16390",0,"McLaughlin, Jaleel"
2026,3,"17330",0,"Stackhouse, Nazir"
2026,3,"16325",0,"Clark, Kei'Trel"
2026,3,"14108",0,"Dortch, Greg"
2026,3,"14833",0,"Jeudy, Jerry"
2026,3,"17232",0,"Wester, LaJohntay"
2026,3,"17108",0,"Arroyo, Elijah"
2026,3,"14942",0,"Burgess, Terrell"
2026,3,"15353",0,"Surratt, Chazz"
2026,3,"16391",0,"Luepke, Hunter"
2026,3,"17165",0,"Caldwell, Jamaree"
2026,3,"15771",0,"Martin, Tay"
2026,3,"16926",0,"Reid, Winston"
2026,3,"16720",0,"Richardson, Decamerion"
2026,3,"16645",0,"All, Erick"
2026,3,"16745",0,"Simpson, Jaylin"
2026,3,"17368",0,"Martin, Keyon"
2026,3,"16197",0,"Mingo, Jonathan"
2026,3,"16655",0,"Robinson, Chop"
2026,3,"16345",0,"Speed, Ameer"
2026,3,"17768",0,"Burke, Ethan"
2026,3,"15173",0,"Tart, Teair"
2026,3,"15788",0,"Tolbert, Jalen"
2026,3,"15676",0,"Anderson, Zayne"
2026,3,"15413",0,"Rumph, Chris"
2026,3,"17567",0,"Delp, Oscar"
2026,3,"17129",0,"Morrison, Benjamin"
2026,3,"17427",0,"Taylor, Reese"
2026,3,"17518",0,"Allen, Cyrus"
2026,3,"16664",0,"Trotter Jr., Jeremiah"
2026,3,"17161",0,"Burch, Jordan"
2026,3,"16395",0,"Cropper, Jalen"
2026,3,"14971",0,"Washington, Broderick"
2026,3,"17587",0,"Moore, Derrick"
2026,3,"14442",0,"Kuntz, Christian"
2026,3,"16989",0,"Wood, Julius"
2026,3,"14155",0,"Collier, L.J."
2026,3,"17430",0,"Clark, Jordan"
2026,3,"17776",0,"Chambers, Tahj"
2026,3,"17055",0,"James, Jordan"
2026,3,"17558",0,"Allen, CJ"
2026,3,"17593",0,"Klein, Marlin"
2026,3,"16440",0,"Murphy, Caleb"
2026,3,"17512",0,"Williams, Antonio"
2026,3,"17662",0,"Kelly, Jack"
2026,3,"12608",0,"Winchester, James"
2026,3,"17323",0,"Barron, Justin"
2026,3,"17195",0,"Mills, Rylie"
2026,3,"17362",0,"Reid, Karene"
2026,3,"17078",0,"Bech, Jack"
2026,3,"16516",0,"Wheat, Tyrus"
2026,3,"13676",0,"Smythe, Durham"
2026,3,"17771",0,"Thomas, Skyler"
2026,3,"15382",0,"Onwuzurike, Levi"
2026,3,"17548",0,"Joly, Justin"
2026,3,"17353",0,"Walker, Jahdae"
2026,3,"17643",0,"Demmings, Charles"
2026,3,"17146",0,"Williams, Tyleik"
2026,3,"16649",0,"Johnson, Theo"
2026,3,"14151",0,"Ferrell, Clelin"
2026,3,"17185",0,"Buchanan, Teddye"
2026,3,"17787",0,"Anderson, Liam"
2026,3,"16749",0,"Solomon, Javon"
2026,3,"17639",0,"Abney, Keith"
2026,3,"15392",0,"St-Juste, Benjamin"
2026,3,"16633",0,"Whittington, Jordan"
2026,3,"15767",0,"Jones, Velus"
2026,3,"16293",0,"Phillips, Clark"
2026,3,"15194",0,"Christiansen, Cole"
2026,3,"15918",0,"Jackson, Jordan"
2026,3,"16759",0,"Muasau, Darius"
2026,3,"17648",0,"Nowakowski, Riley"
2026,3,"16644",0,"Sinnott, Ben"
2026,3,"15103",0,"Gilliam, Reggie"
2026,3,"16831",0,"Martin-Robinson, David"
2026,3,"15859",0,"Taylor-Britt, Cam"
2026,3,"17547",0,"Klare, Max"
2026,3,"16603",0,"Davis, Ray"
2026,3,"15857",-0.1,"Williams, Sam"
2026,3,"17507",-0.1,"Branch, Zachariah"
2026,3,"17071",-0.1,"McMillan, Tetairoa"
2026,3,"13427",-0.1,"Tonyan, Robert"
2026,3,"17542",-0.1,"Young, Colbie"
2026,3,"14815",-0.1,"Dallas, DeeJay"
2026,3,"15344",-0.2,"Bates, John"
2026,3,"16221",-0.2,"Schoonmaker, Luke"
2026,3,"17521",-0.3,"Thomas, Zavion"
2026,3,"15873",-0.3,"Bellinger, Daniel"
2026,3,"15799",-0.4,"Ferguson, Jake"
2026,3,"17031",-0.5,"Sanders, Shedeur"
2026,3,"12676",-0.5,"Henry, Hunter"
2026,3,"16165",-0.5,"Spears, Tyjae"
2026,3,"15329",-0.5,"Pitts, Kyle"
2026,3,"16777",-0.5,"Johnson, Cedric"
2026,3,"15335",-0.5,"Farrell, Luke"
2026,3,"11872",-0.5,"Harris, Shelby"
2026,3,"16359",-0.5,"Nichols, Lew"
2026,3,"13133",-0.7,"Perine, Samaje"
2026,3,"15712",-0.7,"Allgeier, Tyler"
2026,3,"16515",-0.7,"Finley, AJ"
2026,3,"17048",-0.8,"Johnson, Kaleb"
2026,3,"15761",-0.8,"Shakir, Khalil"
2026,3,"14138",-0.8,"Hockenson, T.J."
2026,3,"16580",-0.8,"Maye, Drake"
2026,3,"15798",-0.9,"Likely, Isaiah"
2026,3,"13782",-0.9,"Dickson, Michael"
2026,3,"13629",-1,"Ridley, Calvin"
2026,3,"16628",-1,"McMillan, Jalen"
2026,3,"14867",-1,"Kmet, Cole"
2026,3,"15292",-1,"Brown, Dyami"
2026,3,"12776",-1,"Killebrew, Miles"
2026,3,"17213",-1,"Hawes, Jackson"
2026,3,"14871",-1,"Parkinson, Colby"
2026,3,"17706",-1,"Benson, Malik"
2026,3,"16242",-1,"Ringo, Kelee"
2026,3,"17667",-1,"Perkins, Harold"
2026,3,"16621",-1,"Walker, Devontez"
2026,3,"17530",-1,"Bond, Lewis"
2026,3,"16364",-1,"Brooks, Jalen"
2026,3,"17220",-1,"Borregales, Andres"
2026,3,"12325",-1,"Burton, Michael"
2026,3,"11679",-1,"Beckham, Odell"
2026,3,"13793",-1,"Valdes-Scantling, Marquez"
2026,3,"13348",-1,"Moore, David"
2026,3,"16898",-1.1,"Yankoff, Colson"
2026,3,"16598",-1.2,"Irving, Bucky"
2026,3,"17481",-1.3,"Claiborne, Demond"
2026,3,"14860",-1.3,"Jennings, Jauan"
2026,3,"14143",-1.5,"Knox, Dawson"
2026,3,"14200",-1.5,"Tavai, Jahlani"
2026,3,"14218",-1.5,"Okereke, Bobby"
2026,3,"16919",-1.5,"Jenkins, E.J."
2026,3,"14146",-1.5,"Sample, Drew"
2026,3,"13802",-1.5,"Martin, Jake"
2026,3,"15140",-1.6,"Lewis, Cam"
2026,3,"13690",-1.7,"Sweat, Josh"
2026,3,"17677",-1.7,"Pride, Toriano"
2026,3,"16432",-1.7,"Wilson, Emanuel"
2026,3,"14842",-1.8,"Pittman, Michael"
2026,3,"14252",-1.8,"Jackson, Michael"
2026,3,"17251",-1.8,"Robinson, Micah"
2026,3,"17680",-2,"Spears-Jennings, Robert"
2026,3,"17097",-2,"Felton, Tai"
2026,3,"16640",-2,"Cowing, Jacob"
2026,3,"13189",-2,"Engram, Evan"
2026,3,"16660",-2,"Robinson, Darius"
2026,3,"15255",-2,"Gainwell, Kenneth"
2026,3,"11367",-2,"Juszczyk, Kyle"
2026,3,"12155",-2.1,"Abdullah, Ameer"
2026,3,"13718",-2.1,"Carlson, Daniel"
2026,3,"16778",-2.1,"Flournoy, Ryan"
2026,3,"15595",-2.2,"Campbell, Elijah"
2026,3,"14059",-2.3,"Jones, Daniel"
2026,3,"16340",-2.3,"Hallett, Erick"
2026,3,"17073",-2.3,"Ayomanor, Elic"
2026,3,"15979",-2.3,"Dicker, Cameron"
2026,3,"17784",-2.5,"Herman, DJ"
2026,3,"17696",-2.5,"Ryan, Carsen"
2026,3,"17112",-2.5,"Carter, Abdul"
2026,3,"14379",-2.5,"Woods, Josh"
2026,3,"17605",-2.5,"Kacmarek, Will"
2026,3,"14209",-2.7,"Oliver, Josh"
2026,3,"17591",-2.7,"Boerkircher, Nate"
2026,3,"17376",-2.7,"Knowles, Kevin"
2026,3,"17528",-2.9,"Coleman, Kevin"
2026,3,"16593",-3,"Corum, Blake"
2026,3,"17519",-3,"Lance, Bryce"
2026,3,"16414",-3.2,"Aubrey, Brandon"
2026,3,"16253",-3.2,"Forbes, Emmanuel"
2026,3,"13354",-3.3,"Butker, Harrison"
2026,3,"16218",-3.5,"Durham, Payne"
2026,3,"15985",-3.6,"Bell, Markquese"
2026,3,"16793",-4,"Williams, James"
2026,3,"17407",-4,"Rucci, Hayden"
2026,3,"16217",-4,"Latu, Cameron"
2026,3,"14800",-4.4,"Dobbins, J.K."
2026,3,"16680",-4.5,"Little, Cam"
2026,3,"12956",-5.4,"Lutz, Wil"
2026,3,"17668",-5.4,"Smack, Trey"
2026,3,"16164",-5.5,"Bigsby, Tank"
2026,3,"17099",-5.5,"Gadsden, Oronde"
2026,3,"17473",-5.6,"Price, Jadarian"
2026,3,"14600",-5.7,"Slye, Joey"
2026,3,"16171",-5.7,"Miller, Kendre"
2026,3,"17501",-5.7,"Concepcion, KC"
2026,3,"10313",-10,"Dalton, Andy"
2026,3,"17469",-10.7,"Daniels, Jalon"
2026,4,"16150",61.4,"Stroud, C.J."
2026,4,"12611",57.7,"Goff, Jared"
2026,4,"16148",50.2,"Young, Bryce"
2026,4,"10700",48,"Cousins, Kirk"
2026,4,"16255",44.7,"Banks, Deonte"
2026,4,"13593",43.3,"Jackson, Lamar"
2026,4,"12620",42.4,"Prescott, Dak"
2026,4,"16580",41.5,"Maye, Drake"
2026,4,"14777",41.5,"Burrow, Joe"
2026,4,"15698",37.4,"Purdy, Brock"
2026,4,"16583",36.6,"Penix Jr., Michael"
2026,4,"13116",35.5,"Mahomes, Patrick"
2026,4,"17071",35.4,"McMillan, Tetairoa"
2026,4,"15711",35.3,"Walker III, Kenneth"
2026,4,"14832",33.1,"Lamb, CeeDee"
2026,4,"15237",32.9,"Lawrence, Trevor"
2026,4,"17039",30,"Shough, Tyler"
2026,4,"15290",29.6,"Collins, Nico"
2026,4,"16161",29.4,"Robinson, Bijan"
2026,4,"17556",29.2,"Reese, Arvell"
2026,4,"16266",28.2,"Tuipulotu, Tuli"
2026,4,"13713",28.1,"Fitzpatrick, Minkah"
2026,4,"13214",27.8,"Watt, T.J."
2026,4,"15404",27.6,"Jones, Ernest"
2026,4,"16276",27.3,"Young, Byron"
2026,4,"15710",26.9,"Williams, Kyren"
2026,4,"14905",26.8,"Henderson, CJ"
2026,4,"15261",26.8,"Hubbard, Chuba"
2026,4,"16719",26.7,"Williams, Evan"
2026,4,"15787",26.7,"Thornton, Tyquan"
2026,4,"17066",26.5,"Monangai, Kyle"
2026,4,"13113",26.4,"Watson, Deshaun"
2026,4,"13813",25.8,"Oluokun, Foyesade"
2026,4,"16384",25.7,"Bagent, Tyson"
2026,4,"16617",25.7,"Coleman, Keon"
2026,4,"16675",25.4,"DeJean, Cooper"
2026,4,"14835",24.9,"Higgins, Tee"
2026,4,"16615",24.4,"Nabers, Malik"
2026,4,"17163",24.4,"Parrish, Jacob"
2026,4,"13227",24.4,"Lewis, Jourdan"
2026,4,"16582",23.8,"Nix, Bo"
2026,4,"13589",23.7,"Allen, Josh"
2026,4,"16223",23.2,"Anderson, Will"
2026,4,"15375",23,"Newsome, Greg"
2026,4,"12140",22.9,"Winston, Jameis"
2026,4,"16432",22.5,"Wilson, Emanuel"
2026,4,"17680",22.5,"Spears-Jennings, Robert"
2026,4,"14056",22.3,"Murray, Kyler"
2026,4,"7836",22.3,"Rodgers, Aaron"
2026,4,"16190",22.1,"Flowers, Zay"
2026,4,"13251",21.8,"Baker, Budda"
2026,4,"17030",21.8,"Ward, Cam"
2026,4,"15715",21.6,"Cook, James"
2026,4,"15716",21.4,"Robinson, Brian"
2026,4,"14138",21.3,"Hockenson, T.J."
2026,4,"16696",21.2,"Cooper, Edgerrin"
2026,4,"15808",21,"Karlaftis, George"
2026,4,"10266",21,"Heyward, Cameron"
2026,4,"14782",20.3,"Love, Jordan"
2026,4,"17059",20,"Gordon II, Ollie"
2026,4,"16714",19.7,"Jones, Jarrian"
2026,4,"12860",19.7,"Fairbairn, Ka'imi"
2026,4,"16012",19.6,"Alford, Dee"
2026,4,"15256",19.6,"Williams, Javonte"
2026,4,"13281",19.5,"Douglas, Rasul"
2026,4,"16896",19.5,"Shrader, Spencer"
2026,4,"16450",19,"Thomas, Drake"
2026,4,"16681",18.8,"Reichard, Will"
2026,4,"16680",18.8,"Little, Cam"
2026,4,"14244",18.7,"Gay, Matt"
2026,4,"14925",18.6,"Uche, Josh"
2026,4,"16211",18.4,"Nacua, Puka"
2026,4,"15756",18.4,"Williams, Jameson"
2026,4,"15751",18.2,"London, Drake"
2026,4,"16080",18.1,"Shaheed, Rashid"
2026,4,"15346",18,"Rousseau, Gregory"
2026,4,"17736",17.9,"Zvada, Dominic"
2026,4,"15754",17.7,"Olave, Chris"
2026,4,"17153",17.7,"Mukuba, Andrew"
2026,4,"15378",17.6,"Oweh, Odafe"
2026,4,"16846",17.6,"Bates, Jake"
2026,4,"16630",17.6,"Williams, Isaiah"
2026,4,"12688",17.5,"Buckner, DeForest"
2026,4,"14153",17.5,"Allen, Zach"
2026,4,"17562",17.4,"Delane, Mansoor"
2026,4,"17080",17.3,"Noel, Jaylin"
2026,4,"13704",17.3,"Nwosu, Uchenna"
2026,4,"17361",17.3,"Ponder, Elijah"
2026,4,"14907",17,"Delpit, Grant"
2026,4,"14802",16.9,"Taylor, Jonathan"
2026,4,"13707",16.9,"Ward, Denzel"
2026,4,"16629",16.8,"Wilson, Roman"
2026,4,"16616",16.8,"Odunze, Rome"
2026,4,"14669",16.7,"Nixon, Keisean"
2026,4,"11721",16.6,"Mack, Khalil"
2026,4,"13839",16.5,"Sieler, Zach"
2026,4,"9431",16.3,"Stafford, Matthew"
2026,4,"15742",16.2,"Warren, Jaylen"
2026,4,"16650",16.1,"Turner, Dallas"
2026,4,"15779",16.1,"Doubs, Romeo"
2026,4,"16234",16.1,"Simpson, Trenton"
2026,4,"16738",16.1,"Carlies, Jaylon"
2026,4,"15432",16,"Carter, Michael"
2026,4,"16641",15.7,"Bowers, Brock"
2026,4,"13697",15.7,"Edmunds, Tremaine"
2026,4,"17042",15.7,"Jeanty, Ashton"
2026,4,"15880",15.6,"Evans, Akayleb"
2026,4,"17653",15.6,"Masses, Hezekiah"
2026,4,"16664",15.5,"Trotter Jr., Jeremiah"
2026,4,"14102",15.5,"Metcalf, DK"
2026,4,"14247",15.5,"Greenlaw, Dre"
2026,4,"17755",15.5,"Nwankpa, Xavier"
2026,4,"17500",15.3,"Boston, Denzel"
2026,4,"14157",15.2,"Williams, Quinnen"
2026,4,"15428",15,"Sherwood, Jamien"
2026,4,"13298",15,"Stewart, Grover"
2026,4,"15390",15,"McNeill, Alim"
2026,4,"16419",14.9,"Szmyt, Andre"
2026,4,"16019",14.9,"Hansen, Jake"
2026,4,"17144",14.7,"Emmanwori, Nick"
2026,4,"17136",14.6,"Nolen, Walter"
2026,4,"16226",14.6,"Wilson, Tyree"
2026,4,"13299",14.5,"Kittle, George"
2026,4,"14136",14.5,"Samuel, Deebo"
2026,4,"14235",14.5,"Tranquill, Drue"
2026,4,"17157",14.5,"TeSlaa, Isaac"
2026,4,"15911",14.4,"Araiza, Matt"
2026,4,"16214",14.3,"LaPorta, Sam"
2026,4,"17214",14.2,"Burke, Denzel"
2026,4,"17051",14.2,"Judkins, Quinshon"
2026,4,"15850",14,"Pitre, Jalen"
2026,4,"17172",14,"Woodson, Craig"
2026,4,"15762",14,"Pickens, George"
2026,4,"13228",14,"Hooker, Malik"
2026,4,"15875",14,"Belton, Dane"
2026,4,"15259",13.8,"Stevenson, Rhamondre"
2026,4,"16672",13.8,"Lassiter, Kamari"
2026,4,"15755",13.8,"Dotson, Jahan"
2026,4,"17162",13.8,"Walley, Justin"
2026,4,"13132",13.6,"Kamara, Alvin"
2026,4,"16701",13.6,"Rakestraw, Ennis"
2026,4,"17667",13.5,"Perkins, Harold"
2026,4,"14899",13.5,"Kinlaw, Javon"
2026,4,"14169",13.5,"Wilson, Mack"
2026,4,"17554",13.5,"Parker, T.J."
2026,4,"17586",13.5,"Rodriguez, Jacob"
2026,4,"17752",13.4,"Meyers, Dohnte"
2026,4,"14953",13.3,"Dye, Troy"
2026,4,"16185",13.2,"Smith-Njigba, Jaxon"
2026,4,"13920",13.2,"Ward, Charvarius"
2026,4,"17124",13,"Carter, Barrett"
2026,4,"16660",13,"Robinson, Darius"
2026,4,"11872",13,"Harris, Shelby"
2026,4,"15461",13,"Lopez, Roy"
2026,4,"16212",12.9,"Mayer, Michael"
2026,4,"17511",12.9,"Fields, Malachi"
2026,4,"13869",12.7,"Bojorquez, Corey"
2026,4,"15834",12.6,"Hamilton, Kyle"
2026,4,"16206",12.5,"Wilson, Michael"
2026,4,"17497",12.5,"Tate, Carnell"
2026,4,"14412",12.5,"Singleton, Alex"
2026,4,"16708",12.5,"Smith, Tykee"
2026,4,"13987",12.5,"Spillane, Robert"
2026,4,"13693",12.5,"Phillips, Harrison"
2026,4,"15853",12.5,"Mafe, Boye"
2026,4,"15292",12.5,"Brown, Dyami"
2026,4,"12678",12.4,"Higbee, Tyler"
2026,4,"13592",12.3,"Darnold, Sam"
2026,4,"17469",12.3,"Daniels, Jalon"
2026,4,"17070",12.3,"Burden, Luther"
2026,4,"15380",12.2,"Campbell, Tyson"
2026,4,"13785",12.2,"Neal, Siran"
2026,4,"14957",12.1,"Robertson, Amik"
2026,4,"14251",12,"Cashman, Blake"
2026,4,"14900",12,"Madubuike, Nnamdi"
2026,4,"15388",12,"Ossai, Joseph"
2026,4,"13723",12,"Payne, Da'Ron"
2026,4,"17146",12,"Williams, Tyleik"
2026,4,"12141",12,"Mariota, Marcus"
2026,4,"14892",12,"Brooks, Jordyn"
2026,4,"15809",12,"Johnson, Jermaine"
2026,4,"16679",12,"Nubin, Tyler"
2026,4,"16292",11.9,"Ryland, Chad"
2026,4,"12676",11.9,"Henry, Hunter"
2026,4,"16716",11.8,"Wilson, Payton"
2026,4,"11671",11.7,"Evans, Mike"
2026,4,"17160",11.7,"Umanmielen, Princely"
2026,4,"11150",11.6,"Smith, Geno"
2026,4,"17350",11.6,"Huntington, Adin"
2026,4,"15358",11.5,"Togiai, Tommy"
2026,4,"15814",11.5,"Thomas, Cameron"
2026,4,"16684",11.5,"Washington, Malik"
2026,4,"14909",11.5,"Winfield, Antoine"
2026,4,"17241",11.2,"Crawshaw, Jeremy"
2026,4,"13848",11.2,"Johnston, Cam"
2026,4,"17044",11.1,"Hampton, Omarion"
2026,4,"14225",11.1,"Crosby, Maxx"
2026,4,"13448",11.1,"Butler, Adam"
2026,4,"15894",11.1,"Woolen, Tariq"
2026,4,"15352",11.1,"Collins, Zaven"
2026,4,"17068",11.1,"Harvey, RJ"
2026,4,"17333",11.1,"Cooper, Darius"
2026,4,"17229",11,"Lane, Rayuan"
2026,4,"13431",11,"Sanchez, Rigoberto"
2026,4,"17132",11,"Starks, Malaki"
2026,4,"13743",11,"Warner, Fred"
2026,4,"14163",11,"Simmons, Jeffery"
2026,4,"13303",11,"Elliott, Jake"
2026,4,"13332",11,"Jones, D.J."
2026,4,"16269",11,"Strange, Brenton"
2026,4,"17551",11,"Bailey, David"
2026,4,"15405",10.9,"Stephens, Brandon"
2026,4,"12754",10.9,"Collins, Maliek"
2026,4,"12626",10.8,"Henry, Derrick"
2026,4,"17668",10.8,"Smack, Trey"
2026,4,"16676",10.8,"Kinchens, Kamren"
2026,4,"16655",10.7,"Robinson, Chop"
2026,4,"16457",10.7,"Izien, Christian"
2026,4,"13731",10.6,"Hughes, Mike"
2026,4,"14956",10.6,"Sneed, L'Jarius"
2026,4,"12741",10.5,"Jones, Chris"
2026,4,"14161",10.5,"Tillery, Jerry"
2026,4,"15173",10.5,"Tart, Teair"
2026,4,"16239",10.5,"Campbell, Jack"
2026,4,"15822",10.5,"Lloyd, Devin"
2026,4,"16651",10.4,"Latu, Laiatu"
2026,4,"17269",10.4,"Chism, Efton"
2026,4,"13690",10.4,"Sweat, Josh"
2026,4,"13678",10.4,"Thomas, Ian"
2026,4,"15718",10.3,"Badie, Tyler"
2026,4,"16788",10.3,"Vele, Devaughn"
2026,4,"15051",10.2,"Townsend, Tommy"
2026,4,"16222",10.2,"Kraft, Tucker"
2026,4,"10816",10.1,"Davis, Demario"
2026,4,"17664",10.1,"Eckley, Ryan"
2026,4,"16620",10,"Worthy, Xavier"
2026,4,"13770",10,"Franklin-Myers, John"
2026,4,"16794",10,"Briggs, Jowon"
2026,4,"17190",10,"Hemingway, Tonka"
2026,4,"16455",10,"Cox, Brenton"
2026,4,"15287",10,"St. Brown, Amon-Ra"
2026,4,"15817",10,"Davis, Jordan"
2026,4,"15752",9.9,"Burks, Treylon"
2026,4,"16241",9.9,"Witherspoon, Devon"
2026,4,"15712",9.8,"Allgeier, Tyler"
2026,4,"13294",9.8,"Ebukam, Samson"
2026,4,"14789",9.8,"Huntley, Tyler"
2026,4,"15857",9.8,"Williams, Sam"
2026,4,"17052",9.7,"Tuten, Bhayshul"
2026,4,"16390",9.6,"McLaughlin, Jaleel"
2026,4,"17592",9.6,"Igbinosun, Davison"
2026,4,"15377",9.6,"Stokes, Eric"
2026,4,"17261",9.5,"Biggers, Zeek"
2026,4,"15089",9.5,"Roach, Malcolm"
2026,4,"17074",9.5,"Hunter, Travis"
2026,4,"13672",9.5,"Gesicki, Mike"
2026,4,"17209",9.5,"Black, Yahya"
2026,4,"13681",9.5,"Chubb, Bradley"
2026,4,"11706",9.3,"Clowney, Jadeveon"
2026,4,"16734",9.3,"Booker, Austin"
2026,4,"16729",9.2,"Still, Tarheeb"
2026,4,"17397",9.2,"Striggow, Danny"
2026,4,"15293",9.2,"Bateman, Rashod"
2026,4,"16300",9.2,"McGuire, Isaiah"
2026,4,"15589",9.2,"White, Cody"
2026,4,"13289",9.1,"Hollins, Mack"
2026,4,"16532",9,"Nowaske, Trevor"
2026,4,"14237",9,"Gaines, Greg"
2026,4,"16174",9,"Rodriguez, Chris"
2026,4,"14877",9,"Young, Chase"
2026,4,"13130",9,"McCaffrey, Christian"
2026,4,"16713",9,"Carter, DeWayne"
2026,4,"17123",9,"Campbell, Jihaad"
2026,4,"16305",9,"Abdullah, Yasir"
2026,4,"17082",8.9,"Bryant, Pat"
2026,4,"15329",8.9,"Pitts, Kyle"
2026,4,"15856",8.8,"Taylor, Alontae"
2026,4,"16333",8.8,"Higgins, Elijah"
2026,4,"14149",8.7,"Gary, Rashan"
2026,4,"15895",8.6,"McCollum, Zyon"
2026,4,"17679",8.6,"Kaliakmanis, Athan"
2026,4,"16228",8.6,"Smith, Nolan"
2026,4,"15979",8.6,"Dicker, Cameron"
2026,4,"17389",8.6,"Okoye, CJ"
2026,4,"17143",8.6,"Thomas, Azareye'h"
2026,4,"15335",8.5,"Farrell, Luke"
2026,4,"13208",8.5,"Allen, Jonathan"
2026,4,"12739",8.5,"Clark, Kenny"
2026,4,"17131",8.5,"Watts, Xavier"
2026,4,"14167",8.5,"Hines-Allen, Josh"
2026,4,"13933",8.5,"Ford, Poona"
2026,4,"17112",8.5,"Carter, Abdul"
2026,4,"14218",8.5,"Okereke, Bobby"
2026,4,"16295",8.5,"Conner, Chamarri"
2026,4,"16162",8.4,"Gibbs, Jahmyr"
2026,4,"17527",8.4,"Cameron, Josh"
2026,4,"15836",8.4,"Hill, Daxton"
2026,4,"17575",8.3,"McNeil-Warren, Emmanuel"
2026,4,"15386",8.3,"Odeyingbo, Dayo"
2026,4,"16181",8.2,"Brown, Chase"
2026,4,"14908",8.1,"McKinney, Xavier"
2026,4,"10814",8.1,"Anger, Bryan"
2026,4,"17642",8,"Rivers, Chandler"
2026,4,"15832",8,"Stingley Jr., Derek"
2026,4,"14159",8,"Lawrence, Dexter"
2026,4,"17568",8,"Mesidor, Akheem"
2026,4,"11723",8,"Van Noy, Kyle"
2026,4,"15284",8,"Waddle, Jaylen"
2026,4,"16018",8,"Blankenship, Reed"
2026,4,"17203",8,"Bassa, Jeffrey"
2026,4,"16703",8,"Phillips, Andru"
2026,4,"16284",8,"Williams, Dorian"
2026,4,"17262",8,"Diggs, Fadil"
2026,4,"14179",8,"Love, Julian"
2026,4,"17589",8,"Trotter, Josiah"
2026,4,"16712",8,"Hunt, Jalyx"
2026,4,"16296",8,"Miller, Ventrell"
2026,4,"14995",8,"Metellus, Josh"
2026,4,"15805",8,"Hutchinson, Aidan"
2026,4,"16072",8,"Cochrane, Jack"
2026,4,"15846",7.8,"Walker, Quay"
2026,4,"17339",7.8,"McNamara, Austin"
2026,4,"16757",7.7,"Vidal, Kimani"
2026,4,"16274",7.6,"Williams, Garrett"
2026,4,"16662",7.6,"Jenkins, Kris"
2026,4,"14170",7.6,"Bush, Devin"
2026,4,"17072",7.5,"Harris, Tre"
2026,4,"16369",7.5,"Ojomo, Moro"
2026,4,"14910",7.5,"Jones, Brandon"
2026,4,"14933",7.5,"Blackmon, Julian"
2026,4,"16767",7.5,"Davis, Tyler"
2026,4,"15001",7.5,"Curl, Kamren"
2026,4,"16352",7.5,"Hellams, DeMarcco"
2026,4,"14985",7.5,"Mann, Braden"
2026,4,"15892",7.5,"Booker, Thomas"
2026,4,"17222",7.5,"Loop, Tyler"
2026,4,"16280",7.5,"Henley, Daiyan"
2026,4,"14897",7.5,"Brown, Derrick"
2026,4,"16596",7.4,"Allen, Braelon"
2026,4,"15255",7.4,"Gainwell, Kenneth"
2026,4,"17104",7.4,"Loveland, Colston"
2026,4,"15868",7.3,"Jones, Marcus"
2026,4,"14833",7.2,"Jeudy, Jerry"
2026,4,"16649",7.2,"Johnson, Theo"
2026,4,"16731",7.2,"Hart, Cam"
2026,4,"17128",7.2,"Barron, Jahdae"
2026,4,"17604",7.1,"Everette, Daylen"
2026,4,"13319",7.1,"Jones, Aaron"
2026,4,"16460",7,"Hickman, Ronnie"
2026,4,"16252",7,"McDonald, Will"
2026,4,"17768",7,"Burke, Ethan"
2026,4,"13774",7,"Reed, D.J."
2026,4,"17174",7,"Walker, Deone"
2026,4,"17581",7,"Cisse, Brandon"
2026,4,"17769",7,"Hall, Aaron"
2026,4,"17103",6.9,"Fannin, Harold"
2026,4,"16689",6.9,"Murphy, Byron"
2026,4,"16618",6.9,"Thomas Jr., Brian"
2026,4,"15761",6.9,"Shakir, Khalil"
2026,4,"14861",6.8,"Johnson, Juwan"
2026,4,"16403",6.8,"Tinsley, Mitchell"
2026,4,"17501",6.8,"Concepcion, KC"
2026,4,"17169",6.8,"Stout, Upton"
2026,4,"17141",6.8,"Hairston, Maxwell"
2026,4,"16201",6.7,"Hutchinson, Xavier"
2026,4,"17102",6.7,"Warren, Tyler"
2026,4,"16267",6.6,"Stevenson, Tyrique"
2026,4,"13802",6.6,"Martin, Jake"
2026,4,"17116",6.5,"Sawyer, Jack"
2026,4,"16302",6.5,"Lacy, Tyler"
2026,4,"17601",6.5,"Haulcy, A.J."
2026,4,"13322",6.5,"Clark, Chuck"
2026,4,"15418",6.5,"Bynum, Camryn"
2026,4,"16188",6.5,"Johnston, Quentin"
2026,4,"17120",6.5,"Green, Mike"
2026,4,"17125",6.5,"Knight, Demetrius"
2026,4,"14943",6.5,"Davis-Gaither, Akeem"
2026,4,"15355",6.5,"Bolton, Nick"
2026,4,"11769",6.5,"Lawrence, Demarcus"
2026,4,"16927",6.5,"Redmond, Jalen"
2026,4,"13888",6.5,"Gardeck, Dennis"
2026,4,"16264",6.5,"Benton, Keeanu"
2026,4,"12645",6.4,"Treadwell, Laquon"
2026,4,"16949",6.4,"Tremayne, Brycen"
2026,4,"16216",6.4,"Washington, Darnell"
2026,4,"16367",6.4,"Willis, Brayden"
2026,4,"15789",6.4,"Watson, Christian"
2026,4,"17221",6.3,"Harris, Marcus"
2026,4,"17627",6.3,"Hibner, Matthew"
2026,4,"17352",6.2,"Kroeger, Kai"
2026,4,"15798",6.2,"Likely, Isaiah"
2026,4,"17622",6.2,"Muhammad, Malik"
2026,4,"15668",6.2,"Waitman, Corliss"
2026,4,"14904",6.2,"Fulton, Kristian"
2026,4,"16728",6.2,"Pritchett, Nehemiah"
2026,4,"14227",6.2,"Wishnowsky, Mitch"
2026,4,"16010",6.2,"Wright, Ryan"
2026,4,"15384",6.2,"Samuel, Asante"
2026,4,"13764",6.2,"Johnson, Taron"
2026,4,"17689",6.1,"Doman, Tommy"
2026,4,"16224",6.1,"Murphy, Myles"
2026,4,"16165",6.1,"Spears, Tyjae"
2026,4,"17563",6,"Downs, Caleb"
2026,4,"16230",6,"Van Ness, Lukas"
2026,4,"17674",6,"Curry, Caden"
2026,4,"16870",6,"Speights, Omar"
2026,4,"15869",6,"Bernard, Terrel"
2026,4,"14434",6,"Reaves, Jeremy"
2026,4,"13404",6,"Ekeler, Austin"
2026,4,"16661",6,"Hall Jr., Michael"
2026,4,"17557",6,"Styles, Sonny"
2026,4,"16452",6,"Whelan, Daniel"
2026,4,"14182",6,"Hooker, Amani"
2026,4,"15946",6,"Thomas II, Rodney"
2026,4,"16246",6,"Johnson, Antonio"
2026,4,"16705",6,"Bullock, Calen"
2026,4,"14217",6,"Barton, Cody"
2026,4,"15402",6,"Molden, Elijah"
2026,4,"17147",6,"Schwesinger, Carson"
2026,4,"14888",5.9,"Chaisson, K'Lavon"
2026,4,"13710",5.8,"Davis, Carlton"
2026,4,"15884",5.7,"Stout, Jordan"
2026,4,"17045",5.7,"Skattebo, Cam"
2026,4,"16186",5.7,"Addison, Jordan"
2026,4,"16598",5.7,"Irving, Bucky"
2026,4,"11367",5.6,"Juszczyk, Kyle"
2026,4,"16178",5.6,"Mitchell, Keaton"
2026,4,"16009",5.5,"Gibbens, Jack"
2026,4,"15819",5.5,"Wyatt, Devonte"
2026,4,"16058",5.5,"Herring, Malik"
2026,4,"17600",5.5,"McClellan, Chris"
2026,4,"17154",5.5,"Alexander, Darius"
2026,4,"13782",5.5,"Dickson, Michael"
2026,4,"16282",5.5,"Turner, Kobie"
2026,4,"13837",5.5,"Franklin, Zaire"
2026,4,"17181",5.5,"Ransom, Lathan"
2026,4,"17145",5.5,"Winston, Kevin"
2026,4,"12802",5.5,"Reader, D.J."
2026,4,"17560",5.5,"Hill Jr., Anthony"
2026,4,"17611",5.5,"Jackson, Darrell"
2026,4,"16700",5.5,"Bishop, Cole"
2026,4,"17796",5.5,"Valdez, Sebastian"
2026,4,"12735",5.5,"Rankins, Sheldon"
2026,4,"15366",5.5,"Holland, Jevon"
2026,4,"15835",5.5,"Brisker, Jaquan"
2026,4,"16166",5.5,"Tucker, Sean"
2026,4,"16778",5.4,"Flournoy, Ryan"
2026,4,"13671",5.4,"Andrews, Mark"
2026,4,"17624",5.4,"Lee, Will"
2026,4,"14800",5.4,"Dobbins, J.K."
2026,4,"15759",5.4,"Metchie, John"
2026,4,"16271",5.3,"Brown, Sydney"
2026,4,"17802",5.3,"Redman, Mark"
2026,4,"16193",5.2,"Boutte, Kayshon"
2026,4,"16366",5.2,"Ivey, DJ"
2026,4,"15833",5.2,"Gardner, Sauce"
2026,4,"17573",5.2,"Johnson, Chris"
2026,4,"17098",5.2,"Horton, Tory"
2026,4,"12218",5.1,"Armstead, Arik"
2026,4,"14127",5.1,"Meyers, Jakobi"
2026,4,"16346",5,"Winters, Dee"
2026,4,"16725",5,"Mustapha, Malik"
2026,4,"17149",5,"Tuimoloau, JT"
2026,4,"14219",5,"Dean, Jamel"
2026,4,"13952",5,"Luvu, Frankie"
2026,4,"17617",5,"Rolder, Jimmy"
2026,4,"15757",5,"Robinson, Wan'Dale"
2026,4,"14221",5,"Williams, Quincy"
2026,4,"15861",5,"Bonitto, Nik"
2026,4,"17180",5,"Walker, David"
2026,4,"12699",5,"Billings, Andrew"
2026,4,"17207",5,"Sigle, Marques"
2026,4,"16257",5,"Anudike-Uzomah, Felix"
2026,4,"16759",5,"Muasau, Darius"
2026,4,"10783",5,"Smith, Harrison"
2026,4,"16261",5,"Brents, Julius"
2026,4,"15681",5,"Elliss, Christian"
2026,4,"12988",5,"Jones, Jonathan"
2026,4,"16387",5,"Brooks, Chris"
2026,4,"17167",5,"Sanker, Jonas"
2026,4,"16232",5,"Morris, Mike"
2026,4,"17472",5,"Love, Jeremiyah"
2026,4,"14158",5,"Oliver, Ed"
2026,4,"17640",5,"Taaffe, Michael"
2026,4,"17632",5,"Barrett, Nick"
2026,4,"15565",5,"Hoecht, Michael"
2026,4,"17408",5,"Turner, Jordan"
2026,4,"16351",4.9,"Evans, Ethan"
2026,4,"15802",4.9,"Otton, Cade"
2026,4,"17079",4.9,"Johnson, Tez"
2026,4,"13694",4.9,"Settle, Tim"
2026,4,"16291",4.9,"Adebawore, Adetomiwa"
2026,4,"12956",4.8,"Lutz, Wil"
2026,4,"15527",4.6,"Key, Devon"
2026,4,"17164",4.6,"Williams, Nohl"
2026,4,"15387",4.5,"Werner, Pete"
2026,4,"13199",4.5,"Thomas, Solomon"
2026,4,"17613",4.5,"Halton, Gracen"
2026,4,"11327",4.5,"Jefferson, Tony"
2026,4,"17165",4.5,"Caldwell, Jamaree"
2026,4,"13692",4.5,"Vea, Vita"
2026,4,"16235",4.5,"Hall, Derick"
2026,4,"14947",4.5,"Wonnum, D.J."
2026,4,"16344",4.5,"Stills, Dante"
2026,4,"14085",4.5,"Pollard, Tony"
2026,4,"14934",4.5,"Elliott, Jordan"
2026,4,"12361",4.5,"Nunez-Roches, Rakeem"
2026,4,"16694",4.5,"Fiske, Braden"
2026,4,"13737",4.5,"Bates, Jessie"
2026,4,"16164",4.5,"Bigsby, Tank"
2026,4,"17204",4.5,"Roberts, Elijah"
2026,4,"16642",4.5,"Stover, Cade"
2026,4,"12305",4.5,"Jarrett, Grady"
2026,4,"13263",4.5,"Awuzie, Chidobe"
2026,4,"14967",4.4,"Vildor, Kindle"
2026,4,"16614",4.4,"Harrison Jr., Marvin"
2026,4,"16695",4.4,"Melton, Max"
2026,4,"15362",4.4,"Surtain II, Patrick"
2026,4,"17073",4.4,"Ayomanor, Elic"
2026,4,"15281",4.4,"Chase, Ja'Marr"
2026,4,"15331",4.4,"Freiermuth, Pat"
2026,4,"17187",4.4,"Riley, Quincy"
2026,4,"17200",4.4,"Marshall, Jason"
2026,4,"12752",4.3,"Byard, Kevin"
2026,4,"12263",4.2,"Waller, Darren"
2026,4,"12221",4.2,"Hunter, Danielle"
2026,4,"16175",4.1,"Johnson, Roschon"
2026,4,"16268",4.1,"Turner, DJ"
2026,4,"17475",4.1,"McGowan, Seth"
2026,4,"16691",4,"Orhorhoro, Ruke"
2026,4,"17202",4,"Trader, Dante"
2026,4,"16677",4,"Bullard, Javon"
2026,4,"16520",4,"Durden, Cory"
2026,4,"17225",4,"McLeod, Jalen"
2026,4,"17277",4,"Fitzgerald, Ryan"
2026,4,"15821",4,"Dean, Nakobe"
2026,4,"15923",4,"Lake, Quentin"
2026,4,"16263",4,"Martin, Quan"
2026,4,"14322",4,"Edwards, T.J."
2026,4,"17155",4,"Gillotte, Ashton"
2026,4,"14997",4,"Rodgers, Isaiah"
2026,4,"11286",4,"Jenkins, John"
2026,4,"13798",4,"Fatukasi, Foley"
2026,4,"14927",4,"Chinn, Jeremy"
2026,4,"16227",4,"Harrison, Zach"
2026,4,"15859",4,"Taylor-Britt, Cam"
2026,4,"17597",4,"Height, Romello"
2026,4,"17191",4,"Farmer, Joshua"
2026,4,"16770",4,"Boyd, Khristian"
2026,4,"16657",4,"Dorlus, Brandon"
2026,4,"15898",4,"Ogbonnia, Otito"
2026,4,"13744",4,"Shepherd, Nathan"
2026,4,"17564",4,"Ramsey, Kamari"
2026,4,"14940",4,"Highsmith, Alex"
2026,4,"15365",4,"Moehrig, Trevon"
2026,4,"17520",4,"Hurst, Ted"
2026,4,"11383",3.9,"Martin, Sam"
2026,4,"17075",3.9,"Golden, Matthew"
2026,4,"16287",3.8,"Tucker, Tre"
2026,4,"13844",3.7,"Cooke, Logan"
2026,4,"16690",3.6,"Mitchell, Quinyon"
2026,4,"15904",3.6,"Bland, DaRon"
2026,4,"17099",3.6,"Gadsden, Oronde"
2026,4,"16702",3.6,"Green, Renardo"
2026,4,"17492",3.6,"Donaldson, CJ"
2026,4,"16954",3.6,"Wallace, Josh"
2026,4,"17616",3.6,"Scott, Keionte"
2026,4,"14071",3.6,"Montgomery, David"
2026,4,"16735",3.6,"Abrams-Draine, Kris"
2026,4,"17256",3.5,"Croskey-Merritt, Jacory"
2026,4,"17412",3.5,"O'Toole, Connor"
2026,4,"13717",3.5,"Reid, Justin"
2026,4,"14979",3.5,"Strnad, Justin"
2026,4,"17628",3.5,"Daniels, Kendal"
2026,4,"17576",3.5,"Thieneman, Dillon"
2026,4,"12772",3.5,"Murray, Eric"
2026,4,"17629",3.5,"Boettcher, Bryce"
2026,4,"17105",3.5,"Helm, Gunnar"
2026,4,"16653",3.5,"Verse, Jared"
2026,4,"13696",3.5,"Smith, Roquan"
2026,4,"16245",3.5,"Battle, Jordan"
2026,4,"17577",3.5,"Wheatley, Zakee"
2026,4,"16281",3.5,"Brown, Ji'Ayir"
2026,4,"15753",3.4,"Wilson, Garrett"
2026,4,"16345",3.4,"Speed, Ameer"
2026,4,"15866",3.4,"Flott, Cordale"
2026,4,"15445",3.4,"Lenoir, Deommodore"
2026,4,"15989",3.4,"Jobe, Josh"
2026,4,"13193",3.3,"Smith, Jonnu"
2026,4,"11945",3.2,"Santos, Cairo"
2026,4,"13163",3.2,"Godwin, Chris"
2026,4,"14630",3.1,"Cole, A.J."
2026,4,"14983",3.1,"Bass, Tyler"
2026,4,"16878",3.1,"Steward, Reddy"
2026,4,"13810",3,"Joseph-Day, Sebastian"
2026,4,"15393",3,"Odighizuwa, Osa"
2026,4,"12764",3,"Hargrave, Javon"
2026,4,"15398",3,"Jones, Patrick"
2026,4,"17808",3,"McGraw, Rodney"
2026,4,"17189",3,"Robinson, Quandarrius"
2026,4,"15397",3,"Golston, Chauncey"
2026,4,"15676",3,"Anderson, Zayne"
2026,4,"14224",3,"Gardner-Johnson, Chauncey"
2026,4,"17587",3,"Moore, Derrick"
2026,4,"17126",3,"Stutsman, Danny"
2026,4,"14086",3,"Hill, Justice"
2026,4,"15412",3,"Brown, Bobby"
2026,4,"16303",3,"Herbig, Nick"
2026,4,"17140",3,"Mondon, Smael"
2026,4,"14249",3,"Van Ginkel, Andrew"
2026,4,"16013",3,"Landman, Nate"
2026,4,"17672",3,"Gill-Howard, Skyler"
2026,4,"17766",3,"Hunter, Erick"
2026,4,"15076",3,"Rozeboom, Christian"
2026,4,"15396",3,"Deablo, Divine"
2026,4,"16265",3,"Dexter, Gervon"
2026,4,"12697",3,"Robinson, A'Shawn"
2026,4,"14954",3,"Hawkins, Jaylinn"
2026,4,"16233",3,"Carter, Jalen"
2026,4,"16294",3,"Wooden, Colby"
2026,4,"17584",3,"Jacas, Gabe"
2026,4,"15812",3,"Hall, Logan"
2026,4,"16667",3,"Gray, Cedric"
2026,4,"17193",3,"Ingram-Dawkins, Tyrion"
2026,4,"16278",3,"Diaby, YaYa"
2026,4,"17369",3,"Ajiake, Austin"
2026,4,"17171",3,"Dike, Chimere"
2026,4,"15446",3,"Slaton, Tedarrell"
2026,4,"17355",3,"Chambliss, Chaz"
2026,4,"16771",2.8,"Crumedy, Jaden"
2026,4,"14315",2.8,"Dulin, Ashton"
2026,4,"8851",2.8,"Folk, Nick"
2026,4,"12323",2.8,"Pinion, Bradley"
2026,4,"16693",2.8,"Sweat, T'Vondre"
2026,4,"15368",2.6,"McPherson, Evan"
2026,4,"15330",2.6,"Jordan, Brevin"
2026,4,"16663",2.6,"Eboigbe, Justin"
2026,4,"14901",2.5,"Gallimore, Neville"
2026,4,"15877",2.5,"Uwazurike, Eyioma"
2026,4,"17219",2.5,"Pegues, JJ"
2026,4,"9051",2.5,"Campbell, Calais"
2026,4,"16499",2.5,"Blair, Chris"
2026,4,"14889",2.5,"Murray, Kenneth"
2026,4,"16262",2.5,"White, Keion"
2026,4,"17196",2.5,"Phillips, Jordan"
2026,4,"15918",2.5,"Jackson, Jordan"
2026,4,"15955",2.5,"Yeast, Russ"
2026,4,"17135",2.5,"Ezeiruaku, Donovan"
2026,4,"14148",2.5,"Sweat, Montez"
2026,4,"14302",2.5,"Scott, Nick"
2026,4,"15473",2.5,"McDuffie, Isaiah"
2026,4,"13750",2.5,"Burks, Oren"
2026,4,"17726",2.5,"Stevens, Drew"
2026,4,"17410",2.5,"Combs, Branson"
2026,4,"16513",2.5,"London, LaCale"
2026,4,"16678",2.4,"Vaki, Sione"
2026,4,"17598",2.4,"Davis, Tacario"
2026,4,"17053",2.4,"Marks, Woody"
2026,4,"17097",2.3,"Felton, Tai"
2026,4,"16279",2.2,"Moss, Riley"
2026,4,"14180",2.2,"Murphy, Byron"
2026,4,"16907",2.2,"Roland-Wallace, Chris"
2026,4,"15849",2.2,"McCreary, Roger"
2026,4,"13223",2.2,"Humphrey, Marlon"
2026,4,"15944",2.2,"Leonard, Deane"
2026,4,"16913",2.2,"Woods, Charles"
2026,4,"12795",2,"Judon, Matt"
2026,4,"13447",2,"Wilson, Eric"
2026,4,"12217",2,"Fowler, Dante"
2026,4,"17630",2,"Overton, LT"
2026,4,"15943",2,"Hardy, Daniel"
2026,4,"15334",2,"Long, Hunter"
2026,4,"14154",2,"Nelson, Anthony"
2026,4,"16242",2,"Ringo, Kelee"
2026,4,"10292",2,"Jordan, Cameron"
2026,4,"14379",2,"Woods, Josh"
2026,4,"13682",2,"Key, Arden"
2026,4,"14982",2,"Gilman, Alohi"
2026,4,"17605",2,"Kacmarek, Will"
2026,4,"17623",2,"Elarms-Orr, Kaleb"
2026,4,"15129",2,"Dorsey, Khalil"
2026,4,"14260",2,"Holcomb, Cole"
2026,4,"14896",2,"Queen, Patrick"
2026,4,"17474",2,"Johnson, Emmett"
2026,4,"16359",2,"Nichols, Lew"
2026,4,"17588",2,"Young, Zion"
2026,4,"17571",2,"Golday, Jake"
2026,4,"14737",2,"Giles-Harris, Joe"
2026,4,"17182",2,"Sorrell, Barryn"
2026,4,"17805",2,"Ford, Trace"
2026,4,"17117",2,"Jackson, Landon"
2026,4,"15914",2,"Rodriguez, Malcolm"
2026,4,"14495",2,"Gifford, Luke"
2026,4,"15356",2,"Browning, Baron"
2026,4,"15806",2,"Thibodeaux, Kayvon"
2026,4,"13685",2,"Okoronkwo, Ogbonnia"
2026,4,"16138",2,"Olubi, Segun"
2026,4,"16894",2,"McGregor, Braiden"
2026,4,"13325",2,"Woods, Xavier"
2026,4,"17201",2,"James, Shemar"
2026,4,"15907",2,"Robinson, Dominique"
2026,4,"14600",1.9,"Slye, Joey"
2026,4,"13635",1.9,"Moore, D.J."
2026,4,"15337",1.9,"Gray, Noah"
2026,4,"17499",1.9,"Lemon, Makai"
2026,4,"14797",1.8,"Swift, D'Andre"
2026,4,"13354",1.8,"Butker, Harrison"
2026,4,"15840",1.7,"Woods, Jelani"
2026,4,"17062",1.7,"Sanders, Raheim"
2026,4,"13164",1.6,"Kupp, Cooper"
2026,4,"13629",1.6,"Ridley, Calvin"
2026,4,"14143",1.6,"Knox, Dawson"
2026,4,"11793",1.5,"Jones, DaQuan"
2026,4,"17579",1.5,"Banks, Caleb"
2026,4,"17582",1.5,"Stukes, Treydan"
2026,4,"14930",1.5,"Hamilton, Davon"
2026,4,"17330",1.5,"Stackhouse, Nazir"
2026,4,"13317",1.5,"Godchaux, Davon"
2026,4,"14815",1.5,"Dallas, DeeJay"
2026,4,"14963",1.5,"Thomas, Daniel"
2026,4,"16324",1.5,"Brooks, Karl"
2026,4,"16761",1.5,"Hill, Jamal"
2026,4,"14971",1.5,"Washington, Broderick"
2026,4,"17797",1.5,"Williams, Wydett"
2026,4,"16666",1.5,"Eichenberg, Tommy"
2026,4,"15382",1.5,"Onwuzurike, Levi"
2026,4,"14467",1.5,"Phillips, Del'Shawn"
2026,4,"16298",1.5,"Robinson, Tavius"
2026,4,"14975",1.5,"Murchison, Larrell"
2026,4,"15899",1.5,"Jackson, D'Marco"
2026,4,"15618",1.5,"Jones, Naquan"
2026,4,"17244",1.5,"Lindenberg, Cody"
2026,4,"17583",1.5,"Thomas, R Mason"
2026,4,"17570",1.5,"Hunter, Lee"
2026,4,"17666",1.5,"van den Berg, Jordan"
2026,4,"12698",1.5,"Reed, Jarran"
2026,4,"16697",1.5,"Smith, Maason"
2026,4,"15921",1.5,"Jackson, Theo"
2026,4,"16727",1.5,"Hicks, Jaden"
2026,4,"16304",1.5,"Ward, Jay"
2026,4,"17365",1.5,"McMillon, Donovan"
2026,4,"13759",1.5,"Armstrong, Dorance"
2026,4,"16014",1.5,"Adams, Tony"
2026,4,"15391",1.5,"Williams, Milton"
2026,4,"16342",1.5,"Douglas, Demario"
2026,4,"17746",1.5,"Bailey, Wesley"
2026,4,"17158",1.5,"Broughton, Vernon"
2026,4,"17319",1.5,"Clark, Alijah"
2026,4,"13201",1.5,"Barnett, Derek"
2026,4,"15910",1.5,"Ridgeway, John"
2026,4,"16144",1.5,"Garcia, Elijah"
2026,4,"13769",1.5,"Street, Kentavius"
2026,4,"12225",1.5,"Williams, Leonard"
2026,4,"17268",1.5,"Briningstool, Jake"
2026,4,"16391",1.4,"Luepke, Hunter"
2026,4,"14095",1.4,"Johnson, Ty"
2026,4,"15499",1.4,"Gillikin, Blake"
2026,4,"17607",1.4,"Raridon, Eli"
2026,4,"12677",1.3,"Hooper, Austin"
2026,4,"13772",1.3,"Schultz, Dalton"
2026,4,"13791",1.3,"Scott, J.K."
2026,4,"16356",1.2,"Valentine, Carrington"
2026,4,"16325",1.2,"Clark, Kei'Trel"
2026,4,"15881",1.2,"Jones, Jack"
2026,4,"17347",1.2,"Vaughn, Zemaiah"
2026,4,"12711",1.2,"Ramsey, Jalen"
2026,4,"16288",1.2,"Blackmon, Mekhi"
2026,4,"16253",1.2,"Forbes, Emmanuel"
2026,4,"13832",1.2,"Sanders, Jason"
2026,4,"16754",1.2,"Stiggers, Qwan'tez"
2026,4,"17503",1.2,"Bernard, Germie"
2026,4,"13270",1.2,"Moreau, Fabian"
2026,4,"15369",1.2,"Patterson, Riley"
2026,4,"13738",1.2,"Jackson, Donte"
2026,4,"17785",1.2,"Shelley, Rodney"
2026,4,"17197",1.2,"McWilliams, Mac"
2026,4,"16784",1.1,"Harden, Myles"
2026,4,"15301",1.1,"Atwell, Tutu"
2026,4,"16670",1.1,"McKinstry, Kool-Aid"
2026,4,"16601",1.1,"Shipley, Will"
2026,4,"17109",1.1,"Evans, Mitchell"
2026,4,"15890",1,"McFadden, Micah"
2026,4,"17803",1,"Pulley, Maximus"
2026,4,"17016",1,"Jones, Truman"
2026,4,"16741",1,"Smith-Wade, Chau"
2026,4,"17606",1,"Barham, Jaishawn"
2026,4,"16777",1,"Johnson, Cedric"
2026,4,"13330",1,"Muhammad, Al-Quadin"
2026,4,"15851",1,"Ebiketie, Arnold"
2026,4,"16919",1,"Jenkins, E.J."
2026,4,"16940",1,"Whiteheart, Blake"
2026,4,"16887",1,"Rehkow, Ryan"
2026,4,"14108",1,"Dortch, Greg"
2026,4,"16364",1,"Brooks, Jalen"
2026,4,"16745",1,"Simpson, Jaylin"
2026,4,"17379",1,"Mascarenas-Arnold, Easton"
2026,4,"16217",1,"Latu, Cameron"
2026,4,"17427",1,"Taylor, Reese"
2026,4,"17161",1,"Burch, Jordan"
2026,4,"14880",1,"Kareem, Khalid"
2026,4,"15498",1,"Stuard, Grant"
2026,4,"17662",1,"Kelly, Jack"
2026,4,"15815",1,"Walker, Travon"
2026,4,"15409",1,"Barnes, Derrick"
2026,4,"14328",1,"Wingard, Andrew"
2026,4,"13676",1,"Smythe, Durham"
2026,4,"12716",1,"Mills, Jalen"
2026,4,"16516",1,"Wheat, Tyrus"
2026,4,"17683",1,"Kuwatch, Jackson"
2026,4,"17186",1,"Moore, Malachi"
2026,4,"16485",1,"Incoom, Thomas"
2026,4,"17376",1,"Knowles, Kevin"
2026,4,"17771",1,"Thomas, Skyler"
2026,4,"17553",1,"Faulk, Keldric"
2026,4,"17178",1,"Simon, Cody"
2026,4,"13688",1,"Davenport, Marcus"
2026,4,"17658",1,"Sharar, Karson"
2026,4,"16654",1,"Elliss, Jonah"
2026,4,"16529",1,"Leota, Eku"
2026,4,"17185",1,"Buchanan, Teddye"
2026,4,"16911",1,"Stalbird, Isaiah"
2026,4,"16310",1,"Robinson, Jammie"
2026,4,"17343",1,"Jules, PJ"
2026,4,"15194",1,"Christiansen, Cole"
2026,4,"16145",1,"McMillian, Ja'Quan"
2026,4,"14414",1,"Owens, Jonathan"
2026,4,"15364",1,"Cisco, Andre"
2026,4,"16383",1,"Pace, Ivan"
2026,4,"16328",1,"Barnes, Zaire"
2026,4,"17660",1,"Sharp, Bauer"
2026,4,"16370",1,"Jones, Nic"
2026,4,"14879",1,"Epenesa, A.J."
2026,4,"13315",1,"Saubert, Eric"
2026,4,"17419",1,"Latu, Keleki"
2026,4,"15521",1,"Ogbongbemiga, Amen"
2026,4,"16958",1,"Miller, Ryan"
2026,4,"17633",1,"Josephs, Joshua"
2026,4,"17665",1,"Obiazor, Namdi"
2026,4,"17507",1,"Branch, Zachariah"
2026,4,"16375",1,"Williamson, Kendall"
2026,4,"17118",1,"Stewart, Josaiah"
2026,4,"15469",1,"Hamlin, Damar"
2026,4,"17804",1,"Walker, Kani"
2026,4,"16636",1,"Corley, Malachi"
2026,4,"17651",1,"Cuevas, Josh"
2026,4,"16752",1,"Davis, Isaiah"
2026,4,"14012",1,"Ford, Mike"
2026,4,"15303",1,"Fehoko, Simi"
2026,4,"15349",1,"Phillips, Jaelan"
2026,4,"17619",1,"Dennis-Sutton, Dani"
2026,4,"15481",1,"Johnson, Patrick"
2026,4,"17626",1,"Smith, Genesis"
2026,4,"17780",1,"Price, Jayden"
2026,4,"16872",1,"Andreessen, Joe"
2026,4,"14926",1,"Gay, Willie"
2026,4,"16443",1,"O'Connell, Patrick"
2026,4,"17220",0.9,"Borregales, Andres"
2026,4,"15730",0.9,"Goodson, Tyler"
2026,4,"17481",0.9,"Claiborne, Demond"
2026,4,"15032",0.7,"Fox, Jack"
2026,4,"16187",0.7,"Downs, Josh"
2026,4,"14239",0.7,"Moreau, Foster"
2026,4,"16299",0.7,"Davis, Derius"
2026,4,"11985",0.7,"Way, Tress"
2026,4,"17590",0.7,"Ponds, D'Angelo"
2026,4,"16883",0.6,"Johnson, Kameron"
2026,4,"14717",0.6,"McLaughlin, Chase"
2026,4,"17485",0.6,"Black, Kaelon"
2026,4,"16195",0.6,"Wicks, Dontayvion"
2026,4,"14867",0.6,"Kmet, Cole"
2026,4,"11244",0.5,"Kelce, Travis"
2026,4,"14942",0.5,"Burgess, Terrell"
2026,4,"15771",0.5,"Martin, Tay"
2026,4,"17807",0.5,"Keller, Jaden"
2026,4,"17061",0.5,"Allen, LeQuint"
2026,4,"17362",0.5,"Reid, Karene"
2026,4,"17323",0.5,"Barron, Justin"
2026,4,"16710",0.5,"Hopper, Ty'Ron"
2026,4,"16515",0.5,"Finley, AJ"
2026,4,"16118",0.5,"Brown, Mike"
2026,4,"17265",0.5,"Dolac, Shaun"
2026,4,"16647",0.5,"Spann-Ford, Brevyn"
2026,4,"17491",0.5,"Connors, Dean"
2026,4,"15109",0.5,"Westbrook-Ikhine, Nick"
2026,4,"16850",0.5,"Saylors, Jacob"
2026,4,"12776",0.5,"Killebrew, Miles"
2026,4,"15650",0.5,"Prentice, Adam"
2026,4,"14319",0.5,"Beck, Andrew"
2026,4,"14887",0.5,"Simmons, Isaiah"
2026,4,"15916",0.5,"Ogletree, Drew"
2026,4,"17580",0.5,"Lawrence, Malachi"
2026,4,"14472",0.5,"Dodson, Tyrel"
2026,4,"15965",0.5,"Chestnut, Julius"
2026,4,"17791",0.5,"Tyus, Anthony"
2026,4,"17449",0.5,"Woodard, Jackson"
2026,4,"11675",0.4,"Adams, Davante"
2026,4,"14370",0.4,"Hudson, Tanner"
2026,4,"16603",0.4,"Davis, Ray"
2026,4,"16723",0.4,"Barner, AJ"
2026,4,"15332",0.4,"Tremble, Tommy"
2026,4,"17043",0.4,"Henderson, TreVeyon"
2026,4,"16621",0.3,"Walker, Devontez"
2026,4,"15941",0.3,"Young, Dareke"
2026,4,"17231",0.3,"Bartholomew, Gavin"
2026,4,"13066",0.2,"Raymond, Kalif"
2026,4,"16593",0.2,"Corum, Blake"
2026,4,"15799",0.2,"Ferguson, Jake"
2026,4,"17081",0.1,"Egbuka, Emeka"
2026,4,"17360",0.1,"Price, Myles"
2026,4,"17574",0,"Hood, Colton"
2026,4,"16732",0,"Gould, Anthony"
2026,4,"16314",0,"Dennis, SirVocea"
2026,4,"17706",0,"Benson, Malik"
2026,4,"13470",0,"Moore, Kenny"
2026,4,"10267",0,"Miller, Von"
2026,4,"15727",0,"Knight, Bam"
2026,4,"13811",0,"Smith, Tremon"
2026,4,"16619",0,"Franklin, Troy"
2026,4,"16218",0,"Durham, Payne"
2026,4,"17250",0,"Wohler, Hunter"
2026,4,"16472",0,"Thomas, Juanyeh"
2026,4,"17108",0,"Arroyo, Elijah"
2026,4,"17232",0,"Wester, LaJohntay"
2026,4,"17199",0,"Hamilton, Ty"
2026,4,"17011",0,"Wayne, Jared"
2026,4,"15975",0,"Sanborn, Jack"
2026,4,"13246",0,"Alie-Cox, Mo"
2026,4,"17636",0,"Dugger, Jaden"
2026,4,"16332",0,"Ramirez, Jose"
2026,4,"16746",0,"Ali, Rasheen"
2026,4,"16750",0,"Oladapo, Kitan"
2026,4,"17049",0,"Smith, Brashard"
2026,4,"17368",0,"Martin, Keyon"
2026,4,"17137",0,"Harmon, Derrick"
2026,4,"17635",0,"Johnson, Dalton"
2026,4,"17763",0,"Fordham, Caden"
2026,4,"13427",0,"Tonyan, Robert"
2026,4,"16786",0,"Drake-Rodriguez, Levi"
2026,4,"16645",0,"All, Erick"
2026,4,"17166",0,"Ransaw, Caleb"
2026,4,"15797",0,"Dulcich, Greg"
2026,4,"17552",0,"Howell, Cashius"
2026,4,"17184",0,"Lane, Jaylin"
2026,4,"15413",0,"Rumph, Chris"
2026,4,"12325",0,"Burton, Michael"
2026,4,"17286",0,"Higgins, Jay"
2026,4,"15788",0,"Tolbert, Jalen"
2026,4,"16440",0,"Murphy, Caleb"
2026,4,"17788",0,"Gushiken, Kapena"
2026,4,"14164",0,"Jones, Dre'Mont"
2026,4,"13418",0,"Bourne, Kendrick"
2026,4,"12608",0,"Winchester, James"
2026,4,"15363",0,"Melifonwu, Ifeatu"
2026,4,"16817",0,"Taylor, Leonard"
2026,4,"14442",0,"Kuntz, Christian"
2026,4,"12234",0,"Dupree, Bud"
2026,4,"17224",0,"Smith, Tim"
2026,4,"17762",0,"Garnes, Ayden"
2026,4,"15448",0,"Pinnock, Jason"
2026,4,"16247",0,"Skinner, JL"
2026,4,"17776",0,"Chambers, Tahj"
2026,4,"15443",0,"Wallow, Garret"
2026,4,"16737",0,"Newton, Josh"
2026,4,"15124",0,"Pierre, James"
2026,4,"17121",0,"Graham, Mason"
2026,4,"17388",0,"Simmons, Elijah"
2026,4,"14548",0,"Bachman, Alex"
2026,4,"16724",0,"Taylor, Tory"
2026,4,"17195",0,"Mills, Rylie"
2026,4,"15942",0,"Ford, Jonathan"
2026,4,"15767",0,"Jones, Velus"
2026,4,"16749",0,"Solomon, Javon"
2026,4,"17639",0,"Abney, Keith"
2026,4,"15392",0,"St-Juste, Benjamin"
2026,4,"14146",0,"Sample, Drew"
2026,4,"17334",0,"Meeks, Jackson"
2026,4,"17353",0,"Walker, Jahdae"
2026,4,"17793",0,"Slaughter, Doneiko"
2026,4,"17114",0,"Stewart, Shemar"
2026,4,"16608",0,"Holani, George"
2026,4,"17648",0,"Nowakowski, Riley"
2026,4,"17798",0,"Reid, Mike"
2026,4,"16644",0,"Sinnott, Ben"
2026,4,"17753",0,"Thomas, Jacob"
2026,4,"14675",0,"Tuttle, Shy"
2026,4,"14254",0,"Omenihu, Charles"
2026,4,"17547",0,"Klare, Max"
2026,4,"13348",0,"Moore, David"
2026,4,"15103",0,"Gilliam, Reggie"
2026,4,"16831",0,"Martin-Robinson, David"
2026,4,"16311",0,"Howden, Jordan"
2026,4,"16258",0,"Smith, Mazi"
2026,4,"13927",0,"Dickerson, Matt"
2026,4,"17156",0,"Porter, Darien"
2026,4,"17223",0,"Reed, Jaylen"
2026,4,"16527",0,"VanSumeren, Ben"
2026,4,"16357",0,"Jones, Andre"
2026,4,"15981",0,"Turpin, KaVontae"
2026,4,"16376",0,"Johnson, Desjuan"
2026,4,"16869",0,"Richter, Bo"
2026,4,"14672",0,"Reeder, Troy"
2026,4,"15786",0,"Nailor, Jalen"
2026,4,"17789",0,"Couch, Te'Cory"
2026,4,"14503",0,"Kennedy, Tom"
2026,4,"13288",0,"Jenkins, Rayshawn"
2026,4,"17784",0,"Herman, DJ"
2026,4,"15345",0,"Paye, Kwity"
2026,4,"15823",0,"Harris, Christian"
2026,4,"14924",0,"Johnson, Jaylon"
2026,4,"17168",0,"Smith, Jaylin"
2026,4,"15395",0,"Koonce, Malcolm"
2026,4,"16776",0,"Hadden, Kamal"
2026,4,"17247",0,"Bruener, Carson"
2026,4,"15862",0,"Emerson, Martin"
2026,4,"17549",0,"Roush, Sam"
2026,4,"17192",0,"Watkins, Jordan"
2026,4,"17644",0,"Koziol, Tanner"
2026,4,"15985",0,"Bell, Markquese"
2026,4,"16312",0,"Whyle, Josh"
2026,4,"15595",0,"Campbell, Elijah"
2026,4,"16254",0,"Kancey, Calijah"
2026,4,"13754",0,"Yiadom, Isaac"
2026,4,"16698",0,"Sainristil, Mike"
2026,4,"16912",0,"McCollough, Jaylen"
2026,4,"14911",0,"Davis, Ashtyn"
2026,4,"17142",0,"Revel, Shavon"
2026,4,"16474",0,"Adkins, Nate"
2026,4,"16102",0,"Pola-Mao, Isaiah"
2026,4,"10948",0,"Keenum, Case"
2026,4,"16704",0,"Wallace, Trevin"
2026,4,"14903",0,"Diggs, Trevon"
2026,4,"16203",0,"Jones, Charlie"
2026,4,"16793",0,"Williams, James"
2026,4,"15796",0,"Ruckert, Jeremy"
2026,4,"17649",0,"Prunty, Karon"
2026,4,"14420",0,"Ingold, Alec"
2026,4,"12155",0,"Abdullah, Ameer"
2026,4,"17000",0,"Heyward, Shaka"
2026,4,"17561",0,"McCoy, Jermod"
2026,4,"15614",0,"McCloud, Nick"
2026,4,"16054",0,"Blackwell, Josh"
2026,4,"17058",0,"Brooks, Tahj"
2026,4,"15903",0,"Anderson, Tycen"
2026,4,"17213",0,"Hawes, Jackson"
2026,4,"16736",0,"Brownlee, Jarvis"
2026,4,"15344",0,"Bates, John"
2026,4,"17696",0,"Ryan, Carsen"
2026,4,"15765",0,"Austin, Kevin"
2026,4,"16240",0,"Porter Jr., Joey"
2026,4,"17555",0,"Woods, Peter"
2026,4,"17602",0,"Regis, Albert"
2026,4,"14950",0,"Wallace, K'Von"
2026,4,"16194",0,"Rice, Rashee"
2026,4,"17790",0,"Eason, Bryson"
2026,4,"17677",0,"Pride, Toriano"
2026,4,"17777",0,"Harsh, Sabastian"
2026,4,"14200",0,"Tavai, Jahlani"
2026,4,"16613",0,"Laube, Dylan"
2026,4,"17407",0,"Rucci, Hayden"
2026,4,"17545",0,"Endries, Jack"
2026,4,"17415",0,"Kaho, Ale"
2026,4,"14198",0,"Ya-Sin, Rock"
2026,4,"15464",0,"Echols, Brandin"
2026,4,"17521",0,"Thomas, Zavion"
2026,4,"17641",0,"Bredeson, Max"
2026,4,"17773",0,"Edwards, TeRah"
2026,4,"16221",0,"Schoonmaker, Luke"
2026,4,"17274",0,"Kiner, Corey"
2026,4,"17655",0,"Traore, Seydou"
2026,4,"14876",0,"Deguara, Josiah"
2026,4,"15456",0,"Niemann, Nick"
2026,4,"13268",0,"Anzalone, Alex"
2026,4,"17176",0,"Robinson, Ty"
2026,4,"13669",0,"Turner, Malik"
2026,4,"15937",0,"Muse, Nick"
2026,4,"17620",0,"Wetjen, Kaden"
2026,4,"16273",0,"Young, Byron"
2026,4,"16674",0,"King, Kalen"
2026,4,"15863",0,"Jones, Travis"
2026,4,"15772",0,"Covey, Britain"
2026,4,"17778",0,"O'Neill, Eric"
2026,4,"14847",0,"Duvernay, Devin"
2026,4,"16722",0,"Knight, Tyrice"
2026,4,"15414",0,"Nwangwu, Kene"
2026,4,"12301",0,"Smith, Za'Darius"
2026,4,"17645",0,"Elliott, Keyshaun"
2026,4,"17170",0,"Jones, Sai'vion"
2026,4,"15288",0,"Moore, Elijah"
2026,4,"16213",-0.1,"Kincaid, Dalton"
2026,4,"12437",-0.1,"Myers, Jason"
2026,4,"15873",-0.1,"Bellinger, Daniel"
2026,4,"17076",-0.1,"Bond, Isaiah"
2026,4,"15491",-0.1,"Skowronek, Ben"
2026,4,"14727",-0.2,"Reynolds, Craig"
2026,4,"16747",-0.2,"Tracy, Tyrone"
2026,4,"17239",-0.2,"Mickens, R.J."
2026,4,"17510",-0.3,"Burks, Deion"
2026,4,"15956",-0.4,"Hicks, Elijah"
2026,4,"11247",-0.4,"Ertz, Zach"
2026,4,"17567",-0.5,"Delp, Oscar"
2026,4,"15492",-0.5,"Tonga, Khyiris"
2026,4,"17150",-0.5,"Oladejo, Oluwafemi"
2026,4,"14984",-0.5,"Woerner, Charlie"
2026,4,"15341",-0.5,"Morris, Quintin"
2026,4,"15800",-0.5,"Heyward, Connor"
2026,4,"17591",-0.5,"Boerkircher, Nate"
2026,4,"16189",-0.5,"Mims, Marvin"
2026,4,"17254",-0.6,"Mumpfield, Konata"
2026,4,"14256",-0.7,"Bailey, Jake"
2026,4,"14083",-0.7,"Homer, Travis"
2026,4,"15420",-0.8,"Rochell, Robert"
2026,4,"17505",-0.9,"Sarratt, Elijah"
2026,4,"15874",-0.9,"Butler, Percy"
2026,4,"16898",-1,"Yankoff, Colson"
2026,4,"16340",-1,"Hallett, Erick"
2026,4,"14592",-1,"Zaccheaus, Olamide"
2026,4,"17774",-1,"Welch, Treyton"
2026,4,"17518",-1,"Allen, Cyrus"
2026,4,"11674",-1,"Cooks, Brandin"
2026,4,"16414",-1,"Aubrey, Brandon"
2026,4,"16192",-1,"Washington, Parker"
2026,4,"13793",-1,"Valdes-Scantling, Marquez"
2026,4,"17707",-1,"Sturdivant, J Michael"
2026,4,"12658",-1,"Shepard, Sterling"
2026,4,"16880",-1,"Owens, Tyler"
2026,4,"15785",-1,"Melton, Bo"
2026,4,"17749",-1,"Reed, Ja'Seem"
2026,4,"13638",-1,"Berrios, Braxton"
2026,4,"14870",-1,"Trautman, Adam"
2026,4,"16640",-1.1,"Cowing, Jacob"
2026,4,"17476",-1.1,"Singleton, Nicholas"
2026,4,"13133",-1.1,"Perine, Samaje"
2026,4,"16610",-1.1,"Wright, Jaylen"
2026,4,"17179",-1.1,"Bowman, Billy"
2026,4,"14805",-1.1,"Dillon, AJ"
2026,4,"17048",-1.1,"Johnson, Kaleb"
2026,4,"17251",-1.2,"Robinson, Micah"
2026,4,"16673",-1.2,"Wiggins, Nate"
2026,4,"12186",-1.3,"Diggs, Stefon"
2026,4,"17478",-1.3,"Allen, Kaytron"
2026,4,"13455",-1.3,"Ricard, Patrick"
2026,4,"14860",-1.4,"Jennings, Jauan"
2026,4,"15254",-1.5,"Harris, Najee"
2026,4,"14882",-1.5,"Greenard, Jonathan"
2026,4,"16422",-1.5,"Remigio, Nikko"
2026,4,"17541",-1.5,"Brown, Barion"
2026,4,"17398",-1.7,"Jackson, Keondre"
2026,4,"15845",-1.8,"McDuffie, Trent"
2026,4,"15319",-1.9,"Palmer, Joshua"
2026,4,"15694",-1.9,"Willis, Malik"
2026,4,"15766",-1.9,"Moore, Skyy"
2026,4,"16197",-2,"Mingo, Jonathan"
2026,4,"14974",-2,"Mooney, Darnell"
2026,4,"14155",-2,"Collier, L.J."
2026,4,"17086",-2,"Royals, Jalen"
2026,4,"15889",-2,"Okonkwo, Chigoziem"
2026,4,"17609",-2,"Neal, Julian"
2026,4,"17354",-2,"Wax, Marlowe"
2026,4,"16627",-2,"McConkey, Ladd"
2026,4,"14842",-2,"Pittman, Michael"
2026,4,"17134",-2,"Williams, Kyle"
2026,4,"17482",-2.1,"Washington Jr., Mike"
2026,4,"16604",-2.2,"Lloyd, MarShawn"
2026,4,"17512",-2.3,"Williams, Antonio"
2026,4,"15794",-2.3,"McBride, Trey"
2026,4,"17692",-2.4,"Fisher, Aiden"
2026,4,"12955",-2.5,"Manhertz, Chris"
2026,4,"15244",-2.5,"Franks, Feleipe"
2026,4,"16989",-2.5,"Wood, Julius"
2026,4,"13940",-2.5,"Mundt, Johnny"
2026,4,"13189",-2.8,"Engram, Evan"
2026,4,"17621",-2.8,"Woodaz, Wade"
2026,4,"17528",-2.9,"Coleman, Kevin"
2026,4,"15452",-3,"Hufanga, Talanoa"
2026,4,"12842",-3,"Dixon, Riley"
2026,4,"17446",-3,"Jones, Jeshaun"
2026,4,"16843",-3.1,"Mevis, Harrison"
2026,4,"17519",-3.1,"Lance, Bryce"
2026,4,"16633",-3.2,"Whittington, Jordan"
2026,4,"15148",-3.2,"Franklin, Sam"
2026,4,"14962",-3.5,"Gipson, Trevis"
2026,4,"16496",-3.5,"Russell, Brady"
2026,4,"17603",-3.5,"Orange, Domonique"
2026,4,"17543",-4,"Sadiq, Kenyon"
2026,4,"13718",-4.2,"Carlson, Daniel"
2026,4,"13630",-4.2,"Sutton, Courtland"
2026,4,"17572",-4.2,"Terrell, Avieon"
2026,4,"10945",-4.3,"Hekker, Johnny"
2026,4,"13719",-4.4,"Pineiro, Eddy"
2026,4,"11936",-4.5,"Boswell, Chris"
2026,4,"16219",-4.5,"Allen, Davis"
2026,4,"15626",-4.9,"Wright, Brock"
2026,4,"17506",-5,"Bell, Chris"
2026,4,"17233",-5,"Medrano, Kain"
2026,4,"14779",-5.2,"Herbert, Justin"
2026,4,"14783",-5.3,"Hurts, Jalen"
2026,4,"13604",-5.5,"Barkley, Saquon"
2026,4,"16926",-6,"Reid, Winston"
2026,4,"16171",-6.7,"Miller, Kendre"
2026,4,"14059",-9.3,"Jones, Daniel"
2026,4,"12616",-28.2,"Brissett, Jacoby"
