season,player_id,pos,player_name,gp,total_points,ppg,pr_total,pr_avg,pr_final,robust_pr,snapshot_week
2026,16728,CB,"Pritchett, Nehemiah",1,27.5,27.5,1,1,1,FALSE,1
2026,14669,CB,"Nixon, Keisean",1,24.9,24.9,2,2,2,FALSE,1
2026,15124,CB,"Pierre, James",1,23.8,23.8,3,3,3,FALSE,1
2026,17573,CB,"Johnson, Chris",1,22,22,4,4,4,FALSE,1
2026,15895,CB,"McCollum, Zyon",1,20.6,20.6,5,5,5,FALSE,1
2026,13223,CB,"Humphrey, Marlon",1,19.6,19.6,6,6,6,FALSE,1
2026,17622,CB,"Muhammad, Malik",1,19.4,19.4,7,7,7,FALSE,1
2026,15989,CB,"Jobe, Josh",1,15.4,15.4,8.5,8.5,8.5,FALSE,1
2026,13774,CB,"Reed, D.J.",1,15.4,15.4,8.5,8.5,8.5,FALSE,1
2026,17624,CB,"Lee, Will",1,15,15,10.5,10.5,10.5,FALSE,1
2026,15849,CB,"McCreary, Roger",1,15,15,10.5,10.5,10.5,FALSE,1
2026,15845,CB,"McDuffie, Trent",1,14.8,14.8,12,12,12,FALSE,1
2026,12711,CB,"Ramsey, Jalen",1,14.6,14.6,13,13,13,FALSE,1
2026,14180,CB,"Murphy, Byron",1,13.4,13.4,14,14,14,FALSE,1
2026,16255,CB,"Banks, Deonte",1,12.8,12.8,15.5,15.5,15.5,FALSE,1
2026,17562,CB,"Delane, Mansoor",1,12.8,12.8,15.5,15.5,15.5,FALSE,1
2026,16702,CB,"Green, Renardo",1,12.5,12.5,17,17,17,FALSE,1
2026,15888,CB,"Durant, Decobie",1,12.2,12.2,18,18,18,FALSE,1
2026,16670,CB,"McKinstry, Kool-Aid",1,11.8,11.8,19.5,19.5,19.5,FALSE,1
2026,17143,CB,"Thomas, Azareye'h",1,11.8,11.8,19.5,19.5,19.5,FALSE,1
2026,14219,CB,"Dean, Jamel",1,11.6,11.6,21.5,21.5,21.5,FALSE,1
2026,13731,CB,"Hughes, Mike",1,11.6,11.6,21.5,21.5,21.5,FALSE,1
2026,14037,CB,"Davis, Jalen",1,11.4,11.4,23,23,23,FALSE,1
2026,13707,CB,"Ward, Denzel",1,11.2,11.2,24,24,24,FALSE,1
2026,16731,CB,"Hart, Cam",1,11,11,25.5,25.5,25.5,FALSE,1
2026,17164,CB,"Williams, Nohl",1,11,11,25.5,25.5,25.5,FALSE,1
2026,17129,CB,"Morrison, Benjamin",1,10.8,10.8,28,28,28,FALSE,1
2026,16279,CB,"Moss, Riley",1,10.8,10.8,28,28,28,FALSE,1
2026,15832,CB,"Stingley Jr., Derek",1,10.8,10.8,28,28,28,FALSE,1
2026,16251,CB,"Gonzalez, Christian",1,10.4,10.4,30,30,30,FALSE,1
2026,16267,CB,"Stevenson, Tyrique",1,10.2,10.2,31,31,31,FALSE,1
2026,17156,CB,"Porter, Darien",1,10,10,32,32,32,FALSE,1
2026,17127,CB,"Johnson, Will",1,9.4,9.4,33,33,33,FALSE,1
2026,14924,CB,"Johnson, Jaylon",1,9.2,9.2,34,34,34,FALSE,1
2026,16675,CB,"DeJean, Cooper",1,9.1,9.1,35,35,35,FALSE,1
2026,15904,CB,"Bland, DaRon",1,8.6,8.6,36.5,36.5,36.5,FALSE,1
2026,16673,CB,"Wiggins, Nate",1,8.6,8.6,36.5,36.5,36.5,FALSE,1
2026,15836,CB,"Hill, Daxton",1,8.4,8.4,38,38,38,FALSE,1
2026,14956,CB,"Sneed, L'Jarius",1,8.2,8.2,39,39,39,FALSE,1
2026,17221,CB,"Harris, Marcus",1,8,8,40.5,40.5,40.5,FALSE,1
2026,15881,CB,"Jones, Jack",1,8,8,40.5,40.5,40.5,FALSE,1
2026,16698,CB,"Sainristil, Mike",1,7.8,7.8,42,42,42,FALSE,1
2026,15933,CB,"Brown, Montaric",1,7.6,7.6,43.5,43.5,43.5,FALSE,1
2026,15380,CB,"Campbell, Tyson",1,7.6,7.6,43.5,43.5,43.5,FALSE,1
2026,13785,CB,"Neal, Siran",1,7.2,7.2,45,45,45,FALSE,1
2026,17162,CB,"Walley, Justin",1,7,7,46,46,46,FALSE,1
2026,14957,CB,"Robertson, Amik",1,6.6,6.6,47,47,47,FALSE,1
2026,16241,CB,"Witherspoon, Devon",1,6.5,6.5,48,48,48,FALSE,1
2026,17200,CB,"Marshall, Jason",1,6.4,6.4,49.5,49.5,49.5,FALSE,1
2026,17163,CB,"Parrish, Jacob",1,6.4,6.4,49.5,49.5,49.5,FALSE,1
2026,17142,CB,"Revel, Shavon",1,5.8,5.8,51,51,51,FALSE,1
2026,15445,CB,"Lenoir, Deommodore",1,5.4,5.4,52,52,52,FALSE,1
2026,17581,CB,"Cisse, Brandon",1,5.2,5.2,55,55,55,FALSE,1
2026,13281,CB,"Douglas, Rasul",1,5.2,5.2,55,55,55,FALSE,1
2026,14905,CB,"Henderson, CJ",1,5.2,5.2,55,55,55,FALSE,1
2026,13764,CB,"Johnson, Taron",1,5.2,5.2,55,55,55,FALSE,1
2026,16145,CB,"McMillian, Ja'Quan",1,5.2,5.2,55,55,55,FALSE,1
2026,17592,CB,"Igbinosun, Davison",1,5,5,58.5,58.5,58.5,FALSE,1
2026,16754,CB,"Stiggers, Qwan'tez",1,5,5,58.5,58.5,58.5,FALSE,1
2026,17128,CB,"Barron, Jahdae",1,4.8,4.8,61,61,61,FALSE,1
2026,17187,CB,"Riley, Quincy",1,4.8,4.8,61,61,61,FALSE,1
2026,17616,CB,"Scott, Keionte",1,4.8,4.8,61,61,61,FALSE,1
2026,16736,CB,"Brownlee, Jarvis",1,4.6,4.6,64.5,64.5,64.5,FALSE,1
2026,15868,CB,"Jones, Marcus",1,4.6,4.6,64.5,64.5,64.5,FALSE,1
2026,15856,CB,"Taylor, Alontae",1,4.6,4.6,64.5,64.5,64.5,FALSE,1
2026,16268,CB,"Turner, DJ",1,4.6,4.6,64.5,64.5,64.5,FALSE,1
2026,17639,CB,"Abney, Keith",1,4.4,4.4,67.5,67.5,67.5,FALSE,1
2026,15950,CB,"Watson, Jaylen",1,4.4,4.4,67.5,67.5,67.5,FALSE,1
2026,16325,CB,"Clark, Kei'Trel",1,4,4,69.5,69.5,69.5,FALSE,1
2026,15405,CB,"Stephens, Brandon",1,4,4,69.5,69.5,69.5,FALSE,1
2026,14012,CB,"Ford, Mike",1,3.9,3.9,71.5,71.5,71.5,FALSE,1
2026,17169,CB,"Stout, Upton",1,3.9,3.9,71.5,71.5,71.5,FALSE,1
2026,15394,CB,"Adebo, Paulson",1,3.6,3.6,74,74,74,FALSE,1
2026,15866,CB,"Flott, Cordale",1,3.6,3.6,74,74,74,FALSE,1
2026,14997,CB,"Rodgers, Isaiah",1,3.6,3.6,74,74,74,FALSE,1
2026,14198,CB,"Ya-Sin, Rock",1,3.5,3.5,76,76,76,FALSE,1
2026,13710,CB,"Davis, Carlton",1,3.4,3.4,78,78,78,FALSE,1
2026,17141,CB,"Hairston, Maxwell",1,3.4,3.4,78,78,78,FALSE,1
2026,15361,CB,"Horn, Jaycee",1,3.4,3.4,78,78,78,FALSE,1
2026,13227,CB,"Lewis, Jourdan",1,3.2,3.2,81,81,81,FALSE,1
2026,16729,CB,"Still, Tarheeb",1,3.2,3.2,81,81,81,FALSE,1
2026,15362,CB,"Surtain II, Patrick",1,3.2,3.2,81,81,81,FALSE,1
2026,17653,CB,"Masses, Hezekiah",1,2.8,2.8,83,83,83,FALSE,1
2026,16261,CB,"Brents, Julius",1,2.6,2.6,84,84,84,FALSE,1
2026,14252,CB,"Jackson, Michael",1,2.4,2.4,87,87,87,FALSE,1
2026,17368,CB,"Martin, Keyon",1,2.4,2.4,87,87,87,FALSE,1
2026,16690,CB,"Mitchell, Quinyon",1,2.4,2.4,87,87,87,FALSE,1
2026,15377,CB,"Stokes, Eric",1,2.4,2.4,87,87,87,FALSE,1
2026,13920,CB,"Ward, Charvarius",1,2.4,2.4,87,87,87,FALSE,1
2026,15129,CB,"Dorsey, Khalil",1,2.2,2.2,92,92,92,FALSE,1
2026,15862,CB,"Emerson, Martin",1,2.2,2.2,92,92,92,FALSE,1
2026,16784,CB,"Harden, Myles",1,2.2,2.2,92,92,92,FALSE,1
2026,17376,CB,"Knowles, Kevin",1,2.2,2.2,92,92,92,FALSE,1
2026,17251,CB,"Robinson, Micah",1,2.2,2.2,92,92,92,FALSE,1
2026,14918,CB,"Terrell, A.J.",1,2.1,2.1,95,95,95,FALSE,1
2026,15913,CB,"Benford, Christian",1,2,2,96,96,96,FALSE,1
2026,16672,CB,"Lassiter, Kamari",1,1.8,1.8,97,97,97,FALSE,1
2026,16695,CB,"Melton, Max",1,1.3,1.3,98,98,98,FALSE,1
2026,16054,CB,"Blackwell, Josh",1,1.2,1.2,105,105,105,FALSE,1
2026,15432,CB,"Carter, Michael",1,1.2,1.2,105,105,105,FALSE,1
2026,17604,CB,"Everette, Daylen",1,1.2,1.2,105,105,105,FALSE,1
2026,14904,CB,"Fulton, Kristian",1,1.2,1.2,105,105,105,FALSE,1
2026,15833,CB,"Gardner, Sauce",1,1.2,1.2,105,105,105,FALSE,1
2026,16776,CB,"Hadden, Kamal",1,1.2,1.2,105,105,105,FALSE,1
2026,17168,CB,"Smith, Jaylin",1,1.2,1.2,105,105,105,FALSE,1
2026,13811,CB,"Smith, Tremon",1,1.2,1.2,105,105,105,FALSE,1
2026,15392,CB,"St-Juste, Benjamin",1,1.2,1.2,105,105,105,FALSE,1
2026,17572,CB,"Terrell, Avieon",1,1.2,1.2,105,105,105,FALSE,1
2026,16913,CB,"Woods, Charles",1,1.2,1.2,105,105,105,FALSE,1
2026,15894,CB,"Woolen, Tariq",1,1.2,1.2,105,105,105,FALSE,1
2026,15401,CB,"Wright, Nahshon",1,1.2,1.2,105,105,105,FALSE,1
2026,16720,CB,"Richardson, Decamerion",1,1,1,113,113,113,FALSE,1
2026,16741,CB,"Smith-Wade, Chau",1,1,1,113,113,113,FALSE,1
2026,16726,CB,"Tampa, T.J.",1,1,1,113,113,113,FALSE,1
2026,16012,CB,"Alford, Dee",1,0.8,0.8,115,115,115,FALSE,1
2026,17214,CB,"Burke, Denzel",1,0.7,0.7,116,116,116,FALSE,1
2026,17772,CB,"Harris, Kenneth",1,0.1,0.1,117,117,117,FALSE,1
2026,16735,CB,"Abrams-Draine, Kris",1,0,0,130,130,130,FALSE,1
2026,13263,CB,"Awuzie, Chidobe",1,0,0,130,130,130,FALSE,1
2026,16288,CB,"Blackmon, Mekhi",1,0,0,130,130,130,FALSE,1
2026,16336,CB,"Braswell, Christian",1,0,0,130,130,130,FALSE,1
2026,17643,CB,"Demmings, Charles",1,0,0,130,130,130,FALSE,1
2026,16756,CB,"Dial, Marcellas",1,0,0,130,130,130,FALSE,1
2026,15464,CB,"Echols, Brandin",1,0,0,130,130,130,FALSE,1
2026,15880,CB,"Evans, Akayleb",1,0,0,130,130,130,FALSE,1
2026,16253,CB,"Forbes, Emmanuel",1,0,0,130,130,130,FALSE,1
2026,17574,CB,"Hood, Colton",1,0,0,130,130,130,FALSE,1
2026,16366,CB,"Ivey, DJ",1,0,0,130,130,130,FALSE,1
2026,16714,CB,"Jones, Jarrian",1,0,0,130,130,130,FALSE,1
2026,12988,CB,"Jones, Jonathan",1,0,0,130,130,130,FALSE,1
2026,16674,CB,"King, Kalen",1,0,0,130,130,130,FALSE,1
2026,17197,CB,"McWilliams, Mac",1,0,0,130,130,130,FALSE,1
2026,13270,CB,"Moreau, Fabian",1,0,0,130,130,130,FALSE,1
2026,17609,CB,"Neal, Julian",1,0,0,130,130,130,FALSE,1
2026,16293,CB,"Phillips, Clark",1,0,0,130,130,130,FALSE,1
2026,16242,CB,"Ringo, Kelee",1,0,0,130,130,130,FALSE,1
2026,16907,CB,"Roland-Wallace, Chris",1,0,0,130,130,130,FALSE,1
2026,15684,CB,"Ross, D'Angelo",1,0,0,130,130,130,FALSE,1
2026,17751,CB,"Smith, Avery",1,0,0,130,130,130,FALSE,1
2026,16345,CB,"Speed, Ameer",1,0,0,130,130,130,FALSE,1
2026,16356,CB,"Valentine, Carrington",1,0,0,130,130,130,FALSE,1
2026,16954,CB,"Wallace, Josh",1,0,0,130,130,130,FALSE,1
2026,17771,CB,"Thomas, Skyler",1,-1,-1,143,143,143,FALSE,1
2026,17598,CB,"Davis, Tacario",1,-1.3,-1.3,144,144,144,FALSE,1
2026,15384,CB,"Samuel, Asante",1,-1.5,-1.5,145,145,145,FALSE,1
2026,13738,CB,"Jackson, Donte",1,-1.7,-1.7,146,146,146,FALSE,1
2026,17614,CB,"Canady, Jadon",1,-1.8,-1.8,147,147,147,FALSE,1
2026,15375,CB,"Newsome, Greg",1,-2.8,-2.8,148,148,148,FALSE,1
2026,16703,CB,"Phillips, Andru",1,-3.7,-3.7,149,149,149,FALSE,1
2026,13214,DE,"Watt, T.J.",1,39.1,39.1,1,1,1,FALSE,1
2026,15346,DE,"Rousseau, Gregory",1,35.1,35.1,2,2,2,FALSE,1
2026,14249,DE,"Van Ginkel, Andrew",1,23.9,23.9,3,3,3,FALSE,1
2026,14167,DE,"Hines-Allen, Josh",1,23.3,23.3,4,4,4,FALSE,1
2026,15805,DE,"Hutchinson, Aidan",1,21.6,21.6,5,5,5,FALSE,1
2026,17135,DE,"Ezeiruaku, Donovan",1,21.3,21.3,6,6,6,FALSE,1
2026,15345,DE,"Paye, Kwity",1,20.7,20.7,7,7,7,FALSE,1
2026,16650,DE,"Turner, Dallas",1,19.3,19.3,8,8,8,FALSE,1
2026,12301,DE,"Smith, Za'Darius",1,17,17,9,9,9,FALSE,1
2026,13682,DE,"Key, Arden",1,16.8,16.8,10,10,10,FALSE,1
2026,15853,DE,"Mafe, Boye",1,16.6,16.6,11,11,11,FALSE,1
2026,16266,DE,"Tuipulotu, Tuli",1,15.5,15.5,12,12,12,FALSE,1
2026,14940,DE,"Highsmith, Alex",1,14.2,14.2,13,13,13,FALSE,1
2026,13704,DE,"Nwosu, Uchenna",1,14,14,14,14,14,FALSE,1
2026,16298,DE,"Robinson, Tavius",1,13.1,13.1,15,15,15,FALSE,1
2026,16923,DE,"Tillman, Dondrea",1,13,13,16,16,16,FALSE,1
2026,14147,DE,"Bosa, Nick",1,12.5,12.5,17,17,17,FALSE,1
2026,16230,DE,"Van Ness, Lukas",1,12,12,18.5,18.5,18.5,FALSE,1
2026,14947,DE,"Wonnum, D.J.",1,12,12,18.5,18.5,18.5,FALSE,1
2026,14164,DE,"Jones, Dre'Mont",1,11.5,11.5,20,20,20,FALSE,1
2026,16651,DE,"Latu, Laiatu",1,11.3,11.3,21,21,21,FALSE,1
2026,15378,DE,"Oweh, Odafe",1,11.2,11.2,22,22,22,FALSE,1
2026,16224,DE,"Murphy, Myles",1,11,11,23,23,23,FALSE,1
2026,14225,DE,"Crosby, Maxx",1,10.4,10.4,24,24,24,FALSE,1
2026,17584,DE,"Jacas, Gabe",1,9.9,9.9,25,25,25,FALSE,1
2026,17161,DE,"Burch, Jordan",1,9.8,9.8,26.5,26.5,26.5,FALSE,1
2026,15815,DE,"Walker, Travon",1,9.8,9.8,26.5,26.5,26.5,FALSE,1
2026,16257,DE,"Anudike-Uzomah, Felix",1,9.7,9.7,28.5,28.5,28.5,FALSE,1
2026,17551,DE,"Bailey, David",1,9.7,9.7,28.5,28.5,28.5,FALSE,1
2026,17118,DE,"Stewart, Josaiah",1,9.5,9.5,30,30,30,FALSE,1
2026,15349,DE,"Phillips, Jaelan",1,9.2,9.2,31,31,31,FALSE,1
2026,15808,DE,"Karlaftis, George",1,8.5,8.5,32.5,32.5,32.5,FALSE,1
2026,15814,DE,"Thomas, Cameron",1,8.5,8.5,32.5,32.5,32.5,FALSE,1
2026,17160,DE,"Umanmielen, Princely",1,8.4,8.4,34,34,34,FALSE,1
2026,11706,DE,"Clowney, Jadeveon",1,7.7,7.7,35,35,35,FALSE,1
2026,16653,DE,"Verse, Jared",1,7.5,7.5,36,36,36,FALSE,1
2026,14405,DE,"Granderson, Carl",1,7.4,7.4,37,37,37,FALSE,1
2026,16252,DE,"McDonald, Will",1,7.2,7.2,38,38,38,FALSE,1
2026,13681,DE,"Chubb, Bradley",1,7,7,40,40,40,FALSE,1
2026,17580,DE,"Lawrence, Malachi",1,7,7,40,40,40,FALSE,1
2026,17583,DE,"Thomas, R Mason",1,7,7,40,40,40,FALSE,1
2026,14148,DE,"Sweat, Montez",1,6.7,6.7,42,42,42,FALSE,1
2026,16455,DE,"Cox, Brenton",1,6.5,6.5,43.5,43.5,43.5,FALSE,1
2026,17189,DE,"Robinson, Quandarrius",1,6.5,6.5,43.5,43.5,43.5,FALSE,1
2026,15813,DE,"Enagbare, Kingsley",1,6.2,6.2,45,45,45,FALSE,1
2026,15352,DE,"Collins, Zaven",1,6,6,48,48,48,FALSE,1
2026,15397,DE,"Golston, Chauncey",1,6,6,48,48,48,FALSE,1
2026,15565,DE,"Hoecht, Michael",1,6,6,48,48,48,FALSE,1
2026,17150,DE,"Oladejo, Oluwafemi",1,6,6,48,48,48,FALSE,1
2026,17182,DE,"Sorrell, Barryn",1,6,6,48,48,48,FALSE,1
2026,16223,DE,"Anderson, Will",1,5.8,5.8,51,51,51,FALSE,1
2026,11769,DE,"Lawrence, Demarcus",1,5.5,5.5,52,52,52,FALSE,1
2026,11721,DE,"Mack, Khalil",1,5,5,56.5,56.5,56.5,FALSE,1
2026,13330,DE,"Muhammad, Al-Quadin",1,5,5,56.5,56.5,56.5,FALSE,1
2026,17778,DE,"O'Neill, Eric",1,5,5,56.5,56.5,56.5,FALSE,1
2026,17116,DE,"Sawyer, Jack",1,5,5,56.5,56.5,56.5,FALSE,1
2026,16749,DE,"Solomon, Javon",1,5,5,56.5,56.5,56.5,FALSE,1
2026,13690,DE,"Sweat, Josh",1,5,5,56.5,56.5,56.5,FALSE,1
2026,14925,DE,"Uche, Josh",1,5,5,56.5,56.5,56.5,FALSE,1
2026,16262,DE,"White, Keion",1,5,5,56.5,56.5,56.5,FALSE,1
2026,17112,DE,"Carter, Abdul",1,4.5,4.5,63.5,63.5,63.5,FALSE,1
2026,13888,DE,"Gardeck, Dennis",1,4.5,4.5,63.5,63.5,63.5,FALSE,1
2026,14149,DE,"Gary, Rashan",1,4.5,4.5,63.5,63.5,63.5,FALSE,1
2026,14962,DE,"Gipson, Trevis",1,4.5,4.5,63.5,63.5,63.5,FALSE,1
2026,16303,DE,"Herbig, Nick",1,4.5,4.5,63.5,63.5,63.5,FALSE,1
2026,15806,DE,"Thibodeaux, Kayvon",1,4.5,4.5,63.5,63.5,63.5,FALSE,1
2026,14171,DE,"Burns, Brian",1,4,4,69.5,69.5,69.5,FALSE,1
2026,16278,DE,"Diaby, YaYa",1,4,4,69.5,69.5,69.5,FALSE,1
2026,13294,DE,"Ebukam, Samson",1,4,4,69.5,69.5,69.5,FALSE,1
2026,16058,DE,"Herring, Malik",1,4,4,69.5,69.5,69.5,FALSE,1
2026,16712,DE,"Hunt, Jalyx",1,4,4,69.5,69.5,69.5,FALSE,1
2026,17630,DE,"Overton, LT",1,4,4,69.5,69.5,69.5,FALSE,1
2026,16235,DE,"Hall, Derick",1,3.9,3.9,73,73,73,FALSE,1
2026,14877,DE,"Young, Chase",1,3.8,3.8,74,74,74,FALSE,1
2026,17149,DE,"Tuimoloau, JT",1,3.5,3.5,75.5,75.5,75.5,FALSE,1
2026,15857,DE,"Williams, Sam",1,3.5,3.5,75.5,75.5,75.5,FALSE,1
2026,15861,DE,"Bonitto, Nik",1,3,3,83.5,83.5,83.5,FALSE,1
2026,16734,DE,"Booker, Austin",1,3,3,83.5,83.5,83.5,FALSE,1
2026,14888,DE,"Chaisson, K'Lavon",1,3,3,83.5,83.5,83.5,FALSE,1
2026,12234,DE,"Dupree, Bud",1,3,3,83.5,83.5,83.5,FALSE,1
2026,14879,DE,"Epenesa, A.J.",1,3,3,83.5,83.5,83.5,FALSE,1
2026,12221,DE,"Hunter, Danielle",1,3,3,83.5,83.5,83.5,FALSE,1
2026,16485,DE,"Incoom, Thomas",1,3,3,83.5,83.5,83.5,FALSE,1
2026,15809,DE,"Johnson, Jermaine",1,3,3,83.5,83.5,83.5,FALSE,1
2026,14880,DE,"Kareem, Khalid",1,3,3,83.5,83.5,83.5,FALSE,1
2026,16894,DE,"McGregor, Braiden",1,3,3,83.5,83.5,83.5,FALSE,1
2026,17568,DE,"Mesidor, Akheem",1,3,3,83.5,83.5,83.5,FALSE,1
2026,14254,DE,"Omenihu, Charles",1,3,3,83.5,83.5,83.5,FALSE,1
2026,16228,DE,"Smith, Nolan",1,3,3,83.5,83.5,83.5,FALSE,1
2026,17397,DE,"Striggow, Danny",1,3,3,83.5,83.5,83.5,FALSE,1
2026,16654,DE,"Elliss, Jonah",1,2.5,2.5,91,91,91,FALSE,1
2026,15386,DE,"Odeyingbo, Dayo",1,2.4,2.4,92,92,92,FALSE,1
2026,17550,DE,"Bain Jr., Rueben",1,2,2,99.5,99.5,99.5,FALSE,1
2026,16322,DE,"Beal, Robert",1,2,2,99.5,99.5,99.5,FALSE,1
2026,15851,DE,"Ebiketie, Arnold",1,2,2,99.5,99.5,99.5,FALSE,1
2026,13284,DE,"Hendrickson, Trey",1,2,2,99.5,99.5,99.5,FALSE,1
2026,17350,DE,"Huntington, Adin",1,2,2,99.5,99.5,99.5,FALSE,1
2026,17287,DE,"Ivey, Jared",1,2,2,99.5,99.5,99.5,FALSE,1
2026,17117,DE,"Jackson, Landon",1,2,2,99.5,99.5,99.5,FALSE,1
2026,15481,DE,"Johnson, Patrick",1,2,2,99.5,99.5,99.5,FALSE,1
2026,16300,DE,"McGuire, Isaiah",1,2,2,99.5,99.5,99.5,FALSE,1
2026,17554,DE,"Parker, T.J.",1,2,2,99.5,99.5,99.5,FALSE,1
2026,17361,DE,"Ponder, Elijah",1,2,2,99.5,99.5,99.5,FALSE,1
2026,16652,DE,"Trice, Bralen",1,2,2,99.5,99.5,99.5,FALSE,1
2026,11723,DE,"Van Noy, Kyle",1,2,2,99.5,99.5,99.5,FALSE,1
2026,17180,DE,"Walker, David",1,2,2,99.5,99.5,99.5,FALSE,1
2026,16529,DE,"Leota, Eku",1,1.5,1.5,108.5,108.5,108.5,FALSE,1
2026,13802,DE,"Martin, Jake",1,1.5,1.5,108.5,108.5,108.5,FALSE,1
2026,14154,DE,"Nelson, Anthony",1,1.5,1.5,108.5,108.5,108.5,FALSE,1
2026,13685,DE,"Okoronkwo, Ogbonnia",1,1.5,1.5,108.5,108.5,108.5,FALSE,1
2026,17674,DE,"Curry, Caden",1,1,1,120,120,120,FALSE,1
2026,17553,DE,"Faulk, Keldric",1,1,1,120,120,120,FALSE,1
2026,14151,DE,"Ferrell, Clelin",1,1,1,120,120,120,FALSE,1
2026,17155,DE,"Gillotte, Ashton",1,1,1,120,120,120,FALSE,1
2026,15943,DE,"Hardy, Daniel",1,1,1,120,120,120,FALSE,1
2026,17777,DE,"Harsh, Sabastian",1,1,1,120,120,120,FALSE,1
2026,15928,DE,"Houston, James",1,1,1,120,120,120,FALSE,1
2026,16780,DE,"Jean-Baptiste, Javontae",1,1,1,120,120,120,FALSE,1
2026,14894,DE,"Jennings, Anfernee",1,1,1,120,120,120,FALSE,1
2026,16777,DE,"Johnson, Cedric",1,1,1,120,120,120,FALSE,1
2026,16376,DE,"Johnson, Desjuan",1,1,1,120,120,120,FALSE,1
2026,15395,DE,"Koonce, Malcolm",1,1,1,120,120,120,FALSE,1
2026,16302,DE,"Lacy, Tyler",1,1,1,120,120,120,FALSE,1
2026,16532,DE,"Nowaske, Trevor",1,1,1,120,120,120,FALSE,1
2026,17412,DE,"O'Toole, Connor",1,1,1,120,120,120,FALSE,1
2026,16655,DE,"Robinson, Chop",1,1,1,120,120,120,FALSE,1
2026,15907,DE,"Robinson, Dominique",1,1,1,120,120,120,FALSE,1
2026,15413,DE,"Rumph, Chris",1,1,1,120,120,120,FALSE,1
2026,16276,DE,"Young, Byron",1,1,1,120,120,120,FALSE,1
2026,16305,DE,"Abdullah, Yasir",1,0,0,138.5,138.5,138.5,FALSE,1
2026,13201,DE,"Barnett, Derek",1,0,0,138.5,138.5,138.5,FALSE,1
2026,15356,DE,"Browning, Baron",1,0,0,138.5,138.5,138.5,FALSE,1
2026,17355,DE,"Chambliss, Chaz",1,0,0,138.5,138.5,138.5,FALSE,1
2026,15878,DE,"Clemons, Micheal",1,0,0,138.5,138.5,138.5,FALSE,1
2026,12217,DE,"Fowler, Dante",1,0,0,138.5,138.5,138.5,FALSE,1
2026,13198,DE,"Garrett, Myles",1,0,0,138.5,138.5,138.5,FALSE,1
2026,17351,DE,"Green, B.J.",1,0,0,138.5,138.5,138.5,FALSE,1
2026,17120,DE,"Green, Mike",1,0,0,138.5,138.5,138.5,FALSE,1
2026,17597,DE,"Height, Romello",1,0,0,138.5,138.5,138.5,FALSE,1
2026,17552,DE,"Howell, Cashius",1,0,0,138.5,138.5,138.5,FALSE,1
2026,17695,DE,"Hutchins, Quintayvious",1,0,0,138.5,138.5,138.5,FALSE,1
2026,17016,DE,"Jones, Truman",1,0,0,138.5,138.5,138.5,FALSE,1
2026,17633,DE,"Josephs, Joshua",1,0,0,138.5,138.5,138.5,FALSE,1
2026,10267,DE,"Miller, Von",1,0,0,138.5,138.5,138.5,FALSE,1
2026,17587,DE,"Moore, Derrick",1,0,0,138.5,138.5,138.5,FALSE,1
2026,16869,DE,"Richter, Bo",1,0,0,138.5,138.5,138.5,FALSE,1
2026,17588,DE,"Young, Zion",1,0,0,138.5,138.5,138.5,FALSE,1
2026,17619,DE,"Dennis-Sutton, Dani",1,-1.5,-1.5,148.5,148.5,148.5,FALSE,1
2026,16226,DE,"Wilson, Tyree",1,-1.5,-1.5,148.5,148.5,148.5,FALSE,1
2026,17768,DE,"Burke, Ethan",1,-2.5,-2.5,150,150,150,FALSE,1
2026,14153,DT,"Allen, Zach",1,20.4,20.4,1,1,1,FALSE,1
2026,17158,DT,"Broughton, Vernon",1,19.5,19.5,2,2,2,FALSE,1
2026,14158,DT,"Oliver, Ed",1,18,18,3,3,3,FALSE,1
2026,17174,DT,"Walker, Deone",1,17.3,17.3,4,4,4,FALSE,1
2026,17121,DT,"Graham, Mason",1,16.2,16.2,5,5,5,FALSE,1
2026,10266,DT,"Heyward, Cameron",1,15.5,15.5,6,6,6,FALSE,1
2026,15817,DT,"Davis, Jordan",1,15,15,7,7,7,FALSE,1
2026,16233,DT,"Carter, Jalen",1,13.5,13.5,8,8,8,FALSE,1
2026,16786,DT,"Drake-Rodriguez, Levi",1,13,13,10,10,10,FALSE,1
2026,17570,DT,"Hunter, Lee",1,13,13,10,10,10,FALSE,1
2026,15863,DT,"Jones, Travis",1,13,13,10,10,10,FALSE,1
2026,16282,DT,"Turner, Kobie",1,12.5,12.5,12,12,12,FALSE,1
2026,12225,DT,"Williams, Leonard",1,12.2,12.2,13,13,13,FALSE,1
2026,17165,DT,"Caldwell, Jamaree",1,12,12,15,15,15,FALSE,1
2026,13798,DT,"Fatukasi, Foley",1,12,12,15,15,15,FALSE,1
2026,12697,DT,"Robinson, A'Shawn",1,12,12,15,15,15,FALSE,1
2026,13317,DT,"Godchaux, Davon",1,11.5,11.5,17.5,17.5,17.5,FALSE,1
2026,14157,DT,"Williams, Quinnen",1,11.5,11.5,17.5,17.5,17.5,FALSE,1
2026,13839,DT,"Sieler, Zach",1,10.5,10.5,19.5,19.5,19.5,FALSE,1
2026,16344,DT,"Stills, Dante",1,10.5,10.5,19.5,19.5,19.5,FALSE,1
2026,17190,DT,"Hemingway, Tonka",1,10,10,21.5,21.5,21.5,FALSE,1
2026,15393,DT,"Odighizuwa, Osa",1,10,10,21.5,21.5,21.5,FALSE,1
2026,12688,DT,"Buckner, DeForest",1,9.8,9.8,23,23,23,FALSE,1
2026,15942,DT,"Ford, Jonathan",1,9.6,9.6,24,24,24,FALSE,1
2026,15892,DT,"Booker, Thomas",1,9,9,26,26,26,FALSE,1
2026,16767,DT,"Davis, Tyler",1,9,9,26,26,26,FALSE,1
2026,16927,DT,"Redmond, Jalen",1,9,9,26,26,26,FALSE,1
2026,13208,DT,"Allen, Jonathan",1,8.3,8.3,28,28,28,FALSE,1
2026,15461,DT,"Lopez, Roy",1,8,8,30.5,30.5,30.5,FALSE,1
2026,15898,DT,"Ogbonnia, Otito",1,8,8,30.5,30.5,30.5,FALSE,1
2026,15089,DT,"Roach, Malcolm",1,8,8,30.5,30.5,30.5,FALSE,1
2026,14163,DT,"Simmons, Jeffery",1,8,8,30.5,30.5,30.5,FALSE,1
2026,16657,DT,"Dorlus, Brandon",1,7.5,7.5,34.5,34.5,34.5,FALSE,1
2026,17196,DT,"Phillips, Jordan",1,7.5,7.5,34.5,34.5,34.5,FALSE,1
2026,12735,DT,"Rankins, Sheldon",1,7.5,7.5,34.5,34.5,34.5,FALSE,1
2026,15819,DT,"Wyatt, Devonte",1,7.5,7.5,34.5,34.5,34.5,FALSE,1
2026,13769,DT,"Street, Kentavius",1,7.4,7.4,37,37,37,FALSE,1
2026,17195,DT,"Mills, Rylie",1,7,7,40,40,40,FALSE,1
2026,16689,DT,"Murphy, Byron",1,7,7,40,40,40,FALSE,1
2026,17603,DT,"Orange, Domonique",1,7,7,40,40,40,FALSE,1
2026,13744,DT,"Shepherd, Nathan",1,7,7,40,40,40,FALSE,1
2026,17555,DT,"Woods, Peter",1,7,7,40,40,40,FALSE,1
2026,16264,DT,"Benton, Keeanu",1,6.5,6.5,44,44,44,FALSE,1
2026,12741,DT,"Jones, Chris",1,6.5,6.5,44,44,44,FALSE,1
2026,16369,DT,"Ojomo, Moro",1,6.5,6.5,44,44,44,FALSE,1
2026,16662,DT,"Jenkins, Kris",1,6.3,6.3,46,46,46,FALSE,1
2026,14897,DT,"Brown, Derrick",1,6,6,50,50,50,FALSE,1
2026,16713,DT,"Carter, DeWayne",1,6,6,50,50,50,FALSE,1
2026,17193,DT,"Ingram-Dawkins, Tyrion",1,6,6,50,50,50,FALSE,1
2026,12305,DT,"Jarrett, Grady",1,6,6,50,50,50,FALSE,1
2026,14899,DT,"Kinlaw, Javon",1,6,6,50,50,50,FALSE,1
2026,15446,DT,"Slaton, Tedarrell",1,6,6,50,50,50,FALSE,1
2026,13260,DT,"Tomlinson, Dalvin",1,6,6,50,50,50,FALSE,1
2026,15390,DT,"McNeill, Alim",1,5.9,5.9,54,54,54,FALSE,1
2026,16265,DT,"Dexter, Gervon",1,5.5,5.5,59.5,59.5,59.5,FALSE,1
2026,16663,DT,"Eboigbe, Justin",1,5.5,5.5,59.5,59.5,59.5,FALSE,1
2026,13770,DT,"Franklin-Myers, John",1,5.5,5.5,59.5,59.5,59.5,FALSE,1
2026,17672,DT,"Gill-Howard, Skyler",1,5.5,5.5,59.5,59.5,59.5,FALSE,1
2026,16513,DT,"London, LaCale",1,5.5,5.5,59.5,59.5,59.5,FALSE,1
2026,14161,DT,"Tillery, Jerry",1,5.5,5.5,59.5,59.5,59.5,FALSE,1
2026,15877,DT,"Uwazurike, Eyioma",1,5.5,5.5,59.5,59.5,59.5,FALSE,1
2026,14971,DT,"Washington, Broderick",1,5.5,5.5,59.5,59.5,59.5,FALSE,1
2026,17177,DT,"West, CJ",1,5.5,5.5,59.5,59.5,59.5,FALSE,1
2026,17146,DT,"Williams, Tyleik",1,5.5,5.5,59.5,59.5,59.5,FALSE,1
2026,14951,DT,"Lynch, James",1,5,5,65.5,65.5,65.5,FALSE,1
2026,15391,DT,"Williams, Milton",1,5,5,65.5,65.5,65.5,FALSE,1
2026,16291,DT,"Adebawore, Adetomiwa",1,4.5,4.5,68,68,68,FALSE,1
2026,14930,DT,"Hamilton, Davon",1,4.5,4.5,68,68,68,FALSE,1
2026,13694,DT,"Settle, Tim",1,4.5,4.5,68,68,68,FALSE,1
2026,12758,DT,"Bullard, Jonathan",1,4.3,4.3,70,70,70,FALSE,1
2026,12218,DT,"Armstead, Arik",1,4,4,77.5,77.5,77.5,FALSE,1
2026,15357,DT,"Barmore, Christian",1,4,4,77.5,77.5,77.5,FALSE,1
2026,17261,DT,"Biggers, Zeek",1,4,4,77.5,77.5,77.5,FALSE,1
2026,12739,DT,"Clark, Kenny",1,4,4,77.5,77.5,77.5,FALSE,1
2026,17773,DT,"Edwards, TeRah",1,4,4,77.5,77.5,77.5,FALSE,1
2026,16694,DT,"Fiske, Braden",1,4,4,77.5,77.5,77.5,FALSE,1
2026,14237,DT,"Gaines, Greg",1,4,4,77.5,77.5,77.5,FALSE,1
2026,17137,DT,"Harmon, Derrick",1,4,4,77.5,77.5,77.5,FALSE,1
2026,13810,DT,"Joseph-Day, Sebastian",1,4,4,77.5,77.5,77.5,FALSE,1
2026,12802,DT,"Reader, D.J.",1,4,4,77.5,77.5,77.5,FALSE,1
2026,17224,DT,"Smith, Tim",1,4,4,77.5,77.5,77.5,FALSE,1
2026,15173,DT,"Tart, Teair",1,4,4,77.5,77.5,77.5,FALSE,1
2026,15358,DT,"Togiai, Tommy",1,4,4,77.5,77.5,77.5,FALSE,1
2026,16294,DT,"Wooden, Colby",1,4,4,77.5,77.5,77.5,FALSE,1
2026,13298,DT,"Stewart, Grover",1,3.3,3.3,85,85,85,FALSE,1
2026,16324,DT,"Brooks, Karl",1,3,3,90,90,90,FALSE,1
2026,15412,DT,"Brown, Bobby",1,3,3,90,90,90,FALSE,1
2026,9051,DT,"Campbell, Calais",1,3,3,90,90,90,FALSE,1
2026,13927,DT,"Dickerson, Matt",1,3,3,90,90,90,FALSE,1
2026,16520,DT,"Durden, Cory",1,3,3,90,90,90,FALSE,1
2026,14934,DT,"Elliott, Jordan",1,3,3,90,90,90,FALSE,1
2026,13693,DT,"Phillips, Harrison",1,3,3,90,90,90,FALSE,1
2026,16697,DT,"Smith, Maason",1,3,3,90,90,90,FALSE,1
2026,17767,DT,"Thompson Jr., James",1,3,3,90,90,90,FALSE,1
2026,12764,DT,"Hargrave, Javon",1,2.5,2.5,96.5,96.5,96.5,FALSE,1
2026,13723,DT,"Payne, Da'Ron",1,2.5,2.5,96.5,96.5,96.5,FALSE,1
2026,12698,DT,"Reed, Jarran",1,2.5,2.5,96.5,96.5,96.5,FALSE,1
2026,17330,DT,"Stackhouse, Nazir",1,2.5,2.5,96.5,96.5,96.5,FALSE,1
2026,13448,DT,"Butler, Adam",1,1.5,1.5,111,111,111,FALSE,1
2026,14155,DT,"Collier, L.J.",1,1.5,1.5,111,111,111,FALSE,1
2026,12754,DT,"Collins, Maliek",1,1.5,1.5,111,111,111,FALSE,1
2026,14901,DT,"Gallimore, Neville",1,1.5,1.5,111,111,111,FALSE,1
2026,17769,DT,"Hall, Aaron",1,1.5,1.5,111,111,111,FALSE,1
2026,17199,DT,"Hamilton, Ty",1,1.5,1.5,111,111,111,FALSE,1
2026,16797,DT,"Harris, Marcus",1,1.5,1.5,111,111,111,FALSE,1
2026,17611,DT,"Jackson, Darrell",1,1.5,1.5,111,111,111,FALSE,1
2026,13332,DT,"Jones, D.J.",1,1.5,1.5,111,111,111,FALSE,1
2026,16254,DT,"Kancey, Calijah",1,1.5,1.5,111,111,111,FALSE,1
2026,16787,DT,"Laulu, Jonah",1,1.5,1.5,111,111,111,FALSE,1
2026,14159,DT,"Lawrence, Dexter",1,1.5,1.5,111,111,111,FALSE,1
2026,17136,DT,"Nolen, Walter",1,1.5,1.5,111,111,111,FALSE,1
2026,12361,DT,"Nunez-Roches, Rakeem",1,1.5,1.5,111,111,111,FALSE,1
2026,17389,DT,"Okoye, CJ",1,1.5,1.5,111,111,111,FALSE,1
2026,12782,DT,"Onyemata, David",1,1.5,1.5,111,111,111,FALSE,1
2026,16691,DT,"Orhorhoro, Ruke",1,1.5,1.5,111,111,111,FALSE,1
2026,17236,DT,"Peebles, Aeneas",1,1.5,1.5,111,111,111,FALSE,1
2026,17602,DT,"Regis, Albert",1,1.5,1.5,111,111,111,FALSE,1
2026,16660,DT,"Robinson, Darius",1,1.5,1.5,111,111,111,FALSE,1
2026,16693,DT,"Sweat, T'Vondre",1,1.5,1.5,111,111,111,FALSE,1
2026,15492,DT,"Tonga, Khyiris",1,1.5,1.5,111,111,111,FALSE,1
2026,14675,DT,"Tuttle, Shy",1,1.5,1.5,111,111,111,FALSE,1
2026,13692,DT,"Vea, Vita",1,1.5,1.5,111,111,111,FALSE,1
2026,16273,DT,"Young, Byron",1,1.5,1.5,111,111,111,FALSE,1
2026,17154,DT,"Alexander, Darius",1,0,0,133,133,133,FALSE,1
2026,17579,DT,"Banks, Caleb",1,0,0,133,133,133,FALSE,1
2026,17632,DT,"Barrett, Nick",1,0,0,133,133,133,FALSE,1
2026,16794,DT,"Briggs, Jowon",1,0,0,133,133,133,FALSE,1
2026,17191,DT,"Farmer, Joshua",1,0,0,133,133,133,FALSE,1
2026,13933,DT,"Ford, Poona",1,0,0,133,133,133,FALSE,1
2026,16661,DT,"Hall Jr., Michael",1,0,0,133,133,133,FALSE,1
2026,15812,DT,"Hall, Logan",1,0,0,133,133,133,FALSE,1
2026,17613,DT,"Halton, Gracen",1,0,0,133,133,133,FALSE,1
2026,13683,DT,"Hand, Da'Shawn",1,0,0,133,133,133,FALSE,1
2026,11872,DT,"Harris, Shelby",1,0,0,133,133,133,FALSE,1
2026,11286,DT,"Jenkins, John",1,0,0,133,133,133,FALSE,1
2026,17170,DT,"Jones, Sai'vion",1,0,0,133,133,133,FALSE,1
2026,16486,DT,"Pili, Brandon",1,0,0,133,133,133,FALSE,1
2026,17176,DT,"Robinson, Ty",1,0,0,133,133,133,FALSE,1
2026,16091,DT,"Stille, Ben",1,0,0,133,133,133,FALSE,1
2026,16817,DT,"Taylor, Leonard",1,0,0,133,133,133,FALSE,1
2026,13199,DT,"Thomas, Solomon",1,0,0,133,133,133,FALSE,1
2026,17666,DT,"van den Berg, Jordan",1,0,0,133,133,133,FALSE,1
2026,12219,DT,"Edwards, Mario",1,-0.2,-0.2,143,143,143,FALSE,1
2026,17209,DT,"Black, Yahya",1,-1.5,-1.5,145.5,145.5,145.5,FALSE,1
2026,13742,DT,"Hill, B.J.",1,-1.5,-1.5,145.5,145.5,145.5,FALSE,1
2026,17585,DT,"Miller, Christen",1,-1.5,-1.5,145.5,145.5,145.5,FALSE,1
2026,17204,DT,"Roberts, Elijah",1,-1.5,-1.5,145.5,145.5,145.5,FALSE,1
2026,17600,DT,"McClellan, Chris",1,-2,-2,148,148,148,FALSE,1
2026,17589,LB,"Trotter, Josiah",1,36,36,1,1,1,FALSE,1
2026,13696,LB,"Smith, Roquan",1,23.7,23.7,2,2,2,FALSE,1
2026,15409,LB,"Barnes, Derrick",1,23.2,23.2,3,3,3,FALSE,1
2026,16296,LB,"Miller, Ventrell",1,20.3,20.3,4,4,4,FALSE,1
2026,17125,LB,"Knight, Demetrius",1,20.1,20.1,5,5,5,FALSE,1
2026,15821,LB,"Dean, Nakobe",1,18.5,18.5,6,6,6,FALSE,1
2026,13813,LB,"Oluokun, Foyesade",1,17.8,17.8,7,7,7,FALSE,1
2026,14893,LB,"Baun, Zack",1,17.5,17.5,8,8,8,FALSE,1
2026,13743,LB,"Warner, Fred",1,17,17,9,9,9,FALSE,1
2026,17124,LB,"Carter, Barrett",1,16.5,16.5,10,10,10,FALSE,1
2026,15869,LB,"Bernard, Terrel",1,16,16,11,11,11,FALSE,1
2026,17560,LB,"Hill Jr., Anthony",1,15,15,12,12,12,FALSE,1
2026,14251,LB,"Cashman, Blake",1,14.3,14.3,13,13,13,FALSE,1
2026,14303,LB,"Elliss, Kaden",1,13.5,13.5,14,14,14,FALSE,1
2026,16696,LB,"Cooper, Edgerrin",1,12.7,12.7,15,15,15,FALSE,1
2026,14218,LB,"Okereke, Bobby",1,12.5,12.5,16.5,16.5,16.5,FALSE,1
2026,16716,LB,"Wilson, Payton",1,12.5,12.5,16.5,16.5,16.5,FALSE,1
2026,15396,LB,"Deablo, Divine",1,12,12,18,18,18,FALSE,1
2026,16013,LB,"Landman, Nate",1,11,11,19.5,19.5,19.5,FALSE,1
2026,15822,LB,"Lloyd, Devin",1,11,11,19.5,19.5,19.5,FALSE,1
2026,14170,LB,"Bush, Devin",1,10.5,10.5,21.5,21.5,21.5,FALSE,1
2026,15404,LB,"Jones, Ernest",1,10.5,10.5,21.5,21.5,21.5,FALSE,1
2026,17123,LB,"Campbell, Jihaad",1,10.2,10.2,23,23,23,FALSE,1
2026,17147,LB,"Schwesinger, Carson",1,10,10,24.5,24.5,24.5,FALSE,1
2026,15387,LB,"Werner, Pete",1,10,10,24.5,24.5,24.5,FALSE,1
2026,17557,LB,"Styles, Sonny",1,9.7,9.7,26,26,26,FALSE,1
2026,17586,LB,"Rodriguez, Jacob",1,9.5,9.5,27,27,27,FALSE,1
2026,16450,LB,"Thomas, Drake",1,9.4,9.4,28,28,28,FALSE,1
2026,14412,LB,"Singleton, Alex",1,9.1,9.1,29,29,29,FALSE,1
2026,14892,LB,"Brooks, Jordyn",1,9,9,30.5,30.5,30.5,FALSE,1
2026,10816,LB,"Davis, Demario",1,9,9,30.5,30.5,30.5,FALSE,1
2026,14590,LB,"Al-Shaair, Azeez",1,8.5,8.5,33,33,33,FALSE,1
2026,17556,LB,"Reese, Arvell",1,8.5,8.5,33,33,33,FALSE,1
2026,16284,LB,"Williams, Dorian",1,8.5,8.5,33,33,33,FALSE,1
2026,16009,LB,"Gibbens, Jack",1,8.1,8.1,35,35,35,FALSE,1
2026,16239,LB,"Campbell, Jack",1,8,8,36,36,36,FALSE,1
2026,17410,LB,"Combs, Branson",1,7.7,7.7,37,37,37,FALSE,1
2026,13697,LB,"Edmunds, Tremaine",1,7.5,7.5,39,39,39,FALSE,1
2026,16234,LB,"Simpson, Trenton",1,7.5,7.5,39,39,39,FALSE,1
2026,13987,LB,"Spillane, Robert",1,7.5,7.5,39,39,39,FALSE,1
2026,13952,LB,"Luvu, Frankie",1,7.3,7.3,41,41,41,FALSE,1
2026,15846,LB,"Walker, Quay",1,7.2,7.2,42,42,42,FALSE,1
2026,16063,LB,"McCrary-Ball, Marcelino",1,7,7,43.5,43.5,43.5,FALSE,1
2026,14169,LB,"Wilson, Mack",1,7,7,43.5,43.5,43.5,FALSE,1
2026,14943,LB,"Davis-Gaither, Akeem",1,6.5,6.5,45,45,45,FALSE,1
2026,16280,LB,"Henley, Daiyan",1,6.3,6.3,46,46,46,FALSE,1
2026,15355,LB,"Bolton, Nick",1,6,6,48,48,48,FALSE,1
2026,14467,LB,"Phillips, Del'Shawn",1,6,6,48,48,48,FALSE,1
2026,16346,LB,"Winters, Dee",1,6,6,48,48,48,FALSE,1
2026,14953,LB,"Dye, Troy",1,5.3,5.3,50,50,50,FALSE,1
2026,16383,LB,"Pace, Ivan",1,5,5,51.5,51.5,51.5,FALSE,1
2026,14896,LB,"Queen, Patrick",1,5,5,51.5,51.5,51.5,FALSE,1
2026,13268,LB,"Anzalone, Alex",1,4.5,4.5,56,56,56,FALSE,1
2026,17606,LB,"Barham, Jaishawn",1,4.5,4.5,56,56,56,FALSE,1
2026,17629,LB,"Boettcher, Bryce",1,4.5,4.5,56,56,56,FALSE,1
2026,17265,LB,"Dolac, Shaun",1,4.5,4.5,56,56,56,FALSE,1
2026,13837,LB,"Franklin, Zaire",1,4.5,4.5,56,56,56,FALSE,1
2026,15914,LB,"Rodriguez, Malcolm",1,4.5,4.5,56,56,56,FALSE,1
2026,14235,LB,"Tranquill, Drue",1,4.5,4.5,56,56,56,FALSE,1
2026,16870,LB,"Speights, Omar",1,4,4,61,61,61,FALSE,1
2026,17126,LB,"Stutsman, Danny",1,4,4,61,61,61,FALSE,1
2026,13447,LB,"Wilson, Eric",1,4,4,61,61,61,FALSE,1
2026,15681,LB,"Elliss, Christian",1,3.5,3.5,64,64,64,FALSE,1
2026,14247,LB,"Greenlaw, Dre",1,3.5,3.5,64,64,64,FALSE,1
2026,14221,LB,"Williams, Quincy",1,3.5,3.5,64,64,64,FALSE,1
2026,17636,LB,"Dugger, Jaden",1,3,3,66.5,66.5,66.5,FALSE,1
2026,15428,LB,"Sherwood, Jamien",1,3,3,66.5,66.5,66.5,FALSE,1
2026,17628,LB,"Daniels, Kendal",1,2.5,2.5,70,70,70,FALSE,1
2026,16494,LB,"Moon, Jeremiah",1,2.5,2.5,70,70,70,FALSE,1
2026,17665,LB,"Obiazor, Namdi",1,2.5,2.5,70,70,70,FALSE,1
2026,16911,LB,"Stalbird, Isaiah",1,2.5,2.5,70,70,70,FALSE,1
2026,14200,LB,"Tavai, Jahlani",1,2.5,2.5,70,70,70,FALSE,1
2026,14217,LB,"Barton, Cody",1,2,2,77,77,77,FALSE,1
2026,15831,LB,"Chenal, Leo",1,2,2,77,77,77,FALSE,1
2026,14891,LB,"Harrison, Malik",1,2,2,77,77,77,FALSE,1
2026,17383,LB,"Jones, Carl",1,2,2,77,77,77,FALSE,1
2026,17658,LB,"Sharar, Karson",1,2,2,77,77,77,FALSE,1
2026,14979,LB,"Strnad, Justin",1,2,2,77,77,77,FALSE,1
2026,16664,LB,"Trotter Jr., Jeremiah",1,2,2,77,77,77,FALSE,1
2026,15443,LB,"Wallow, Garret",1,2,2,77,77,77,FALSE,1
2026,14168,LB,"White, Devin",1,2,2,77,77,77,FALSE,1
2026,17010,LB,"Bozeman, Swayze",1,1.5,1.5,85,85,85,FALSE,1
2026,17247,LB,"Bruener, Carson",1,1.5,1.5,85,85,85,FALSE,1
2026,16730,LB,"Magee, Jordan",1,1.5,1.5,85,85,85,FALSE,1
2026,17379,LB,"Mascarenas-Arnold, Easton",1,1.5,1.5,85,85,85,FALSE,1
2026,15473,LB,"McDuffie, Isaiah",1,1.5,1.5,85,85,85,FALSE,1
2026,16138,LB,"Olubi, Segun",1,1.5,1.5,85,85,85,FALSE,1
2026,16236,LB,"To'oTo'o, Henry",1,1.5,1.5,85,85,85,FALSE,1
2026,16328,LB,"Barnes, Zaire",1,1,1,94.5,94.5,94.5,FALSE,1
2026,17776,LB,"Chambers, Tahj",1,1,1,94.5,94.5,94.5,FALSE,1
2026,16314,LB,"Dennis, SirVocea",1,1,1,94.5,94.5,94.5,FALSE,1
2026,17623,LB,"Elarms-Orr, Kaleb",1,1,1,94.5,94.5,94.5,FALSE,1
2026,17571,LB,"Golday, Jake",1,1,1,94.5,94.5,94.5,FALSE,1
2026,16019,LB,"Hansen, Jake",1,1,1,94.5,94.5,94.5,FALSE,1
2026,15899,LB,"Jackson, D'Marco",1,1,1,94.5,94.5,94.5,FALSE,1
2026,17233,LB,"Medrano, Kain",1,1,1,94.5,94.5,94.5,FALSE,1
2026,17140,LB,"Mondon, Smael",1,1,1,94.5,94.5,94.5,FALSE,1
2026,17667,LB,"Perkins, Harold",1,1,1,94.5,94.5,94.5,FALSE,1
2026,17408,LB,"Turner, Jordan",1,1,1,94.5,94.5,94.5,FALSE,1
2026,15151,LB,"Welch, Kristian",1,1,1,94.5,94.5,94.5,FALSE,1
2026,17203,LB,"Bassa, Jeffrey",1,0.5,0.5,108,108,108,FALSE,1
2026,13750,LB,"Burks, Oren",1,0.5,0.5,108,108,108,FALSE,1
2026,16492,LB,"Cherelus, Claudin",1,0.5,0.5,108,108,108,FALSE,1
2026,16439,LB,"Diabate, Mohamoud",1,0.5,0.5,108,108,108,FALSE,1
2026,14322,LB,"Edwards, T.J.",1,0.5,0.5,108,108,108,FALSE,1
2026,14926,LB,"Gay, Willie",1,0.5,0.5,108,108,108,FALSE,1
2026,14737,LB,"Giles-Harris, Joe",1,0.5,0.5,108,108,108,FALSE,1
2026,17286,LB,"Higgins, Jay",1,0.5,0.5,108,108,108,FALSE,1
2026,14260,LB,"Holcomb, Cole",1,0.5,0.5,108,108,108,FALSE,1
2026,17356,LB,"McDonald, Cooper",1,0.5,0.5,108,108,108,FALSE,1
2026,15456,LB,"Niemann, Nick",1,0.5,0.5,108,108,108,FALSE,1
2026,16443,LB,"O'Connell, Patrick",1,0.5,0.5,108,108,108,FALSE,1
2026,17362,LB,"Reid, Karene",1,0.5,0.5,108,108,108,FALSE,1
2026,16793,LB,"Williams, James",1,0.5,0.5,108,108,108,FALSE,1
2026,17621,LB,"Woodaz, Wade",1,0.5,0.5,108,108,108,FALSE,1
2026,15049,LB,"Bachie, Joe",1,0,0,127.5,127.5,127.5,FALSE,1
2026,17746,LB,"Bailey, Wesley",1,0,0,127.5,127.5,127.5,FALSE,1
2026,16738,LB,"Carlies, Jaylon",1,0,0,127.5,127.5,127.5,FALSE,1
2026,16666,LB,"Eichenberg, Tommy",1,0,0,127.5,127.5,127.5,FALSE,1
2026,17645,LB,"Elliott, Keyshaun",1,0,0,127.5,127.5,127.5,FALSE,1
2026,14495,LB,"Gifford, Luke",1,0,0,127.5,127.5,127.5,FALSE,1
2026,13715,LB,"Harrison, Ronnie",1,0,0,127.5,127.5,127.5,FALSE,1
2026,16017,LB,"Hummel, Jake",1,0,0,127.5,127.5,127.5,FALSE,1
2026,17201,LB,"James, Shemar",1,0,0,127.5,127.5,127.5,FALSE,1
2026,17662,LB,"Kelly, Jack",1,0,0,127.5,127.5,127.5,FALSE,1
2026,16722,LB,"Knight, Tyrice",1,0,0,127.5,127.5,127.5,FALSE,1
2026,14442,LB,"Kuntz, Christian",1,0,0,127.5,127.5,127.5,FALSE,1
2026,17683,LB,"Kuwatch, Jackson",1,0,0,127.5,127.5,127.5,FALSE,1
2026,17578,LB,"Louis, Kyle",1,0,0,127.5,127.5,127.5,FALSE,1
2026,17208,LB,"Mauigoa, Francisco",1,0,0,127.5,127.5,127.5,FALSE,1
2026,15890,LB,"McFadden, Micah",1,0,0,127.5,127.5,127.5,FALSE,1
2026,16759,LB,"Muasau, Darius",1,0,0,127.5,127.5,127.5,FALSE,1
2026,16283,LB,"Overshown, DeMarvion",1,0,0,127.5,127.5,127.5,FALSE,1
2026,16926,LB,"Reid, Winston",1,0,0,127.5,127.5,127.5,FALSE,1
2026,15975,LB,"Sanborn, Jack",1,0,0,127.5,127.5,127.5,FALSE,1
2026,17178,LB,"Simon, Cody",1,0,0,127.5,127.5,127.5,FALSE,1
2026,15498,LB,"Stuard, Grant",1,0,0,127.5,127.5,127.5,FALSE,1
2026,17354,LB,"Wax, Marlowe",1,0,0,127.5,127.5,127.5,FALSE,1
2026,17449,LB,"Woodard, Jackson",1,0,0,127.5,127.5,127.5,FALSE,1
2026,16872,LB,"Andreessen, Joe",1,-1,-1,140,140,140,FALSE,1
2026,14379,LB,"Woods, Josh",1,-2,-2,141,141,141,FALSE,1
2026,16072,LB,"Cochrane, Jack",1,-2.5,-2.5,142.5,142.5,142.5,FALSE,1
2026,15353,LB,"Surratt, Chazz",1,-2.5,-2.5,142.5,142.5,142.5,FALSE,1
2026,14887,LB,"Simmons, Isaiah",1,-3,-3,144.5,144.5,144.5,FALSE,1
2026,16774,LB,"Watson, Nathaniel",1,-3,-3,144.5,144.5,144.5,FALSE,1
2026,15368,PK,"McPherson, Evan",1,23,23,1,1,1,FALSE,1
2026,17222,PK,"Loop, Tyler",1,17.3,17.3,2,2,2,FALSE,1
2026,17668,PK,"Smack, Trey",1,13.9,13.9,3,3,3,FALSE,1
2026,12860,PK,"Fairbairn, Ka'imi",1,11.9,11.9,4,4,4,FALSE,1
2026,13832,PK,"Sanders, Jason",1,11.4,11.4,5,5,5,FALSE,1
2026,14717,PK,"McLaughlin, Chase",1,10.1,10.1,6,6,6,FALSE,1
2026,16680,PK,"Little, Cam",1,10,10,7,7,7,FALSE,1
2026,14983,PK,"Bass, Tyler",1,9.7,9.7,8,8,8,FALSE,1
2026,16896,PK,"Shrader, Spencer",1,9.3,9.3,9,9,9,FALSE,1
2026,14244,PK,"Gay, Matt",1,7.7,7.7,10,10,10,FALSE,1
2026,16292,PK,"Ryland, Chad",1,7.5,7.5,11,11,11,FALSE,1
2026,17220,PK,"Borregales, Andres",1,7.3,7.3,12,12,12,FALSE,1
2026,13719,PK,"Pineiro, Eddy",1,4.8,4.8,13.5,13.5,13.5,FALSE,1
2026,16681,PK,"Reichard, Will",1,4.8,4.8,13.5,13.5,13.5,FALSE,1
2026,17277,PK,"Fitzgerald, Ryan",1,3.8,3.8,15,15,15,FALSE,1
2026,11945,PK,"Santos, Cairo",1,3.4,3.4,16,16,16,FALSE,1
2026,14600,PK,"Slye, Joey",1,3.1,3.1,17,17,17,FALSE,1
2026,13303,PK,"Elliott, Jake",1,2.9,2.9,18,18,18,FALSE,1
2026,13354,PK,"Butker, Harrison",1,2.1,2.1,20,20,20,FALSE,1
2026,12437,PK,"Myers, Jason",1,2.1,2.1,20,20,20,FALSE,1
2026,15369,PK,"Patterson, Riley",1,2.1,2.1,20,20,20,FALSE,1
2026,12956,PK,"Lutz, Wil",1,1.5,1.5,22,22,22,FALSE,1
2026,17726,PK,"Stevens, Drew",1,1.3,1.3,23,23,23,FALSE,1
2026,17736,PK,"Zvada, Dominic",1,1.2,1.2,24,24,24,FALSE,1
2026,16419,PK,"Szmyt, Andre",1,1.1,1.1,25,25,25,FALSE,1
2026,16846,PK,"Bates, Jake",1,0.9,0.9,26,26,26,FALSE,1
2026,15979,PK,"Dicker, Cameron",1,0.6,0.6,27,27,27,FALSE,1
2026,16843,PK,"Mevis, Harrison",1,0.3,0.3,28,28,28,FALSE,1
2026,8851,PK,"Folk, Nick",1,-0.1,-0.1,29,29,29,FALSE,1
2026,11936,PK,"Boswell, Chris",1,-0.3,-0.3,30,30,30,FALSE,1
2026,16414,PK,"Aubrey, Brandon",1,-1.4,-1.4,31,31,31,FALSE,1
2026,13718,PK,"Carlson, Daniel",1,-4.2,-4.2,32,32,32,FALSE,1
2026,14985,PN,"Mann, Braden",1,15,15,1,1,1,FALSE,1
2026,17241,PN,"Crawshaw, Jeremy",1,12.6,12.6,2,2,2,FALSE,1
2026,14630,PN,"Cole, A.J.",1,10.3,10.3,3,3,3,FALSE,1
2026,15911,PN,"Araiza, Matt",1,9.7,9.7,4,4,4,FALSE,1
2026,15032,PN,"Fox, Jack",1,9.2,9.2,5,5,5,FALSE,1
2026,17352,PN,"Kroeger, Kai",1,8.2,8.2,6,6,6,FALSE,1
2026,14256,PN,"Bailey, Jake",1,7.9,7.9,7,7,7,FALSE,1
2026,11985,PN,"Way, Tress",1,7.2,7.2,8,8,8,FALSE,1
2026,17664,PN,"Eckley, Ryan",1,6.8,6.8,9,9,9,FALSE,1
2026,13782,PN,"Dickson, Michael",1,6.4,6.4,10,10,10,FALSE,1
2026,16010,PN,"Wright, Ryan",1,6,6,11,11,11,FALSE,1
2026,13431,PN,"Sanchez, Rigoberto",1,5.8,5.8,12,12,12,FALSE,1
2026,16351,PN,"Evans, Ethan",1,5.6,5.6,13.5,13.5,13.5,FALSE,1
2026,14227,PN,"Wishnowsky, Mitch",1,5.6,5.6,13.5,13.5,13.5,FALSE,1
2026,15499,PN,"Gillikin, Blake",1,5.5,5.5,15,15,15,FALSE,1
2026,13848,PN,"Johnston, Cam",1,5.1,5.1,16,16,16,FALSE,1
2026,10814,PN,"Anger, Bryan",1,4.9,4.9,17.5,17.5,17.5,FALSE,1
2026,17689,PN,"Doman, Tommy",1,4.9,4.9,17.5,17.5,17.5,FALSE,1
2026,13844,PN,"Cooke, Logan",1,4.7,4.7,19.5,19.5,19.5,FALSE,1
2026,17339,PN,"McNamara, Austin",1,4.7,4.7,19.5,19.5,19.5,FALSE,1
2026,12323,PN,"Pinion, Bradley",1,4.5,4.5,21,21,21,FALSE,1
2026,15051,PN,"Townsend, Tommy",1,3.7,3.7,22,22,22,FALSE,1
2026,17761,PN,"Thorson, Brett",1,3.2,3.2,23,23,23,FALSE,1
2026,15884,PN,"Stout, Jordan",1,2.2,2.2,24,24,24,FALSE,1
2026,11383,PN,"Martin, Sam",1,1.9,1.9,25,25,25,FALSE,1
2026,16724,PN,"Taylor, Tory",1,1.8,1.8,26,26,26,FALSE,1
2026,13869,PN,"Bojorquez, Corey",1,1.3,1.3,27,27,27,FALSE,1
2026,16452,PN,"Whelan, Daniel",1,1.2,1.2,28,28,28,FALSE,1
2026,16887,PN,"Rehkow, Ryan",1,1,1,29,29,29,FALSE,1
2026,15668,PN,"Waitman, Corliss",1,0.6,0.6,30,30,30,FALSE,1
2026,12842,PN,"Dixon, Riley",1,0,0,31,31,31,FALSE,1
2026,13791,PN,"Scott, J.K.",1,-4.6,-4.6,32,32,32,FALSE,1
2026,13589,QB,"Allen, Josh",1,68.3,68.3,1,1,1,FALSE,1
2026,16579,QB,"Williams, Caleb",1,64.2,64.2,2,2,2,FALSE,1
2026,16148,QB,"Young, Bryce",1,60.1,60.1,3,3,3,FALSE,1
2026,13593,QB,"Jackson, Lamar",1,55.8,55.8,4,4,4,FALSE,1
2026,15237,QB,"Lawrence, Trevor",1,52.9,52.9,5,5,5,FALSE,1
2026,17032,QB,"Dart, Jaxson",1,46.6,46.6,6,6,6,FALSE,1
2026,12616,QB,"Brissett, Jacoby",1,43.7,43.7,7,7,7,FALSE,1
2026,14783,QB,"Hurts, Jalen",1,37.1,37.1,8,8,8,FALSE,1
2026,15698,QB,"Purdy, Brock",1,33.8,33.8,9,9,9,FALSE,1
2026,13116,QB,"Mahomes, Patrick",1,33.5,33.5,10,10,10,FALSE,1
2026,14057,QB,"Lock, Drew",1,30.6,30.6,11,11,11,FALSE,1
2026,11150,QB,"Smith, Geno",1,29.2,29.2,12,12,12,FALSE,1
2026,14782,QB,"Love, Jordan",1,29.1,29.1,13,13,13,FALSE,1
2026,16150,QB,"Stroud, C.J.",1,27.4,27.4,14,14,14,FALSE,1
2026,16581,QB,"Daniels, Jayden",1,23.8,23.8,15,15,15,FALSE,1
2026,13113,QB,"Watson, Deshaun",1,23.6,23.6,16,16,16,FALSE,1
2026,12610,QB,"Wentz, Carson",1,23.1,23.1,17,17,17,FALSE,1
2026,17039,QB,"Shough, Tyler",1,20.6,20.6,18,18,18,FALSE,1
2026,14777,QB,"Burrow, Joe",1,20.3,20.3,19,19,19,FALSE,1
2026,12620,QB,"Prescott, Dak",1,19.3,19.3,20,20,20,FALSE,1
2026,14779,QB,"Herbert, Justin",1,19.2,19.2,21,21,21,FALSE,1
2026,12611,QB,"Goff, Jared",1,19,19,22,22,22,FALSE,1
2026,7836,QB,"Rodgers, Aaron",1,18.1,18.1,23,23,23,FALSE,1
2026,13590,QB,"Mayfield, Baker",1,14.1,14.1,24,24,24,FALSE,1
2026,15694,QB,"Willis, Malik",1,10.8,10.8,25,25,25,FALSE,1
2026,17030,QB,"Ward, Cam",1,10.1,10.1,26,26,26,FALSE,1
2026,10700,QB,"Cousins, Kirk",1,7.8,7.8,27,27,27,FALSE,1
2026,14059,QB,"Jones, Daniel",1,6.1,6.1,28,28,28,FALSE,1
2026,9431,QB,"Stafford, Matthew",1,5.8,5.8,29,29,29,FALSE,1
2026,15692,QB,"Pickett, Kenny",1,3.8,3.8,30,30,30,FALSE,1
2026,16153,QB,"Bennett, Stetson",1,2.9,2.9,31,31,31,FALSE,1
2026,15238,QB,"Fields, Justin",1,0,0,32.5,32.5,32.5,FALSE,1
2026,9064,QB,"Flacco, Joe",1,0,0,32.5,32.5,32.5,FALSE,1
2026,13592,QB,"Darnold, Sam",1,-0.4,-0.4,34,34,34,FALSE,1
2026,16580,QB,"Maye, Drake",1,-1,-1,35,35,35,FALSE,1
2026,13968,QB,"Mullens, Nick",1,-2.1,-2.1,36,36,36,FALSE,1
2026,14056,QB,"Murray, Kyler",1,-7.6,-7.6,37,37,37,FALSE,1
2026,16582,QB,"Nix, Bo",1,-16.6,-16.6,38,38,38,FALSE,1
2026,13124,QB,"Rush, Cooper",1,-18.6,-18.6,39,39,39,FALSE,1
2026,12626,RB,"Henry, Derrick",1,36.1,36.1,1,1,1,FALSE,1
2026,15711,RB,"Walker III, Kenneth",1,35.2,35.2,2,2,2,FALSE,1
2026,14797,RB,"Swift, D'Andre",1,32.3,32.3,3,3,3,FALSE,1
2026,16162,RB,"Gibbs, Jahmyr",1,29.7,29.7,4,4,4,FALSE,1
2026,17042,RB,"Jeanty, Ashton",1,27.4,27.4,5,5,5,FALSE,1
2026,17066,RB,"Monangai, Kyle",1,24.3,24.3,6,6,6,FALSE,1
2026,15261,RB,"Hubbard, Chuba",1,20.9,20.9,7,7,7,FALSE,1
2026,16161,RB,"Robinson, Bijan",1,20.6,20.6,8,8,8,FALSE,1
2026,15708,RB,"Hall, Breece",1,19.1,19.1,9,9,9,FALSE,1
2026,17052,RB,"Tuten, Bhayshul",1,18.1,18.1,10,10,10,FALSE,1
2026,14802,RB,"Taylor, Jonathan",1,17.7,17.7,11,11,11,FALSE,1
2026,14071,RB,"Montgomery, David",1,15.3,15.3,12,12,12,FALSE,1
2026,17045,RB,"Skattebo, Cam",1,14.2,14.2,13,13,13,FALSE,1
2026,15253,RB,"Etienne, Travis",1,13.8,13.8,14,14,14,FALSE,1
2026,15256,RB,"Williams, Javonte",1,12.4,12.4,15,15,15,FALSE,1
2026,15710,RB,"Williams, Kyren",1,12,12,16,16,16,FALSE,1
2026,16598,RB,"Irving, Bucky",1,11.6,11.6,17,17,17,FALSE,1
2026,16181,RB,"Brown, Chase",1,10.1,10.1,18.5,18.5,18.5,FALSE,1
2026,17474,RB,"Johnson, Emmett",1,10.1,10.1,18.5,18.5,18.5,FALSE,1
2026,16597,RB,"Brooks, Jonathon",1,9.4,9.4,20,20,20,FALSE,1
2026,15972,RB,"Mason, Jordan",1,9.3,9.3,21,21,21,FALSE,1
2026,13133,RB,"Perine, Samaje",1,9,9,22,22,22,FALSE,1
2026,13130,RB,"McCaffrey, Christian",1,8.1,8.1,23,23,23,FALSE,1
2026,13604,RB,"Barkley, Saquon",1,8,8,25,25,25,FALSE,1
2026,17485,RB,"Black, Kaelon",1,8,8,25,25,25,FALSE,1
2026,15259,RB,"Stevenson, Rhamondre",1,8,8,25,25,25,FALSE,1
2026,17473,RB,"Price, Jadarian",1,7.6,7.6,27.5,27.5,27.5,FALSE,1
2026,14080,RB,"Singletary, Devin",1,7.6,7.6,27.5,27.5,27.5,FALSE,1
2026,16593,RB,"Corum, Blake",1,6.8,6.8,29,29,29,FALSE,1
2026,13319,RB,"Jones, Aaron",1,6.5,6.5,31,31,31,FALSE,1
2026,17472,RB,"Love, Jeremiyah",1,6.5,6.5,31,31,31,FALSE,1
2026,16171,RB,"Miller, Kendre",1,6.5,6.5,31,31,31,FALSE,1
2026,16167,RB,"Achane, De'Von",1,6.2,6.2,33,33,33,FALSE,1
2026,15712,RB,"Allgeier, Tyler",1,5.5,5.5,34,34,34,FALSE,1
2026,17068,RB,"Harvey, RJ",1,5.2,5.2,35.5,35.5,35.5,FALSE,1
2026,17482,RB,"Washington Jr., Mike",1,5.2,5.2,35.5,35.5,35.5,FALSE,1
2026,17053,RB,"Marks, Woody",1,5,5,37.5,37.5,37.5,FALSE,1
2026,13455,RB,"Ricard, Patrick",1,5,5,37.5,37.5,37.5,FALSE,1
2026,12155,RB,"Abdullah, Ameer",1,4.4,4.4,39,39,39,FALSE,1
2026,17051,RB,"Judkins, Quinshon",1,4,4,40.5,40.5,40.5,FALSE,1
2026,16496,RB,"Russell, Brady",1,4,4,40.5,40.5,40.5,FALSE,1
2026,14800,RB,"Dobbins, J.K.",1,3.7,3.7,42.5,42.5,42.5,FALSE,1
2026,17062,RB,"Sanders, Raheim",1,3.7,3.7,42.5,42.5,42.5,FALSE,1
2026,14805,RB,"Dillon, AJ",1,3.6,3.6,44,44,44,FALSE,1
2026,16596,RB,"Allen, Braelon",1,3.5,3.5,45,45,45,FALSE,1
2026,17044,RB,"Hampton, Omarion",1,3.1,3.1,46,46,46,FALSE,1
2026,15726,RB,"Rivers, Ronnie",1,2.8,2.8,47,47,47,FALSE,1
2026,15716,RB,"Robinson, Brian",1,2.7,2.7,48,48,48,FALSE,1
2026,16678,RB,"Vaki, Sione",1,2.6,2.6,49,49,49,FALSE,1
2026,14085,RB,"Pollard, Tony",1,2.3,2.3,50,50,50,FALSE,1
2026,14086,RB,"Hill, Justice",1,2.1,2.1,52,52,52,FALSE,1
2026,16174,RB,"Rodriguez, Chris",1,2.1,2.1,52,52,52,FALSE,1
2026,15742,RB,"Warren, Jaylen",1,2.1,2.1,52,52,52,FALSE,1
2026,16175,RB,"Johnson, Roschon",1,2,2,54,54,54,FALSE,1
2026,16387,RB,"Brooks, Chris",1,1.8,1.8,55,55,55,FALSE,1
2026,17256,RB,"Croskey-Merritt, Jacory",1,1.7,1.7,56,56,56,FALSE,1
2026,17648,RB,"Nowakowski, Riley",1,1.5,1.5,57.5,57.5,57.5,FALSE,1
2026,16527,RB,"VanSumeren, Ben",1,1.5,1.5,57.5,57.5,57.5,FALSE,1
2026,16391,RB,"Luepke, Hunter",1,1.4,1.4,60,60,60,FALSE,1
2026,16601,RB,"Shipley, Will",1,1.4,1.4,60,60,60,FALSE,1
2026,15721,RB,"White, Rachaad",1,1.4,1.4,60,60,60,FALSE,1
2026,15715,RB,"Cook, James",1,1.3,1.3,62.5,62.5,62.5,FALSE,1
2026,17267,RB,"Larison, Lan",1,1.3,1.3,62.5,62.5,62.5,FALSE,1
2026,17478,RB,"Allen, Kaytron",1,1.2,1.2,64,64,64,FALSE,1
2026,15255,RB,"Gainwell, Kenneth",1,1.1,1.1,65,65,65,FALSE,1
2026,16613,RB,"Laube, Dylan",1,1,1,66,66,66,FALSE,1
2026,16604,RB,"Lloyd, MarShawn",1,0.9,0.9,67,67,67,FALSE,1
2026,16608,RB,"Holani, George",1,0.8,0.8,68.5,68.5,68.5,FALSE,1
2026,16165,RB,"Spears, Tyjae",1,0.8,0.8,68.5,68.5,68.5,FALSE,1
2026,14815,RB,"Dallas, DeeJay",1,0.7,0.7,70,70,70,FALSE,1
2026,16746,RB,"Ali, Rasheen",1,0.5,0.5,71.5,71.5,71.5,FALSE,1
2026,16850,RB,"Saylors, Jacob",1,0.5,0.5,71.5,71.5,71.5,FALSE,1
2026,16385,RB,"Demercado, Emari",1,0.4,0.4,73,73,73,FALSE,1
2026,15800,RB,"Heyward, Connor",1,0.2,0.2,74,74,74,FALSE,1
2026,16164,RB,"Bigsby, Tank",1,0.1,0.1,76,76,76,FALSE,1
2026,16603,RB,"Davis, Ray",1,0.1,0.1,76,76,76,FALSE,1
2026,16599,RB,"Gore Jr., Frank",1,0.1,0.1,76,76,76,FALSE,1
2026,17061,RB,"Allen, LeQuint",1,0,0,88.5,88.5,88.5,FALSE,1
2026,14319,RB,"Beck, Andrew",1,0,0,88.5,88.5,88.5,FALSE,1
2026,17641,RB,"Bredeson, Max",1,0,0,88.5,88.5,88.5,FALSE,1
2026,16816,RB,"Brooks, British",1,0,0,88.5,88.5,88.5,FALSE,1
2026,17058,RB,"Brooks, Tahj",1,0,0,88.5,88.5,88.5,FALSE,1
2026,12325,RB,"Burton, Michael",1,0,0,88.5,88.5,88.5,FALSE,1
2026,15965,RB,"Chestnut, Julius",1,0,0,88.5,88.5,88.5,FALSE,1
2026,17477,RB,"Coleman, Jonah",1,0,0,88.5,88.5,88.5,FALSE,1
2026,16752,RB,"Davis, Isaiah",1,0,0,88.5,88.5,88.5,FALSE,1
2026,15103,RB,"Gilliam, Reggie",1,0,0,88.5,88.5,88.5,FALSE,1
2026,17059,RB,"Gordon II, Ollie",1,0,0,88.5,88.5,88.5,FALSE,1
2026,17685,RB,"Heidenreich, Eli",1,0,0,88.5,88.5,88.5,FALSE,1
2026,14420,RB,"Ingold, Alec",1,0,0,88.5,88.5,88.5,FALSE,1
2026,17048,RB,"Johnson, Kaleb",1,0,0,88.5,88.5,88.5,FALSE,1
2026,15767,RB,"Jones, Velus",1,0,0,88.5,88.5,88.5,FALSE,1
2026,11367,RB,"Juszczyk, Kyle",1,0,0,88.5,88.5,88.5,FALSE,1
2026,15727,RB,"Knight, Bam",1,0,0,88.5,88.5,88.5,FALSE,1
2026,15650,RB,"Prentice, Adam",1,0,0,88.5,88.5,88.5,FALSE,1
2026,17047,RB,"Sampson, Dylan",1,0,0,88.5,88.5,88.5,FALSE,1
2026,17049,RB,"Smith, Brashard",1,0,0,88.5,88.5,88.5,FALSE,1
2026,16757,RB,"Vidal, Kimani",1,0,0,88.5,88.5,88.5,FALSE,1
2026,17359,RB,"Williams, Josh",1,0,0,88.5,88.5,88.5,FALSE,1
2026,16178,RB,"Mitchell, Keaton",1,-0.2,-0.2,100,100,100,FALSE,1
2026,16432,RB,"Wilson, Emanuel",1,-0.4,-0.4,101,101,101,FALSE,1
2026,17475,RB,"McGowan, Seth",1,-0.5,-0.5,102,102,102,FALSE,1
2026,16610,RB,"Wright, Jaylen",1,-0.7,-0.7,103,103,103,FALSE,1
2026,17274,RB,"Kiner, Corey",1,-0.8,-0.8,104,104,104,FALSE,1
2026,17492,RB,"Donaldson, CJ",1,-1.1,-1.1,105,105,105,FALSE,1
2026,16747,RB,"Tracy, Tyrone",1,-3.7,-3.7,106,106,106,FALSE,1
2026,14823,RB,"Dowdle, Rico",1,-3.8,-3.8,107,107,107,FALSE,1
2026,15923,S,"Lake, Quentin",1,28.5,28.5,1,1,1,FALSE,1
2026,14328,S,"Wingard, Andrew",1,25.5,25.5,2,2,2,FALSE,1
2026,14179,S,"Love, Julian",1,21,21,3,3,3,FALSE,1
2026,14910,S,"Jones, Brandon",1,18.6,18.6,4,4,4,FALSE,1
2026,15835,S,"Brisker, Jaquan",1,18.5,18.5,5,5,5,FALSE,1
2026,17582,S,"Stukes, Treydan",1,17,17,6,6,6,FALSE,1
2026,13322,S,"Clark, Chuck",1,16.2,16.2,7,7,7,FALSE,1
2026,17202,S,"Trader, Dante",1,16.1,16.1,8,8,8,FALSE,1
2026,15860,S,"Cook, Bryan",1,16,16,9,9,9,FALSE,1
2026,17640,S,"Taaffe, Michael",1,14.8,14.8,10,10,10,FALSE,1
2026,17576,S,"Thieneman, Dillon",1,14.5,14.5,11,11,11,FALSE,1
2026,13767,S,"Maddox, Avonte",1,13.5,13.5,12,12,12,FALSE,1
2026,17563,S,"Downs, Caleb",1,13.2,13.2,13,13,13,FALSE,1
2026,13714,S,"James, Derwin",1,12.5,12.5,14,14,14,FALSE,1
2026,15366,S,"Holland, Jevon",1,10.8,10.8,15,15,15,FALSE,1
2026,14927,S,"Chinn, Jeremy",1,10.5,10.5,17,17,17,FALSE,1
2026,15839,S,"Cross, Nick",1,10.5,10.5,17,17,17,FALSE,1
2026,17167,S,"Sanker, Jonas",1,10.5,10.5,17,17,17,FALSE,1
2026,15676,S,"Anderson, Zayne",1,10,10,19.5,19.5,19.5,FALSE,1
2026,14182,S,"Hooker, Amani",1,10,10,19.5,19.5,19.5,FALSE,1
2026,16705,S,"Bullock, Calen",1,9.5,9.5,21,21,21,FALSE,1
2026,15850,S,"Pitre, Jalen",1,9,9,22,22,22,FALSE,1
2026,13717,S,"Reid, Justin",1,8.5,8.5,23,23,23,FALSE,1
2026,17132,S,"Starks, Malaki",1,8.2,8.2,24,24,24,FALSE,1
2026,14909,S,"Winfield, Antoine",1,8,8,25,25,25,FALSE,1
2026,16245,S,"Battle, Jordan",1,7.5,7.5,26.5,26.5,26.5,FALSE,1
2026,15946,S,"Thomas II, Rodney",1,7.5,7.5,26.5,26.5,26.5,FALSE,1
2026,15418,S,"Bynum, Camryn",1,7,7,29.5,29.5,29.5,FALSE,1
2026,14224,S,"Gardner-Johnson, Chauncey",1,7,7,29.5,29.5,29.5,FALSE,1
2026,16928,S,"Harper, Thomas",1,7,7,29.5,29.5,29.5,FALSE,1
2026,17145,S,"Winston, Kevin",1,7,7,29.5,29.5,29.5,FALSE,1
2026,13251,S,"Baker, Budda",1,6.6,6.6,32,32,32,FALSE,1
2026,17207,S,"Sigle, Marques",1,6.5,6.5,33.5,33.5,33.5,FALSE,1
2026,10783,S,"Smith, Harrison",1,6.5,6.5,33.5,33.5,33.5,FALSE,1
2026,14907,S,"Delpit, Grant",1,6,6,37.5,37.5,37.5,FALSE,1
2026,14270,S,"Epps, Marcus",1,6,6,37.5,37.5,37.5,FALSE,1
2026,11327,S,"Jefferson, Tony",1,6,6,37.5,37.5,37.5,FALSE,1
2026,16676,S,"Kinchens, Kamren",1,6,6,37.5,37.5,37.5,FALSE,1
2026,14302,S,"Scott, Nick",1,6,6,37.5,37.5,37.5,FALSE,1
2026,14518,S,"Thompson, Jalen",1,6,6,37.5,37.5,37.5,FALSE,1
2026,16708,S,"Smith, Tykee",1,5.9,5.9,41,41,41,FALSE,1
2026,16018,S,"Blankenship, Reed",1,5.5,5.5,44.5,44.5,44.5,FALSE,1
2026,15834,S,"Hamilton, Kyle",1,5.5,5.5,44.5,44.5,44.5,FALSE,1
2026,17601,S,"Haulcy, A.J.",1,5.5,5.5,44.5,44.5,44.5,FALSE,1
2026,16460,S,"Hickman, Ronnie",1,5.5,5.5,44.5,44.5,44.5,FALSE,1
2026,15140,S,"Lewis, Cam",1,5.5,5.5,44.5,44.5,44.5,FALSE,1
2026,17166,S,"Ransaw, Caleb",1,5.5,5.5,44.5,44.5,44.5,FALSE,1
2026,15364,S,"Cisco, Andre",1,5,5,49,49,49,FALSE,1
2026,16263,S,"Martin, Quan",1,5,5,49,49,49,FALSE,1
2026,17172,S,"Woodson, Craig",1,5,5,49,49,49,FALSE,1
2026,13737,S,"Bates, Jessie",1,4.5,4.5,52.5,52.5,52.5,FALSE,1
2026,16700,S,"Bishop, Cole",1,4.5,4.5,52.5,52.5,52.5,FALSE,1
2026,16912,S,"McCollough, Jaylen",1,4.5,4.5,52.5,52.5,52.5,FALSE,1
2026,17626,S,"Smith, Genesis",1,4.5,4.5,52.5,52.5,52.5,FALSE,1
2026,14933,S,"Blackmon, Julian",1,4,4,56,56,56,FALSE,1
2026,15402,S,"Molden, Elijah",1,4,4,56,56,56,FALSE,1
2026,14434,S,"Reaves, Jeremy",1,4,4,56,56,56,FALSE,1
2026,12752,S,"Byard, Kevin",1,3.5,3.5,59.5,59.5,59.5,FALSE,1
2026,15452,S,"Hufanga, Talanoa",1,3.5,3.5,59.5,59.5,59.5,FALSE,1
2026,16246,S,"Johnson, Antonio",1,3.5,3.5,59.5,59.5,59.5,FALSE,1
2026,14995,S,"Metellus, Josh",1,3.5,3.5,59.5,59.5,59.5,FALSE,1
2026,16719,S,"Williams, Evan",1,3.3,3.3,62,62,62,FALSE,1
2026,16271,S,"Brown, Sydney",1,3.2,3.2,63,63,63,FALSE,1
2026,16281,S,"Brown, Ji'Ayir",1,3,3,65.5,65.5,65.5,FALSE,1
2026,16727,S,"Hicks, Jaden",1,3,3,65.5,65.5,65.5,FALSE,1
2026,16679,S,"Nubin, Tyler",1,3,3,65.5,65.5,65.5,FALSE,1
2026,17131,S,"Watts, Xavier",1,3,3,65.5,65.5,65.5,FALSE,1
2026,15875,S,"Belton, Dane",1,2.5,2.5,70.5,70.5,70.5,FALSE,1
2026,17246,S,"Crawford, Kitan",1,2.5,2.5,70.5,70.5,70.5,FALSE,1
2026,14982,S,"Gilman, Alohi",1,2.5,2.5,70.5,70.5,70.5,FALSE,1
2026,16725,S,"Mustapha, Malik",1,2.5,2.5,70.5,70.5,70.5,FALSE,1
2026,17181,S,"Ransom, Lathan",1,2.5,2.5,70.5,70.5,70.5,FALSE,1
2026,17753,S,"Thomas, Jacob",1,2.5,2.5,70.5,70.5,70.5,FALSE,1
2026,15001,S,"Curl, Kamren",1,2,2,76,76,76,FALSE,1
2026,15921,S,"Jackson, Theo",1,2,2,76,76,76,FALSE,1
2026,16880,S,"Owens, Tyler",1,2,2,76,76,76,FALSE,1
2026,16900,S,"Pettus, Dell",1,2,2,76,76,76,FALSE,1
2026,17680,S,"Spears-Jennings, Robert",1,2,2,76,76,76,FALSE,1
2026,14908,S,"McKinney, Xavier",1,1.6,1.6,79,79,79,FALSE,1
2026,16014,S,"Adams, Tony",1,1.5,1.5,83.5,83.5,83.5,FALSE,1
2026,14954,S,"Hawkins, Jaylinn",1,1.5,1.5,83.5,83.5,83.5,FALSE,1
2026,16311,S,"Howden, Jordan",1,1.5,1.5,83.5,83.5,83.5,FALSE,1
2026,13288,S,"Jenkins, Rayshawn",1,1.5,1.5,83.5,83.5,83.5,FALSE,1
2026,15094,S,"Locke, P.J.",1,1.5,1.5,83.5,83.5,83.5,FALSE,1
2026,15365,S,"Moehrig, Trevon",1,1.5,1.5,83.5,83.5,83.5,FALSE,1
2026,12772,S,"Murray, Eric",1,1.5,1.5,83.5,83.5,83.5,FALSE,1
2026,17755,S,"Nwankpa, Xavier",1,1.5,1.5,83.5,83.5,83.5,FALSE,1
2026,15985,S,"Bell, Markquese",1,1,1,92.5,92.5,92.5,FALSE,1
2026,17319,S,"Clark, Alijah",1,1,1,92.5,92.5,92.5,FALSE,1
2026,14911,S,"Davis, Ashtyn",1,1,1,92.5,92.5,92.5,FALSE,1
2026,16352,S,"Hellams, DeMarcco",1,1,1,92.5,92.5,92.5,FALSE,1
2026,13228,S,"Hooker, Malik",1,1,1,92.5,92.5,92.5,FALSE,1
2026,12776,S,"Killebrew, Miles",1,1,1,92.5,92.5,92.5,FALSE,1
2026,17365,S,"McMillon, Donovan",1,1,1,92.5,92.5,92.5,FALSE,1
2026,17186,S,"Moore, Malachi",1,1,1,92.5,92.5,92.5,FALSE,1
2026,17153,S,"Mukuba, Andrew",1,1,1,92.5,92.5,92.5,FALSE,1
2026,14414,S,"Owens, Jonathan",1,1,1,92.5,92.5,92.5,FALSE,1
2026,15956,S,"Hicks, Elijah",1,0.5,0.5,100,100,100,FALSE,1
2026,15527,S,"Key, Devon",1,0.5,0.5,100,100,100,FALSE,1
2026,16102,S,"Pola-Mao, Isaiah",1,0.5,0.5,100,100,100,FALSE,1
2026,16247,S,"Skinner, JL",1,0.5,0.5,100,100,100,FALSE,1
2026,15510,S,"Washington, Ar'Darius",1,0.5,0.5,100,100,100,FALSE,1
2026,14942,S,"Burgess, Terrell",1,0,0,111.5,111.5,111.5,FALSE,1
2026,15874,S,"Butler, Percy",1,0,0,111.5,111.5,111.5,FALSE,1
2026,13713,S,"Fitzpatrick, Minkah",1,0,0,111.5,111.5,111.5,FALSE,1
2026,16340,S,"Hallett, Erick",1,0,0,111.5,111.5,111.5,FALSE,1
2026,17211,S,"Hancock, Jordan",1,0,0,111.5,111.5,111.5,FALSE,1
2026,17423,S,"Ingle, Tanner",1,0,0,111.5,111.5,111.5,FALSE,1
2026,17398,S,"Jackson, Keondre",1,0,0,111.5,111.5,111.5,FALSE,1
2026,17343,S,"Jules, PJ",1,0,0,111.5,111.5,111.5,FALSE,1
2026,17229,S,"Lane, Rayuan",1,0,0,111.5,111.5,111.5,FALSE,1
2026,16571,S,"McCollum, Tristin",1,0,0,111.5,111.5,111.5,FALSE,1
2026,15363,S,"Melifonwu, Ifeatu",1,0,0,111.5,111.5,111.5,FALSE,1
2026,16750,S,"Oladapo, Kitan",1,0,0,111.5,111.5,111.5,FALSE,1
2026,17564,S,"Ramsey, Kamari",1,0,0,111.5,111.5,111.5,FALSE,1
2026,17223,S,"Reed, Jaylen",1,0,0,111.5,111.5,111.5,FALSE,1
2026,16304,S,"Ward, Jay",1,0,0,111.5,111.5,111.5,FALSE,1
2026,16375,S,"Williamson, Kendall",1,0,0,111.5,111.5,111.5,FALSE,1
2026,17250,S,"Wohler, Hunter",1,0,0,111.5,111.5,111.5,FALSE,1
2026,16989,S,"Wood, Julius",1,0,0,111.5,111.5,111.5,FALSE,1
2026,17575,S,"McNeil-Warren, Emmanuel",1,-0.5,-0.5,121,121,121,FALSE,1
2026,15469,S,"Hamlin, Damar",1,-0.7,-0.7,122,122,122,FALSE,1
2026,15903,S,"Anderson, Tycen",1,-2,-2,123.5,123.5,123.5,FALSE,1
2026,13939,S,"Odum, George",1,-2,-2,123.5,123.5,123.5,FALSE,1
2026,15595,S,"Campbell, Elijah",1,-2.5,-2.5,125.5,125.5,125.5,FALSE,1
2026,14921,S,"Dugger, Kyle",1,-2.5,-2.5,125.5,125.5,125.5,FALSE,1
2026,15148,S,"Franklin, Sam",1,-3.1,-3.1,127,127,127,FALSE,1
2026,16677,S,"Bullard, Javon",1,-4,-4,128,128,128,FALSE,1
2026,16213,TE,"Kincaid, Dalton",1,24.5,24.5,1,1,1,FALSE,1
2026,13674,TE,"Goedert, Dallas",1,21.9,21.9,2,2,2,FALSE,1
2026,13672,TE,"Gesicki, Mike",1,17.6,17.6,3,3,3,FALSE,1
2026,15794,TE,"McBride, Trey",1,17.5,17.5,4,4,4,FALSE,1
2026,15798,TE,"Likely, Isaiah",1,16.6,16.6,5,5,5,FALSE,1
2026,15331,TE,"Freiermuth, Pat",1,12.2,12.2,6,6,6,FALSE,1
2026,11244,TE,"Kelce, Travis",1,11.7,11.7,7,7,7,FALSE,1
2026,13189,TE,"Engram, Evan",1,11.1,11.1,8,8,8,FALSE,1
2026,14861,TE,"Johnson, Juwan",1,10.8,10.8,9,9,9,FALSE,1
2026,13192,TE,"Njoku, David",1,10.6,10.6,10,10,10,FALSE,1
2026,14138,TE,"Hockenson, T.J.",1,10.2,10.2,11,11,11,FALSE,1
2026,14867,TE,"Kmet, Cole",1,10,10,12.5,12.5,12.5,FALSE,1
2026,16222,TE,"Kraft, Tucker",1,10,10,12.5,12.5,12.5,FALSE,1
2026,13193,TE,"Smith, Jonnu",1,9,9,14,14,14,FALSE,1
2026,14137,TE,"Fant, Noah",1,6.6,6.6,15,15,15,FALSE,1
2026,17099,TE,"Gadsden, Oronde",1,5.9,5.9,16,16,16,FALSE,1
2026,16269,TE,"Strange, Brenton",1,5.6,5.6,17,17,17,FALSE,1
2026,13671,TE,"Andrews, Mark",1,5.3,5.3,18,18,18,FALSE,1
2026,16214,TE,"LaPorta, Sam",1,5.1,5.1,19,19,19,FALSE,1
2026,17543,TE,"Sadiq, Kenyon",1,4.8,4.8,20,20,20,FALSE,1
2026,17607,TE,"Raridon, Eli",1,4.4,4.4,21,21,21,FALSE,1
2026,12676,TE,"Henry, Hunter",1,4.2,4.2,22,22,22,FALSE,1
2026,16212,TE,"Mayer, Michael",1,3.9,3.9,23,23,23,FALSE,1
2026,17102,TE,"Warren, Tyler",1,3.6,3.6,24,24,24,FALSE,1
2026,15335,TE,"Farrell, Luke",1,3.3,3.3,25.5,25.5,25.5,FALSE,1
2026,12263,TE,"Waller, Darren",1,3.3,3.3,25.5,25.5,25.5,FALSE,1
2026,17593,TE,"Klein, Marlin",1,3.2,3.2,27,27,27,FALSE,1
2026,15797,TE,"Dulcich, Greg",1,3.1,3.1,29,29,29,FALSE,1
2026,17105,TE,"Helm, Gunnar",1,3.1,3.1,29,29,29,FALSE,1
2026,16216,TE,"Washington, Darnell",1,3.1,3.1,29,29,29,FALSE,1
2026,14146,TE,"Sample, Drew",1,2.8,2.8,31,31,31,FALSE,1
2026,17103,TE,"Fannin, Harold",1,2.7,2.7,32,32,32,FALSE,1
2026,16219,TE,"Allen, Davis",1,2.6,2.6,33.5,33.5,33.5,FALSE,1
2026,17627,TE,"Hibner, Matthew",1,2.6,2.6,33.5,33.5,33.5,FALSE,1
2026,15332,TE,"Tremble, Tommy",1,2.5,2.5,35,35,35,FALSE,1
2026,17268,TE,"Briningstool, Jake",1,2.3,2.3,36.5,36.5,36.5,FALSE,1
2026,16647,TE,"Spann-Ford, Brevyn",1,2.3,2.3,36.5,36.5,36.5,FALSE,1
2026,14239,TE,"Moreau, Foster",1,2,2,38,38,38,FALSE,1
2026,14209,TE,"Oliver, Josh",1,1.9,1.9,39,39,39,FALSE,1
2026,15889,TE,"Okonkwo, Chigoziem",1,1.7,1.7,40.5,40.5,40.5,FALSE,1
2026,15802,TE,"Otton, Cade",1,1.7,1.7,40.5,40.5,40.5,FALSE,1
2026,17419,TE,"Latu, Keleki",1,1.5,1.5,42.5,42.5,42.5,FALSE,1
2026,13772,TE,"Schultz, Dalton",1,1.5,1.5,42.5,42.5,42.5,FALSE,1
2026,16649,TE,"Johnson, Theo",1,1.3,1.3,44.5,44.5,44.5,FALSE,1
2026,16940,TE,"Whiteheart, Blake",1,1.3,1.3,44.5,44.5,44.5,FALSE,1
2026,16474,TE,"Adkins, Nate",1,1,1,47,47,47,FALSE,1
2026,17660,TE,"Sharp, Bauer",1,1,1,47,47,47,FALSE,1
2026,17774,TE,"Welch, Treyton",1,1,1,47,47,47,FALSE,1
2026,15873,TE,"Bellinger, Daniel",1,0.9,0.9,49.5,49.5,49.5,FALSE,1
2026,14143,TE,"Knox, Dawson",1,0.9,0.9,49.5,49.5,49.5,FALSE,1
2026,16723,TE,"Barner, AJ",1,0.6,0.6,51.5,51.5,51.5,FALSE,1
2026,15344,TE,"Bates, John",1,0.6,0.6,51.5,51.5,51.5,FALSE,1
2026,15244,TE,"Franks, Feleipe",1,0.5,0.5,55.5,55.5,55.5,FALSE,1
2026,15337,TE,"Gray, Noah",1,0.5,0.5,55.5,55.5,55.5,FALSE,1
2026,15937,TE,"Muse, Nick",1,0.5,0.5,55.5,55.5,55.5,FALSE,1
2026,17696,TE,"Ryan, Carsen",1,0.5,0.5,55.5,55.5,55.5,FALSE,1
2026,15626,TE,"Wright, Brock",1,0.5,0.5,55.5,55.5,55.5,FALSE,1
2026,16898,TE,"Yankoff, Colson",1,0.5,0.5,55.5,55.5,55.5,FALSE,1
2026,14370,TE,"Hudson, Tanner",1,0.3,0.3,60,60,60,FALSE,1
2026,15796,TE,"Ruckert, Jeremy",1,0.3,0.3,60,60,60,FALSE,1
2026,13676,TE,"Smythe, Durham",1,0.3,0.3,60,60,60,FALSE,1
2026,15799,TE,"Ferguson, Jake",1,0.2,0.2,62,62,62,FALSE,1
2026,16642,TE,"Stover, Cade",1,0.1,0.1,63,63,63,FALSE,1
2026,13246,TE,"Alie-Cox, Mo",1,0,0,78,78,78,FALSE,1
2026,16645,TE,"All, Erick",1,0,0,78,78,78,FALSE,1
2026,17108,TE,"Arroyo, Elijah",1,0,0,78,78,78,FALSE,1
2026,17231,TE,"Bartholomew, Gavin",1,0,0,78,78,78,FALSE,1
2026,13675,TE,"Conklin, Tyler",1,0,0,78,78,78,FALSE,1
2026,17651,TE,"Cuevas, Josh",1,0,0,78,78,78,FALSE,1
2026,16218,TE,"Durham, Payne",1,0,0,78,78,78,FALSE,1
2026,15419,TE,"Granson, Kylen",1,0,0,78,78,78,FALSE,1
2026,17213,TE,"Hawes, Jackson",1,0,0,78,78,78,FALSE,1
2026,16333,TE,"Higgins, Elijah",1,0,0,78,78,78,FALSE,1
2026,12677,TE,"Hooper, Austin",1,0,0,78,78,78,FALSE,1
2026,16919,TE,"Jenkins, E.J.",1,0,0,78,78,78,FALSE,1
2026,15929,TE,"Kieft, Ko",1,0,0,78,78,78,FALSE,1
2026,16217,TE,"Latu, Cameron",1,0,0,78,78,78,FALSE,1
2026,12955,TE,"Manhertz, Chris",1,0,0,78,78,78,FALSE,1
2026,16831,TE,"Martin-Robinson, David",1,0,0,78,78,78,FALSE,1
2026,13940,TE,"Mundt, Johnny",1,0,0,78,78,78,FALSE,1
2026,15620,TE,"Myarick, Chris",1,0,0,78,78,78,FALSE,1
2026,17549,TE,"Roush, Sam",1,0,0,78,78,78,FALSE,1
2026,16644,TE,"Sinnott, Ben",1,0,0,78,78,78,FALSE,1
2026,13678,TE,"Thomas, Ian",1,0,0,78,78,78,FALSE,1
2026,16036,TE,"Tonges, Jake",1,0,0,78,78,78,FALSE,1
2026,13427,TE,"Tonyan, Robert",1,0,0,78,78,78,FALSE,1
2026,17655,TE,"Traore, Seydou",1,0,0,78,78,78,FALSE,1
2026,14870,TE,"Trautman, Adam",1,0,0,78,78,78,FALSE,1
2026,16312,TE,"Whyle, Josh",1,0,0,78,78,78,FALSE,1
2026,12608,TE,"Winchester, James",1,0,0,78,78,78,FALSE,1
2026,14984,TE,"Woerner, Charlie",1,0,0,78,78,78,FALSE,1
2026,15840,TE,"Woods, Jelani",1,0,0,78,78,78,FALSE,1
2026,14871,TE,"Parkinson, Colby",1,-0.3,-0.3,93,93,93,FALSE,1
2026,15341,TE,"Morris, Quintin",1,-0.5,-0.5,94,94,94,FALSE,1
2026,13299,TE,"Kittle, George",1,-0.6,-0.6,95.5,95.5,95.5,FALSE,1
2026,16221,TE,"Schoonmaker, Luke",1,-0.6,-0.6,95.5,95.5,95.5,FALSE,1
2026,17107,TE,"Ferguson, Terrance",1,-1,-1,98.5,98.5,98.5,FALSE,1
2026,17605,TE,"Kacmarek, Will",1,-1,-1,98.5,98.5,98.5,FALSE,1
2026,15916,TE,"Ogletree, Drew",1,-1,-1,98.5,98.5,98.5,FALSE,1
2026,15329,TE,"Pitts, Kyle",1,-1,-1,98.5,98.5,98.5,FALSE,1
2026,17591,TE,"Boerkircher, Nate",1,-1.2,-1.2,101,101,101,FALSE,1
2026,15334,TE,"Long, Hunter",1,-1.3,-1.3,102,102,102,FALSE,1
2026,15795,TE,"Kolar, Charlie",1,-1.5,-1.5,103.5,103.5,103.5,FALSE,1
2026,13315,TE,"Saubert, Eric",1,-1.5,-1.5,103.5,103.5,103.5,FALSE,1
2026,17109,TE,"Evans, Mitchell",1,-3.2,-3.2,105,105,105,FALSE,1
2026,17106,TE,"Taylor, Mason",1,-3.7,-3.7,106,106,106,FALSE,1
2026,17104,TE,"Loveland, Colston",1,-4.5,-4.5,107,107,107,FALSE,1
2026,12678,TE,"Higbee, Tyler",1,-4.6,-4.6,108,108,108,FALSE,1
2026,15789,WR,"Watson, Christian",1,34.9,34.9,1,1,1,FALSE,1
2026,16190,WR,"Flowers, Zay",1,33,33,2,2,2,FALSE,1
2026,15754,WR,"Olave, Chris",1,31.9,31.9,3,3,3,FALSE,1
2026,16809,WR,"Coker, Jalen",1,31.1,31.1,4,4,4,FALSE,1
2026,14836,WR,"Jefferson, Justin",1,26.9,26.9,5,5,5,FALSE,1
2026,16185,WR,"Smith-Njigba, Jaxon",1,23.9,23.9,6,6,6,FALSE,1
2026,13635,WR,"Moore, D.J.",1,20.5,20.5,7,7,7,FALSE,1
2026,16192,WR,"Washington, Parker",1,19.1,19.1,8,8,8,FALSE,1
2026,16627,WR,"McConkey, Ladd",1,18.4,18.4,9,9,9,FALSE,1
2026,17599,WR,"Douglas, Caleb",1,16.8,16.8,10.5,10.5,10.5,FALSE,1
2026,17512,WR,"Williams, Antonio",1,16.8,16.8,10.5,10.5,10.5,FALSE,1
2026,16195,WR,"Wicks, Dontayvion",1,16.6,16.6,12,12,12,FALSE,1
2026,15290,WR,"Collins, Nico",1,15.4,15.4,13,13,13,FALSE,1
2026,15287,WR,"St. Brown, Amon-Ra",1,14.4,14.4,14,14,14,FALSE,1
2026,13066,WR,"Raymond, Kalif",1,14.3,14.3,15,15,15,FALSE,1
2026,17500,WR,"Boston, Denzel",1,13.8,13.8,16.5,16.5,16.5,FALSE,1
2026,16788,WR,"Vele, Devaughn",1,13.8,13.8,16.5,16.5,16.5,FALSE,1
2026,13418,WR,"Bourne, Kendrick",1,13.5,13.5,18.5,18.5,18.5,FALSE,1
2026,14136,WR,"Samuel, Deebo",1,13.5,13.5,18.5,18.5,18.5,FALSE,1
2026,12785,WR,"Robinson, Demarcus",1,13,13,20,20,20,FALSE,1
2026,11671,WR,"Evans, Mike",1,12.8,12.8,21,21,21,FALSE,1
2026,14127,WR,"Meyers, Jakobi",1,12.4,12.4,22,22,22,FALSE,1
2026,17075,WR,"Golden, Matthew",1,12,12,23,23,23,FALSE,1
2026,15753,WR,"Wilson, Garrett",1,11.8,11.8,24,24,24,FALSE,1
2026,16626,WR,"Mitchell, Adonai",1,11.5,11.5,25,25,25,FALSE,1
2026,17081,WR,"Egbuka, Emeka",1,10.6,10.6,27,27,27,FALSE,1
2026,12773,WR,"Moore, Chris",1,10.6,10.6,27,27,27,FALSE,1
2026,17080,WR,"Noel, Jaylin",1,10.6,10.6,27,27,27,FALSE,1
2026,16211,WR,"Nacua, Puka",1,10.3,10.3,29,29,29,FALSE,1
2026,15768,WR,"Pierce, Alec",1,10.2,10.2,30,30,30,FALSE,1
2026,15319,WR,"Palmer, Joshua",1,9.8,9.8,31,31,31,FALSE,1
2026,14842,WR,"Pittman, Michael",1,9.6,9.6,32,32,32,FALSE,1
2026,14832,WR,"Lamb, CeeDee",1,9.3,9.3,33.5,33.5,33.5,FALSE,1
2026,16615,WR,"Nabers, Malik",1,9.3,9.3,33.5,33.5,33.5,FALSE,1
2026,15756,WR,"Williams, Jameson",1,9,9,35,35,35,FALSE,1
2026,14835,WR,"Higgins, Tee",1,8.8,8.8,36,36,36,FALSE,1
2026,17527,WR,"Cameron, Josh",1,8.5,8.5,37,37,37,FALSE,1
2026,16206,WR,"Wilson, Michael",1,8.2,8.2,38,38,38,FALSE,1
2026,13289,WR,"Hollins, Mack",1,7.7,7.7,39,39,39,FALSE,1
2026,17078,WR,"Bech, Jack",1,7.6,7.6,40,40,40,FALSE,1
2026,15303,WR,"Fehoko, Simi",1,7.5,7.5,41,41,41,FALSE,1
2026,16194,WR,"Rice, Rashee",1,7.3,7.3,42,42,42,FALSE,1
2026,13163,WR,"Godwin, Chris",1,7.1,7.1,43.5,43.5,43.5,FALSE,1
2026,16633,WR,"Whittington, Jordan",1,7.1,7.1,43.5,43.5,43.5,FALSE,1
2026,15761,WR,"Shakir, Khalil",1,7,7,45,45,45,FALSE,1
2026,17519,WR,"Lance, Bryce",1,6.9,6.9,46,46,46,FALSE,1
2026,15755,WR,"Dotson, Jahan",1,6.8,6.8,47,47,47,FALSE,1
2026,17520,WR,"Hurst, Ted",1,6.7,6.7,48,48,48,FALSE,1
2026,15282,WR,"Smith, DeVonta",1,6.6,6.6,49,49,49,FALSE,1
2026,12186,WR,"Diggs, Stefon",1,6.5,6.5,50,50,50,FALSE,1
2026,16187,WR,"Downs, Josh",1,6.4,6.4,51.5,51.5,51.5,FALSE,1
2026,16616,WR,"Odunze, Rome",1,6.4,6.4,51.5,51.5,51.5,FALSE,1
2026,17502,WR,"Cooper Jr., Omar",1,6,6,53.5,53.5,53.5,FALSE,1
2026,13164,WR,"Kupp, Cooper",1,6,6,53.5,53.5,53.5,FALSE,1
2026,17752,WR,"Meyers, Dohnte",1,5.6,5.6,55.5,55.5,55.5,FALSE,1
2026,15757,WR,"Robinson, Wan'Dale",1,5.6,5.6,55.5,55.5,55.5,FALSE,1
2026,17071,WR,"McMillan, Tetairoa",1,5.5,5.5,57,57,57,FALSE,1
2026,14974,WR,"Mooney, Darnell",1,5.4,5.4,58,58,58,FALSE,1
2026,17353,WR,"Walker, Jahdae",1,5.2,5.2,59,59,59,FALSE,1
2026,17070,WR,"Burden, Luther",1,5,5,60.5,60.5,60.5,FALSE,1
2026,16877,WR,"Davis, Kaden",1,5,5,60.5,60.5,60.5,FALSE,1
2026,16614,WR,"Harrison Jr., Marvin",1,4.6,4.6,62,62,62,FALSE,1
2026,17073,WR,"Ayomanor, Elic",1,4.2,4.2,63,63,63,FALSE,1
2026,17497,WR,"Tate, Carnell",1,4.1,4.1,64,64,64,FALSE,1
2026,17506,WR,"Bell, Chris",1,4,4,65,65,65,FALSE,1
2026,11222,WR,"Allen, Keenan",1,3.9,3.9,66,66,66,FALSE,1
2026,14104,WR,"Brown, A.J.",1,3.7,3.7,67,67,67,FALSE,1
2026,17333,WR,"Cooper, Darius",1,3.5,3.5,68,68,68,FALSE,1
2026,15786,WR,"Nailor, Jalen",1,3.4,3.4,69,69,69,FALSE,1
2026,16193,WR,"Boutte, Kayshon",1,3.2,3.2,70,70,70,FALSE,1
2026,15751,WR,"London, Drake",1,3,3,71.5,71.5,71.5,FALSE,1
2026,15771,WR,"Martin, Tay",1,3,3,71.5,71.5,71.5,FALSE,1
2026,16287,WR,"Tucker, Tre",1,2.9,2.9,73,73,73,FALSE,1
2026,14833,WR,"Jeudy, Jerry",1,2.7,2.7,74,74,74,FALSE,1
2026,17501,WR,"Concepcion, KC",1,2.6,2.6,75,75,75,FALSE,1
2026,17511,WR,"Fields, Malachi",1,2.5,2.5,76,76,76,FALSE,1
2026,16201,WR,"Hutchinson, Xavier",1,2.4,2.4,77.5,77.5,77.5,FALSE,1
2026,17011,WR,"Wayne, Jared",1,2.4,2.4,77.5,77.5,77.5,FALSE,1
2026,17074,WR,"Hunter, Travis",1,2.2,2.2,79,79,79,FALSE,1
2026,15762,WR,"Pickens, George",1,2.1,2.1,80,80,80,FALSE,1
2026,15785,WR,"Melton, Bo",1,2,2,82,82,82,FALSE,1
2026,16618,WR,"Thomas Jr., Brian",1,2,2,82,82,82,FALSE,1
2026,17232,WR,"Wester, LaJohntay",1,2,2,82,82,82,FALSE,1
2026,16778,WR,"Flournoy, Ryan",1,1.9,1.9,84,84,84,FALSE,1
2026,15981,WR,"Turpin, KaVontae",1,1.6,1.6,85,85,85,FALSE,1
2026,16342,WR,"Douglas, Demario",1,1.5,1.5,86.5,86.5,86.5,FALSE,1
2026,13963,WR,"Hodge, KhaDarel",1,1.5,1.5,86.5,86.5,86.5,FALSE,1
2026,16630,WR,"Williams, Isaiah",1,1.4,1.4,88,88,88,FALSE,1
2026,11675,WR,"Adams, Davante",1,1.2,1.2,89.5,89.5,89.5,FALSE,1
2026,16629,WR,"Wilson, Roman",1,1.2,1.2,89.5,89.5,89.5,FALSE,1
2026,16636,WR,"Corley, Malachi",1,1,1,93,93,93,FALSE,1
2026,14315,WR,"Dulin, Ashton",1,1,1,93,93,93,FALSE,1
2026,17754,WR,"Foster, Montorie",1,1,1,93,93,93,FALSE,1
2026,16949,WR,"Tremayne, Brycen",1,1,1,93,93,93,FALSE,1
2026,15589,WR,"White, Cody",1,1,1,93,93,93,FALSE,1
2026,17082,WR,"Bryant, Pat",1,0.9,0.9,97,97,97,FALSE,1
2026,17171,WR,"Dike, Chimere",1,0.9,0.9,97,97,97,FALSE,1
2026,16207,WR,"Iosivas, Andrei",1,0.9,0.9,97,97,97,FALSE,1
2026,16499,WR,"Blair, Chris",1,0.5,0.5,99.5,99.5,99.5,FALSE,1
2026,14592,WR,"Zaccheaus, Olamide",1,0.5,0.5,99.5,99.5,99.5,FALSE,1
2026,17184,WR,"Lane, Jaylin",1,0.3,0.3,101.5,101.5,101.5,FALSE,1
2026,14109,WR,"McLaurin, Terry",1,0.3,0.3,101.5,101.5,101.5,FALSE,1
2026,17541,WR,"Brown, Barion",1,0.1,0.1,103,103,103,FALSE,1
2026,15765,WR,"Austin, Kevin",1,0,0,120.5,120.5,120.5,FALSE,1
2026,11679,WR,"Beckham, Odell",1,0,0,120.5,120.5,120.5,FALSE,1
2026,17503,WR,"Bernard, Germie",1,0,0,120.5,120.5,120.5,FALSE,1
2026,13638,WR,"Berrios, Braxton",1,0,0,120.5,120.5,120.5,FALSE,1
2026,17076,WR,"Bond, Isaiah",1,0,0,120.5,120.5,120.5,FALSE,1
2026,17507,WR,"Branch, Zachariah",1,0,0,120.5,120.5,120.5,FALSE,1
2026,16364,WR,"Brooks, Jalen",1,0,0,120.5,120.5,120.5,FALSE,1
2026,17510,WR,"Burks, Deion",1,0,0,120.5,120.5,120.5,FALSE,1
2026,15772,WR,"Covey, Britain",1,0,0,120.5,120.5,120.5,FALSE,1
2026,16640,WR,"Cowing, Jacob",1,0,0,120.5,120.5,120.5,FALSE,1
2026,16299,WR,"Davis, Derius",1,0,0,120.5,120.5,120.5,FALSE,1
2026,14108,WR,"Dortch, Greg",1,0,0,120.5,120.5,120.5,FALSE,1
2026,14847,WR,"Duvernay, Devin",1,0,0,120.5,120.5,120.5,FALSE,1
2026,17097,WR,"Felton, Tai",1,0,0,120.5,120.5,120.5,FALSE,1
2026,16883,WR,"Johnson, Kameron",1,0,0,120.5,120.5,120.5,FALSE,1
2026,14503,WR,"Kennedy, Tom",1,0,0,120.5,120.5,120.5,FALSE,1
2026,17205,WR,"Lambert-Smith, KeAndre",1,0,0,120.5,120.5,120.5,FALSE,1
2026,17334,WR,"Meeks, Jackson",1,0,0,120.5,120.5,120.5,FALSE,1
2026,16958,WR,"Miller, Ryan",1,0,0,120.5,120.5,120.5,FALSE,1
2026,16189,WR,"Mims, Marvin",1,0,0,120.5,120.5,120.5,FALSE,1
2026,17360,WR,"Price, Myles",1,0,0,120.5,120.5,120.5,FALSE,1
2026,16422,WR,"Remigio, Nikko",1,0,0,120.5,120.5,120.5,FALSE,1
2026,13629,WR,"Ridley, Calvin",1,0,0,120.5,120.5,120.5,FALSE,1
2026,15491,WR,"Skowronek, Ben",1,0,0,120.5,120.5,120.5,FALSE,1
2026,17175,WR,"Smith, Arian",1,0,0,120.5,120.5,120.5,FALSE,1
2026,16428,WR,"Smith, Xavier",1,0,0,120.5,120.5,120.5,FALSE,1
2026,17514,WR,"Stribling, De'Zhaun",1,0,0,120.5,120.5,120.5,FALSE,1
2026,17521,WR,"Thomas, Zavion",1,0,0,120.5,120.5,120.5,FALSE,1
2026,17529,WR,"Thompson, Brenen",1,0,0,120.5,120.5,120.5,FALSE,1
2026,15285,WR,"Wallace, Tylan",1,0,0,120.5,120.5,120.5,FALSE,1
2026,17620,WR,"Wetjen, Kaden",1,0,0,120.5,120.5,120.5,FALSE,1
2026,17671,WR,"Williams, C.J.",1,0,0,120.5,120.5,120.5,FALSE,1
2026,17134,WR,"Williams, Kyle",1,0,0,120.5,120.5,120.5,FALSE,1
2026,17542,WR,"Young, Colbie",1,0,0,120.5,120.5,120.5,FALSE,1
2026,15281,WR,"Chase, Ja'Marr",1,-0.1,-0.1,138,138,138,FALSE,1
2026,16617,WR,"Coleman, Keon",1,-0.3,-0.3,139.5,139.5,139.5,FALSE,1
2026,17517,WR,"Lane, Ja'Kobi",1,-0.3,-0.3,139.5,139.5,139.5,FALSE,1
2026,16620,WR,"Worthy, Xavier",1,-0.4,-0.4,141,141,141,FALSE,1
2026,17072,WR,"Harris, Tre",1,-0.5,-0.5,142.5,142.5,142.5,FALSE,1
2026,17086,WR,"Royals, Jalen",1,-0.5,-0.5,142.5,142.5,142.5,FALSE,1
2026,16197,WR,"Mingo, Jonathan",1,-0.7,-0.7,144,144,144,FALSE,1
2026,13630,WR,"Sutton, Courtland",1,-0.8,-0.8,145,145,145,FALSE,1
2026,15293,WR,"Bateman, Rashod",1,-1,-1,149.5,149.5,149.5,FALSE,1
2026,17234,WR,"Horn, Jimmy",1,-1,-1,149.5,149.5,149.5,FALSE,1
2026,14860,WR,"Jennings, Jauan",1,-1,-1,149.5,149.5,149.5,FALSE,1
2026,15766,WR,"Moore, Skyy",1,-1,-1,149.5,149.5,149.5,FALSE,1
2026,17254,WR,"Mumpfield, Konata",1,-1,-1,149.5,149.5,149.5,FALSE,1
2026,16184,WR,"Reed, Jayden",1,-1,-1,149.5,149.5,149.5,FALSE,1
2026,17157,WR,"TeSlaa, Isaac",1,-1,-1,149.5,149.5,149.5,FALSE,1
2026,15787,WR,"Thornton, Tyquan",1,-1,-1,149.5,149.5,149.5,FALSE,1
2026,16684,WR,"Washington, Malik",1,-1.4,-1.4,154,154,154,FALSE,1
2026,14102,WR,"Metcalf, DK",1,-1.5,-1.5,155.5,155.5,155.5,FALSE,1
2026,15941,WR,"Young, Dareke",1,-1.5,-1.5,155.5,155.5,155.5,FALSE,1
2026,16080,WR,"Shaheed, Rashid",1,-1.7,-1.7,157,157,157,FALSE,1
2026,16186,WR,"Addison, Jordan",1,-2,-2,159.5,159.5,159.5,FALSE,1
2026,15292,WR,"Brown, Dyami",1,-2,-2,159.5,159.5,159.5,FALSE,1
2026,17528,WR,"Coleman, Kevin",1,-2,-2,159.5,159.5,159.5,FALSE,1
2026,16639,WR,"Legette, Xavier",1,-2,-2,159.5,159.5,159.5,FALSE,1
2026,15284,WR,"Waddle, Jaylen",1,-2.1,-2.1,162,162,162,FALSE,1
2026,17079,WR,"Johnson, Tez",1,-2.3,-2.3,163,163,163,FALSE,1
2026,17706,WR,"Benson, Malik",1,-2.4,-2.4,164,164,164,FALSE,1
2026,17518,WR,"Allen, Cyrus",1,-2.7,-2.7,165,165,165,FALSE,1
2026,15779,WR,"Doubs, Romeo",1,-3,-3,166.5,166.5,166.5,FALSE,1
2026,16619,WR,"Franklin, Troy",1,-3,-3,166.5,166.5,166.5,FALSE,1
2026,16188,WR,"Johnston, Quentin",1,-3.1,-3.1,168,168,168,FALSE,1
2026,17499,WR,"Lemon, Makai",1,-3.5,-3.5,169.5,169.5,169.5,FALSE,1
2026,12645,WR,"Treadwell, Laquon",1,-3.5,-3.5,169.5,169.5,169.5,FALSE,1
2026,15845,CB,"McDuffie, Trent",2,44.5,22.25,1,1,1,FALSE,2
2026,17653,CB,"Masses, Hezekiah",2,38,19,2,2,2,FALSE,2
2026,14180,CB,"Murphy, Byron",2,37.1,18.55,3,3,3,FALSE,2
2026,15836,CB,"Hill, Daxton",2,34,17,4,4,4,FALSE,2
2026,16279,CB,"Moss, Riley",2,32.5,16.25,5,5,5,FALSE,2
2026,16731,CB,"Hart, Cam",2,30.7,15.35,6,6,6,FALSE,2
2026,15124,CB,"Pierre, James",2,30.200000000000003,15.100000000000001,7,7,7,FALSE,2
2026,17221,CB,"Harris, Marcus",2,29.3,14.65,8,8,8,FALSE,2
2026,13223,CB,"Humphrey, Marlon",2,28.400000000000002,14.200000000000001,9,9,9,FALSE,2
2026,14669,CB,"Nixon, Keisean",2,27.5,13.75,10,10,10,FALSE,2
2026,16784,CB,"Harden, Myles",2,27.4,13.7,11,11,11,FALSE,2
2026,17622,CB,"Muhammad, Malik",2,27,13.5,12,12,12,FALSE,2
2026,16728,CB,"Pritchett, Nehemiah",2,26.1,13.05,13,13,13,FALSE,2
2026,17624,CB,"Lee, Will",2,25.2,12.6,14,16,14,FALSE,2
2026,16255,CB,"Banks, Deonte",1,12.8,12.8,61,14.5,14.5,FALSE,2
2026,17562,CB,"Delane, Mansoor",1,12.8,12.8,61,14.5,14.5,FALSE,2
2026,15895,CB,"McCollum, Zyon",2,24.200000000000003,12.100000000000001,15,17,15,FALSE,2
2026,17573,CB,"Johnson, Chris",2,23.2,11.6,16,18,16,FALSE,2
2026,16251,CB,"Gonzalez, Christian",2,23,11.5,17,19,17,FALSE,2
2026,17129,CB,"Morrison, Benjamin",2,22.8,11.4,18.5,20.5,18.5,FALSE,2
2026,17164,CB,"Williams, Nohl",2,22.8,11.4,18.5,20.5,18.5,FALSE,2
2026,14997,CB,"Rodgers, Isaiah",2,22,11,20,22,20,FALSE,2
2026,13707,CB,"Ward, Denzel",2,21.799999999999997,10.899999999999999,21,23,21,FALSE,2
2026,14219,CB,"Dean, Jamel",2,21,10.5,22,24,22,FALSE,2
2026,13774,CB,"Reed, D.J.",2,20.6,10.3,24,26,24,FALSE,2
2026,14957,CB,"Robertson, Amik",2,20.6,10.3,24,26,24,FALSE,2
2026,16267,CB,"Stevenson, Tyrique",2,20.6,10.3,24,26,24,FALSE,2
2026,13227,CB,"Lewis, Jourdan",2,20,10,26.5,29,26.5,FALSE,2
2026,14956,CB,"Sneed, L'Jarius",2,20,10,26.5,29,26.5,FALSE,2
2026,16670,CB,"McKinstry, Kool-Aid",2,19.4,9.7,28,31,28,FALSE,2
2026,14037,CB,"Davis, Jalen",2,18.8,9.4,29,32,29,FALSE,2
2026,17156,CB,"Porter, Darien",1,10,10,71.5,29,29,FALSE,2
2026,15832,CB,"Stingley Jr., Derek",2,18.200000000000003,9.100000000000001,30,33,30,FALSE,2
2026,17127,CB,"Johnson, Will",2,17.6,8.8,31,34,31,FALSE,2
2026,15888,CB,"Durant, Decobie",2,17.4,8.7,32,35,32,FALSE,2
2026,15913,CB,"Benford, Christian",2,17.3,8.65,34,37,34,FALSE,2
2026,12711,CB,"Ramsey, Jalen",2,17.3,8.65,34,37,34,FALSE,2
2026,16241,CB,"Witherspoon, Devon",2,17.3,8.65,34,37,34,FALSE,2
2026,15904,CB,"Bland, DaRon",2,17.2,8.6,36,39,36,FALSE,2
2026,13731,CB,"Hughes, Mike",2,17,8.5,37.5,40.5,37.5,FALSE,2
2026,17169,CB,"Stout, Upton",2,17,8.5,37.5,40.5,37.5,FALSE,2
2026,16913,CB,"Woods, Charles",2,16.8,8.4,39,42,39,FALSE,2
2026,15989,CB,"Jobe, Josh",2,16.6,8.3,40.5,43.5,40.5,FALSE,2
2026,17162,CB,"Walley, Justin",2,16.6,8.3,40.5,43.5,40.5,FALSE,2
2026,13764,CB,"Johnson, Taron",2,16.3,8.15,42,46,42,FALSE,2
2026,14905,CB,"Henderson, CJ",2,16,8,43.5,47.5,43.5,FALSE,2
2026,16268,CB,"Turner, DJ",2,16,8,43.5,47.5,43.5,FALSE,2
2026,17788,CB,"Gushiken, Kapena",1,8.2,8.2,80,45,45,FALSE,2
2026,13738,CB,"Jackson, Donte",2,15.900000000000002,7.950000000000001,45,49,45,FALSE,2
2026,15377,CB,"Stokes, Eric",2,15.9,7.95,46,50,46,FALSE,2
2026,15380,CB,"Campbell, Tyson",2,15.399999999999999,7.699999999999999,47,51,47,FALSE,2
2026,16673,CB,"Wiggins, Nate",2,15.2,7.6,48,52,48,FALSE,2
2026,16702,CB,"Green, Renardo",2,14.7,7.35,49,53,49,FALSE,2
2026,15856,CB,"Taylor, Alontae",2,14.6,7.3,50,54,50,FALSE,2
2026,16675,CB,"DeJean, Cooper",2,14.5,7.25,51,55,51,FALSE,2
2026,14924,CB,"Johnson, Jaylon",2,14,7,52.5,56.5,52.5,FALSE,2
2026,17143,CB,"Thomas, Azareye'h",2,14,7,52.5,56.5,52.5,FALSE,2
2026,15849,CB,"McCreary, Roger",2,13.8,6.9,54.5,58.5,54.5,FALSE,2
2026,16145,CB,"McMillian, Ja'Quan",2,13.8,6.9,54.5,58.5,54.5,FALSE,2
2026,17142,CB,"Revel, Shavon",2,13.399999999999999,6.699999999999999,56,60,56,FALSE,2
2026,17200,CB,"Marshall, Jason",2,13,6.5,57.5,61.5,57.5,FALSE,2
2026,15950,CB,"Watson, Jaylen",2,13,6.5,57.5,61.5,57.5,FALSE,2
2026,17581,CB,"Cisse, Brandon",2,12.9,6.45,59,63,59,FALSE,2
2026,17251,CB,"Robinson, Micah",2,12.8,6.4,61,64.5,61,FALSE,2
2026,15362,CB,"Surtain II, Patrick",2,12.600000000000001,6.300000000000001,63,66,63,FALSE,2
2026,15361,CB,"Horn, Jaycee",2,12.6,6.3,64,67,64,FALSE,2
2026,17163,CB,"Parrish, Jacob",1,6.4,6.4,87.5,64.5,64.5,FALSE,2
2026,15933,CB,"Brown, Montaric",2,12.399999999999999,6.199999999999999,65.5,68.5,65.5,FALSE,2
2026,16698,CB,"Sainristil, Mike",2,12.399999999999999,6.199999999999999,65.5,68.5,65.5,FALSE,2
2026,15833,CB,"Gardner, Sauce",2,12,6,67.5,70.5,67.5,FALSE,2
2026,15881,CB,"Jones, Jack",2,12,6,67.5,70.5,67.5,FALSE,2
2026,16754,CB,"Stiggers, Qwan'tez",2,11.5,5.75,69,72,69,FALSE,2
2026,17616,CB,"Scott, Keionte",2,10.8,5.4,70,73,70,FALSE,2
2026,17187,CB,"Riley, Quincy",2,10,5,71.5,75,71.5,FALSE,2
2026,15445,CB,"Lenoir, Deommodore",2,9.8,4.9,73,76,73,FALSE,2
2026,15859,CB,"Taylor-Britt, Cam",1,5.2,5.2,94.5,74,74,FALSE,2
2026,17592,CB,"Igbinosun, Davison",2,9.6,4.8,74.5,77.5,74.5,FALSE,2
2026,16672,CB,"Lassiter, Kamari",2,9.6,4.8,74.5,77.5,74.5,FALSE,2
2026,16690,CB,"Mitchell, Quinyon",2,9.4,4.7,76,79,76,FALSE,2
2026,14198,CB,"Ya-Sin, Rock",2,9.3,4.65,77,80,77,FALSE,2
2026,15894,CB,"Woolen, Tariq",2,8.799999999999999,4.3999999999999995,78,83,78,FALSE,2
2026,13281,CB,"Douglas, Rasul",2,8.4,4.2,79,84,79,FALSE,2
2026,15384,CB,"Samuel, Asante",2,8.1,4.05,81,85,81,FALSE,2
2026,17639,CB,"Abney, Keith",1,4.4,4.4,103.5,81.5,81.5,FALSE,2
2026,17642,CB,"Rivers, Chandler",1,4.4,4.4,103.5,81.5,81.5,FALSE,2
2026,14904,CB,"Fulton, Kristian",2,7.1000000000000005,3.5500000000000003,82,88,82,FALSE,2
2026,15375,CB,"Newsome, Greg",2,7.000000000000001,3.5000000000000004,83,89,83,FALSE,2
2026,16736,CB,"Brownlee, Jarvis",2,6.8,3.4,84.5,91.5,84.5,FALSE,2
2026,15868,CB,"Jones, Marcus",2,6.8,3.4,84.5,91.5,84.5,FALSE,2
2026,16695,CB,"Melton, Max",2,6.7,3.35,86,94,86,FALSE,2
2026,15394,CB,"Adebo, Paulson",1,3.6,3.6,108.5,86.5,86.5,FALSE,2
2026,15866,CB,"Flott, Cordale",1,3.6,3.6,108.5,86.5,86.5,FALSE,2
2026,16288,CB,"Blackmon, Mekhi",2,6.4,3.2,87.5,95,87.5,FALSE,2
2026,16714,CB,"Jones, Jarrian",2,6.2,3.1,89,96,89,FALSE,2
2026,15862,CB,"Emerson, Martin",2,5.800000000000001,2.9000000000000004,90,97,90,FALSE,2
2026,14252,CB,"Jackson, Michael",2,5.6,2.8,91,98,91,FALSE,2
2026,13710,CB,"Davis, Carlton",1,3.4,3.4,111.5,91.5,91.5,FALSE,2
2026,17561,CB,"McCoy, Jermod",1,3.4,3.4,111.5,91.5,91.5,FALSE,2
2026,15129,CB,"Dorsey, Khalil",2,5.4,2.7,92,99,92,FALSE,2
2026,16012,CB,"Alford, Dee",2,5.2,2.6,94.5,101,94.5,FALSE,2
2026,13785,CB,"Neal, Siran",2,5.2,2.6,94.5,101,94.5,FALSE,2
2026,16729,CB,"Still, Tarheeb",2,5.2,2.6,94.5,101,94.5,FALSE,2
2026,16325,CB,"Clark, Kei'Trel",2,5.1,2.55,97,103,97,FALSE,2
2026,16261,CB,"Brents, Julius",2,4.800000000000001,2.4000000000000004,98,104,98,FALSE,2
2026,17128,CB,"Barron, Jahdae",2,4.8,2.4,99,106,99,FALSE,2
2026,15405,CB,"Stephens, Brandon",2,4.7,2.35,100,108,100,FALSE,2
2026,17141,CB,"Hairston, Maxwell",2,4.6,2.3,101.5,109.5,101.5,FALSE,2
2026,13920,CB,"Ward, Charvarius",2,4.6,2.3,101.5,109.5,101.5,FALSE,2
2026,16735,CB,"Abrams-Draine, Kris",2,4,2,105.5,112.5,105.5,FALSE,2
2026,16253,CB,"Forbes, Emmanuel",2,4,2,105.5,112.5,105.5,FALSE,2
2026,14919,CB,"Igbinoghene, Noah",1,2.4,2.4,118.5,106,106,FALSE,2
2026,17785,CB,"Shelley, Rodney",1,2.4,2.4,118.5,106,106,FALSE,2
2026,14012,CB,"Ford, Mike",2,3.9,1.95,107,114,107,FALSE,2
2026,16370,CB,"Jones, Nic",1,2.2,2.2,122.5,111,111,FALSE,2
2026,15880,CB,"Evans, Akayleb",2,3.4,1.7,111.5,115.5,111.5,FALSE,2
2026,17574,CB,"Hood, Colton",2,3.4,1.7,111.5,115.5,111.5,FALSE,2
2026,14918,CB,"Terrell, A.J.",2,3.3,1.65,114,117,114,FALSE,2
2026,17376,CB,"Knowles, Kevin",2,3.2,1.6,115,118,115,FALSE,2
2026,17368,CB,"Martin, Keyon",2,2.4,1.2,118.5,122,118.5,FALSE,2
2026,17168,CB,"Smith, Jaylin",2,2.4,1.2,118.5,122,118.5,FALSE,2
2026,17572,CB,"Terrell, Avieon",2,2.4,1.2,118.5,122,118.5,FALSE,2
2026,16954,CB,"Wallace, Josh",2,2.4,1.2,118.5,122,118.5,FALSE,2
2026,17649,CB,"Prunty, Karon",1,1.2,1.2,130,122,122,FALSE,2
2026,15392,CB,"St-Juste, Benjamin",1,1.2,1.2,130,122,122,FALSE,2
2026,17427,CB,"Taylor, Reese",1,1.2,1.2,130,122,122,FALSE,2
2026,16366,CB,"Ivey, DJ",2,2.2,1.1,122.5,126,122.5,FALSE,2
2026,16776,CB,"Hadden, Kamal",2,1.7,0.85,124,130,124,FALSE,2
2026,16720,CB,"Richardson, Decamerion",1,1,1,137,128,128,FALSE,2
2026,16741,CB,"Smith-Wade, Chau",1,1,1,137,128,128,FALSE,2
2026,16726,CB,"Tampa, T.J.",1,1,1,137,128,128,FALSE,2
2026,16054,CB,"Blackwell, Josh",2,1.2,0.6,130,134.5,130,FALSE,2
2026,15432,CB,"Carter, Michael",2,1.2,0.6,130,134.5,130,FALSE,2
2026,17604,CB,"Everette, Daylen",2,1.2,0.6,130,134.5,130,FALSE,2
2026,13270,CB,"Moreau, Fabian",2,1.2,0.6,130,134.5,130,FALSE,2
2026,17609,CB,"Neal, Julian",2,1.2,0.6,130,134.5,130,FALSE,2
2026,17751,CB,"Smith, Avery",2,1.2,0.6,130,134.5,130,FALSE,2
2026,13811,CB,"Smith, Tremon",2,1.2,0.6,130,134.5,130,FALSE,2
2026,15401,CB,"Wright, Nahshon",2,1.2,0.6,130,134.5,130,FALSE,2
2026,17772,CB,"Harris, Kenneth",1,0.1,0.1,139,139,139,FALSE,2
2026,13263,CB,"Awuzie, Chidobe",2,0,0,149.5,149.5,149.5,FALSE,2
2026,16336,CB,"Braswell, Christian",2,0,0,149.5,149.5,149.5,FALSE,2
2026,17430,CB,"Clark, Jordan",1,0,0,149.5,149.5,149.5,FALSE,2
2026,17643,CB,"Demmings, Charles",2,0,0,149.5,149.5,149.5,FALSE,2
2026,16756,CB,"Dial, Marcellas",1,0,0,149.5,149.5,149.5,FALSE,2
2026,15464,CB,"Echols, Brandin",2,0,0,149.5,149.5,149.5,FALSE,2
2026,12988,CB,"Jones, Jonathan",2,0,0,149.5,149.5,149.5,FALSE,2
2026,16674,CB,"King, Kalen",2,0,0,149.5,149.5,149.5,FALSE,2
2026,16315,CB,"Luter, Darrell",1,0,0,149.5,149.5,149.5,FALSE,2
2026,17197,CB,"McWilliams, Mac",2,0,0,149.5,149.5,149.5,FALSE,2
2026,16293,CB,"Phillips, Clark",2,0,0,149.5,149.5,149.5,FALSE,2
2026,17780,CB,"Price, Jayden",1,0,0,149.5,149.5,149.5,FALSE,2
2026,17326,CB,"Reed, Nikko",1,0,0,149.5,149.5,149.5,FALSE,2
2026,16242,CB,"Ringo, Kelee",2,0,0,149.5,149.5,149.5,FALSE,2
2026,16907,CB,"Roland-Wallace, Chris",2,0,0,149.5,149.5,149.5,FALSE,2
2026,15684,CB,"Ross, D'Angelo",1,0,0,149.5,149.5,149.5,FALSE,2
2026,16745,CB,"Simpson, Jaylin",1,0,0,149.5,149.5,149.5,FALSE,2
2026,16345,CB,"Speed, Ameer",2,0,0,149.5,149.5,149.5,FALSE,2
2026,17771,CB,"Thomas, Skyler",2,0,0,149.5,149.5,149.5,FALSE,2
2026,16356,CB,"Valentine, Carrington",2,0,0,149.5,149.5,149.5,FALSE,2
2026,17598,CB,"Davis, Tacario",2,-0.30000000000000004,-0.15000000000000002,160,160,160,FALSE,2
2026,17614,CB,"Canady, Jadon",2,-0.8,-0.4,161,161,161,FALSE,2
2026,17214,CB,"Burke, Denzel",2,-1,-0.5,162,162,162,FALSE,2
2026,16703,CB,"Phillips, Andru",2,-2.5,-1.25,163,163,163,FALSE,2
2026,15346,DE,"Rousseau, Gregory",2,59.5,29.75,1,1,1,FALSE,2
2026,13214,DE,"Watt, T.J.",2,52.1,26.05,2,2,2,FALSE,2
2026,16230,DE,"Van Ness, Lukas",2,40.3,20.15,3,3,3,FALSE,2
2026,15805,DE,"Hutchinson, Aidan",2,38.1,19.05,4,4,4,FALSE,2
2026,14249,DE,"Van Ginkel, Andrew",2,37.8,18.9,5,5,5,FALSE,2
2026,16650,DE,"Turner, Dallas",2,35.2,17.6,6,6,6,FALSE,2
2026,17361,DE,"Ponder, Elijah",2,34,17,7,7,7,FALSE,2
2026,16223,DE,"Anderson, Will",2,30.3,15.15,8,8,8,FALSE,2
2026,14940,DE,"Highsmith, Alex",2,29.299999999999997,14.649999999999999,9,9,9,FALSE,2
2026,17584,DE,"Jacas, Gabe",2,28.1,14.05,10,10,10,FALSE,2
2026,16303,DE,"Herbig, Nick",2,27.5,13.75,11,11,11,FALSE,2
2026,12301,DE,"Smith, Za'Darius",2,26.9,13.45,12,12,12,FALSE,2
2026,17135,DE,"Ezeiruaku, Donovan",2,26.3,13.15,13.5,13.5,13.5,FALSE,2
2026,14167,DE,"Hines-Allen, Josh",2,26.3,13.15,13.5,13.5,13.5,FALSE,2
2026,15352,DE,"Collins, Zaven",2,26,13,15,15,15,FALSE,2
2026,15345,DE,"Paye, Kwity",2,24.2,12.1,16,16,16,FALSE,2
2026,17551,DE,"Bailey, David",2,22.4,11.2,17,17,17,FALSE,2
2026,14405,DE,"Granderson, Carl",2,21.4,10.7,18,18,18,FALSE,2
2026,15813,DE,"Enagbare, Kingsley",2,21.2,10.6,19,19,19,FALSE,2
2026,13681,DE,"Chubb, Bradley",2,20.7,10.35,20,20,20,FALSE,2
2026,16298,DE,"Robinson, Tavius",2,20,10,21,21,21,FALSE,2
2026,15853,DE,"Mafe, Boye",2,19.6,9.8,22,22,22,FALSE,2
2026,13888,DE,"Gardeck, Dennis",2,19.5,9.75,23,23,23,FALSE,2
2026,13682,DE,"Key, Arden",2,19.3,9.65,24,24,24,FALSE,2
2026,13759,DE,"Armstrong, Dorance",1,9.5,9.5,69,25,25,FALSE,2
2026,15814,DE,"Thomas, Cameron",2,18.9,9.45,25,26,25,FALSE,2
2026,17161,DE,"Burch, Jordan",2,18.8,9.4,26,27,26,FALSE,2
2026,16266,DE,"Tuipulotu, Tuli",2,18,9,27,28,27,FALSE,2
2026,15349,DE,"Phillips, Jaelan",2,17.9,8.95,28,29,28,FALSE,2
2026,16712,DE,"Hunt, Jalyx",2,17.5,8.75,29,30,29,FALSE,2
2026,16651,DE,"Latu, Laiatu",2,17.3,8.65,30,31,30,FALSE,2
2026,15378,DE,"Oweh, Odafe",2,16.7,8.35,31.5,33.5,31.5,FALSE,2
2026,17189,DE,"Robinson, Quandarrius",2,16.7,8.35,31.5,33.5,31.5,FALSE,2
2026,17114,DE,"Stewart, Shemar",1,8.4,8.4,81,32,32,FALSE,2
2026,16777,DE,"Johnson, Cedric",2,16.3,8.15,33,35,33,FALSE,2
2026,14147,DE,"Bosa, Nick",2,15.5,7.75,34.5,36.5,34.5,FALSE,2
2026,14925,DE,"Uche, Josh",2,15.5,7.75,34.5,36.5,34.5,FALSE,2
2026,11721,DE,"Mack, Khalil",2,15.3,7.65,36,39,36,FALSE,2
2026,16276,DE,"Young, Byron",2,15.2,7.6,37,40,37,FALSE,2
2026,11706,DE,"Clowney, Jadeveon",1,7.7,7.7,83,38,38,FALSE,2
2026,13704,DE,"Nwosu, Uchenna",2,15,7.5,39,42,39,FALSE,2
2026,16923,DE,"Tillman, Dondrea",2,15,7.5,39,42,39,FALSE,2
2026,14947,DE,"Wonnum, D.J.",2,15,7.5,39,42,39,FALSE,2
2026,17182,DE,"Sorrell, Barryn",2,14.9,7.45,41,44,41,FALSE,2
2026,14877,DE,"Young, Chase",2,14.5,7.25,42,45,42,FALSE,2
2026,15395,DE,"Koonce, Malcolm",2,14.4,7.2,43,46,43,FALSE,2
2026,15815,DE,"Walker, Travon",2,14.3,7.15,44,47,44,FALSE,2
2026,15397,DE,"Golston, Chauncey",2,14,7,46,49,46,FALSE,2
2026,15808,DE,"Karlaftis, George",2,14,7,46,49,46,FALSE,2
2026,16228,DE,"Smith, Nolan",2,14,7,46,49,46,FALSE,2
2026,14225,DE,"Crosby, Maxx",2,13.9,6.95,48,51,48,FALSE,2
2026,17112,DE,"Carter, Abdul",2,13.3,6.65,49,52,49,FALSE,2
2026,16653,DE,"Verse, Jared",2,13,6.5,50,53,50,FALSE,2
2026,16257,DE,"Anudike-Uzomah, Felix",2,12.7,6.35,51,54,51,FALSE,2
2026,14164,DE,"Jones, Dre'Mont",2,12.5,6.25,52,55,52,FALSE,2
2026,12221,DE,"Hunter, Danielle",2,12.2,6.1,53,56,53,FALSE,2
2026,17120,DE,"Green, Mike",2,12.1,6.05,54,57,54,FALSE,2
2026,14888,DE,"Chaisson, K'Lavon",2,11.8,5.9,55,58,55,FALSE,2
2026,16224,DE,"Murphy, Myles",2,11.5,5.75,56,59,56,FALSE,2
2026,17160,DE,"Umanmielen, Princely",2,11.4,5.7,57,60,57,FALSE,2
2026,16278,DE,"Diaby, YaYa",2,11,5.5,58.5,61.5,58.5,FALSE,2
2026,16300,DE,"McGuire, Isaiah",2,11,5.5,58.5,61.5,58.5,FALSE,2
2026,13284,DE,"Hendrickson, Trey",2,10.7,5.35,60,63,60,FALSE,2
2026,17580,DE,"Lawrence, Malachi",2,10.5,5.25,61.5,64.5,61.5,FALSE,2
2026,17118,DE,"Stewart, Josaiah",2,10.5,5.25,61.5,64.5,61.5,FALSE,2
2026,11769,DE,"Lawrence, Demarcus",2,10,5,63,66,63,FALSE,2
2026,16734,DE,"Booker, Austin",2,9.8,4.9,64,67,64,FALSE,2
2026,13294,DE,"Ebukam, Samson",2,9.7,4.85,65.5,68.5,65.5,FALSE,2
2026,14148,DE,"Sweat, Montez",2,9.7,4.85,65.5,68.5,65.5,FALSE,2
2026,14171,DE,"Burns, Brian",2,9.5,4.75,69,71.5,69,FALSE,2
2026,16455,DE,"Cox, Brenton",2,9.5,4.75,69,71.5,69,FALSE,2
2026,16654,DE,"Elliss, Jonah",2,9.5,4.75,69,71.5,69,FALSE,2
2026,14149,DE,"Gary, Rashan",2,9.5,4.75,69,71.5,69,FALSE,2
2026,16235,DE,"Hall, Derick",2,9.4,4.7,72,74,72,FALSE,2
2026,17619,DE,"Dennis-Sutton, Dani",2,9.1,4.55,74,76,74,FALSE,2
2026,15565,DE,"Hoecht, Michael",2,9.1,4.55,74,76,74,FALSE,2
2026,15386,DE,"Odeyingbo, Dayo",2,9.1,4.55,74,76,74,FALSE,2
2026,17568,DE,"Mesidor, Akheem",2,8.9,4.45,76,78,76,FALSE,2
2026,13802,DE,"Martin, Jake",2,8.7,4.35,77.5,79.5,77.5,FALSE,2
2026,16262,DE,"White, Keion",2,8.7,4.35,77.5,79.5,77.5,FALSE,2
2026,17180,DE,"Walker, David",2,8.6,4.3,79,81,79,FALSE,2
2026,17583,DE,"Thomas, R Mason",2,8.5,4.25,80,82,80,FALSE,2
2026,17150,DE,"Oladejo, Oluwafemi",2,8,4,82,83,82,FALSE,2
2026,16252,DE,"McDonald, Will",2,7.2,3.6,84,84,84,FALSE,2
2026,17778,DE,"O'Neill, Eric",2,7,3.5,85.5,85.5,85.5,FALSE,2
2026,16749,DE,"Solomon, Javon",2,7,3.5,85.5,85.5,85.5,FALSE,2
2026,13201,DE,"Barnett, Derek",2,6,3,90.5,91.5,90.5,FALSE,2
2026,15861,DE,"Bonitto, Nik",2,6,3,90.5,91.5,90.5,FALSE,2
2026,16058,DE,"Herring, Malik",2,6,3,90.5,91.5,90.5,FALSE,2
2026,16485,DE,"Incoom, Thomas",2,6,3,90.5,91.5,90.5,FALSE,2
2026,15809,DE,"Johnson, Jermaine",2,6,3,90.5,91.5,90.5,FALSE,2
2026,14880,DE,"Kareem, Khalid",2,6,3,90.5,91.5,90.5,FALSE,2
2026,17630,DE,"Overton, LT",2,6,3,90.5,91.5,90.5,FALSE,2
2026,11723,DE,"Van Noy, Kyle",2,6,3,90.5,91.5,90.5,FALSE,2
2026,10292,DE,"Jordan, Cameron",1,3,3,121.5,91.5,91.5,FALSE,2
2026,16516,DE,"Wheat, Tyrus",1,3,3,121.5,91.5,91.5,FALSE,2
2026,12234,DE,"Dupree, Bud",2,5.5,2.75,96.5,98.5,96.5,FALSE,2
2026,14962,DE,"Gipson, Trevis",2,5.5,2.75,96.5,98.5,96.5,FALSE,2
2026,16532,DE,"Nowaske, Trevor",2,5.5,2.75,96.5,98.5,96.5,FALSE,2
2026,13690,DE,"Sweat, Josh",2,5.5,2.75,96.5,98.5,96.5,FALSE,2
2026,17777,DE,"Harsh, Sabastian",2,5.3,2.65,99,101,99,FALSE,2
2026,15851,DE,"Ebiketie, Arnold",2,5,2.5,103.5,105.5,103.5,FALSE,2
2026,17155,DE,"Gillotte, Ashton",2,5,2.5,103.5,105.5,103.5,FALSE,2
2026,14894,DE,"Jennings, Anfernee",2,5,2.5,103.5,105.5,103.5,FALSE,2
2026,13330,DE,"Muhammad, Al-Quadin",2,5,2.5,103.5,105.5,103.5,FALSE,2
2026,17116,DE,"Sawyer, Jack",2,5,2.5,103.5,105.5,103.5,FALSE,2
2026,17149,DE,"Tuimoloau, JT",2,5,2.5,103.5,105.5,103.5,FALSE,2
2026,15857,DE,"Williams, Sam",2,5,2.5,103.5,105.5,103.5,FALSE,2
2026,17588,DE,"Young, Zion",2,5,2.5,103.5,105.5,103.5,FALSE,2
2026,16894,DE,"McGregor, Braiden",2,4.5,2.25,108.5,110.5,108.5,FALSE,2
2026,15806,DE,"Thibodeaux, Kayvon",2,4.5,2.25,108.5,110.5,108.5,FALSE,2
2026,16305,DE,"Abdullah, Yasir",2,4,2,113,115.5,113,FALSE,2
2026,15356,DE,"Browning, Baron",2,4,2,113,115.5,113,FALSE,2
2026,17674,DE,"Curry, Caden",2,4,2,113,115.5,113,FALSE,2
2026,14151,DE,"Ferrell, Clelin",2,4,2,113,115.5,113,FALSE,2
2026,16780,DE,"Jean-Baptiste, Javontae",2,4,2,113,115.5,113,FALSE,2
2026,17554,DE,"Parker, T.J.",2,4,2,113,115.5,113,FALSE,2
2026,17397,DE,"Striggow, Danny",2,4,2,113,115.5,113,FALSE,2
2026,16652,DE,"Trice, Bralen",1,2,2,130,115.5,115.5,FALSE,2
2026,16376,DE,"Johnson, Desjuan",2,3.5,1.75,117.5,120.5,117.5,FALSE,2
2026,14154,DE,"Nelson, Anthony",2,3.5,1.75,117.5,120.5,117.5,FALSE,2
2026,14879,DE,"Epenesa, A.J.",2,3,1.5,121.5,124,121.5,FALSE,2
2026,17350,DE,"Huntington, Adin",2,3,1.5,121.5,124,121.5,FALSE,2
2026,17695,DE,"Hutchins, Quintayvious",2,3,1.5,121.5,124,121.5,FALSE,2
2026,14254,DE,"Omenihu, Charles",2,3,1.5,121.5,124,121.5,FALSE,2
2026,14978,DE,"Danna, Michael",1,1.5,1.5,137.5,124,124,FALSE,2
2026,17552,DE,"Howell, Cashius",2,2.5,1.25,125,127,125,FALSE,2
2026,17550,DE,"Bain Jr., Rueben",2,2,1,130,133,130,FALSE,2
2026,16322,DE,"Beal, Robert",2,2,1,130,133,130,FALSE,2
2026,17553,DE,"Faulk, Keldric",2,2,1,130,133,130,FALSE,2
2026,17287,DE,"Ivey, Jared",2,2,1,130,133,130,FALSE,2
2026,15481,DE,"Johnson, Patrick",2,2,1,130,133,130,FALSE,2
2026,17016,DE,"Jones, Truman",2,2,1,130,133,130,FALSE,2
2026,16869,DE,"Richter, Bo",2,2,1,130,133,130,FALSE,2
2026,15413,DE,"Rumph, Chris",2,2,1,130,133,130,FALSE,2
2026,15928,DE,"Houston, James",1,1,1,143,133,133,FALSE,2
2026,17412,DE,"O'Toole, Connor",1,1,1,143,133,133,FALSE,2
2026,16655,DE,"Robinson, Chop",1,1,1,143,133,133,FALSE,2
2026,17117,DE,"Jackson, Landon",2,1.9,0.95,135,139,135,FALSE,2
2026,17597,DE,"Height, Romello",2,1.5,0.75,137.5,141,137.5,FALSE,2
2026,16529,DE,"Leota, Eku",2,1.5,0.75,137.5,141,137.5,FALSE,2
2026,13685,DE,"Okoronkwo, Ogbonnia",2,1.5,0.75,137.5,141,137.5,FALSE,2
2026,17355,DE,"Chambliss, Chaz",2,1,0.5,143,144.5,143,FALSE,2
2026,15943,DE,"Hardy, Daniel",2,1,0.5,143,144.5,143,FALSE,2
2026,10267,DE,"Miller, Von",2,1,0.5,143,144.5,143,FALSE,2
2026,15907,DE,"Robinson, Dominique",2,1,0.5,143,144.5,143,FALSE,2
2026,16302,DE,"Lacy, Tyler",2,0.5,0.25,147,147,147,FALSE,2
2026,15878,DE,"Clemons, Micheal",2,0,0,151.5,151.5,151.5,FALSE,2
2026,12217,DE,"Fowler, Dante",2,0,0,151.5,151.5,151.5,FALSE,2
2026,13198,DE,"Garrett, Myles",1,0,0,151.5,151.5,151.5,FALSE,2
2026,17351,DE,"Green, B.J.",1,0,0,151.5,151.5,151.5,FALSE,2
2026,17633,DE,"Josephs, Joshua",2,0,0,151.5,151.5,151.5,FALSE,2
2026,17688,DE,"Llewellyn, Max",1,0,0,151.5,151.5,151.5,FALSE,2
2026,17225,DE,"McLeod, Jalen",1,0,0,151.5,151.5,151.5,FALSE,2
2026,17587,DE,"Moore, Derrick",2,0,0,151.5,151.5,151.5,FALSE,2
2026,17768,DE,"Burke, Ethan",2,-1.5,-0.75,156.5,156.5,156.5,FALSE,2
2026,16226,DE,"Wilson, Tyree",2,-1.5,-0.75,156.5,156.5,156.5,FALSE,2
2026,14158,DT,"Oliver, Ed",1,18,18,22.5,1,1,FALSE,2
2026,17174,DT,"Walker, Deone",2,32.3,16.15,1,2,1,FALSE,2
2026,12225,DT,"Williams, Leonard",2,31.599999999999998,15.799999999999999,2,3,2,FALSE,2
2026,14163,DT,"Simmons, Jeffery",2,29.2,14.6,3,4,3,FALSE,2
2026,17121,DT,"Graham, Mason",2,27.4,13.7,4,5,4,FALSE,2
2026,16927,DT,"Redmond, Jalen",2,26,13,5,6,5,FALSE,2
2026,12688,DT,"Buckner, DeForest",2,25.900000000000002,12.950000000000001,6,7,6,FALSE,2
2026,12697,DT,"Robinson, A'Shawn",2,25.9,12.95,7,8,7,FALSE,2
2026,10266,DT,"Heyward, Cameron",2,24.5,12.25,8.5,9.5,8.5,FALSE,2
2026,15089,DT,"Roach, Malcolm",2,24.5,12.25,8.5,9.5,8.5,FALSE,2
2026,13208,DT,"Allen, Jonathan",2,24.400000000000002,12.200000000000001,10,11,10,FALSE,2
2026,14153,DT,"Allen, Zach",2,24.4,12.2,11,12,11,FALSE,2
2026,16344,DT,"Stills, Dante",2,23,11.5,12.5,13.5,12.5,FALSE,2
2026,14157,DT,"Williams, Quinnen",2,23,11.5,12.5,13.5,12.5,FALSE,2
2026,12735,DT,"Rankins, Sheldon",2,22.1,11.05,14,15,14,FALSE,2
2026,17158,DT,"Broughton, Vernon",2,21,10.5,15.5,16.5,15.5,FALSE,2
2026,16282,DT,"Turner, Kobie",2,21,10.5,15.5,16.5,15.5,FALSE,2
2026,16233,DT,"Carter, Jalen",2,20.8,10.4,17,18,17,FALSE,2
2026,12741,DT,"Jones, Chris",2,20,10,18,19,18,FALSE,2
2026,17190,DT,"Hemingway, Tonka",2,19,9.5,19,20,19,FALSE,2
2026,17137,DT,"Harmon, Derrick",2,18.6,9.3,20,21,20,FALSE,2
2026,15863,DT,"Jones, Travis",2,18.5,9.25,21,22,21,FALSE,2
2026,17769,DT,"Hall, Aaron",2,18,9,22.5,23,22.5,FALSE,2
2026,15357,DT,"Barmore, Christian",2,17.7,8.85,24,24,24,FALSE,2
2026,15817,DT,"Davis, Jordan",2,17.5,8.75,26,26,26,FALSE,2
2026,14951,DT,"Lynch, James",2,17.5,8.75,26,26,26,FALSE,2
2026,17146,DT,"Williams, Tyleik",2,17.5,8.75,26,26,26,FALSE,2
2026,16369,DT,"Ojomo, Moro",2,16.5,8.25,28.5,28.5,28.5,FALSE,2
2026,13744,DT,"Shepherd, Nathan",2,16.5,8.25,28.5,28.5,28.5,FALSE,2
2026,16786,DT,"Drake-Rodriguez, Levi",2,16,8,30,30,30,FALSE,2
2026,14899,DT,"Kinlaw, Javon",2,15.8,7.9,31,31,31,FALSE,2
2026,14161,DT,"Tillery, Jerry",2,15.6,7.8,32,32,32,FALSE,2
2026,16660,DT,"Robinson, Darius",2,15.5,7.75,33,33,33,FALSE,2
2026,17165,DT,"Caldwell, Jamaree",2,15,7.5,35,35.5,35,FALSE,2
2026,13798,DT,"Fatukasi, Foley",2,15,7.5,35,35.5,35,FALSE,2
2026,15461,DT,"Lopez, Roy",2,15,7.5,35,35.5,35,FALSE,2
2026,11757,DT,"Donald, Aaron",1,7.5,7.5,91,35.5,35.5,FALSE,2
2026,15393,DT,"Odighizuwa, Osa",2,14.5,7.25,37,38,37,FALSE,2
2026,17579,DT,"Banks, Caleb",2,14,7,39.5,40.5,39.5,FALSE,2
2026,14930,DT,"Hamilton, Davon",2,14,7,39.5,40.5,39.5,FALSE,2
2026,17195,DT,"Mills, Rylie",2,14,7,39.5,40.5,39.5,FALSE,2
2026,15358,DT,"Togiai, Tommy",2,14,7,39.5,40.5,39.5,FALSE,2
2026,16513,DT,"London, LaCale",2,13.5,6.75,42,43,42,FALSE,2
2026,13260,DT,"Tomlinson, Dalvin",2,13.4,6.7,43,44,43,FALSE,2
2026,16794,DT,"Briggs, Jowon",2,13.1,6.55,44,45,44,FALSE,2
2026,13317,DT,"Godchaux, Davon",2,13,6.5,46,47,46,FALSE,2
2026,17570,DT,"Hunter, Lee",2,13,6.5,46,47,46,FALSE,2
2026,15173,DT,"Tart, Teair",2,13,6.5,46,47,46,FALSE,2
2026,16265,DT,"Dexter, Gervon",2,12.6,6.3,48,49,48,FALSE,2
2026,16663,DT,"Eboigbe, Justin",2,12.5,6.25,49.5,50.5,49.5,FALSE,2
2026,17613,DT,"Halton, Gracen",2,12.5,6.25,49.5,50.5,49.5,FALSE,2
2026,15812,DT,"Hall, Logan",2,12.2,6.1,51,52,51,FALSE,2
2026,13839,DT,"Sieler, Zach",2,12,6,52,53,52,FALSE,2
2026,13298,DT,"Stewart, Grover",2,11.8,5.9,53,54,53,FALSE,2
2026,15892,DT,"Booker, Thomas",2,11.5,5.75,55.5,56.5,55.5,FALSE,2
2026,14159,DT,"Lawrence, Dexter",2,11.5,5.75,55.5,56.5,55.5,FALSE,2
2026,12802,DT,"Reader, D.J.",2,11.5,5.75,55.5,56.5,55.5,FALSE,2
2026,17555,DT,"Woods, Peter",2,11.5,5.75,55.5,56.5,55.5,FALSE,2
2026,15390,DT,"McNeill, Alim",2,11.4,5.7,58.5,59.5,58.5,FALSE,2
2026,13769,DT,"Street, Kentavius",2,11.4,5.7,58.5,59.5,58.5,FALSE,2
2026,17261,DT,"Biggers, Zeek",2,11,5.5,61.5,62.5,61.5,FALSE,2
2026,12739,DT,"Clark, Kenny",2,11,5.5,61.5,62.5,61.5,FALSE,2
2026,15446,DT,"Slaton, Tedarrell",2,11,5.5,61.5,62.5,61.5,FALSE,2
2026,14971,DT,"Washington, Broderick",2,11,5.5,61.5,62.5,61.5,FALSE,2
2026,12698,DT,"Reed, Jarran",2,10.9,5.45,64,65,64,FALSE,2
2026,16657,DT,"Dorlus, Brandon",2,10.5,5.25,65.5,66.5,65.5,FALSE,2
2026,13770,DT,"Franklin-Myers, John",2,10.5,5.25,65.5,66.5,65.5,FALSE,2
2026,17193,DT,"Ingram-Dawkins, Tyrion",2,10,5,69,70.5,69,FALSE,2
2026,12305,DT,"Jarrett, Grady",2,10,5,69,70.5,69,FALSE,2
2026,16689,DT,"Murphy, Byron",2,10,5,69,70.5,69,FALSE,2
2026,17603,DT,"Orange, Domonique",2,10,5,69,70.5,69,FALSE,2
2026,17177,DT,"West, CJ",2,10,5,69,70.5,69,FALSE,2
2026,17194,DT,"Jackson, Cam",1,5,5,108,70.5,70.5,FALSE,2
2026,15942,DT,"Ford, Jonathan",2,9.6,4.8,72,74,72,FALSE,2
2026,17773,DT,"Edwards, TeRah",2,9.5,4.75,74,76,74,FALSE,2
2026,15898,DT,"Ogbonnia, Otito",2,9.5,4.75,74,76,74,FALSE,2
2026,13694,DT,"Settle, Tim",2,9.5,4.75,74,76,74,FALSE,2
2026,17191,DT,"Farmer, Joshua",2,9.2,4.6,76,78,76,FALSE,2
2026,14897,DT,"Brown, Derrick",2,9,4.5,78.5,80.5,78.5,FALSE,2
2026,16767,DT,"Davis, Tyler",2,9,4.5,78.5,80.5,78.5,FALSE,2
2026,17196,DT,"Phillips, Jordan",2,9,4.5,78.5,80.5,78.5,FALSE,2
2026,15819,DT,"Wyatt, Devonte",2,9,4.5,78.5,80.5,78.5,FALSE,2
2026,16662,DT,"Jenkins, Kris",2,8.8,4.4,81,83,81,FALSE,2
2026,12218,DT,"Armstead, Arik",2,8.5,4.25,84,86,84,FALSE,2
2026,16713,DT,"Carter, DeWayne",2,8.5,4.25,84,86,84,FALSE,2
2026,17672,DT,"Gill-Howard, Skyler",2,8.5,4.25,84,86,84,FALSE,2
2026,13810,DT,"Joseph-Day, Sebastian",2,8.5,4.25,84,86,84,FALSE,2
2026,16693,DT,"Sweat, T'Vondre",2,8.5,4.25,84,86,84,FALSE,2
2026,13723,DT,"Payne, Da'Ron",2,8,4,88,90.5,88,FALSE,2
2026,13693,DT,"Phillips, Harrison",2,8,4,88,90.5,88,FALSE,2
2026,15877,DT,"Uwazurike, Eyioma",2,8,4,88,90.5,88,FALSE,2
2026,16227,DT,"Harrison, Zach",1,4,4,117,90.5,90.5,FALSE,2
2026,16264,DT,"Benton, Keeanu",2,7.5,3.75,91,93.5,91,FALSE,2
2026,16697,DT,"Smith, Maason",2,7.5,3.75,91,93.5,91,FALSE,2
2026,12219,DT,"Edwards, Mario",2,7.1,3.55,93,95,93,FALSE,2
2026,13933,DT,"Ford, Poona",2,7,3.5,95.5,97.5,95.5,FALSE,2
2026,17330,DT,"Stackhouse, Nazir",2,7,3.5,95.5,97.5,95.5,FALSE,2
2026,13199,DT,"Thomas, Solomon",2,7,3.5,95.5,97.5,95.5,FALSE,2
2026,17767,DT,"Thompson Jr., James",2,7,3.5,95.5,97.5,95.5,FALSE,2
2026,14901,DT,"Gallimore, Neville",2,6.5,3.25,98.5,100.5,98.5,FALSE,2
2026,15391,DT,"Williams, Milton",2,6.5,3.25,98.5,100.5,98.5,FALSE,2
2026,16520,DT,"Durden, Cory",2,6,3,100.5,103,100.5,FALSE,2
2026,17136,DT,"Nolen, Walter",2,6,3,100.5,103,100.5,FALSE,2
2026,12758,DT,"Bullard, Jonathan",2,5.8,2.9,102,105,102,FALSE,2
2026,15412,DT,"Brown, Bobby",1,3,3,123.5,103,103,FALSE,2
2026,14155,DT,"Collier, L.J.",2,5.5,2.75,105,108,105,FALSE,2
2026,14237,DT,"Gaines, Greg",2,5.5,2.75,105,108,105,FALSE,2
2026,17611,DT,"Jackson, Darrell",2,5.5,2.75,105,108,105,FALSE,2
2026,16787,DT,"Laulu, Jonah",2,5.5,2.75,105,108,105,FALSE,2
2026,16294,DT,"Wooden, Colby",2,5.5,2.75,105,108,105,FALSE,2
2026,16291,DT,"Adebawore, Adetomiwa",2,4.5,2.25,111,116,111,FALSE,2
2026,16324,DT,"Brooks, Karl",2,4.5,2.25,111,116,111,FALSE,2
2026,9051,DT,"Campbell, Calais",2,4.5,2.25,111,116,111,FALSE,2
2026,14934,DT,"Elliott, Jordan",2,4.5,2.25,111,116,111,FALSE,2
2026,13692,DT,"Vea, Vita",2,4.5,2.25,111,116,111,FALSE,2
2026,17765,DT,"Campbell, Anthony",1,2.5,2.5,129.5,112,112,FALSE,2
2026,12764,DT,"Hargrave, Javon",1,2.5,2.5,129.5,112,112,FALSE,2
2026,11793,DT,"Jones, DaQuan",1,2.5,2.5,129.5,112,112,FALSE,2
2026,17632,DT,"Barrett, Nick",2,4,2,117,121.5,117,FALSE,2
2026,12754,DT,"Collins, Maliek",2,4,2,117,121.5,117,FALSE,2
2026,16694,DT,"Fiske, Braden",2,4,2,117,121.5,117,FALSE,2
2026,11286,DT,"Jenkins, John",2,4,2,117,121.5,117,FALSE,2
2026,13332,DT,"Jones, D.J.",2,4,2,117,121.5,117,FALSE,2
2026,17224,DT,"Smith, Tim",2,4,2,117,121.5,117,FALSE,2
2026,13448,DT,"Butler, Adam",2,3,1.5,123.5,127,123.5,FALSE,2
2026,13927,DT,"Dickerson, Matt",2,3,1.5,123.5,127,123.5,FALSE,2
2026,12361,DT,"Nunez-Roches, Rakeem",2,3,1.5,123.5,127,123.5,FALSE,2
2026,17389,DT,"Okoye, CJ",2,3,1.5,123.5,127,123.5,FALSE,2
2026,17602,DT,"Regis, Albert",2,3,1.5,123.5,127,123.5,FALSE,2
2026,11872,DT,"Harris, Shelby",2,2.5,1.25,129.5,131,129.5,FALSE,2
2026,16254,DT,"Kancey, Calijah",2,2.5,1.25,129.5,131,129.5,FALSE,2
2026,17666,DT,"van den Berg, Jordan",2,2.5,1.25,129.5,131,129.5,FALSE,2
2026,15492,DT,"Tonga, Khyiris",2,2.1,1.05,133,133,133,FALSE,2
2026,17199,DT,"Hamilton, Ty",2,1.5,0.75,137,137,137,FALSE,2
2026,16797,DT,"Harris, Marcus",2,1.5,0.75,137,137,137,FALSE,2
2026,12782,DT,"Onyemata, David",2,1.5,0.75,137,137,137,FALSE,2
2026,16691,DT,"Orhorhoro, Ruke",2,1.5,0.75,137,137,137,FALSE,2
2026,17236,DT,"Peebles, Aeneas",2,1.5,0.75,137,137,137,FALSE,2
2026,14675,DT,"Tuttle, Shy",2,1.5,0.75,137,137,137,FALSE,2
2026,16273,DT,"Young, Byron",2,1.5,0.75,137,137,137,FALSE,2
2026,17204,DT,"Roberts, Elijah",2,1,0.5,141,141,141,FALSE,2
2026,17154,DT,"Alexander, Darius",1,0,0,147.5,147.5,147.5,FALSE,2
2026,16770,DT,"Boyd, Khristian",1,0,0,147.5,147.5,147.5,FALSE,2
2026,16771,DT,"Crumedy, Jaden",1,0,0,147.5,147.5,147.5,FALSE,2
2026,16661,DT,"Hall Jr., Michael",2,0,0,147.5,147.5,147.5,FALSE,2
2026,13683,DT,"Hand, Da'Shawn",1,0,0,147.5,147.5,147.5,FALSE,2
2026,17170,DT,"Jones, Sai'vion",2,0,0,147.5,147.5,147.5,FALSE,2
2026,15382,DT,"Onwuzurike, Levi",1,0,0,147.5,147.5,147.5,FALSE,2
2026,16486,DT,"Pili, Brandon",2,0,0,147.5,147.5,147.5,FALSE,2
2026,17176,DT,"Robinson, Ty",2,0,0,147.5,147.5,147.5,FALSE,2
2026,16091,DT,"Stille, Ben",1,0,0,147.5,147.5,147.5,FALSE,2
2026,16817,DT,"Taylor, Leonard",1,0,0,147.5,147.5,147.5,FALSE,2
2026,13965,DT,"Tupou, Josh",1,0,0,147.5,147.5,147.5,FALSE,2
2026,17209,DT,"Black, Yahya",2,-1.5,-0.75,155,154,154,FALSE,2
2026,13742,DT,"Hill, B.J.",1,-1.5,-1.5,155,155.5,155,FALSE,2
2026,17585,DT,"Miller, Christen",1,-1.5,-1.5,155,155.5,155,FALSE,2
2026,17600,DT,"McClellan, Chris",2,-5.3,-2.65,157,157,157,FALSE,2
2026,15822,LB,"Lloyd, Devin",2,65,32.5,1,1,1,FALSE,2
2026,17589,LB,"Trotter, Josiah",2,45.5,22.75,2,2,2,FALSE,2
2026,15821,LB,"Dean, Nakobe",2,34.9,17.45,3,3,3,FALSE,2
2026,14218,LB,"Okereke, Bobby",2,33,16.5,4,4,4,FALSE,2
2026,15409,LB,"Barnes, Derrick",2,32.2,16.1,5,5,5,FALSE,2
2026,17125,LB,"Knight, Demetrius",2,29.6,14.8,6,6,6,FALSE,2
2026,16696,LB,"Cooper, Edgerrin",2,28.7,14.35,7.5,7.5,7.5,FALSE,2
2026,13696,LB,"Smith, Roquan",2,28.7,14.35,7.5,7.5,7.5,FALSE,2
2026,13743,LB,"Warner, Fred",2,27.7,13.85,9,9,9,FALSE,2
2026,16296,LB,"Miller, Ventrell",2,25.3,12.65,10,10,10,FALSE,2
2026,15869,LB,"Bernard, Terrel",2,25,12.5,11,11,11,FALSE,2
2026,17123,LB,"Campbell, Jihaad",2,24.2,12.1,12,12,12,FALSE,2
2026,15387,LB,"Werner, Pete",2,24.1,12.05,13,13,13,FALSE,2
2026,13813,LB,"Oluokun, Foyesade",2,23.8,11.9,14,14,14,FALSE,2
2026,15681,LB,"Elliss, Christian",2,23.6,11.8,15,15,15,FALSE,2
2026,14303,LB,"Elliss, Kaden",2,23.5,11.75,16,16,16,FALSE,2
2026,14251,LB,"Cashman, Blake",2,23.3,11.65,17,17,17,FALSE,2
2026,14893,LB,"Baun, Zack",2,22.5,11.25,18.5,18.5,18.5,FALSE,2
2026,17560,LB,"Hill Jr., Anthony",2,22.5,11.25,18.5,18.5,18.5,FALSE,2
2026,16346,LB,"Winters, Dee",2,21.8,10.9,20,20,20,FALSE,2
2026,16716,LB,"Wilson, Payton",2,20.5,10.25,21,21,21,FALSE,2
2026,17124,LB,"Carter, Barrett",2,20,10,22,22,22,FALSE,2
2026,17147,LB,"Schwesinger, Carson",2,19.5,9.75,23,23,23,FALSE,2
2026,14170,LB,"Bush, Devin",2,19,9.5,25,25,25,FALSE,2
2026,14943,LB,"Davis-Gaither, Akeem",2,19,9.5,25,25,25,FALSE,2
2026,16284,LB,"Williams, Dorian",2,19,9.5,25,25,25,FALSE,2
2026,17606,LB,"Barham, Jaishawn",2,18,9,27.5,27.5,27.5,FALSE,2
2026,16013,LB,"Landman, Nate",2,18,9,27.5,27.5,27.5,FALSE,2
2026,16450,LB,"Thomas, Drake",2,17.9,8.95,29,29,29,FALSE,2
2026,16009,LB,"Gibbens, Jack",2,17.6,8.8,30,30,30,FALSE,2
2026,14590,LB,"Al-Shaair, Azeez",2,17.5,8.75,33,33,33,FALSE,2
2026,15355,LB,"Bolton, Nick",2,17.5,8.75,33,33,33,FALSE,2
2026,14896,LB,"Queen, Patrick",2,17.5,8.75,33,33,33,FALSE,2
2026,14412,LB,"Singleton, Alex",2,17.5,8.75,33,33,33,FALSE,2
2026,14235,LB,"Tranquill, Drue",2,17.5,8.75,33,33,33,FALSE,2
2026,15404,LB,"Jones, Ernest",2,16.5,8.25,36.5,36.5,36.5,FALSE,2
2026,17586,LB,"Rodriguez, Jacob",2,16.5,8.25,36.5,36.5,36.5,FALSE,2
2026,15396,LB,"Deablo, Divine",2,15,7.5,38.5,38.5,38.5,FALSE,2
2026,16234,LB,"Simpson, Trenton",2,15,7.5,38.5,38.5,38.5,FALSE,2
2026,15846,LB,"Walker, Quay",2,14.7,7.35,40,40,40,FALSE,2
2026,10816,LB,"Davis, Demario",2,14.5,7.25,41,42,41,FALSE,2
2026,13952,LB,"Luvu, Frankie",1,7.3,7.3,62,41,41,FALSE,2
2026,17556,LB,"Reese, Arvell",2,13.5,6.75,42.5,43.5,42.5,FALSE,2
2026,14169,LB,"Wilson, Mack",2,13.5,6.75,42.5,43.5,42.5,FALSE,2
2026,13697,LB,"Edmunds, Tremaine",2,13,6.5,44,45,44,FALSE,2
2026,15428,LB,"Sherwood, Jamien",2,12.5,6.25,45,46,45,FALSE,2
2026,16239,LB,"Campbell, Jack",2,12.1,6.05,46,47,46,FALSE,2
2026,14892,LB,"Brooks, Jordyn",2,11.5,5.75,48,49,48,FALSE,2
2026,14467,LB,"Phillips, Del'Shawn",2,11.5,5.75,48,49,48,FALSE,2
2026,13987,LB,"Spillane, Robert",2,11.5,5.75,48,49,48,FALSE,2
2026,14953,LB,"Dye, Troy",2,11.3,5.65,50,51,50,FALSE,2
2026,17557,LB,"Styles, Sonny",2,11.2,5.6,51,52,51,FALSE,2
2026,15831,LB,"Chenal, Leo",2,11,5.5,52,53,52,FALSE,2
2026,14221,LB,"Williams, Quincy",2,10.5,5.25,53.5,54.5,53.5,FALSE,2
2026,13447,LB,"Wilson, Eric",2,10.5,5.25,53.5,54.5,53.5,FALSE,2
2026,14247,LB,"Greenlaw, Dre",2,10,5,55,56,55,FALSE,2
2026,17410,LB,"Combs, Branson",2,9.2,4.6,56,57,56,FALSE,2
2026,13837,LB,"Franklin, Zaire",2,9,4.5,58,59,58,FALSE,2
2026,16494,LB,"Moon, Jeremiah",2,9,4.5,58,59,58,FALSE,2
2026,14979,LB,"Strnad, Justin",2,9,4.5,58,59,58,FALSE,2
2026,17629,LB,"Boettcher, Bryce",2,8,4,60,61,60,FALSE,2
2026,16280,LB,"Henley, Daiyan",2,7.8,3.9,61,62,61,FALSE,2
2026,15353,LB,"Surratt, Chazz",2,7.1,3.55,63,63,63,FALSE,2
2026,16063,LB,"McCrary-Ball, Marcelino",2,7,3.5,65,65.5,65,FALSE,2
2026,16870,LB,"Speights, Omar",2,7,3.5,65,65.5,65,FALSE,2
2026,17126,LB,"Stutsman, Danny",2,7,3.5,65,65.5,65,FALSE,2
2026,16667,LB,"Gray, Cedric",1,3.5,3.5,80,65.5,65.5,FALSE,2
2026,16383,LB,"Pace, Ivan",2,6.5,3.25,67,68,67,FALSE,2
2026,13268,LB,"Anzalone, Alex",2,6.1,3.05,68,69,68,FALSE,2
2026,14168,LB,"White, Devin",2,5.1,2.55,69,70,69,FALSE,2
2026,14217,LB,"Barton, Cody",2,5,2.5,70.5,72,70.5,FALSE,2
2026,15914,LB,"Rodriguez, Malcolm",2,5,2.5,70.5,72,70.5,FALSE,2
2026,16911,LB,"Stalbird, Isaiah",1,2.5,2.5,85,72,72,FALSE,2
2026,16738,LB,"Carlies, Jaylon",2,4.5,2.25,74,76,74,FALSE,2
2026,17628,LB,"Daniels, Kendal",2,4.5,2.25,74,76,74,FALSE,2
2026,17265,LB,"Dolac, Shaun",2,4.5,2.25,74,76,74,FALSE,2
2026,17636,LB,"Dugger, Jaden",2,4.5,2.25,74,76,74,FALSE,2
2026,16019,LB,"Hansen, Jake",2,4.5,2.25,74,76,74,FALSE,2
2026,17665,LB,"Obiazor, Namdi",2,4,2,77.5,81,77.5,FALSE,2
2026,16664,LB,"Trotter Jr., Jeremiah",2,4,2,77.5,81,77.5,FALSE,2
2026,14322,LB,"Edwards, T.J.",2,3.5,1.75,80,84.5,80,FALSE,2
2026,14200,LB,"Tavai, Jahlani",2,3.5,1.75,80,84.5,80,FALSE,2
2026,15194,LB,"Christiansen, Cole",1,2,2,94,81,81,FALSE,2
2026,17415,LB,"Kaho, Ale",1,2,2,94,81,81,FALSE,2
2026,14672,LB,"Reeder, Troy",1,2,2,94,81,81,FALSE,2
2026,16328,LB,"Barnes, Zaire",2,3,1.5,82,87,82,FALSE,2
2026,14926,LB,"Gay, Willie",2,2.5,1.25,85,90.5,85,FALSE,2
2026,15899,LB,"Jackson, D'Marco",2,2.5,1.25,85,90.5,85,FALSE,2
2026,16138,LB,"Olubi, Segun",2,2.5,1.25,85,90.5,85,FALSE,2
2026,15443,LB,"Wallow, Garret",2,2.5,1.25,85,90.5,85,FALSE,2
2026,16730,LB,"Magee, Jordan",1,1.5,1.5,106.5,87,87,FALSE,2
2026,16236,LB,"To'oTo'o, Henry",1,1.5,1.5,106.5,87,87,FALSE,2
2026,17746,LB,"Bailey, Wesley",2,2,1,94,100,94,FALSE,2
2026,17776,LB,"Chambers, Tahj",2,2,1,94,100,94,FALSE,2
2026,16666,LB,"Eichenberg, Tommy",2,2,1,94,100,94,FALSE,2
2026,17623,LB,"Elarms-Orr, Kaleb",2,2,1,94,100,94,FALSE,2
2026,14891,LB,"Harrison, Malik",2,2,1,94,100,94,FALSE,2
2026,17201,LB,"James, Shemar",2,2,1,94,100,94,FALSE,2
2026,17383,LB,"Jones, Carl",2,2,1,94,100,94,FALSE,2
2026,15473,LB,"McDuffie, Isaiah",2,2,1,94,100,94,FALSE,2
2026,17140,LB,"Mondon, Smael",2,2,1,94,100,94,FALSE,2
2026,17449,LB,"Woodard, Jackson",2,2,1,94,100,94,FALSE,2
2026,17787,LB,"Anderson, Liam",1,1,1,119.5,100,100,FALSE,2
2026,17692,LB,"Fisher, Aiden",1,1,1,119.5,100,100,FALSE,2
2026,15823,LB,"Harris, Christian",1,1,1,119.5,100,100,FALSE,2
2026,16710,LB,"Hopper, Ty'Ron",1,1,1,119.5,100,100,FALSE,2
2026,15151,LB,"Welch, Kristian",1,1,1,119.5,100,100,FALSE,2
2026,17010,LB,"Bozeman, Swayze",2,1.5,0.75,106.5,112.5,106.5,FALSE,2
2026,17247,LB,"Bruener, Carson",2,1.5,0.75,106.5,112.5,106.5,FALSE,2
2026,13750,LB,"Burks, Oren",2,1.5,0.75,106.5,112.5,106.5,FALSE,2
2026,16314,LB,"Dennis, SirVocea",2,1.5,0.75,106.5,112.5,106.5,FALSE,2
2026,17571,LB,"Golday, Jake",2,1.5,0.75,106.5,112.5,106.5,FALSE,2
2026,17286,LB,"Higgins, Jay",2,1.5,0.75,106.5,112.5,106.5,FALSE,2
2026,14260,LB,"Holcomb, Cole",2,1.5,0.75,106.5,112.5,106.5,FALSE,2
2026,17379,LB,"Mascarenas-Arnold, Easton",2,1.5,0.75,106.5,112.5,106.5,FALSE,2
2026,15975,LB,"Sanborn, Jack",2,1.5,0.75,106.5,112.5,106.5,FALSE,2
2026,17408,LB,"Turner, Jordan",2,1.5,0.75,106.5,112.5,106.5,FALSE,2
2026,17203,LB,"Bassa, Jeffrey",2,1,0.5,119.5,124.5,119.5,FALSE,2
2026,16072,LB,"Cochrane, Jack",2,1,0.5,119.5,124.5,119.5,FALSE,2
2026,14495,LB,"Gifford, Luke",2,1,0.5,119.5,124.5,119.5,FALSE,2
2026,14737,LB,"Giles-Harris, Joe",2,1,0.5,119.5,124.5,119.5,FALSE,2
2026,17233,LB,"Medrano, Kain",2,1,0.5,119.5,124.5,119.5,FALSE,2
2026,16759,LB,"Muasau, Darius",2,1,0.5,119.5,124.5,119.5,FALSE,2
2026,15456,LB,"Niemann, Nick",2,1,0.5,119.5,124.5,119.5,FALSE,2
2026,16926,LB,"Reid, Winston",2,1,0.5,119.5,124.5,119.5,FALSE,2
2026,17178,LB,"Simon, Cody",2,1,0.5,119.5,124.5,119.5,FALSE,2
2026,17558,LB,"Allen, CJ",1,0.5,0.5,131,124.5,124.5,FALSE,2
2026,16439,LB,"Diabate, Mohamoud",1,0.5,0.5,131,124.5,124.5,FALSE,2
2026,17766,LB,"Hunter, Erick",1,0.5,0.5,131,124.5,124.5,FALSE,2
2026,17356,LB,"McDonald, Cooper",1,0.5,0.5,131,124.5,124.5,FALSE,2
2026,16793,LB,"Williams, James",1,0.5,0.5,131,124.5,124.5,FALSE,2
2026,16492,LB,"Cherelus, Claudin",2,0.5,0.25,131,133.5,131,FALSE,2
2026,16443,LB,"O'Connell, Patrick",2,0.5,0.25,131,133.5,131,FALSE,2
2026,17362,LB,"Reid, Karene",2,0.5,0.25,131,133.5,131,FALSE,2
2026,17621,LB,"Woodaz, Wade",2,0.5,0.25,131,133.5,131,FALSE,2
2026,15049,LB,"Bachie, Joe",2,0,0,145,145,145,FALSE,2
2026,17323,LB,"Barron, Justin",1,0,0,145,145,145,FALSE,2
2026,17645,LB,"Elliott, Keyshaun",2,0,0,145,145,145,FALSE,2
2026,13715,LB,"Harrison, Ronnie",1,0,0,145,145,145,FALSE,2
2026,16017,LB,"Hummel, Jake",1,0,0,145,145,145,FALSE,2
2026,17662,LB,"Kelly, Jack",2,0,0,145,145,145,FALSE,2
2026,16722,LB,"Knight, Tyrice",2,0,0,145,145,145,FALSE,2
2026,14442,LB,"Kuntz, Christian",2,0,0,145,145,145,FALSE,2
2026,17683,LB,"Kuwatch, Jackson",2,0,0,145,145,145,FALSE,2
2026,17244,LB,"Lindenberg, Cody",1,0,0,145,145,145,FALSE,2
2026,17578,LB,"Louis, Kyle",1,0,0,145,145,145,FALSE,2
2026,17208,LB,"Mauigoa, Francisco",2,0,0,145,145,145,FALSE,2
2026,15890,LB,"McFadden, Micah",1,0,0,145,145,145,FALSE,2
2026,17456,LB,"Neal, Elias",1,0,0,145,145,145,FALSE,2
2026,16283,LB,"Overshown, DeMarvion",1,0,0,145,145,145,FALSE,2
2026,16237,LB,"Pappoe, Owen",1,0,0,145,145,145,FALSE,2
2026,15076,LB,"Rozeboom, Christian",1,0,0,145,145,145,FALSE,2
2026,15498,LB,"Stuard, Grant",2,0,0,145,145,145,FALSE,2
2026,17354,LB,"Wax, Marlowe",2,0,0,145,145,145,FALSE,2
2026,17667,LB,"Perkins, Harold",2,-0.5,-0.25,155,155,155,FALSE,2
2026,16872,LB,"Andreessen, Joe",2,-1,-0.5,156.5,156.5,156.5,FALSE,2
2026,17658,LB,"Sharar, Karson",2,-1,-0.5,156.5,156.5,156.5,FALSE,2
2026,14379,LB,"Woods, Josh",2,-1.5,-0.75,158.5,158,158,FALSE,2
2026,16761,LB,"Hill, Jamal",1,-1.5,-1.5,158.5,160.5,158.5,FALSE,2
2026,16774,LB,"Watson, Nathaniel",2,-2,-1,160,159,159,FALSE,2
2026,14887,LB,"Simmons, Isaiah",2,-3,-1.5,161.5,160.5,160.5,FALSE,2
2026,15622,LB,"Robinson, Curtis",1,-3,-3,161.5,162,161.5,FALSE,2
2026,15368,PK,"McPherson, Evan",2,40.8,20.4,1,1,1,FALSE,2
2026,14717,PK,"McLaughlin, Chase",2,28.4,14.2,2,2,2,FALSE,2
2026,16896,PK,"Shrader, Spencer",2,23.200000000000003,11.600000000000001,3,3,3,FALSE,2
2026,17222,PK,"Loop, Tyler",2,19.5,9.75,4,4,4,FALSE,2
2026,14244,PK,"Gay, Matt",2,19.2,9.6,5,5,5,FALSE,2
2026,17668,PK,"Smack, Trey",2,17.1,8.55,6,6,6,FALSE,2
2026,16681,PK,"Reichard, Will",2,16.2,8.1,7,7,7,FALSE,2
2026,16414,PK,"Aubrey, Brandon",2,15.200000000000001,7.6000000000000005,8,8,8,FALSE,2
2026,12860,PK,"Fairbairn, Ka'imi",2,14.3,7.15,9,9,9,FALSE,2
2026,13303,PK,"Elliott, Jake",2,14,7,10,10,10,FALSE,2
2026,13832,PK,"Sanders, Jason",2,13.9,6.95,11,11,11,FALSE,2
2026,16419,PK,"Szmyt, Andre",2,12.299999999999999,6.1499999999999995,12,12,12,FALSE,2
2026,13718,PK,"Carlson, Daniel",2,10,5,13,13,13,FALSE,2
2026,17736,PK,"Zvada, Dominic",2,9.7,4.85,14,14,14,FALSE,2
2026,16680,PK,"Little, Cam",2,9.6,4.8,15,15,15,FALSE,2
2026,14983,PK,"Bass, Tyler",2,9.2,4.6,16,16,16,FALSE,2
2026,16292,PK,"Ryland, Chad",2,8.3,4.15,17,17,17,FALSE,2
2026,17277,PK,"Fitzgerald, Ryan",2,8.2,4.1,18,18,18,FALSE,2
2026,13354,PK,"Butker, Harrison",2,8,4,19,19,19,FALSE,2
2026,17220,PK,"Borregales, Andres",2,7.8999999999999995,3.9499999999999997,20,20,20,FALSE,2
2026,12956,PK,"Lutz, Wil",2,7.6,3.8,21,21,21,FALSE,2
2026,14600,PK,"Slye, Joey",2,6.7,3.35,22,22,22,FALSE,2
2026,13719,PK,"Pineiro, Eddy",2,6.3,3.15,23,23,23,FALSE,2
2026,12437,PK,"Myers, Jason",2,4.9,2.45,24,24,24,FALSE,2
2026,11945,PK,"Santos, Cairo",2,4.4,2.2,25,25,25,FALSE,2
2026,16846,PK,"Bates, Jake",2,3.3,1.65,26,26,26,FALSE,2
2026,11936,PK,"Boswell, Chris",2,3.1,1.55,27,27,27,FALSE,2
2026,17726,PK,"Stevens, Drew",2,2.6,1.3,28,28,28,FALSE,2
2026,15369,PK,"Patterson, Riley",2,-1.9999999999999996,-0.9999999999999998,29,29,29,FALSE,2
2026,8851,PK,"Folk, Nick",2,-2.7,-1.35,30,30,30,FALSE,2
2026,16843,PK,"Mevis, Harrison",2,-4,-2,31,31,31,FALSE,2
2026,15979,PK,"Dicker, Cameron",2,-4.800000000000001,-2.4000000000000004,32,32,32,FALSE,2
2026,14985,PN,"Mann, Braden",2,22,11,1,1,1,FALSE,2
2026,14630,PN,"Cole, A.J.",2,19.4,9.7,2,2,2,FALSE,2
2026,15911,PN,"Araiza, Matt",2,16.6,8.3,3,3,3,FALSE,2
2026,16452,PN,"Whelan, Daniel",2,15.299999999999999,7.6499999999999995,4,4,4,FALSE,2
2026,15032,PN,"Fox, Jack",2,15.1,7.55,5,5,5,FALSE,2
2026,15884,PN,"Stout, Jordan",2,15,7.5,6,6,6,FALSE,2
2026,13848,PN,"Johnston, Cam",2,14.9,7.45,7,7,7,FALSE,2
2026,17339,PN,"McNamara, Austin",2,13.100000000000001,6.550000000000001,8,8,8,FALSE,2
2026,17241,PN,"Crawshaw, Jeremy",2,13,6.5,9,9,9,FALSE,2
2026,14256,PN,"Bailey, Jake",2,12.9,6.45,10,10,10,FALSE,2
2026,13844,PN,"Cooke, Logan",2,11.5,5.75,11,11,11,FALSE,2
2026,17761,PN,"Thorson, Brett",2,11.3,5.65,12,12,12,FALSE,2
2026,16724,PN,"Taylor, Tory",2,10.100000000000001,5.050000000000001,13,13,13,FALSE,2
2026,11383,PN,"Martin, Sam",2,9.9,4.95,14,14,14,FALSE,2
2026,13431,PN,"Sanchez, Rigoberto",2,9.2,4.6,15.5,15.5,15.5,FALSE,2
2026,15051,PN,"Townsend, Tommy",2,9.2,4.6,15.5,15.5,15.5,FALSE,2
2026,13782,PN,"Dickson, Michael",2,8.9,4.45,17,17,17,FALSE,2
2026,16351,PN,"Evans, Ethan",2,8.899999999999999,4.449999999999999,18,18,18,FALSE,2
2026,17352,PN,"Kroeger, Kai",2,8.6,4.3,19,19,19,FALSE,2
2026,14227,PN,"Wishnowsky, Mitch",2,8.399999999999999,4.199999999999999,20,20,20,FALSE,2
2026,13869,PN,"Bojorquez, Corey",2,8,4,21,21,21,FALSE,2
2026,15499,PN,"Gillikin, Blake",2,7.7,3.85,22,22,22,FALSE,2
2026,11985,PN,"Way, Tress",2,7.6000000000000005,3.8000000000000003,23,23,23,FALSE,2
2026,16887,PN,"Rehkow, Ryan",2,6.8,3.4,24,24,24,FALSE,2
2026,17689,PN,"Doman, Tommy",2,5.9,2.95,25,25,25,FALSE,2
2026,10814,PN,"Anger, Bryan",2,5.4,2.7,26.5,26.5,26.5,FALSE,2
2026,16010,PN,"Wright, Ryan",2,5.4,2.7,26.5,26.5,26.5,FALSE,2
2026,17664,PN,"Eckley, Ryan",2,5.199999999999999,2.5999999999999996,28,28,28,FALSE,2
2026,15668,PN,"Waitman, Corliss",2,5.1,2.55,29,29,29,FALSE,2
2026,13791,PN,"Scott, J.K.",2,4.4,2.2,30,30,30,FALSE,2
2026,12842,PN,"Dixon, Riley",2,2.9,1.45,31,31,31,FALSE,2
2026,12323,PN,"Pinion, Bradley",2,2.1,1.05,32,32,32,FALSE,2
2026,13589,QB,"Allen, Josh",2,125.69999999999999,62.849999999999994,1,1,1,FALSE,2
2026,16148,QB,"Young, Bryce",2,107.2,53.6,2,2,2,FALSE,2
2026,15698,QB,"Purdy, Brock",2,101.1,50.55,3,3,3,FALSE,2
2026,13116,QB,"Mahomes, Patrick",2,99.1,49.55,4,4,4,FALSE,2
2026,12620,QB,"Prescott, Dak",2,80.7,40.35,5,5,5,FALSE,2
2026,13593,QB,"Jackson, Lamar",2,79.9,39.95,6,6,6,FALSE,2
2026,14057,QB,"Lock, Drew",2,74.9,37.45,7,7,7,FALSE,2
2026,12611,QB,"Goff, Jared",2,65,32.5,8,8,8,FALSE,2
2026,16579,QB,"Williams, Caleb",2,64.10000000000001,32.050000000000004,9,9,9,FALSE,2
2026,13113,QB,"Watson, Deshaun",2,63.1,31.55,10,10,10,FALSE,2
2026,15237,QB,"Lawrence, Trevor",2,60.699999999999996,30.349999999999998,11.5,11.5,11.5,FALSE,2
2026,9431,QB,"Stafford, Matthew",2,60.699999999999996,30.349999999999998,11.5,11.5,11.5,FALSE,2
2026,14783,QB,"Hurts, Jalen",2,60.2,30.1,13,13,13,FALSE,2
2026,16150,QB,"Stroud, C.J.",2,55.4,27.7,14,14,14,FALSE,2
2026,17039,QB,"Shough, Tyler",2,51.400000000000006,25.700000000000003,15,15,15,FALSE,2
2026,17032,QB,"Dart, Jaxson",2,48.1,24.05,16,16,16,FALSE,2
2026,11150,QB,"Smith, Geno",2,45.9,22.95,17,17,17,FALSE,2
2026,14782,QB,"Love, Jordan",2,44.3,22.15,18,18,18,FALSE,2
2026,10700,QB,"Cousins, Kirk",2,42.599999999999994,21.299999999999997,19,19,19,FALSE,2
2026,14777,QB,"Burrow, Joe",2,42.5,21.25,20,20,20,FALSE,2
2026,16581,QB,"Daniels, Jayden",2,42.1,21.05,21,21,21,FALSE,2
2026,17030,QB,"Ward, Cam",2,40.8,20.4,22,22,22,FALSE,2
2026,12616,QB,"Brissett, Jacoby",2,36.300000000000004,18.150000000000002,23,24,23,FALSE,2
2026,12141,QB,"Mariota, Marcus",1,19.8,19.8,29,23,23,FALSE,2
2026,15694,QB,"Willis, Malik",2,35.900000000000006,17.950000000000003,24,25,24,FALSE,2
2026,14059,QB,"Jones, Daniel",2,30.1,15.05,25,26,25,FALSE,2
2026,12610,QB,"Wentz, Carson",2,29.8,14.9,26,27,26,FALSE,2
2026,13590,QB,"Mayfield, Baker",2,26.6,13.3,27,28,27,FALSE,2
2026,16582,QB,"Nix, Bo",2,22.199999999999996,11.099999999999998,28,29,28,FALSE,2
2026,16580,QB,"Maye, Drake",2,15.100000000000001,7.550000000000001,30,30,30,FALSE,2
2026,14779,QB,"Herbert, Justin",2,10.2,5.1,31,31,31,FALSE,2
2026,16153,QB,"Bennett, Stetson",1,2.9,2.9,32,32,32,FALSE,2
2026,16384,QB,"Bagent, Tyson",1,2.5,2.5,33.5,33,33,FALSE,2
2026,15692,QB,"Pickett, Kenny",2,2.5,1.25,33.5,34,33.5,FALSE,2
2026,7836,QB,"Rodgers, Aaron",2,0.9000000000000021,0.45000000000000107,35,35,35,FALSE,2
2026,15238,QB,"Fields, Justin",1,0,0,36.5,36.5,36.5,FALSE,2
2026,9064,QB,"Flacco, Joe",1,0,0,36.5,36.5,36.5,FALSE,2
2026,13592,QB,"Darnold, Sam",1,-0.4,-0.4,38,38,38,FALSE,2
2026,13595,QB,"Rudolph, Mason",1,-0.9,-0.9,39,39,39,FALSE,2
2026,15241,QB,"Jones, Mac",1,-1.4,-1.4,40,40,40,FALSE,2
2026,13968,QB,"Mullens, Nick",1,-2.1,-2.1,41,41,41,FALSE,2
2026,14056,QB,"Murray, Kyler",1,-7.6,-7.6,42,42,42,FALSE,2
2026,12140,QB,"Winston, Jameis",1,-7.8,-7.8,43,43,43,FALSE,2
2026,13124,QB,"Rush, Cooper",2,-32.5,-16.25,45,44,44,FALSE,2
2026,17743,QB,"Strand, Jack",1,-21,-21,44,45,44,FALSE,2
2026,15711,RB,"Walker III, Kenneth",2,56.300000000000004,28.150000000000002,1,1,1,FALSE,2
2026,12626,RB,"Henry, Derrick",2,51,25.5,2,2,2,FALSE,2
2026,16162,RB,"Gibbs, Jahmyr",2,46.8,23.4,3,3,3,FALSE,2
2026,14802,RB,"Taylor, Jonathan",2,41.099999999999994,20.549999999999997,4,4,4,FALSE,2
2026,14797,RB,"Swift, D'Andre",2,37.099999999999994,18.549999999999997,5,5,5,FALSE,2
2026,15261,RB,"Hubbard, Chuba",2,33.2,16.6,6,6,6,FALSE,2
2026,17066,RB,"Monangai, Kyle",2,31.4,15.7,7,7,7,FALSE,2
2026,15708,RB,"Hall, Breece",2,29,14.5,8.5,8.5,8.5,FALSE,2
2026,17052,RB,"Tuten, Bhayshul",2,29,14.5,8.5,8.5,8.5,FALSE,2
2026,16161,RB,"Robinson, Bijan",2,27.3,13.65,10,10,10,FALSE,2
2026,17042,RB,"Jeanty, Ashton",2,26,13,11,11,11,FALSE,2
2026,17043,RB,"Henderson, TreVeyon",1,12.7,12.7,25,12,12,FALSE,2
2026,13130,RB,"McCaffrey, Christian",2,25.299999999999997,12.649999999999999,12,13,12,FALSE,2
2026,15253,RB,"Etienne, Travis",2,24.5,12.25,13,14,13,FALSE,2
2026,15710,RB,"Williams, Kyren",2,24.4,12.2,14,15,14,FALSE,2
2026,15715,RB,"Cook, James",2,23.6,11.8,15,16,15,FALSE,2
2026,16593,RB,"Corum, Blake",2,21.7,10.85,16,17,16,FALSE,2
2026,16598,RB,"Irving, Bucky",2,20.6,10.3,17,18,17,FALSE,2
2026,13319,RB,"Jones, Aaron",2,17.5,8.75,18,20,18,FALSE,2
2026,17474,RB,"Johnson, Emmett",2,17.1,8.55,19,21,19,FALSE,2
2026,15972,RB,"Mason, Jordan",1,9.3,9.3,38.5,19,19,FALSE,2
2026,14071,RB,"Montgomery, David",2,16.1,8.05,20,22,20,FALSE,2
2026,17044,RB,"Hampton, Omarion",2,15.1,7.55,21,23,21,FALSE,2
2026,16181,RB,"Brown, Chase",2,14.5,7.25,22,24,22,FALSE,2
2026,15721,RB,"White, Rachaad",2,14,7,23,25,23,FALSE,2
2026,15256,RB,"Williams, Javonte",2,13.9,6.95,24,26,24,FALSE,2
2026,13133,RB,"Perine, Samaje",2,12.4,6.2,26,28,26,FALSE,2
2026,16171,RB,"Miller, Kendre",1,6.5,6.5,47,27,27,FALSE,2
2026,17045,RB,"Skattebo, Cam",2,12.2,6.1,27,29,27,FALSE,2
2026,16167,RB,"Achane, De'Von",2,11.8,5.9,28,30,28,FALSE,2
2026,16178,RB,"Mitchell, Keaton",2,11.100000000000001,5.550000000000001,29.5,31.5,29.5,FALSE,2
2026,15716,RB,"Robinson, Brian",2,11.100000000000001,5.550000000000001,29.5,31.5,29.5,FALSE,2
2026,17477,RB,"Coleman, Jonah",2,10.6,5.3,31,33,31,FALSE,2
2026,17256,RB,"Croskey-Merritt, Jacory",2,10.399999999999999,5.199999999999999,32,35,32,FALSE,2
2026,17472,RB,"Love, Jeremiyah",2,10,5,33.5,36.5,33.5,FALSE,2
2026,15742,RB,"Warren, Jaylen",2,10,5,33.5,36.5,33.5,FALSE,2
2026,17068,RB,"Harvey, RJ",1,5.2,5.2,55,34,34,FALSE,2
2026,17485,RB,"Black, Kaelon",2,9.5,4.75,35.5,39.5,35.5,FALSE,2
2026,16432,RB,"Wilson, Emanuel",2,9.5,4.75,35.5,39.5,35.5,FALSE,2
2026,11367,RB,"Juszczyk, Kyle",2,9.4,4.7,37,41,37,FALSE,2
2026,15718,RB,"Badie, Tyler",1,4.8,4.8,57,38,38,FALSE,2
2026,14085,RB,"Pollard, Tony",2,9.3,4.65,38.5,42,38.5,FALSE,2
2026,13604,RB,"Barkley, Saquon",2,9,4.5,40,43,40,FALSE,2
2026,16597,RB,"Brooks, Jonathon",2,8.6,4.3,41,44,41,FALSE,2
2026,16596,RB,"Allen, Braelon",2,8.5,4.25,42,45,42,FALSE,2
2026,15259,RB,"Stevenson, Rhamondre",2,8.2,4.1,43,46,43,FALSE,2
2026,17473,RB,"Price, Jadarian",2,7.1,3.55,44,47,44,FALSE,2
2026,14080,RB,"Singletary, Devin",2,6.8999999999999995,3.4499999999999997,45,48,45,FALSE,2
2026,15712,RB,"Allgeier, Tyler",2,6.8,3.4,46,49,46,FALSE,2
2026,14800,RB,"Dobbins, J.K.",2,6.4,3.2,48,50,48,FALSE,2
2026,16164,RB,"Bigsby, Tank",2,6.199999999999999,3.0999999999999996,49,51,49,FALSE,2
2026,17051,RB,"Judkins, Quinshon",2,6.1,3.05,50,52,50,FALSE,2
2026,12155,RB,"Abdullah, Ameer",2,6,3,51,53,51,FALSE,2
2026,16678,RB,"Vaki, Sione",2,5.6,2.8,52,54,52,FALSE,2
2026,17053,RB,"Marks, Woody",2,5.5,2.75,53,55,53,FALSE,2
2026,16165,RB,"Spears, Tyjae",2,5.3,2.65,54,57,54,FALSE,2
2026,14083,RB,"Homer, Travis",1,2.7,2.7,68.5,56,56,FALSE,2
2026,13455,RB,"Ricard, Patrick",2,5,2.5,56,58,56,FALSE,2
2026,17062,RB,"Sanders, Raheim",2,4.4,2.2,58,59,58,FALSE,2
2026,15727,RB,"Knight, Bam",2,4.3,2.15,59,60,59,FALSE,2
2026,17482,RB,"Washington Jr., Mike",2,4.1,2.05,60,61,60,FALSE,2
2026,17478,RB,"Allen, Kaytron",2,4,2,62,63,62,FALSE,2
2026,16387,RB,"Brooks, Chris",2,4,2,62,63,62,FALSE,2
2026,16496,RB,"Russell, Brady",2,4,2,62,63,62,FALSE,2
2026,14086,RB,"Hill, Justice",2,3.7,1.85,64,65,64,FALSE,2
2026,14815,RB,"Dallas, DeeJay",2,3.2,1.6,65.5,66.5,65.5,FALSE,2
2026,16601,RB,"Shipley, Will",2,3.2,1.6,65.5,66.5,65.5,FALSE,2
2026,15726,RB,"Rivers, Ronnie",2,2.8,1.4,67,69,67,FALSE,2
2026,17055,RB,"James, Jordan",1,1.5,1.5,77.5,68,68,FALSE,2
2026,16174,RB,"Rodriguez, Chris",2,2.7,1.35,68.5,70,68.5,FALSE,2
2026,16391,RB,"Luepke, Hunter",2,2.5999999999999996,1.2999999999999998,70,72,70,FALSE,2
2026,14805,RB,"Dillon, AJ",2,2.5,1.25,71,73,71,FALSE,2
2026,17267,RB,"Larison, Lan",1,1.3,1.3,80,71,71,FALSE,2
2026,16608,RB,"Holani, George",2,2.3,1.15,72,74,72,FALSE,2
2026,14823,RB,"Dowdle, Rico",2,2,1,73.5,75.5,73.5,FALSE,2
2026,16175,RB,"Johnson, Roschon",2,2,1,73.5,75.5,73.5,FALSE,2
2026,15255,RB,"Gainwell, Kenneth",2,1.6,0.8,75,77,75,FALSE,2
2026,17648,RB,"Nowakowski, Riley",2,1.5,0.75,77.5,79,77.5,FALSE,2
2026,16850,RB,"Saylors, Jacob",2,1.5,0.75,77.5,79,77.5,FALSE,2
2026,16527,RB,"VanSumeren, Ben",2,1.5,0.75,77.5,79,77.5,FALSE,2
2026,16604,RB,"Lloyd, MarShawn",2,1.1,0.55,81,81,81,FALSE,2
2026,16746,RB,"Ali, Rasheen",2,1,0.5,85,85,85,FALSE,2
2026,14319,RB,"Beck, Andrew",2,1,0.5,85,85,85,FALSE,2
2026,15965,RB,"Chestnut, Julius",2,1,0.5,85,85,85,FALSE,2
2026,14420,RB,"Ingold, Alec",2,1,0.5,85,85,85,FALSE,2
2026,16613,RB,"Laube, Dylan",2,1,0.5,85,85,85,FALSE,2
2026,16757,RB,"Vidal, Kimani",2,1,0.5,85,85,85,FALSE,2
2026,16610,RB,"Wright, Jaylen",2,1,0.5,85,85,85,FALSE,2
2026,15650,RB,"Prentice, Adam",2,0.9,0.45,89,89,89,FALSE,2
2026,16816,RB,"Brooks, British",2,0.5,0.25,90.5,90.5,90.5,FALSE,2
2026,16385,RB,"Demercado, Emari",2,0.5,0.25,90.5,90.5,90.5,FALSE,2
2026,15800,RB,"Heyward, Connor",2,0.4,0.2,92,92,92,FALSE,2
2026,15103,RB,"Gilliam, Reggie",2,0.3,0.15,93,93,93,FALSE,2
2026,16603,RB,"Davis, Ray",2,0.1,0.05,94.5,94.5,94.5,FALSE,2
2026,16599,RB,"Gore Jr., Frank",2,0.1,0.05,94.5,94.5,94.5,FALSE,2
2026,17641,RB,"Bredeson, Max",2,0,0,100.5,100.5,100.5,FALSE,2
2026,17058,RB,"Brooks, Tahj",2,0,0,100.5,100.5,100.5,FALSE,2
2026,12325,RB,"Burton, Michael",2,0,0,100.5,100.5,100.5,FALSE,2
2026,17685,RB,"Heidenreich, Eli",2,0,0,100.5,100.5,100.5,FALSE,2
2026,15767,RB,"Jones, Velus",1,0,0,100.5,100.5,100.5,FALSE,2
2026,17047,RB,"Sampson, Dylan",1,0,0,100.5,100.5,100.5,FALSE,2
2026,17476,RB,"Singleton, Nicholas",1,0,0,100.5,100.5,100.5,FALSE,2
2026,17049,RB,"Smith, Brashard",2,0,0,100.5,100.5,100.5,FALSE,2
2026,16166,RB,"Tucker, Sean",1,0,0,100.5,100.5,100.5,FALSE,2
2026,17359,RB,"Williams, Josh",1,0,0,100.5,100.5,100.5,FALSE,2
2026,17059,RB,"Gordon II, Ollie",2,-0.1,-0.05,106.5,106,106,FALSE,2
2026,17481,RB,"Claiborne, Demond",1,-0.1,-0.1,106.5,107,106.5,FALSE,2
2026,17492,RB,"Donaldson, CJ",2,-0.20000000000000007,-0.10000000000000003,108,108,108,FALSE,2
2026,17061,RB,"Allen, LeQuint",2,-1,-0.5,111,109,109,FALSE,2
2026,15254,RB,"Harris, Najee",1,-0.8,-0.8,109,112,109,FALSE,2
2026,16390,RB,"McLaughlin, Jaleel",1,-0.9,-0.9,110,113.5,110,FALSE,2
2026,16752,RB,"Davis, Isaiah",2,-1.5,-0.75,112.5,110.5,110.5,FALSE,2
2026,17475,RB,"McGowan, Seth",2,-1.5,-0.75,112.5,110.5,110.5,FALSE,2
2026,17274,RB,"Kiner, Corey",2,-1.8,-0.9,114,113.5,113.5,FALSE,2
2026,17048,RB,"Johnson, Kaleb",2,-2.1,-1.05,115,115,115,FALSE,2
2026,13132,RB,"Kamara, Alvin",1,-3.1,-3.1,116,117,116,FALSE,2
2026,16747,RB,"Tracy, Tyrone",2,-3.2,-1.6,117,116,116,FALSE,2
2026,17784,RB,"Herman, DJ",1,-4.4,-4.4,118,118,118,FALSE,2
2026,15923,S,"Lake, Quentin",2,53,26.5,1,1,1,FALSE,2
2026,15366,S,"Holland, Jevon",2,46.3,23.15,2,2,2,FALSE,2
2026,14182,S,"Hooker, Amani",2,40.3,20.15,3,3,3,FALSE,2
2026,14179,S,"Love, Julian",2,40,20,4,4,4,FALSE,2
2026,14328,S,"Wingard, Andrew",2,34,17,5,5,5,FALSE,2
2026,17563,S,"Downs, Caleb",2,30.7,15.35,6,6,6,FALSE,2
2026,13251,S,"Baker, Budda",2,25.799999999999997,12.899999999999999,7,7,7,FALSE,2
2026,14927,S,"Chinn, Jeremy",2,25,12.5,8,8,8,FALSE,2
2026,13322,S,"Clark, Chuck",2,23.7,11.85,9,9,9,FALSE,2
2026,17576,S,"Thieneman, Dillon",2,23.5,11.75,10,10,10,FALSE,2
2026,16719,S,"Williams, Evan",2,23.3,11.65,11,11,11,FALSE,2
2026,14910,S,"Jones, Brandon",2,23.1,11.55,12,12,12,FALSE,2
2026,15364,S,"Cisco, Andre",2,23,11.5,13,13,13,FALSE,2
2026,15835,S,"Brisker, Jaquan",2,22,11,14,14,14,FALSE,2
2026,17640,S,"Taaffe, Michael",2,21.8,10.9,15,15,15,FALSE,2
2026,17582,S,"Stukes, Treydan",2,20,10,16,17,16,FALSE,2
2026,17577,S,"Wheatley, Zakee",1,10.5,10.5,45.5,16,16,FALSE,2
2026,15860,S,"Cook, Bryan",2,19.5,9.75,17,18,17,FALSE,2
2026,14933,S,"Blackmon, Julian",2,18.3,9.15,18,19,18,FALSE,2
2026,17202,S,"Trader, Dante",2,17.6,8.8,19,20,19,FALSE,2
2026,16245,S,"Battle, Jordan",2,17.5,8.75,20.5,21.5,20.5,FALSE,2
2026,15834,S,"Hamilton, Kyle",2,17.5,8.75,20.5,21.5,20.5,FALSE,2
2026,13714,S,"James, Derwin",2,17,8.5,22,23,22,FALSE,2
2026,16708,S,"Smith, Tykee",2,16.4,8.2,23,24,23,FALSE,2
2026,15839,S,"Cross, Nick",2,15.5,7.75,25,26,25,FALSE,2
2026,13767,S,"Maddox, Avonte",2,15.5,7.75,25,26,25,FALSE,2
2026,17207,S,"Sigle, Marques",2,15.5,7.75,25,26,25,FALSE,2
2026,17131,S,"Watts, Xavier",2,15,7.5,27,28,27,FALSE,2
2026,17172,S,"Woodson, Craig",2,14.5,7.25,28,29,28,FALSE,2
2026,15418,S,"Bynum, Camryn",2,14,7,29,30,29,FALSE,2
2026,16281,S,"Brown, Ji'Ayir",2,13.5,6.75,31.5,32.5,31.5,FALSE,2
2026,16679,S,"Nubin, Tyler",2,13.5,6.75,31.5,32.5,31.5,FALSE,2
2026,17167,S,"Sanker, Jonas",2,13.5,6.75,31.5,32.5,31.5,FALSE,2
2026,17145,S,"Winston, Kevin",2,13.5,6.75,31.5,32.5,31.5,FALSE,2
2026,16928,S,"Harper, Thomas",2,13,6.5,34.5,35.5,34.5,FALSE,2
2026,14995,S,"Metellus, Josh",2,13,6.5,34.5,35.5,34.5,FALSE,2
2026,15850,S,"Pitre, Jalen",2,12.5,6.25,36.5,37.5,36.5,FALSE,2
2026,14909,S,"Winfield, Antoine",2,12.5,6.25,36.5,37.5,36.5,FALSE,2
2026,15676,S,"Anderson, Zayne",2,12,6,39,40.5,39,FALSE,2
2026,14907,S,"Delpit, Grant",2,12,6,39,40.5,39,FALSE,2
2026,14302,S,"Scott, Nick",2,12,6,39,40.5,39,FALSE,2
2026,16676,S,"Kinchens, Kamren",1,6,6,70.5,40.5,40.5,FALSE,2
2026,17132,S,"Starks, Malaki",2,11.7,5.85,41,43,41,FALSE,2
2026,13717,S,"Reid, Justin",2,11.5,5.75,42,44,42,FALSE,2
2026,16727,S,"Hicks, Jaden",2,11.2,5.6,43,45,43,FALSE,2
2026,16677,S,"Bullard, Javon",2,10.8,5.4,44,46,44,FALSE,2
2026,11327,S,"Jefferson, Tony",2,10.5,5.25,45.5,47,45.5,FALSE,2
2026,13737,S,"Bates, Jessie",2,10,5,48,49,48,FALSE,2
2026,16700,S,"Bishop, Cole",2,10,5,48,49,48,FALSE,2
2026,15001,S,"Curl, Kamren",2,10,5,48,49,48,FALSE,2
2026,16018,S,"Blankenship, Reed",2,9.5,4.75,52.5,53.5,52.5,FALSE,2
2026,16705,S,"Bullock, Calen",2,9.5,4.75,52.5,53.5,52.5,FALSE,2
2026,14982,S,"Gilman, Alohi",2,9.5,4.75,52.5,53.5,52.5,FALSE,2
2026,15140,S,"Lewis, Cam",2,9.5,4.75,52.5,53.5,52.5,FALSE,2
2026,10783,S,"Smith, Harrison",2,9.5,4.75,52.5,53.5,52.5,FALSE,2
2026,14518,S,"Thompson, Jalen",2,9.5,4.75,52.5,53.5,52.5,FALSE,2
2026,15452,S,"Hufanga, Talanoa",2,9.3,4.65,56.5,57.5,56.5,FALSE,2
2026,15946,S,"Thomas II, Rodney",2,9.3,4.65,56.5,57.5,56.5,FALSE,2
2026,17626,S,"Smith, Genesis",2,9,4.5,58,59,58,FALSE,2
2026,16460,S,"Hickman, Ronnie",2,8.5,4.25,60,61,60,FALSE,2
2026,15921,S,"Jackson, Theo",2,8.5,4.25,60,61,60,FALSE,2
2026,16246,S,"Johnson, Antonio",2,8.5,4.25,60,61,60,FALSE,2
2026,14224,S,"Gardner-Johnson, Chauncey",2,8,4,62,63.5,62,FALSE,2
2026,15875,S,"Belton, Dane",2,7.5,3.75,63.5,65.5,63.5,FALSE,2
2026,14270,S,"Epps, Marcus",2,7.5,3.75,63.5,65.5,63.5,FALSE,2
2026,15402,S,"Molden, Elijah",1,4,4,83.5,63.5,63.5,FALSE,2
2026,14434,S,"Reaves, Jeremy",2,7.2,3.6,65,67,65,FALSE,2
2026,17601,S,"Haulcy, A.J.",2,7,3.5,66,68,66,FALSE,2
2026,15985,S,"Bell, Markquese",2,6.5,3.25,68,70,68,FALSE,2
2026,16263,S,"Martin, Quan",2,6.5,3.25,68,70,68,FALSE,2
2026,16912,S,"McCollough, Jaylen",2,6.5,3.25,68,70,68,FALSE,2
2026,13288,S,"Jenkins, Rayshawn",2,6,3,70.5,72,70.5,FALSE,2
2026,16271,S,"Brown, Sydney",2,5.7,2.85,72,73,72,FALSE,2
2026,14954,S,"Hawkins, Jaylinn",2,5.5,2.75,75.5,76.5,75.5,FALSE,2
2026,15365,S,"Moehrig, Trevon",2,5.5,2.75,75.5,76.5,75.5,FALSE,2
2026,17166,S,"Ransaw, Caleb",2,5.5,2.75,75.5,76.5,75.5,FALSE,2
2026,17181,S,"Ransom, Lathan",2,5.5,2.75,75.5,76.5,75.5,FALSE,2
2026,17680,S,"Spears-Jennings, Robert",2,5.5,2.75,75.5,76.5,75.5,FALSE,2
2026,17250,S,"Wohler, Hunter",2,5.5,2.75,75.5,76.5,75.5,FALSE,2
2026,17153,S,"Mukuba, Andrew",2,5,2.5,79,81.5,79,FALSE,2
2026,12752,S,"Byard, Kevin",2,4.8,2.4,80,84,80,FALSE,2
2026,14908,S,"McKinney, Xavier",2,4.6,2.3,81,85,81,FALSE,2
2026,17246,S,"Crawford, Kitan",1,2.5,2.5,90,81.5,81.5,FALSE,2
2026,16457,S,"Izien, Christian",1,2.5,2.5,90,81.5,81.5,FALSE,2
2026,17239,S,"Mickens, R.J.",1,2.5,2.5,90,81.5,81.5,FALSE,2
2026,17753,S,"Thomas, Jacob",2,4.5,2.25,82,86,82,FALSE,2
2026,17211,S,"Hancock, Jordan",2,4,2,83.5,87,83.5,FALSE,2
2026,12772,S,"Murray, Eric",2,3.5,1.75,85,88,85,FALSE,2
2026,16725,S,"Mustapha, Malik",2,3,1.5,86.5,89.5,86.5,FALSE,2
2026,16102,S,"Pola-Mao, Isaiah",2,3,1.5,86.5,89.5,86.5,FALSE,2
2026,15094,S,"Locke, P.J.",2,2.5,1.25,90,91.5,90,FALSE,2
2026,17575,S,"McNeil-Warren, Emmanuel",2,2.5,1.25,90,91.5,90,FALSE,2
2026,14911,S,"Davis, Ashtyn",2,2,1,95,97,95,FALSE,2
2026,17365,S,"McMillon, Donovan",2,2,1,95,97,95,FALSE,2
2026,14414,S,"Owens, Jonathan",2,2,1,95,97,95,FALSE,2
2026,16880,S,"Owens, Tyler",2,2,1,95,97,95,FALSE,2
2026,16900,S,"Pettus, Dell",2,2,1,95,97,95,FALSE,2
2026,17144,S,"Emmanwori, Nick",1,1,1,111.5,97,97,FALSE,2
2026,16515,S,"Finley, AJ",1,1,1,111.5,97,97,FALSE,2
2026,13228,S,"Hooker, Malik",1,1,1,111.5,97,97,FALSE,2
2026,13325,S,"Woods, Xavier",1,1,1,111.5,97,97,FALSE,2
2026,16014,S,"Adams, Tony",2,1.5,0.75,102,106,102,FALSE,2
2026,17319,S,"Clark, Alijah",2,1.5,0.75,102,106,102,FALSE,2
2026,15956,S,"Hicks, Elijah",2,1.5,0.75,102,106,102,FALSE,2
2026,16311,S,"Howden, Jordan",2,1.5,0.75,102,106,102,FALSE,2
2026,17229,S,"Lane, Rayuan",2,1.5,0.75,102,106,102,FALSE,2
2026,17186,S,"Moore, Malachi",2,1.5,0.75,102,106,102,FALSE,2
2026,17755,S,"Nwankpa, Xavier",2,1.5,0.75,102,106,102,FALSE,2
2026,17223,S,"Reed, Jaylen",2,1.5,0.75,102,106,102,FALSE,2
2026,15510,S,"Washington, Ar'Darius",2,1.5,0.75,102,106,102,FALSE,2
2026,14942,S,"Burgess, Terrell",2,1,0.5,111.5,113.5,111.5,FALSE,2
2026,16352,S,"Hellams, DeMarcco",2,1,0.5,111.5,113.5,111.5,FALSE,2
2026,17398,S,"Jackson, Keondre",2,1,0.5,111.5,113.5,111.5,FALSE,2
2026,17343,S,"Jules, PJ",2,1,0.5,111.5,113.5,111.5,FALSE,2
2026,15527,S,"Key, Devon",2,1,0.5,111.5,113.5,111.5,FALSE,2
2026,12776,S,"Killebrew, Miles",2,1,0.5,111.5,113.5,111.5,FALSE,2
2026,15469,S,"Hamlin, Damar",2,0.8,0.4,117,117,117,FALSE,2
2026,16340,S,"Hallett, Erick",2,0.5,0.25,119,119,119,FALSE,2
2026,16304,S,"Ward, Jay",2,0.5,0.25,119,119,119,FALSE,2
2026,16989,S,"Wood, Julius",2,0.5,0.25,119,119,119,FALSE,2
2026,15874,S,"Butler, Percy",2,0,0,124.5,124.5,124.5,FALSE,2
2026,13713,S,"Fitzpatrick, Minkah",1,0,0,124.5,124.5,124.5,FALSE,2
2026,16571,S,"McCollum, Tristin",1,0,0,124.5,124.5,124.5,FALSE,2
2026,15363,S,"Melifonwu, Ifeatu",2,0,0,124.5,124.5,124.5,FALSE,2
2026,16750,S,"Oladapo, Kitan",2,0,0,124.5,124.5,124.5,FALSE,2
2026,17564,S,"Ramsey, Kamari",2,0,0,124.5,124.5,124.5,FALSE,2
2026,16717,S,"Taylor-Demerson, Dadrion",1,0,0,124.5,124.5,124.5,FALSE,2
2026,16375,S,"Williamson, Kendall",2,0,0,124.5,124.5,124.5,FALSE,2
2026,16247,S,"Skinner, JL",2,-0.19999999999999996,-0.09999999999999998,129,129,129,FALSE,2
2026,15595,S,"Campbell, Elijah",2,-0.5,-0.25,130,130,130,FALSE,2
2026,14921,S,"Dugger, Kyle",2,-1,-0.5,131,131,131,FALSE,2
2026,15903,S,"Anderson, Tycen",2,-1.5,-0.75,132,132,132,FALSE,2
2026,13939,S,"Odum, George",2,-2,-1,133,133,133,FALSE,2
2026,17423,S,"Ingle, Tanner",2,-3.2,-1.6,134,134,134,FALSE,2
2026,15148,S,"Franklin, Sam",2,-4.6,-2.3,135,135,135,FALSE,2
2026,16213,TE,"Kincaid, Dalton",2,45.5,22.75,1,1,1,FALSE,2
2026,11244,TE,"Kelce, Travis",2,32.9,16.45,2,2,2,FALSE,2
2026,15794,TE,"McBride, Trey",2,25.2,12.6,3,3,3,FALSE,2
2026,13772,TE,"Schultz, Dalton",2,24.5,12.25,4,4,4,FALSE,2
2026,14861,TE,"Johnson, Juwan",2,23,11.5,5,5,5,FALSE,2
2026,13674,TE,"Goedert, Dallas",2,20.2,10.1,6,6,6,FALSE,2
2026,12263,TE,"Waller, Darren",2,17.9,8.95,7,7,7,FALSE,2
2026,13672,TE,"Gesicki, Mike",2,17.6,8.8,8,8,8,FALSE,2
2026,16214,TE,"LaPorta, Sam",2,17.5,8.75,9,9,9,FALSE,2
2026,13299,TE,"Kittle, George",2,17.4,8.7,10,10,10,FALSE,2
2026,15798,TE,"Likely, Isaiah",2,17.200000000000003,8.600000000000001,11,11,11,FALSE,2
2026,15331,TE,"Freiermuth, Pat",2,16.5,8.25,12,12,12,FALSE,2
2026,15799,TE,"Ferguson, Jake",2,16.3,8.15,13,13,13,FALSE,2
2026,13189,TE,"Engram, Evan",2,14.5,7.25,14.5,14.5,14.5,FALSE,2
2026,14138,TE,"Hockenson, T.J.",2,14.5,7.25,14.5,14.5,14.5,FALSE,2
2026,13671,TE,"Andrews, Mark",2,13.1,6.55,16,16,16,FALSE,2
2026,17099,TE,"Gadsden, Oronde",2,13,6.5,17,17,17,FALSE,2
2026,16474,TE,"Adkins, Nate",2,12.1,6.05,18,18,18,FALSE,2
2026,17103,TE,"Fannin, Harold",2,11.5,5.75,19,19,19,FALSE,2
2026,17607,TE,"Raridon, Eli",2,10.4,5.2,20,20,20,FALSE,2
2026,12676,TE,"Henry, Hunter",2,10.2,5.1,21,21,21,FALSE,2
2026,13192,TE,"Njoku, David",2,9.9,4.95,22,22,22,FALSE,2
2026,14867,TE,"Kmet, Cole",2,9,4.5,23.5,23.5,23.5,FALSE,2
2026,13193,TE,"Smith, Jonnu",2,9,4.5,23.5,23.5,23.5,FALSE,2
2026,17102,TE,"Warren, Tyler",2,8.9,4.45,25,25,25,FALSE,2
2026,17107,TE,"Ferguson, Terrance",2,8.8,4.4,26,26,26,FALSE,2
2026,16222,TE,"Kraft, Tucker",2,8.5,4.25,27.5,27.5,27.5,FALSE,2
2026,16269,TE,"Strange, Brenton",2,8.5,4.25,27.5,27.5,27.5,FALSE,2
2026,16333,TE,"Higgins, Elijah",2,7,3.5,29,29,29,FALSE,2
2026,15626,TE,"Wright, Brock",2,6.5,3.25,30,30,30,FALSE,2
2026,14239,TE,"Moreau, Foster",2,6.3,3.15,31.5,31.5,31.5,FALSE,2
2026,15802,TE,"Otton, Cade",2,6.3,3.15,31.5,31.5,31.5,FALSE,2
2026,17543,TE,"Sadiq, Kenyon",2,6.199999999999999,3.0999999999999996,33,33,33,FALSE,2
2026,16723,TE,"Barner, AJ",2,5.8999999999999995,2.9499999999999997,34,34,34,FALSE,2
2026,16940,TE,"Whiteheart, Blake",2,5.2,2.6,35,35,35,FALSE,2
2026,14209,TE,"Oliver, Josh",2,5.199999999999999,2.5999999999999996,36,36,36,FALSE,2
2026,14137,TE,"Fant, Noah",2,5.1,2.55,37,37,37,FALSE,2
2026,15797,TE,"Dulcich, Greg",2,5,2.5,38.5,38.5,38.5,FALSE,2
2026,16212,TE,"Mayer, Michael",2,5,2.5,38.5,38.5,38.5,FALSE,2
2026,16647,TE,"Spann-Ford, Brevyn",2,4.8,2.4,40,40,40,FALSE,2
2026,17105,TE,"Helm, Gunnar",2,4.7,2.35,41,41,41,FALSE,2
2026,16219,TE,"Allen, Davis",2,4,2,42,42,42,FALSE,2
2026,16898,TE,"Yankoff, Colson",2,3.8,1.9,43,43,43,FALSE,2
2026,17108,TE,"Arroyo, Elijah",2,3.4,1.7,44.5,45,44.5,FALSE,2
2026,14143,TE,"Knox, Dawson",2,3.4,1.7,44.5,45,44.5,FALSE,2
2026,15889,TE,"Okonkwo, Chigoziem",1,1.7,1.7,56,45,45,FALSE,2
2026,17593,TE,"Klein, Marlin",2,3.2,1.6,46,47,46,FALSE,2
2026,16216,TE,"Washington, Darnell",2,3,1.5,47,48.5,47,FALSE,2
2026,14146,TE,"Sample, Drew",2,2.8,1.4,48,50,48,FALSE,2
2026,16367,TE,"Willis, Brayden",1,1.5,1.5,57.5,48.5,48.5,FALSE,2
2026,17627,TE,"Hibner, Matthew",2,2.6,1.3,49,51,49,FALSE,2
2026,17268,TE,"Briningstool, Jake",2,2.3,1.15,50,52,50,FALSE,2
2026,13678,TE,"Thomas, Ian",2,2.2,1.1,51,53.5,51,FALSE,2
2026,12677,TE,"Hooper, Austin",2,2,1,52.5,55.5,52.5,FALSE,2
2026,17419,TE,"Latu, Keleki",2,2,1,52.5,55.5,52.5,FALSE,2
2026,17567,TE,"Delp, Oscar",1,1.1,1.1,59,53.5,53.5,FALSE,2
2026,15335,TE,"Farrell, Luke",2,1.7999999999999998,0.8999999999999999,54,57,54,FALSE,2
2026,15795,TE,"Kolar, Charlie",2,1.7000000000000002,0.8500000000000001,55,58,55,FALSE,2
2026,15244,TE,"Franks, Feleipe",2,1.5,0.75,57.5,59,57.5,FALSE,2
2026,17660,TE,"Sharp, Bauer",2,1,0.5,60.5,60.5,60.5,FALSE,2
2026,17774,TE,"Welch, Treyton",2,1,0.5,60.5,60.5,60.5,FALSE,2
2026,16644,TE,"Sinnott, Ben",2,0.7,0.35,62,62,62,FALSE,2
2026,15344,TE,"Bates, John",2,0.6,0.3,63,63.5,63,FALSE,2
2026,14370,TE,"Hudson, Tanner",1,0.3,0.3,68.5,63.5,63.5,FALSE,2
2026,16217,TE,"Latu, Cameron",2,0.5,0.25,65,66,65,FALSE,2
2026,15937,TE,"Muse, Nick",2,0.5,0.25,65,66,65,FALSE,2
2026,17696,TE,"Ryan, Carsen",2,0.5,0.25,65,66,65,FALSE,2
2026,15341,TE,"Morris, Quintin",2,0.4,0.2,67,68,67,FALSE,2
2026,15796,TE,"Ruckert, Jeremy",2,0.3,0.15,68.5,69,68.5,FALSE,2
2026,16642,TE,"Stover, Cade",2,0.1,0.05,70,70,70,FALSE,2
2026,13246,TE,"Alie-Cox, Mo",2,0,0,82,82,82,FALSE,2
2026,17231,TE,"Bartholomew, Gavin",2,0,0,82,82,82,FALSE,2
2026,13675,TE,"Conklin, Tyler",2,0,0,82,82,82,FALSE,2
2026,17651,TE,"Cuevas, Josh",2,0,0,82,82,82,FALSE,2
2026,16218,TE,"Durham, Payne",2,0,0,82,82,82,FALSE,2
2026,17545,TE,"Endries, Jack",1,0,0,82,82,82,FALSE,2
2026,15419,TE,"Granson, Kylen",1,0,0,82,82,82,FALSE,2
2026,17213,TE,"Hawes, Jackson",2,0,0,82,82,82,FALSE,2
2026,16919,TE,"Jenkins, E.J.",2,0,0,82,82,82,FALSE,2
2026,17414,TE,"Kallerup, Nick",1,0,0,82,82,82,FALSE,2
2026,15929,TE,"Kieft, Ko",2,0,0,82,82,82,FALSE,2
2026,17547,TE,"Klare, Max",1,0,0,82,82,82,FALSE,2
2026,12955,TE,"Manhertz, Chris",2,0,0,82,82,82,FALSE,2
2026,16831,TE,"Martin-Robinson, David",2,0,0,82,82,82,FALSE,2
2026,15620,TE,"Myarick, Chris",2,0,0,82,82,82,FALSE,2
2026,15916,TE,"Ogletree, Drew",2,0,0,82,82,82,FALSE,2
2026,16036,TE,"Tonges, Jake",1,0,0,82,82,82,FALSE,2
2026,13427,TE,"Tonyan, Robert",2,0,0,82,82,82,FALSE,2
2026,17655,TE,"Traore, Seydou",2,0,0,82,82,82,FALSE,2
2026,14870,TE,"Trautman, Adam",2,0,0,82,82,82,FALSE,2
2026,16312,TE,"Whyle, Josh",2,0,0,82,82,82,FALSE,2
2026,12608,TE,"Winchester, James",2,0,0,82,82,82,FALSE,2
2026,15840,TE,"Woods, Jelani",2,0,0,82,82,82,FALSE,2
2026,15873,TE,"Bellinger, Daniel",2,-0.09999999999999998,-0.04999999999999999,94,94,94,FALSE,2
2026,17605,TE,"Kacmarek, Will",2,-0.19999999999999996,-0.09999999999999998,95,95,95,FALSE,2
2026,14871,TE,"Parkinson, Colby",2,-0.3,-0.15,96,96,96,FALSE,2
2026,15337,TE,"Gray, Noah",2,-0.5,-0.25,97.5,97.5,97.5,FALSE,2
2026,14984,TE,"Woerner, Charlie",2,-0.5,-0.25,97.5,97.5,97.5,FALSE,2
2026,16221,TE,"Schoonmaker, Luke",2,-0.6,-0.3,99,99,99,FALSE,2
2026,13676,TE,"Smythe, Durham",2,-0.7,-0.35,100,100,100,FALSE,2
2026,15334,TE,"Long, Hunter",2,-0.8,-0.4,101,101,101,FALSE,2
2026,16645,TE,"All, Erick",2,-1,-0.5,102.5,102.5,102.5,FALSE,2
2026,15329,TE,"Pitts, Kyle",2,-1,-0.5,102.5,102.5,102.5,FALSE,2
2026,17109,TE,"Evans, Mitchell",2,-1.1,-0.55,104,104,104,FALSE,2
2026,17591,TE,"Boerkircher, Nate",2,-1.2,-0.6,105,105,105,FALSE,2
2026,17549,TE,"Roush, Sam",2,-2.2,-1.1,106,106,106,FALSE,2
2026,13940,TE,"Mundt, Johnny",2,-2.9,-1.45,107,107,107,FALSE,2
2026,15332,TE,"Tremble, Tommy",2,-3,-1.5,108,108,108,FALSE,2
2026,16649,TE,"Johnson, Theo",2,-3.2,-1.6,109,109,109,FALSE,2
2026,17106,TE,"Taylor, Mason",2,-3.7,-1.85,110,110,110,FALSE,2
2026,13315,TE,"Saubert, Eric",2,-4,-2,111,111,111,FALSE,2
2026,12678,TE,"Higbee, Tyler",2,-4.6,-2.3,112,112,112,FALSE,2
2026,17104,TE,"Loveland, Colston",2,-6.4,-3.2,113,113,113,FALSE,2
2026,16190,WR,"Flowers, Zay",1,33,33,11,1,1,FALSE,2
2026,16185,WR,"Smith-Njigba, Jaxon",2,64.4,32.2,1,2,1,FALSE,2
2026,11675,WR,"Adams, Davante",2,46.7,23.35,2,3,2,FALSE,2
2026,15754,WR,"Olave, Chris",2,46.599999999999994,23.299999999999997,3,4,3,FALSE,2
2026,14832,WR,"Lamb, CeeDee",2,46.400000000000006,23.200000000000003,4,5,4,FALSE,2
2026,15287,WR,"St. Brown, Amon-Ra",2,45.8,22.9,5,6,5,FALSE,2
2026,16809,WR,"Coker, Jalen",2,40.8,20.4,6,7,6,FALSE,2
2026,15789,WR,"Watson, Christian",2,37.8,18.9,7,8,7,FALSE,2
2026,16192,WR,"Washington, Parker",2,37.2,18.6,8,9,8,FALSE,2
2026,14836,WR,"Jefferson, Justin",2,34.4,17.2,9,10,9,FALSE,2
2026,17500,WR,"Boston, Denzel",2,33.8,16.9,10,11,10,FALSE,2
2026,15290,WR,"Collins, Nico",1,15.4,15.4,40,12,12,FALSE,2
2026,15282,WR,"Smith, DeVonta",2,30.5,15.25,12,13,12,FALSE,2
2026,16195,WR,"Wicks, Dontayvion",2,30.400000000000002,15.200000000000001,13,14,13,FALSE,2
2026,16287,WR,"Tucker, Tre",2,28.2,14.1,14,15,14,FALSE,2
2026,16627,WR,"McConkey, Ladd",2,24.9,12.45,15,16,15,FALSE,2
2026,15753,WR,"Wilson, Garrett",2,24.700000000000003,12.350000000000001,16,17,16,FALSE,2
2026,11671,WR,"Evans, Mike",2,23.6,11.8,17.5,18.5,17.5,FALSE,2
2026,16788,WR,"Vele, Devaughn",2,23.6,11.8,17.5,18.5,17.5,FALSE,2
2026,14835,WR,"Higgins, Tee",2,22.8,11.4,19,20,19,FALSE,2
2026,12186,WR,"Diggs, Stefon",2,22.4,11.2,20,21,20,FALSE,2
2026,17075,WR,"Golden, Matthew",2,21.6,10.8,21,22,21,FALSE,2
2026,16194,WR,"Rice, Rashee",2,21.4,10.7,22,23,22,FALSE,2
2026,15284,WR,"Waddle, Jaylen",2,21,10.5,23,24,23,FALSE,2
2026,13066,WR,"Raymond, Kalif",2,20.8,10.4,24,25,24,FALSE,2
2026,15319,WR,"Palmer, Joshua",2,20.4,10.2,25,27,25,FALSE,2
2026,17071,WR,"McMillan, Tetairoa",2,20.2,10.1,26,28,26,FALSE,2
2026,16211,WR,"Nacua, Puka",1,10.3,10.3,57,26,26,FALSE,2
2026,13635,WR,"Moore, D.J.",2,19.8,9.9,27.5,29.5,27.5,FALSE,2
2026,12785,WR,"Robinson, Demarcus",2,19.8,9.9,27.5,29.5,27.5,FALSE,2
2026,17599,WR,"Douglas, Caleb",2,19.6,9.8,29.5,31.5,29.5,FALSE,2
2026,17512,WR,"Williams, Antonio",2,19.6,9.8,29.5,31.5,29.5,FALSE,2
2026,16958,WR,"Miller, Ryan",2,19.4,9.7,31,33,31,FALSE,2
2026,13163,WR,"Godwin, Chris",2,18.7,9.35,32,35,32,FALSE,2
2026,16187,WR,"Downs, Josh",2,18.3,9.15,33,36,33,FALSE,2
2026,14842,WR,"Pittman, Michael",1,9.6,9.6,58,34,34,FALSE,2
2026,14127,WR,"Meyers, Jakobi",2,18,9,34.5,37.5,34.5,FALSE,2
2026,14136,WR,"Samuel, Deebo",2,18,9,34.5,37.5,34.5,FALSE,2
2026,15293,WR,"Bateman, Rashod",2,17.6,8.8,36.5,39.5,36.5,FALSE,2
2026,16626,WR,"Mitchell, Adonai",2,17.6,8.8,36.5,39.5,36.5,FALSE,2
2026,15281,WR,"Chase, Ja'Marr",2,17.4,8.7,38,41,38,FALSE,2
2026,17073,WR,"Ayomanor, Elic",2,17,8.5,39,42,39,FALSE,2
2026,17080,WR,"Noel, Jaylin",2,15.399999999999999,7.699999999999999,41,44,41,FALSE,2
2026,15787,WR,"Thornton, Tyquan",2,15.2,7.6,42,45,42,FALSE,2
2026,16616,WR,"Odunze, Rome",2,14.5,7.25,43,46,43,FALSE,2
2026,16621,WR,"Walker, Devontez",1,8.4,8.4,62,43,43,FALSE,2
2026,17072,WR,"Harris, Tre",2,14.1,7.05,44,48,44,FALSE,2
2026,14974,WR,"Mooney, Darnell",2,14,7,45,49,45,FALSE,2
2026,15589,WR,"White, Cody",2,13.8,6.9,46,50,46,FALSE,2
2026,16633,WR,"Whittington, Jordan",1,7.1,7.1,68,47,47,FALSE,2
2026,13418,WR,"Bourne, Kendrick",2,13.7,6.85,47.5,51.5,47.5,FALSE,2
2026,17081,WR,"Egbuka, Emeka",2,13.7,6.85,47.5,51.5,47.5,FALSE,2
2026,15756,WR,"Williams, Jameson",2,13.6,6.8,49,53,49,FALSE,2
2026,15751,WR,"London, Drake",2,12.8,6.4,50,54,50,FALSE,2
2026,17333,WR,"Cooper, Darius",2,12.7,6.35,51,55,51,FALSE,2
2026,15768,WR,"Pierce, Alec",2,12.399999999999999,6.199999999999999,52,56,52,FALSE,2
2026,17078,WR,"Bech, Jack",2,12.1,6.05,53,57,53,FALSE,2
2026,16617,WR,"Coleman, Keon",2,11.299999999999999,5.6499999999999995,54,59,54,FALSE,2
2026,15761,WR,"Shakir, Khalil",2,11.1,5.55,55,60,55,FALSE,2
2026,13289,WR,"Hollins, Mack",2,10.8,5.4,56,61,56,FALSE,2
2026,17502,WR,"Cooper Jr., Omar",1,6,6,77,58,58,FALSE,2
2026,13164,WR,"Kupp, Cooper",2,9.5,4.75,59,63,59,FALSE,2
2026,15779,WR,"Doubs, Romeo",2,8.7,4.35,60,64,60,FALSE,2
2026,17527,WR,"Cameron, Josh",2,8.5,4.25,61,65,61,FALSE,2
2026,16877,WR,"Davis, Kaden",1,5,5,85,62,62,FALSE,2
2026,16639,WR,"Legette, Xavier",2,8.3,4.15,63,66,63,FALSE,2
2026,16193,WR,"Boutte, Kayshon",2,7.6000000000000005,3.8000000000000003,64.5,67.5,64.5,FALSE,2
2026,17520,WR,"Hurst, Ted",2,7.6000000000000005,3.8000000000000003,64.5,67.5,64.5,FALSE,2
2026,15303,WR,"Fehoko, Simi",2,7.5,3.75,66,69,66,FALSE,2
2026,15757,WR,"Robinson, Wan'Dale",2,7.3999999999999995,3.6999999999999997,67,71,67,FALSE,2
2026,12645,WR,"Treadwell, Laquon",2,6.699999999999999,3.3499999999999996,69,72,69,FALSE,2
2026,14104,WR,"Brown, A.J.",1,3.7,3.7,96,70,70,FALSE,2
2026,15755,WR,"Dotson, Jahan",2,6.5,3.25,71,74,71,FALSE,2
2026,17519,WR,"Lance, Bryce",2,6.5,3.25,71,74,71,FALSE,2
2026,17497,WR,"Tate, Carnell",2,6.5,3.25,71,74,71,FALSE,2
2026,17070,WR,"Burden, Luther",2,6.4,3.2,73,76,73,FALSE,2
2026,17184,WR,"Lane, Jaylin",2,6.3,3.15,74,77,74,FALSE,2
2026,16206,WR,"Wilson, Michael",2,6.299999999999999,3.1499999999999995,75,78,75,FALSE,2
2026,16615,WR,"Nabers, Malik",2,6.000000000000001,3.0000000000000004,76,79,76,FALSE,2
2026,12773,WR,"Moore, Chris",2,5.8,2.9,78,80,78,FALSE,2
2026,17086,WR,"Royals, Jalen",2,5.7,2.85,79,81,79,FALSE,2
2026,17511,WR,"Fields, Malachi",2,5.5,2.75,80.5,83.5,80.5,FALSE,2
2026,16684,WR,"Washington, Malik",2,5.5,2.75,80.5,83.5,80.5,FALSE,2
2026,15301,WR,"Atwell, Tutu",1,2.8,2.8,104.5,82,82,FALSE,2
2026,17353,WR,"Walker, Jahdae",2,5.2,2.6,82,85,82,FALSE,2
2026,13963,WR,"Hodge, KhaDarel",2,5.1,2.55,83.5,86.5,83.5,FALSE,2
2026,16620,WR,"Worthy, Xavier",2,5.1,2.55,83.5,86.5,83.5,FALSE,2
2026,16629,WR,"Wilson, Roman",2,4.8,2.4,86,88,86,FALSE,2
2026,17752,WR,"Meyers, Dohnte",2,4.6,2.3,87.5,89.5,87.5,FALSE,2
2026,15762,WR,"Pickens, George",2,4.6,2.3,87.5,89.5,87.5,FALSE,2
2026,17079,WR,"Johnson, Tez",2,4.5,2.25,89,91,89,FALSE,2
2026,15766,WR,"Moore, Skyy",2,4.2,2.1,90,92,90,FALSE,2
2026,17501,WR,"Concepcion, KC",2,4,2,92.5,94.5,92.5,FALSE,2
2026,16778,WR,"Flournoy, Ryan",2,4,2,92.5,94.5,92.5,FALSE,2
2026,16618,WR,"Thomas Jr., Brian",2,4,2,92.5,94.5,92.5,FALSE,2
2026,16630,WR,"Williams, Isaiah",2,4,2,92.5,94.5,92.5,FALSE,2
2026,15941,WR,"Young, Dareke",2,3.9000000000000004,1.9500000000000002,95,97,95,FALSE,2
2026,16614,WR,"Harrison Jr., Marvin",2,3.5999999999999996,1.7999999999999998,97,98,97,FALSE,2
2026,15771,WR,"Martin, Tay",2,3.5,1.75,98.5,99.5,98.5,FALSE,2
2026,13629,WR,"Ridley, Calvin",2,3.5,1.75,98.5,99.5,98.5,FALSE,2
2026,16201,WR,"Hutchinson, Xavier",2,3.3,1.65,100,101,100,FALSE,2
2026,17074,WR,"Hunter, Travis",2,3.2,1.6,101,102,101,FALSE,2
2026,15786,WR,"Nailor, Jalen",2,3.1999999999999997,1.5999999999999999,102,103,102,FALSE,2
2026,17506,WR,"Bell, Chris",2,3,1.5,103,104,103,FALSE,2
2026,17510,WR,"Burks, Deion",2,2.8,1.4,104.5,105.5,104.5,FALSE,2
2026,14105,WR,"Brown, Marquise",1,1.4,1.4,119,105.5,105.5,FALSE,2
2026,17507,WR,"Branch, Zachariah",2,2.3,1.15,106.5,107.5,106.5,FALSE,2
2026,17232,WR,"Wester, LaJohntay",2,2.3,1.15,106.5,107.5,106.5,FALSE,2
2026,13630,WR,"Sutton, Courtland",2,2.2,1.1,108,109,108,FALSE,2
2026,17503,WR,"Bernard, Germie",2,2,1,110.5,112.5,110.5,FALSE,2
2026,17076,WR,"Bond, Isaiah",2,2,1,110.5,112.5,110.5,FALSE,2
2026,16883,WR,"Johnson, Kameron",2,2,1,110.5,112.5,110.5,FALSE,2
2026,16949,WR,"Tremayne, Brycen",2,2,1,110.5,112.5,110.5,FALSE,2
2026,14315,WR,"Dulin, Ashton",1,1,1,124,112.5,112.5,FALSE,2
2026,17754,WR,"Foster, Montorie",1,1,1,124,112.5,112.5,FALSE,2
2026,16342,WR,"Douglas, Demario",2,1.8,0.9,113.5,116.5,113.5,FALSE,2
2026,16207,WR,"Iosivas, Andrei",2,1.8,0.9,113.5,116.5,113.5,FALSE,2
2026,14833,WR,"Jeudy, Jerry",2,1.7000000000000002,0.8500000000000001,115,118,115,FALSE,2
2026,16080,WR,"Shaheed, Rashid",2,1.5999999999999999,0.7999999999999999,116,119,116,FALSE,2
2026,17011,WR,"Wayne, Jared",2,1.5,0.75,117,120,117,FALSE,2
2026,16619,WR,"Franklin, Troy",2,1.4000000000000004,0.7000000000000002,118,121,118,FALSE,2
2026,15981,WR,"Turpin, KaVontae",2,1.3,0.65,120,122,120,FALSE,2
2026,16636,WR,"Corley, Malachi",2,1,0.5,124,125.5,124,FALSE,2
2026,14109,WR,"McLaurin, Terry",2,1,0.5,124,125.5,124,FALSE,2
2026,15785,WR,"Melton, Bo",2,1,0.5,124,125.5,124,FALSE,2
2026,17175,WR,"Smith, Arian",2,1,0.5,124,125.5,124,FALSE,2
2026,17134,WR,"Williams, Kyle",2,1,0.5,124,125.5,124,FALSE,2
2026,17707,WR,"Sturdivant, J Michael",1,0.5,0.5,133,125.5,125.5,FALSE,2
2026,15765,WR,"Austin, Kevin",2,0.9,0.45,129,130,129,FALSE,2
2026,17171,WR,"Dike, Chimere",2,0.9,0.45,129,130,129,FALSE,2
2026,17542,WR,"Young, Colbie",2,0.9,0.45,129,130,129,FALSE,2
2026,17157,WR,"TeSlaa, Isaac",2,0.7,0.35,131,132,131,FALSE,2
2026,17082,WR,"Bryant, Pat",2,0.6000000000000001,0.30000000000000004,132,133,132,FALSE,2
2026,11222,WR,"Allen, Keenan",2,0.3999999999999999,0.19999999999999996,134,134,134,FALSE,2
2026,17541,WR,"Brown, Barion",2,0.1,0.05,135,135,135,FALSE,2
2026,11679,WR,"Beckham, Odell",2,0,0,148.5,148.5,148.5,FALSE,2
2026,17536,WR,"Bell, Dillon",1,0,0,148.5,148.5,148.5,FALSE,2
2026,13638,WR,"Berrios, Braxton",2,0,0,148.5,148.5,148.5,FALSE,2
2026,17530,WR,"Bond, Lewis",1,0,0,148.5,148.5,148.5,FALSE,2
2026,16364,WR,"Brooks, Jalen",2,0,0,148.5,148.5,148.5,FALSE,2
2026,15772,WR,"Covey, Britain",2,0,0,148.5,148.5,148.5,FALSE,2
2026,16640,WR,"Cowing, Jacob",2,0,0,148.5,148.5,148.5,FALSE,2
2026,16299,WR,"Davis, Derius",2,0,0,148.5,148.5,148.5,FALSE,2
2026,14108,WR,"Dortch, Greg",2,0,0,148.5,148.5,148.5,FALSE,2
2026,14847,WR,"Duvernay, Devin",2,0,0,148.5,148.5,148.5,FALSE,2
2026,17097,WR,"Felton, Tai",2,0,0,148.5,148.5,148.5,FALSE,2
2026,16732,WR,"Gould, Anthony",1,0,0,148.5,148.5,148.5,FALSE,2
2026,17098,WR,"Horton, Tory",1,0,0,148.5,148.5,148.5,FALSE,2
2026,14120,WR,"Jennings, Gary",1,0,0,148.5,148.5,148.5,FALSE,2
2026,14503,WR,"Kennedy, Tom",2,0,0,148.5,148.5,148.5,FALSE,2
2026,17205,WR,"Lambert-Smith, KeAndre",1,0,0,148.5,148.5,148.5,FALSE,2
2026,16628,WR,"McMillan, Jalen",1,0,0,148.5,148.5,148.5,FALSE,2
2026,17334,WR,"Meeks, Jackson",2,0,0,148.5,148.5,148.5,FALSE,2
2026,15759,WR,"Metchie, John",1,0,0,148.5,148.5,148.5,FALSE,2
2026,16189,WR,"Mims, Marvin",1,0,0,148.5,148.5,148.5,FALSE,2
2026,16422,WR,"Remigio, Nikko",2,0,0,148.5,148.5,148.5,FALSE,2
2026,17514,WR,"Stribling, De'Zhaun",1,0,0,148.5,148.5,148.5,FALSE,2
2026,17521,WR,"Thomas, Zavion",2,0,0,148.5,148.5,148.5,FALSE,2
2026,15285,WR,"Wallace, Tylan",2,0,0,148.5,148.5,148.5,FALSE,2
2026,17620,WR,"Wetjen, Kaden",2,0,0,148.5,148.5,148.5,FALSE,2
2026,17671,WR,"Williams, C.J.",1,0,0,148.5,148.5,148.5,FALSE,2
2026,15491,WR,"Skowronek, Ben",2,-0.1,-0.05,162,162,162,FALSE,2
2026,17517,WR,"Lane, Ja'Kobi",1,-0.3,-0.3,163,163,163,FALSE,2
2026,16197,WR,"Mingo, Jonathan",2,-0.7,-0.35,164.5,164.5,164.5,FALSE,2
2026,16184,WR,"Reed, Jayden",2,-0.7,-0.35,164.5,164.5,164.5,FALSE,2
2026,16499,WR,"Blair, Chris",2,-0.8,-0.4,166,166,166,FALSE,2
2026,17360,WR,"Price, Myles",2,-1,-0.5,169.5,167.5,167.5,FALSE,2
2026,16428,WR,"Smith, Xavier",2,-1,-0.5,169.5,167.5,167.5,FALSE,2
2026,17499,WR,"Lemon, Makai",2,-1.2000000000000002,-0.6000000000000001,173,169,169,FALSE,2
2026,15752,WR,"Burks, Treylon",1,-1,-1,169.5,174,169.5,FALSE,2
2026,17234,WR,"Horn, Jimmy",1,-1,-1,169.5,174,169.5,FALSE,2
2026,14118,WR,"Humphrey, Lil'Jordan",1,-1,-1,169.5,174,169.5,FALSE,2
2026,14860,WR,"Jennings, Jauan",1,-1,-1,169.5,174,169.5,FALSE,2
2026,16186,WR,"Addison, Jordan",2,-1.3,-0.65,174,170,170,FALSE,2
2026,14592,WR,"Zaccheaus, Olamide",2,-1.4,-0.7,175,171,171,FALSE,2
2026,17528,WR,"Coleman, Kevin",2,-2,-1,177,174,174,FALSE,2
2026,17269,WR,"Chism, Efton",1,-1.6,-1.6,176,180,176,FALSE,2
2026,17254,WR,"Mumpfield, Konata",2,-2.1,-1.05,178,177,177,FALSE,2
2026,14102,WR,"Metcalf, DK",2,-2.6,-1.3,179,178,178,FALSE,2
2026,17518,WR,"Allen, Cyrus",2,-2.7,-1.35,180,179,179,FALSE,2
2026,17706,WR,"Benson, Malik",2,-3.4,-1.7,181,181,181,FALSE,2
2026,16188,WR,"Johnston, Quentin",2,-4.8,-2.4,182,182,182,FALSE,2
2026,17529,WR,"Thompson, Brenen",2,-5.4,-2.7,183,183,183,FALSE,2
2026,15292,WR,"Brown, Dyami",2,-7.3,-3.65,184,184,184,FALSE,2
2026,17653,CB,"Masses, Hezekiah",3,58.1,19.366666666666667,1,1,1,FALSE,3
2026,15845,CB,"McDuffie, Trent",3,54.1,18.033333333333335,2,2,2,FALSE,3
2026,14957,CB,"Robertson, Amik",3,49.4,16.466666666666665,3,3,3,FALSE,3
2026,17562,CB,"Delane, Mansoor",2,30.2,15.1,26,4,4,FALSE,3
2026,15836,CB,"Hill, Daxton",3,42.400000000000006,14.133333333333335,4,5,4,FALSE,3
2026,16279,CB,"Moss, Riley",3,40.7,13.566666666666668,5,6,5,FALSE,3
2026,14997,CB,"Rodgers, Isaiah",3,40.4,13.466666666666667,6,7,6,FALSE,3
2026,17221,CB,"Harris, Marcus",3,40.1,13.366666666666667,7,8,7,FALSE,3
2026,13223,CB,"Humphrey, Marlon",3,39.400000000000006,13.133333333333335,8,9,8,FALSE,3
2026,15124,CB,"Pierre, James",3,39.2,13.066666666666668,9,10,9,FALSE,3
2026,14180,CB,"Murphy, Byron",3,38.1,12.700000000000001,10,12,10,FALSE,3
2026,16255,CB,"Banks, Deonte",1,12.8,12.8,84,11,11,FALSE,3
2026,14905,CB,"Henderson, CJ",3,37.6,12.533333333333333,11,13,11,FALSE,3
2026,16731,CB,"Hart, Cam",3,35.1,11.700000000000001,12,14,12,FALSE,3
2026,16784,CB,"Harden, Myles",3,34.8,11.6,13,15,13,FALSE,3
2026,13764,CB,"Johnson, Taron",3,34.699999999999996,11.566666666666665,14,16,14,FALSE,3
2026,17624,CB,"Lee, Will",3,34.6,11.533333333333333,15,17,15,FALSE,3
2026,17573,CB,"Johnson, Chris",3,34.2,11.4,16,18,16,FALSE,3
2026,14669,CB,"Nixon, Keisean",3,34.1,11.366666666666667,17,19,17,FALSE,3
2026,17622,CB,"Muhammad, Malik",3,33.9,11.299999999999999,18,20,18,FALSE,3
2026,15895,CB,"McCollum, Zyon",3,33.4,11.133333333333333,19,21,19,FALSE,3
2026,15868,CB,"Jones, Marcus",3,33.199999999999996,11.066666666666665,20,22,20,FALSE,3
2026,16702,CB,"Green, Renardo",3,33.1,11.033333333333333,21,23,21,FALSE,3
2026,16670,CB,"McKinstry, Kool-Aid",3,33,11,22.5,24.5,22.5,FALSE,3
2026,14956,CB,"Sneed, L'Jarius",3,33,11,22.5,24.5,22.5,FALSE,3
2026,13774,CB,"Reed, D.J.",3,30.7,10.233333333333333,24,26,24,FALSE,3
2026,14219,CB,"Dean, Jamel",3,30.6,10.200000000000001,25,27,25,FALSE,3
2026,16690,CB,"Mitchell, Quinyon",3,29.599999999999998,9.866666666666665,27,28,27,FALSE,3
2026,16251,CB,"Gonzalez, Christian",3,29.4,9.799999999999999,28,29,28,FALSE,3
2026,16728,CB,"Pritchett, Nehemiah",3,28.3,9.433333333333334,29,30,29,FALSE,3
2026,12711,CB,"Ramsey, Jalen",3,28.1,9.366666666666667,30,31,30,FALSE,3
2026,17162,CB,"Walley, Justin",3,28,9.333333333333334,31,32,31,FALSE,3
2026,16675,CB,"DeJean, Cooper",3,27.9,9.299999999999999,32.5,33.5,32.5,FALSE,3
2026,17164,CB,"Williams, Nohl",3,27.9,9.299999999999999,32.5,33.5,32.5,FALSE,3
2026,16714,CB,"Jones, Jarrian",3,26.3,8.766666666666667,34,38,34,FALSE,3
2026,17179,CB,"Bowman, Billy",1,9.2,9.2,98,35,35,FALSE,3
2026,16672,CB,"Lassiter, Kamari",3,25.8,8.6,35,40,35,FALSE,3
2026,13710,CB,"Davis, Carlton",2,17.9,8.95,67,36,36,FALSE,3
2026,13707,CB,"Ward, Denzel",3,25.4,8.466666666666667,36,41,36,FALSE,3
2026,17127,CB,"Johnson, Will",2,17.6,8.8,69,37,37,FALSE,3
2026,15950,CB,"Watson, Jaylen",3,25.2,8.4,37,42,37,FALSE,3
2026,16954,CB,"Wallace, Josh",3,24.599999999999998,8.2,38,43,38,FALSE,3
2026,15888,CB,"Durant, Decobie",2,17.4,8.7,71,39,39,FALSE,3
2026,15833,CB,"Gardner, Sauce",3,24.3,8.1,39.5,44.5,39.5,FALSE,3
2026,16241,CB,"Witherspoon, Devon",3,24.3,8.1,39.5,44.5,39.5,FALSE,3
2026,15913,CB,"Benford, Christian",3,23.8,7.933333333333334,41,46,41,FALSE,3
2026,15377,CB,"Stokes, Eric",3,23.1,7.7,42,47,42,FALSE,3
2026,17129,CB,"Morrison, Benjamin",3,22.8,7.6000000000000005,43,49,43,FALSE,3
2026,15856,CB,"Taylor, Alontae",3,22.6,7.533333333333334,44,50,44,FALSE,3
2026,16913,CB,"Woods, Charles",3,22.599999999999998,7.533333333333332,45,51,45,FALSE,3
2026,14924,CB,"Johnson, Jaylon",3,22,7.333333333333333,46,52,46,FALSE,3
2026,15362,CB,"Surtain II, Patrick",3,21.8,7.266666666666667,47,53,47,FALSE,3
2026,15380,CB,"Campbell, Tyson",2,15.399999999999999,7.699999999999999,76,48,48,FALSE,3
2026,15849,CB,"McCreary, Roger",3,21.6,7.2,48,54,48,FALSE,3
2026,14037,CB,"Davis, Jalen",3,21,7,49,55,49,FALSE,3
2026,15989,CB,"Jobe, Josh",3,20.8,6.933333333333334,50,56,50,FALSE,3
2026,17616,CB,"Scott, Keionte",3,20.6,6.866666666666667,51.5,57.5,51.5,FALSE,3
2026,16267,CB,"Stevenson, Tyrique",3,20.6,6.866666666666667,51.5,57.5,51.5,FALSE,3
2026,16673,CB,"Wiggins, Nate",3,20.299999999999997,6.766666666666666,53,59,53,FALSE,3
2026,17592,CB,"Igbinosun, Davison",3,20.2,6.733333333333333,54,60,54,FALSE,3
2026,13227,CB,"Lewis, Jourdan",3,20,6.666666666666667,55.5,61.5,55.5,FALSE,3
2026,16268,CB,"Turner, DJ",3,20,6.666666666666667,55.5,61.5,55.5,FALSE,3
2026,13738,CB,"Jackson, Donte",3,19.900000000000002,6.633333333333334,57,63,57,FALSE,3
2026,13731,CB,"Hughes, Mike",3,19.6,6.533333333333334,58,64,58,FALSE,3
2026,17581,CB,"Cisse, Brandon",3,19.5,6.5,59,65,59,FALSE,3
2026,15832,CB,"Stingley Jr., Derek",3,19.400000000000002,6.466666666666668,60.5,66.5,60.5,FALSE,3
2026,17143,CB,"Thomas, Azareye'h",3,19.400000000000002,6.466666666666668,60.5,66.5,60.5,FALSE,3
2026,17142,CB,"Revel, Shavon",3,19,6.333333333333333,62.5,68.5,62.5,FALSE,3
2026,17169,CB,"Stout, Upton",3,19,6.333333333333333,62.5,68.5,62.5,FALSE,3
2026,16288,CB,"Blackmon, Mekhi",3,18.5,6.166666666666667,64,70,64,FALSE,3
2026,15375,CB,"Newsome, Greg",3,18.2,6.066666666666666,65,72,65,FALSE,3
2026,15904,CB,"Bland, DaRon",3,18.099999999999998,6.033333333333332,66,73,66,FALSE,3
2026,15933,CB,"Brown, Montaric",3,17.6,5.866666666666667,69,74.5,69,FALSE,3
2026,15881,CB,"Jones, Jack",3,17.6,5.866666666666667,69,74.5,69,FALSE,3
2026,17163,CB,"Parrish, Jacob",2,12.2,6.1,86,71,71,FALSE,3
2026,15445,CB,"Lenoir, Deommodore",3,16.1,5.366666666666667,72,77,72,FALSE,3
2026,13281,CB,"Douglas, Rasul",3,16,5.333333333333333,73.5,78.5,73.5,FALSE,3
2026,13920,CB,"Ward, Charvarius",3,16,5.333333333333333,73.5,78.5,73.5,FALSE,3
2026,17200,CB,"Marshall, Jason",3,15.4,5.133333333333334,75,80,75,FALSE,3
2026,17156,CB,"Porter, Darien",2,11.2,5.6,90,76,76,FALSE,3
2026,16695,CB,"Melton, Max",3,15.3,5.1000000000000005,77,81,77,FALSE,3
2026,15361,CB,"Horn, Jaycee",3,14.799999999999999,4.933333333333333,78,83,78,FALSE,3
2026,16729,CB,"Still, Tarheeb",3,14.600000000000001,4.866666666666667,79,84,79,FALSE,3
2026,15384,CB,"Samuel, Asante",3,14.3,4.766666666666667,80,85,80,FALSE,3
2026,16012,CB,"Alford, Dee",3,14.200000000000001,4.733333333333333,81,86,81,FALSE,3
2026,16145,CB,"McMillian, Ja'Quan",3,13.8,4.6000000000000005,82,88,82,FALSE,3
2026,16701,CB,"Rakestraw, Ennis",1,5,5,115,82,82,FALSE,3
2026,16698,CB,"Sainristil, Mike",3,13.6,4.533333333333333,83,89,83,FALSE,3
2026,16754,CB,"Stiggers, Qwan'tez",3,12.7,4.233333333333333,85,91,85,FALSE,3
2026,17788,CB,"Gushiken, Kapena",2,9.399999999999999,4.699999999999999,97,87,87,FALSE,3
2026,15894,CB,"Woolen, Tariq",3,11.9,3.966666666666667,87,92,87,FALSE,3
2026,14198,CB,"Ya-Sin, Rock",3,11.7,3.9,88,93,88,FALSE,3
2026,15880,CB,"Evans, Akayleb",3,11.6,3.8666666666666667,89,94,89,FALSE,3
2026,15866,CB,"Flott, Cordale",2,9,4.5,99,90,90,FALSE,3
2026,17187,CB,"Riley, Quincy",3,11,3.6666666666666665,91.5,95.5,91.5,FALSE,3
2026,17251,CB,"Robinson, Micah",3,11,3.6666666666666665,91.5,95.5,91.5,FALSE,3
2026,17141,CB,"Hairston, Maxwell",3,10.8,3.6,93,97.5,93,FALSE,3
2026,15405,CB,"Stephens, Brandon",3,10.299999999999999,3.433333333333333,94,100,94,FALSE,3
2026,16703,CB,"Phillips, Andru",3,10.1,3.3666666666666667,95,101,95,FALSE,3
2026,17214,CB,"Burke, Denzel",3,9.4,3.1333333333333333,96,103,96,FALSE,3
2026,15394,CB,"Adebo, Paulson",1,3.6,3.6,119,97.5,97.5,FALSE,3
2026,14904,CB,"Fulton, Kristian",2,7.1000000000000005,3.5500000000000003,106,99,99,FALSE,3
2026,17598,CB,"Davis, Tacario",3,8.5,2.8333333333333335,100,105,100,FALSE,3
2026,16261,CB,"Brents, Julius",3,8.2,2.733333333333333,101,106,101,FALSE,3
2026,17642,CB,"Rivers, Chandler",2,6.6000000000000005,3.3000000000000003,107.5,102,102,FALSE,3
2026,17128,CB,"Barron, Jahdae",3,8,2.6666666666666665,103,108,103,FALSE,3
2026,16736,CB,"Brownlee, Jarvis",3,8,2.6666666666666665,103,108,103,FALSE,3
2026,17574,CB,"Hood, Colton",3,8,2.6666666666666665,103,108,103,FALSE,3
2026,15862,CB,"Emerson, Martin",2,5.800000000000001,2.9000000000000004,110,104,104,FALSE,3
2026,13785,CB,"Neal, Siran",3,7.6,2.533333333333333,105,111,105,FALSE,3
2026,15129,CB,"Dorsey, Khalil",3,6.6000000000000005,2.2,107.5,113.5,107.5,FALSE,3
2026,17604,CB,"Everette, Daylen",3,6.4,2.1333333333333333,109,116,109,FALSE,3
2026,15859,CB,"Taylor-Britt, Cam",2,5.2,2.6,112.5,110,110,FALSE,3
2026,15432,CB,"Carter, Michael",3,5.8,1.9333333333333333,111,117,111,FALSE,3
2026,16735,CB,"Abrams-Draine, Kris",3,5.2,1.7333333333333334,112.5,118,112.5,FALSE,3
2026,17639,CB,"Abney, Keith",2,4.4,2.2,116,113.5,113.5,FALSE,3
2026,17793,CB,"Slaughter, Doneiko",1,2.2,2.2,132,113.5,113.5,FALSE,3
2026,16878,CB,"Steward, Reddy",1,2.2,2.2,132,113.5,113.5,FALSE,3
2026,16325,CB,"Clark, Kei'Trel",3,5.1,1.7,114,119.5,114,FALSE,3
2026,14012,CB,"Ford, Mike",3,3.9,1.3,117,123,117,FALSE,3
2026,14252,CB,"Jackson, Michael",3,3.8,1.2666666666666666,118,124,118,FALSE,3
2026,17561,CB,"McCoy, Jermod",2,3.4,1.7,121.5,119.5,119.5,FALSE,3
2026,16366,CB,"Ivey, DJ",3,3.4000000000000004,1.1333333333333335,120,128,120,FALSE,3
2026,14918,CB,"Terrell, A.J.",2,3.3,1.65,123,121,121,FALSE,3
2026,17572,CB,"Terrell, Avieon",3,3.4,1.1333333333333333,121.5,129,121.5,FALSE,3
2026,17785,CB,"Shelley, Rodney",2,3.0999999999999996,1.5499999999999998,124,122,122,FALSE,3
2026,17782,CB,"Canada, Channing",1,1.2,1.2,142,126,126,FALSE,3
2026,17789,CB,"Couch, Te'Cory",1,1.2,1.2,142,126,126,FALSE,3
2026,14919,CB,"Igbinoghene, Noah",2,2.4,1.2,127.5,126,126,FALSE,3
2026,15464,CB,"Echols, Brandin",3,2.4,0.7999999999999999,127.5,137,127.5,FALSE,3
2026,17368,CB,"Martin, Keyon",3,2.4,0.7999999999999999,127.5,137,127.5,FALSE,3
2026,17609,CB,"Neal, Julian",3,2.4,0.7999999999999999,127.5,137,127.5,FALSE,3
2026,17168,CB,"Smith, Jaylin",3,2.4,0.7999999999999999,127.5,137,127.5,FALSE,3
2026,13811,CB,"Smith, Tremon",3,2.4,0.7999999999999999,127.5,137,127.5,FALSE,3
2026,16370,CB,"Jones, Nic",2,2.2,1.1,132,130,130,FALSE,3
2026,16753,CB,"Carson, Caelen",1,1,1,151,132.5,132.5,FALSE,3
2026,16741,CB,"Smith-Wade, Chau",2,2,1,134,132.5,132.5,FALSE,3
2026,16726,CB,"Tampa, T.J.",1,1,1,151,132.5,132.5,FALSE,3
2026,16274,CB,"Williams, Garrett",1,1,1,151,132.5,132.5,FALSE,3
2026,16776,CB,"Hadden, Kamal",3,1.7,0.5666666666666667,135,147,135,FALSE,3
2026,13263,CB,"Awuzie, Chidobe",3,1.2,0.39999999999999997,142,150.5,142,FALSE,3
2026,16054,CB,"Blackwell, Josh",3,1.2,0.39999999999999997,142,150.5,142,FALSE,3
2026,13270,CB,"Moreau, Fabian",3,1.2,0.39999999999999997,142,150.5,142,FALSE,3
2026,17780,CB,"Price, Jayden",2,1.2,0.6,142,143,142,FALSE,3
2026,17649,CB,"Prunty, Karon",2,1.2,0.6,142,143,142,FALSE,3
2026,17326,CB,"Reed, Nikko",2,1.2,0.6,142,143,142,FALSE,3
2026,16907,CB,"Roland-Wallace, Chris",3,1.2,0.39999999999999997,142,150.5,142,FALSE,3
2026,17751,CB,"Smith, Avery",2,1.2,0.6,142,143,142,FALSE,3
2026,15392,CB,"St-Juste, Benjamin",2,1.2,0.6,142,143,142,FALSE,3
2026,17427,CB,"Taylor, Reese",2,1.2,0.6,142,143,142,FALSE,3
2026,15401,CB,"Wright, Nahshon",2,1.2,0.6,142,143,142,FALSE,3
2026,16720,CB,"Richardson, Decamerion",2,1,0.5,151,148,148,FALSE,3
2026,16674,CB,"King, Kalen",3,1,0.3333333333333333,151,153,151,FALSE,3
2026,16253,CB,"Forbes, Emmanuel",3,0.7999999999999998,0.2666666666666666,154,154,154,FALSE,3
2026,17376,CB,"Knowles, Kevin",3,0.5,0.16666666666666666,155,155,155,FALSE,3
2026,17772,CB,"Harris, Kenneth",1,0.1,0.1,156,156,156,FALSE,3
2026,16336,CB,"Braswell, Christian",3,0,0,164.5,164.5,164.5,FALSE,3
2026,17430,CB,"Clark, Jordan",2,0,0,164.5,164.5,164.5,FALSE,3
2026,17643,CB,"Demmings, Charles",3,0,0,164.5,164.5,164.5,FALSE,3
2026,16756,CB,"Dial, Marcellas",1,0,0,164.5,164.5,164.5,FALSE,3
2026,12988,CB,"Jones, Jonathan",3,0,0,164.5,164.5,164.5,FALSE,3
2026,15944,CB,"Leonard, Deane",1,0,0,164.5,164.5,164.5,FALSE,3
2026,16315,CB,"Luter, Darrell",1,0,0,164.5,164.5,164.5,FALSE,3
2026,17197,CB,"McWilliams, Mac",2,0,0,164.5,164.5,164.5,FALSE,3
2026,16293,CB,"Phillips, Clark",3,0,0,164.5,164.5,164.5,FALSE,3
2026,17590,CB,"Ponds, D'Angelo",1,0,0,164.5,164.5,164.5,FALSE,3
2026,15684,CB,"Ross, D'Angelo",1,0,0,164.5,164.5,164.5,FALSE,3
2026,16745,CB,"Simpson, Jaylin",2,0,0,164.5,164.5,164.5,FALSE,3
2026,16345,CB,"Speed, Ameer",3,0,0,164.5,164.5,164.5,FALSE,3
2026,17771,CB,"Thomas, Skyler",3,0,0,164.5,164.5,164.5,FALSE,3
2026,16356,CB,"Valentine, Carrington",2,0,0,164.5,164.5,164.5,FALSE,3
2026,13754,CB,"Yiadom, Isaac",1,0,0,164.5,164.5,164.5,FALSE,3
2026,17614,CB,"Canady, Jadon",3,-0.8,-0.26666666666666666,173,173,173,FALSE,3
2026,16242,CB,"Ringo, Kelee",3,-1,-0.3333333333333333,174,174,174,FALSE,3
2026,17677,CB,"Pride, Toriano",1,-1.7,-1.7,175,175,175,FALSE,3
2026,15346,DE,"Rousseau, Gregory",3,82.3,27.433333333333334,1,1,1,FALSE,3
2026,16223,DE,"Anderson, Will",3,59.8,19.933333333333334,2,2,2,FALSE,3
2026,14249,DE,"Van Ginkel, Andrew",3,55.1,18.366666666666667,3,3,3,FALSE,3
2026,13214,DE,"Watt, T.J.",3,54.6,18.2,4,4,4,FALSE,3
2026,16230,DE,"Van Ness, Lukas",3,46.8,15.6,5,5,5,FALSE,3
2026,15805,DE,"Hutchinson, Aidan",3,41.9,13.966666666666667,6,6,6,FALSE,3
2026,17361,DE,"Ponder, Elijah",3,38.7,12.9,7,7,7,FALSE,3
2026,16650,DE,"Turner, Dallas",3,38.2,12.733333333333334,8,8,8,FALSE,3
2026,15352,DE,"Collins, Zaven",3,38,12.666666666666666,9,9,9,FALSE,3
2026,17584,DE,"Jacas, Gabe",3,36.8,12.266666666666666,10,10,10,FALSE,3
2026,16266,DE,"Tuipulotu, Tuli",3,36.6,12.200000000000001,11,11,11,FALSE,3
2026,17551,DE,"Bailey, David",3,34.9,11.633333333333333,12,12,12,FALSE,3
2026,15395,DE,"Koonce, Malcolm",3,34.4,11.466666666666667,13,13,13,FALSE,3
2026,14225,DE,"Crosby, Maxx",3,33.9,11.299999999999999,14,14,14,FALSE,3
2026,17135,DE,"Ezeiruaku, Donovan",3,33.3,11.1,15,15,15,FALSE,3
2026,12221,DE,"Hunter, Danielle",3,32.9,10.966666666666667,16.5,16.5,16.5,FALSE,3
2026,14877,DE,"Young, Chase",3,32.9,10.966666666666667,16.5,16.5,16.5,FALSE,3
2026,14167,DE,"Hines-Allen, Josh",3,32.3,10.766666666666666,18,18,18,FALSE,3
2026,15808,DE,"Karlaftis, George",3,30,10,19,19,19,FALSE,3
2026,15814,DE,"Thomas, Cameron",3,29.6,9.866666666666667,20,20,20,FALSE,3
2026,16303,DE,"Herbig, Nick",3,29.5,9.833333333333334,21,21,21,FALSE,3
2026,14940,DE,"Highsmith, Alex",3,29.299999999999997,9.766666666666666,22,22,22,FALSE,3
2026,14882,DE,"Greenard, Jonathan",1,9.5,9.5,93.5,23,23,FALSE,3
2026,12301,DE,"Smith, Za'Darius",3,27.9,9.299999999999999,23,24,23,FALSE,3
2026,14947,DE,"Wonnum, D.J.",3,27.8,9.266666666666667,24,25,24,FALSE,3
2026,16298,DE,"Robinson, Tavius",3,27.5,9.166666666666666,25,26,25,FALSE,3
2026,15345,DE,"Paye, Kwity",3,27.2,9.066666666666666,26,27,26,FALSE,3
2026,14405,DE,"Granderson, Carl",3,26.4,8.799999999999999,27,28,27,FALSE,3
2026,15813,DE,"Enagbare, Kingsley",3,26.2,8.733333333333333,28,29,28,FALSE,3
2026,11721,DE,"Mack, Khalil",3,25,8.333333333333334,29,32,29,FALSE,3
2026,15398,DE,"Jones, Patrick",1,8.5,8.5,103,30,30,FALSE,3
2026,15378,DE,"Oweh, Odafe",3,24.7,8.233333333333333,30.5,33.5,30.5,FALSE,3
2026,17189,DE,"Robinson, Quandarrius",3,24.7,8.233333333333333,30.5,33.5,30.5,FALSE,3
2026,17114,DE,"Stewart, Shemar",1,8.4,8.4,104,31,31,FALSE,3
2026,16734,DE,"Booker, Austin",3,24.3,8.1,32.5,35.5,32.5,FALSE,3
2026,11723,DE,"Van Noy, Kyle",3,24.3,8.1,32.5,35.5,32.5,FALSE,3
2026,16712,DE,"Hunt, Jalyx",3,24,8,34,37,34,FALSE,3
2026,16300,DE,"McGuire, Isaiah",3,23.6,7.866666666666667,35,38,35,FALSE,3
2026,11769,DE,"Lawrence, Demarcus",3,23.5,7.833333333333333,36,39,36,FALSE,3
2026,13681,DE,"Chubb, Bradley",3,23.2,7.733333333333333,37,41,37,FALSE,3
2026,13888,DE,"Gardeck, Dennis",3,22.5,7.5,38,43,38,FALSE,3
2026,14925,DE,"Uche, Josh",3,21.5,7.166666666666667,39,44,39,FALSE,3
2026,14147,DE,"Bosa, Nick",2,15.5,7.75,63,40,40,FALSE,3
2026,15349,DE,"Phillips, Jaelan",3,21.4,7.133333333333333,40,45,40,FALSE,3
2026,16923,DE,"Tillman, Dondrea",3,21,7,41,46,41,FALSE,3
2026,11706,DE,"Clowney, Jadeveon",1,7.7,7.7,106,42,42,FALSE,3
2026,13682,DE,"Key, Arden",3,20.8,6.933333333333334,43,48,43,FALSE,3
2026,16651,DE,"Latu, Laiatu",3,20.8,6.933333333333334,43,48,43,FALSE,3
2026,17160,DE,"Umanmielen, Princely",3,20.8,6.933333333333334,43,48,43,FALSE,3
2026,15853,DE,"Mafe, Boye",3,20.6,6.866666666666667,45,50,45,FALSE,3
2026,17180,DE,"Walker, David",3,20.4,6.8,46,51,46,FALSE,3
2026,16235,DE,"Hall, Derick",3,20.3,6.766666666666667,47,52,47,FALSE,3
2026,13704,DE,"Nwosu, Uchenna",3,20,6.666666666666667,48,53,48,FALSE,3
2026,16653,DE,"Verse, Jared",3,19.5,6.5,49,54,49,FALSE,3
2026,16276,DE,"Young, Byron",3,19.2,6.3999999999999995,50,55,50,FALSE,3
2026,14894,DE,"Jennings, Anfernee",3,19,6.333333333333333,51,56,51,FALSE,3
2026,17182,DE,"Sorrell, Barryn",3,18.9,6.3,52,57,52,FALSE,3
2026,17161,DE,"Burch, Jordan",3,18.8,6.266666666666667,53,58,53,FALSE,3
2026,15815,DE,"Walker, Travon",3,18.3,6.1000000000000005,54,60,54,FALSE,3
2026,15386,DE,"Odeyingbo, Dayo",3,18.1,6.033333333333334,55,61,55,FALSE,3
2026,15397,DE,"Golston, Chauncey",3,18,6,56.5,62.5,56.5,FALSE,3
2026,16228,DE,"Smith, Nolan",3,18,6,56.5,62.5,56.5,FALSE,3
2026,14888,DE,"Chaisson, K'Lavon",3,17.8,5.933333333333334,58,64,58,FALSE,3
2026,14164,DE,"Jones, Dre'Mont",2,12.5,6.25,76.5,59,59,FALSE,3
2026,17568,DE,"Mesidor, Akheem",3,17.700000000000003,5.900000000000001,59,65,59,FALSE,3
2026,16262,DE,"White, Keion",3,17.3,5.766666666666667,60,66,60,FALSE,3
2026,17120,DE,"Green, Mike",3,17.1,5.7,61,68,61,FALSE,3
2026,16777,DE,"Johnson, Cedric",3,15.8,5.266666666666667,62,69,62,FALSE,3
2026,14148,DE,"Sweat, Montez",3,15.100000000000001,5.033333333333334,64,70,64,FALSE,3
2026,16278,DE,"Diaby, YaYa",3,15,5,66,72,66,FALSE,3
2026,17553,DE,"Faulk, Keldric",3,15,5,66,72,66,FALSE,3
2026,16532,DE,"Nowaske, Trevor",3,15,5,66,72,66,FALSE,3
2026,13759,DE,"Armstrong, Dorance",2,11.5,5.75,81,67,67,FALSE,3
2026,16654,DE,"Elliss, Jonah",3,14.5,4.833333333333333,68.5,75.5,68.5,FALSE,3
2026,17580,DE,"Lawrence, Malachi",3,14.5,4.833333333333333,68.5,75.5,68.5,FALSE,3
2026,15861,DE,"Bonitto, Nik",3,14.3,4.766666666666667,70,77,70,FALSE,3
2026,16257,DE,"Anudike-Uzomah, Felix",3,13.7,4.566666666666666,71.5,78.5,71.5,FALSE,3
2026,13284,DE,"Hendrickson, Trey",3,13.7,4.566666666666666,71.5,78.5,71.5,FALSE,3
2026,16455,DE,"Cox, Brenton",3,13,4.333333333333333,73.5,80.5,73.5,FALSE,3
2026,16224,DE,"Murphy, Myles",3,13,4.333333333333333,73.5,80.5,73.5,FALSE,3
2026,13294,DE,"Ebukam, Samson",2,9.7,4.85,92,74,74,FALSE,3
2026,13201,DE,"Barnett, Derek",3,12.5,4.166666666666667,76.5,83,76.5,FALSE,3
2026,14962,DE,"Gipson, Trevis",3,12.5,4.166666666666667,76.5,83,76.5,FALSE,3
2026,17118,DE,"Stewart, Josaiah",3,12.5,4.166666666666667,76.5,83,76.5,FALSE,3
2026,14880,DE,"Kareem, Khalid",3,12,4,79,85,79,FALSE,3
2026,14149,DE,"Gary, Rashan",3,11.5,3.8333333333333335,81,86.5,81,FALSE,3
2026,16485,DE,"Incoom, Thomas",3,11.5,3.8333333333333335,81,86.5,81,FALSE,3
2026,17619,DE,"Dennis-Sutton, Dani",3,11.1,3.6999999999999997,83,88,83,FALSE,3
2026,14171,DE,"Burns, Brian",3,11,3.6666666666666665,84,89,84,FALSE,3
2026,17112,DE,"Carter, Abdul",3,10.8,3.6,85,90,85,FALSE,3
2026,15356,DE,"Browning, Baron",3,10.5,3.5,86,91,86,FALSE,3
2026,17777,DE,"Harsh, Sabastian",3,10.3,3.4333333333333336,87,92,87,FALSE,3
2026,17155,DE,"Gillotte, Ashton",3,10,3.3333333333333335,89,94,89,FALSE,3
2026,15809,DE,"Johnson, Jermaine",3,10,3.3333333333333335,89,94,89,FALSE,3
2026,17778,DE,"O'Neill, Eric",3,10,3.3333333333333335,89,94,89,FALSE,3
2026,17117,DE,"Jackson, Landon",3,9.9,3.3000000000000003,91,96,91,FALSE,3
2026,14154,DE,"Nelson, Anthony",3,9.5,3.1666666666666665,93.5,97,93.5,FALSE,3
2026,16252,DE,"McDonald, Will",3,9.2,3.0666666666666664,95,99,95,FALSE,3
2026,15565,DE,"Hoecht, Michael",3,9.1,3.033333333333333,96,100,96,FALSE,3
2026,17764,DE,"Thomas Jr., Bryan",1,3.1,3.1,133,98,98,FALSE,3
2026,17633,DE,"Josephs, Joshua",3,9,3,99.5,103.5,99.5,FALSE,3
2026,17150,DE,"Oladejo, Oluwafemi",3,9,3,99.5,103.5,99.5,FALSE,3
2026,17630,DE,"Overton, LT",3,9,3,99.5,103.5,99.5,FALSE,3
2026,17116,DE,"Sawyer, Jack",3,9,3,99.5,103.5,99.5,FALSE,3
2026,17583,DE,"Thomas, R Mason",3,9,3,99.5,103.5,99.5,FALSE,3
2026,17588,DE,"Young, Zion",3,9,3,99.5,103.5,99.5,FALSE,3
2026,13330,DE,"Muhammad, Al-Quadin",3,8,2.6666666666666665,105,107,105,FALSE,3
2026,17552,DE,"Howell, Cashius",3,7.5,2.5,107,108.5,107,FALSE,3
2026,13802,DE,"Martin, Jake",3,7.2,2.4,108,110,108,FALSE,3
2026,16652,DE,"Trice, Bralen",2,5,2.5,120.5,108.5,108.5,FALSE,3
2026,15851,DE,"Ebiketie, Arnold",3,7,2.3333333333333335,110,112,110,FALSE,3
2026,16058,DE,"Herring, Malik",3,7,2.3333333333333335,110,112,110,FALSE,3
2026,16749,DE,"Solomon, Javon",3,7,2.3333333333333335,110,112,110,FALSE,3
2026,12234,DE,"Dupree, Bud",3,6.5,2.1666666666666665,112,114,112,FALSE,3
2026,17674,DE,"Curry, Caden",3,6,2,114,117.5,114,FALSE,3
2026,13685,DE,"Okoronkwo, Ogbonnia",3,6,2,114,117.5,114,FALSE,3
2026,17397,DE,"Striggow, Danny",3,6,2,114,117.5,114,FALSE,3
2026,16780,DE,"Jean-Baptiste, Javontae",2,4,2,128,117.5,117.5,FALSE,3
2026,16376,DE,"Johnson, Desjuan",3,5.5,1.8333333333333333,117.5,122.5,117.5,FALSE,3
2026,15481,DE,"Johnson, Patrick",3,5.5,1.8333333333333333,117.5,122.5,117.5,FALSE,3
2026,15388,DE,"Ossai, Joseph",1,2,2,145,117.5,117.5,FALSE,3
2026,16332,DE,"Ramirez, Jose",1,2,2,145,117.5,117.5,FALSE,3
2026,15806,DE,"Thibodeaux, Kayvon",3,5.5,1.8333333333333333,117.5,122.5,117.5,FALSE,3
2026,17149,DE,"Tuimoloau, JT",3,5.5,1.8333333333333333,117.5,122.5,117.5,FALSE,3
2026,17350,DE,"Huntington, Adin",3,5,1.6666666666666667,120.5,125,120.5,FALSE,3
2026,15857,DE,"Williams, Sam",3,4.9,1.6333333333333335,122,126,122,FALSE,3
2026,16529,DE,"Leota, Eku",3,4.5,1.5,123.5,130.5,123.5,FALSE,3
2026,16894,DE,"McGregor, Braiden",3,4.5,1.5,123.5,130.5,123.5,FALSE,3
2026,16305,DE,"Abdullah, Yasir",3,4,1.3333333333333333,128,137.5,128,FALSE,3
2026,17355,DE,"Chambliss, Chaz",3,4,1.3333333333333333,128,137.5,128,FALSE,3
2026,14151,DE,"Ferrell, Clelin",3,4,1.3333333333333333,128,137.5,128,FALSE,3
2026,17016,DE,"Jones, Truman",3,4,1.3333333333333333,128,137.5,128,FALSE,3
2026,14254,DE,"Omenihu, Charles",3,4,1.3333333333333333,128,137.5,128,FALSE,3
2026,17554,DE,"Parker, T.J.",3,4,1.3333333333333333,128,137.5,128,FALSE,3
2026,14978,DE,"Danna, Michael",1,1.5,1.5,149.5,130.5,130.5,FALSE,3
2026,14879,DE,"Epenesa, A.J.",2,3,1.5,137.5,130.5,130.5,FALSE,3
2026,17695,DE,"Hutchins, Quintayvious",2,3,1.5,137.5,130.5,130.5,FALSE,3
2026,10292,DE,"Jordan, Cameron",2,3,1.5,137.5,130.5,130.5,FALSE,3
2026,17225,DE,"McLeod, Jalen",2,3,1.5,137.5,130.5,130.5,FALSE,3
2026,16516,DE,"Wheat, Tyrus",2,3,1.5,137.5,130.5,130.5,FALSE,3
2026,13690,DE,"Sweat, Josh",3,3.8,1.2666666666666666,132,141,132,FALSE,3
2026,10267,DE,"Miller, Von",3,3,1,137.5,145,137.5,FALSE,3
2026,16869,DE,"Richter, Bo",3,3,1,137.5,145,137.5,FALSE,3
2026,15907,DE,"Robinson, Dominique",3,3,1,137.5,145,137.5,FALSE,3
2026,17550,DE,"Bain Jr., Rueben",2,2,1,145,145,145,FALSE,3
2026,16322,DE,"Beal, Robert",2,2,1,145,145,145,FALSE,3
2026,15928,DE,"Houston, James",2,2,1,145,145,145,FALSE,3
2026,17287,DE,"Ivey, Jared",3,2,0.6666666666666666,145,150.5,145,FALSE,3
2026,17412,DE,"O'Toole, Connor",1,1,1,152,145,145,FALSE,3
2026,15413,DE,"Rumph, Chris",3,2,0.6666666666666666,145,150.5,145,FALSE,3
2026,17597,DE,"Height, Romello",2,1.5,0.75,149.5,149,149,FALSE,3
2026,15943,DE,"Hardy, Daniel",3,1,0.3333333333333333,152,153,152,FALSE,3
2026,16655,DE,"Robinson, Chop",2,1,0.5,152,152,152,FALSE,3
2026,16302,DE,"Lacy, Tyler",3,0.5,0.16666666666666666,154,154,154,FALSE,3
2026,15878,DE,"Clemons, Micheal",2,0,0,158.5,158.5,158.5,FALSE,3
2026,12217,DE,"Fowler, Dante",3,0,0,158.5,158.5,158.5,FALSE,3
2026,13198,DE,"Garrett, Myles",1,0,0,158.5,158.5,158.5,FALSE,3
2026,17351,DE,"Green, B.J.",1,0,0,158.5,158.5,158.5,FALSE,3
2026,16357,DE,"Jones, Andre",1,0,0,158.5,158.5,158.5,FALSE,3
2026,17688,DE,"Llewellyn, Max",1,0,0,158.5,158.5,158.5,FALSE,3
2026,17587,DE,"Moore, Derrick",3,0,0,158.5,158.5,158.5,FALSE,3
2026,16440,DE,"Murphy, Caleb",1,0,0,158.5,158.5,158.5,FALSE,3
2026,17768,DE,"Burke, Ethan",3,-1.5,-0.5,163.5,163,163,FALSE,3
2026,16226,DE,"Wilson, Tyree",2,-1.5,-0.75,163.5,164,163.5,FALSE,3
2026,14163,DT,"Simmons, Jeffery",3,55.599999999999994,18.53333333333333,1,1,1,FALSE,3
2026,17121,DT,"Graham, Mason",3,53.099999999999994,17.7,2,2,2,FALSE,3
2026,12225,DT,"Williams, Leonard",3,47.099999999999994,15.699999999999998,3,3,3,FALSE,3
2026,12688,DT,"Buckner, DeForest",3,43.7,14.566666666666668,4,4,4,FALSE,3
2026,12697,DT,"Robinson, A'Shawn",3,41.4,13.799999999999999,5,5,5,FALSE,3
2026,17174,DT,"Walker, Deone",3,40.8,13.6,6,6,6,FALSE,3
2026,14153,DT,"Allen, Zach",3,39.2,13.066666666666668,7,7,7,FALSE,3
2026,15089,DT,"Roach, Malcolm",3,39,13,8,8,8,FALSE,3
2026,14930,DT,"Hamilton, Davon",3,37.6,12.533333333333333,9,9,9,FALSE,3
2026,14158,DT,"Oliver, Ed",2,25,12.5,24.5,10,10,FALSE,3
2026,12735,DT,"Rankins, Sheldon",3,35.1,11.700000000000001,10,11,10,FALSE,3
2026,15863,DT,"Jones, Travis",3,35,11.666666666666666,11,12,11,FALSE,3
2026,16282,DT,"Turner, Kobie",3,34,11.333333333333334,12,13,12,FALSE,3
2026,17137,DT,"Harmon, Derrick",3,32.7,10.9,13,14,13,FALSE,3
2026,14159,DT,"Lawrence, Dexter",3,32.3,10.766666666666666,14,15,14,FALSE,3
2026,13208,DT,"Allen, Jonathan",3,31.900000000000002,10.633333333333335,15,16,15,FALSE,3
2026,16927,DT,"Redmond, Jalen",3,31.5,10.5,16,17,16,FALSE,3
2026,10266,DT,"Heyward, Cameron",3,30,10,18,19,18,FALSE,3
2026,15358,DT,"Togiai, Tommy",3,30,10,18,19,18,FALSE,3
2026,14157,DT,"Williams, Quinnen",3,30,10,18,19,18,FALSE,3
2026,16233,DT,"Carter, Jalen",3,29.3,9.766666666666667,20,21,20,FALSE,3
2026,16663,DT,"Eboigbe, Justin",3,27.5,9.166666666666666,21,22,21,FALSE,3
2026,12741,DT,"Jones, Chris",3,27,9,22,23,22,FALSE,3
2026,17190,DT,"Hemingway, Tonka",3,26.5,8.833333333333334,23,24,23,FALSE,3
2026,15898,DT,"Ogbonnia, Otito",3,25,8.333333333333334,24.5,25,24.5,FALSE,3
2026,14897,DT,"Brown, Derrick",3,24.5,8.166666666666666,26.5,26.5,26.5,FALSE,3
2026,16344,DT,"Stills, Dante",3,24.5,8.166666666666666,26.5,26.5,26.5,FALSE,3
2026,17613,DT,"Halton, Gracen",3,24,8,28.5,28.5,28.5,FALSE,3
2026,16689,DT,"Murphy, Byron",3,24,8,28.5,28.5,28.5,FALSE,3
2026,15357,DT,"Barmore, Christian",3,23.2,7.733333333333333,30,30,30,FALSE,3
2026,17158,DT,"Broughton, Vernon",3,22.5,7.5,32.5,32.5,32.5,FALSE,3
2026,13317,DT,"Godchaux, Davon",3,22.5,7.5,32.5,32.5,32.5,FALSE,3
2026,15390,DT,"McNeill, Alim",3,22.5,7.5,32.5,32.5,32.5,FALSE,3
2026,13744,DT,"Shepherd, Nathan",3,22.5,7.5,32.5,32.5,32.5,FALSE,3
2026,16794,DT,"Briggs, Jowon",3,22.1,7.366666666666667,35,35,35,FALSE,3
2026,15817,DT,"Davis, Jordan",3,22,7.333333333333333,36.5,36.5,36.5,FALSE,3
2026,13839,DT,"Sieler, Zach",3,22,7.333333333333333,36.5,36.5,36.5,FALSE,3
2026,12698,DT,"Reed, Jarran",3,21.4,7.133333333333333,38,38,38,FALSE,3
2026,17769,DT,"Hall, Aaron",3,21,7,39.5,40,39.5,FALSE,3
2026,16369,DT,"Ojomo, Moro",3,21,7,39.5,40,39.5,FALSE,3
2026,17388,DT,"Simmons, Elijah",1,7,7,121,40,40,FALSE,3
2026,14899,DT,"Kinlaw, Javon",3,20.3,6.766666666666667,41,42,41,FALSE,3
2026,17570,DT,"Hunter, Lee",3,20,6.666666666666667,42.5,45.5,42.5,FALSE,3
2026,13694,DT,"Settle, Tim",3,20,6.666666666666667,42.5,45.5,42.5,FALSE,3
2026,16227,DT,"Harrison, Zach",2,13.5,6.75,77.5,43,43,FALSE,3
2026,16265,DT,"Dexter, Gervon",3,19.6,6.533333333333334,44,48,44,FALSE,3
2026,13260,DT,"Tomlinson, Dalvin",2,13.4,6.7,80,44,44,FALSE,3
2026,13770,DT,"Franklin-Myers, John",3,19.5,6.5,45.5,49.5,45.5,FALSE,3
2026,17193,DT,"Ingram-Dawkins, Tyrion",3,19.5,6.5,45.5,49.5,45.5,FALSE,3
2026,16770,DT,"Boyd, Khristian",2,13.3,6.65,81,47,47,FALSE,3
2026,14951,DT,"Lynch, James",3,19,6.333333333333333,48,52,48,FALSE,3
2026,15393,DT,"Odighizuwa, Osa",3,19,6.333333333333333,48,52,48,FALSE,3
2026,13692,DT,"Vea, Vita",3,19,6.333333333333333,48,52,48,FALSE,3
2026,13933,DT,"Ford, Poona",3,18,6,50,54,50,FALSE,3
2026,15812,DT,"Hall, Logan",3,17.7,5.8999999999999995,51,55,51,FALSE,3
2026,16786,DT,"Drake-Rodriguez, Levi",3,17.5,5.833333333333333,52.5,56.5,52.5,FALSE,3
2026,17146,DT,"Williams, Tyleik",3,17.5,5.833333333333333,52.5,56.5,52.5,FALSE,3
2026,13298,DT,"Stewart, Grover",3,17.3,5.766666666666667,54,58,54,FALSE,3
2026,14161,DT,"Tillery, Jerry",3,17.1,5.7,55,59,55,FALSE,3
2026,17555,DT,"Woods, Peter",3,17,5.666666666666667,56.5,60.5,56.5,FALSE,3
2026,15819,DT,"Wyatt, Devonte",3,17,5.666666666666667,56.5,60.5,56.5,FALSE,3
2026,16657,DT,"Dorlus, Brandon",3,16.5,5.5,59.5,64.5,59.5,FALSE,3
2026,13798,DT,"Fatukasi, Foley",3,16.5,5.5,59.5,64.5,59.5,FALSE,3
2026,16513,DT,"London, LaCale",3,16.5,5.5,59.5,64.5,59.5,FALSE,3
2026,13693,DT,"Phillips, Harrison",3,16.5,5.5,59.5,64.5,59.5,FALSE,3
2026,16291,DT,"Adebawore, Adetomiwa",3,16.1,5.366666666666667,62,68,62,FALSE,3
2026,17196,DT,"Phillips, Jordan",3,16,5.333333333333333,63,69,63,FALSE,3
2026,17579,DT,"Banks, Caleb",3,15.5,5.166666666666667,64.5,71.5,64.5,FALSE,3
2026,12764,DT,"Hargrave, Javon",2,11,5.5,95,64.5,64.5,FALSE,3
2026,17796,DT,"Valdez, Sebastian",1,5.5,5.5,129.5,64.5,64.5,FALSE,3
2026,15391,DT,"Williams, Milton",3,15.5,5.166666666666667,64.5,71.5,64.5,FALSE,3
2026,17165,DT,"Caldwell, Jamaree",3,15,5,67.5,75.5,67.5,FALSE,3
2026,12739,DT,"Clark, Kenny",3,15,5,67.5,75.5,67.5,FALSE,3
2026,13810,DT,"Joseph-Day, Sebastian",3,15,5,67.5,75.5,67.5,FALSE,3
2026,15461,DT,"Lopez, Roy",3,15,5,67.5,75.5,67.5,FALSE,3
2026,11757,DT,"Donald, Aaron",2,10.5,5.25,99,70,70,FALSE,3
2026,16713,DT,"Carter, DeWayne",3,14,4.666666666666667,72,81,72,FALSE,3
2026,17773,DT,"Edwards, TeRah",3,14,4.666666666666667,72,81,72,FALSE,3
2026,17195,DT,"Mills, Rylie",3,14,4.666666666666667,72,81,72,FALSE,3
2026,12802,DT,"Reader, D.J.",3,14,4.666666666666667,72,81,72,FALSE,3
2026,15446,DT,"Slaton, Tedarrell",3,14,4.666666666666667,72,81,72,FALSE,3
2026,15877,DT,"Uwazurike, Eyioma",3,13.7,4.566666666666666,75,84,75,FALSE,3
2026,17194,DT,"Jackson, Cam",1,5,5,133.5,75.5,75.5,FALSE,3
2026,17177,DT,"West, CJ",2,10,5,102.5,75.5,75.5,FALSE,3
2026,9051,DT,"Campbell, Calais",3,13.5,4.5,77.5,86.5,77.5,FALSE,3
2026,16691,DT,"Orhorhoro, Ruke",3,13.5,4.5,77.5,86.5,77.5,FALSE,3
2026,16660,DT,"Robinson, Darius",3,13.5,4.5,77.5,86.5,77.5,FALSE,3
2026,15892,DT,"Booker, Thomas",3,13,4.333333333333333,82.5,89.5,82.5,FALSE,3
2026,15173,DT,"Tart, Teair",3,13,4.333333333333333,82.5,89.5,82.5,FALSE,3
2026,12218,DT,"Armstead, Arik",3,12.5,4.166666666666667,84.5,91.5,84.5,FALSE,3
2026,17261,DT,"Biggers, Zeek",3,12.5,4.166666666666667,84.5,91.5,84.5,FALSE,3
2026,17672,DT,"Gill-Howard, Skyler",3,11.8,3.9333333333333336,86,93,86,FALSE,3
2026,14652,DT,"Givens, Kevin",1,4.5,4.5,135.5,86.5,86.5,FALSE,3
2026,17632,DT,"Barrett, Nick",3,11.5,3.8333333333333335,89,96,89,FALSE,3
2026,13448,DT,"Butler, Adam",3,11.5,3.8333333333333335,89,96,89,FALSE,3
2026,12754,DT,"Collins, Maliek",3,11.5,3.8333333333333335,89,96,89,FALSE,3
2026,12305,DT,"Jarrett, Grady",3,11.5,3.8333333333333335,89,96,89,FALSE,3
2026,16693,DT,"Sweat, T'Vondre",3,11.5,3.8333333333333335,89,96,89,FALSE,3
2026,13769,DT,"Street, Kentavius",3,11.4,3.8000000000000003,92,99,92,FALSE,3
2026,15942,DT,"Ford, Jonathan",3,11.1,3.6999999999999997,93,100,93,FALSE,3
2026,14971,DT,"Washington, Broderick",3,11,3.6666666666666665,95,101.5,95,FALSE,3
2026,16294,DT,"Wooden, Colby",3,11,3.6666666666666665,95,101.5,95,FALSE,3
2026,17191,DT,"Farmer, Joshua",3,10.7,3.5666666666666664,97,103,97,FALSE,3
2026,16767,DT,"Davis, Tyler",3,10.5,3.5,99,105,99,FALSE,3
2026,16694,DT,"Fiske, Braden",3,10.5,3.5,99,105,99,FALSE,3
2026,16662,DT,"Jenkins, Kris",3,10.3,3.4333333333333336,101,107,101,FALSE,3
2026,17603,DT,"Orange, Domonique",3,10,3.3333333333333335,102.5,108,102.5,FALSE,3
2026,12219,DT,"Edwards, Mario",3,9.6,3.1999999999999997,104,109,104,FALSE,3
2026,13723,DT,"Payne, Da'Ron",3,9.5,3.1666666666666665,105,110,105,FALSE,3
2026,17767,DT,"Thompson Jr., James",2,7,3.5,121,105,105,FALSE,3
2026,16264,DT,"Benton, Keeanu",3,9,3,107.5,112.5,107.5,FALSE,3
2026,14901,DT,"Gallimore, Neville",3,9,3,107.5,112.5,107.5,FALSE,3
2026,17136,DT,"Nolen, Walter",3,9,3,107.5,112.5,107.5,FALSE,3
2026,16697,DT,"Smith, Maason",3,9,3,107.5,112.5,107.5,FALSE,3
2026,16324,DT,"Brooks, Karl",3,8.5,2.8333333333333335,110.5,115.5,110.5,FALSE,3
2026,14237,DT,"Gaines, Greg",3,8.5,2.8333333333333335,110.5,115.5,110.5,FALSE,3
2026,13927,DT,"Dickerson, Matt",3,8,2.6666666666666665,113,118,113,FALSE,3
2026,17204,DT,"Roberts, Elijah",3,8,2.6666666666666665,113,118,113,FALSE,3
2026,17224,DT,"Smith, Tim",3,8,2.6666666666666665,113,118,113,FALSE,3
2026,14934,DT,"Elliott, Jordan",3,7.5,2.5,115.5,121.5,115.5,FALSE,3
2026,16254,DT,"Kancey, Calijah",3,7.5,2.5,115.5,121.5,115.5,FALSE,3
2026,12758,DT,"Bullard, Jonathan",3,7.3,2.433333333333333,117,124,117,FALSE,3
2026,17199,DT,"Hamilton, Ty",3,7,2.3333333333333335,121,127,121,FALSE,3
2026,17611,DT,"Jackson, Darrell",3,7,2.3333333333333335,121,127,121,FALSE,3
2026,17330,DT,"Stackhouse, Nazir",3,7,2.3333333333333335,121,127,121,FALSE,3
2026,13199,DT,"Thomas, Solomon",3,7,2.3333333333333335,121,127,121,FALSE,3
2026,16273,DT,"Young, Byron",3,7,2.3333333333333335,121,127,121,FALSE,3
2026,17765,DT,"Campbell, Anthony",1,2.5,2.5,143.5,121.5,121.5,FALSE,3
2026,11793,DT,"Jones, DaQuan",2,5,2.5,133.5,121.5,121.5,FALSE,3
2026,15492,DT,"Tonga, Khyiris",3,6.1,2.033333333333333,125,131,125,FALSE,3
2026,16520,DT,"Durden, Cory",3,6,2,126,132.5,126,FALSE,3
2026,17209,DT,"Black, Yahya",3,5.5,1.8333333333333333,129.5,136,129.5,FALSE,3
2026,14155,DT,"Collier, L.J.",3,5.5,1.8333333333333333,129.5,136,129.5,FALSE,3
2026,11286,DT,"Jenkins, John",3,5.5,1.8333333333333333,129.5,136,129.5,FALSE,3
2026,13332,DT,"Jones, D.J.",3,5.5,1.8333333333333333,129.5,136,129.5,FALSE,3
2026,16787,DT,"Laulu, Jonah",3,5.5,1.8333333333333333,129.5,136,129.5,FALSE,3
2026,15412,DT,"Brown, Bobby",2,4.5,2.25,135.5,130,130,FALSE,3
2026,14900,DT,"Madubuike, Nnamdi",1,2,2,145.5,132.5,132.5,FALSE,3
2026,14675,DT,"Tuttle, Shy",3,4,1.3333333333333333,137,145,137,FALSE,3
2026,16661,DT,"Hall Jr., Michael",3,3,1,140,147,140,FALSE,3
2026,12361,DT,"Nunez-Roches, Rakeem",2,3,1.5,140,141.5,140,FALSE,3
2026,17389,DT,"Okoye, CJ",3,3,1,140,147,140,FALSE,3
2026,17602,DT,"Regis, Albert",2,3,1.5,140,141.5,140,FALSE,3
2026,17176,DT,"Robinson, Ty",3,3,1,140,147,140,FALSE,3
2026,17794,DT,"Cooper, Keith",1,1.5,1.5,150,141.5,141.5,FALSE,3
2026,17790,DT,"Eason, Bryson",1,1.5,1.5,150,141.5,141.5,FALSE,3
2026,15618,DT,"Jones, Naquan",1,1.5,1.5,150,141.5,141.5,FALSE,3
2026,16510,DT,"Pharms, Jeremiah",1,1.5,1.5,150,141.5,141.5,FALSE,3
2026,17666,DT,"van den Berg, Jordan",3,2.5,0.8333333333333334,143.5,149,143.5,FALSE,3
2026,11872,DT,"Harris, Shelby",3,2,0.6666666666666666,145.5,153,145.5,FALSE,3
2026,16797,DT,"Harris, Marcus",2,1.5,0.75,150,151,150,FALSE,3
2026,12782,DT,"Onyemata, David",2,1.5,0.75,150,151,150,FALSE,3
2026,17236,DT,"Peebles, Aeneas",2,1.5,0.75,150,151,150,FALSE,3
2026,17154,DT,"Alexander, Darius",2,0,0,159,159,159,FALSE,3
2026,16771,DT,"Crumedy, Jaden",2,0,0,159,159,159,FALSE,3
2026,13683,DT,"Hand, Da'Shawn",1,0,0,159,159,159,FALSE,3
2026,15918,DT,"Jackson, Jordan",1,0,0,159,159,159,FALSE,3
2026,17170,DT,"Jones, Sai'vion",2,0,0,159,159,159,FALSE,3
2026,16232,DT,"Morris, Mike",1,0,0,159,159,159,FALSE,3
2026,15382,DT,"Onwuzurike, Levi",2,0,0,159,159,159,FALSE,3
2026,16486,DT,"Pili, Brandon",2,0,0,159,159,159,FALSE,3
2026,16091,DT,"Stille, Ben",1,0,0,159,159,159,FALSE,3
2026,16817,DT,"Taylor, Leonard",1,0,0,159,159,159,FALSE,3
2026,13965,DT,"Tupou, Josh",1,0,0,159,159,159,FALSE,3
2026,17600,DT,"McClellan, Chris",3,-3.8,-1.2666666666666666,167,165,165,FALSE,3
2026,13742,DT,"Hill, B.J.",1,-1.5,-1.5,165.5,166.5,165.5,FALSE,3
2026,17585,DT,"Miller, Christen",1,-1.5,-1.5,165.5,166.5,165.5,FALSE,3
2026,15822,LB,"Lloyd, Devin",2,65,32.5,1,1,1,FALSE,3
2026,15821,LB,"Dean, Nakobe",3,57.4,19.133333333333333,2,3,2,FALSE,3
2026,17589,LB,"Trotter, Josiah",2,45.5,22.75,3.5,2,2,FALSE,3
2026,13696,LB,"Smith, Roquan",3,45.5,15.166666666666666,3.5,4,3.5,FALSE,3
2026,17586,LB,"Rodriguez, Jacob",3,41.2,13.733333333333334,5,5,5,FALSE,3
2026,15409,LB,"Barnes, Derrick",3,40.7,13.566666666666668,6,6,6,FALSE,3
2026,13743,LB,"Warner, Fred",3,39.2,13.066666666666668,7,7,7,FALSE,3
2026,14251,LB,"Cashman, Blake",3,38.3,12.766666666666666,8,8,8,FALSE,3
2026,17557,LB,"Styles, Sonny",3,37.099999999999994,12.366666666666665,9,9,9,FALSE,3
2026,14893,LB,"Baun, Zack",3,36.5,12.166666666666666,10,10,10,FALSE,3
2026,17125,LB,"Knight, Demetrius",3,35.1,11.700000000000001,11,11,11,FALSE,3
2026,16696,LB,"Cooper, Edgerrin",3,34.7,11.566666666666668,12,12,12,FALSE,3
2026,16296,LB,"Miller, Ventrell",3,33.8,11.266666666666666,13,13,13,FALSE,3
2026,15355,LB,"Bolton, Nick",3,32,10.666666666666666,14.5,14.5,14.5,FALSE,3
2026,14303,LB,"Elliss, Kaden",3,32,10.666666666666666,14.5,14.5,14.5,FALSE,3
2026,14218,LB,"Okereke, Bobby",3,31.5,10.5,16,16,16,FALSE,3
2026,14896,LB,"Queen, Patrick",3,31,10.333333333333334,17,17,17,FALSE,3
2026,16280,LB,"Henley, Daiyan",3,30.8,10.266666666666667,18.5,18.5,18.5,FALSE,3
2026,13813,LB,"Oluokun, Foyesade",3,30.8,10.266666666666667,18.5,18.5,18.5,FALSE,3
2026,17123,LB,"Campbell, Jihaad",3,30.7,10.233333333333333,20,20,20,FALSE,3
2026,17233,LB,"Medrano, Kain",3,30,10,21.5,21.5,21.5,FALSE,3
2026,17556,LB,"Reese, Arvell",3,30,10,21.5,21.5,21.5,FALSE,3
2026,15869,LB,"Bernard, Terrel",3,29,9.666666666666666,23,23,23,FALSE,3
2026,17124,LB,"Carter, Barrett",3,28.5,9.5,25,25,25,FALSE,3
2026,17560,LB,"Hill Jr., Anthony",3,28.5,9.5,25,25,25,FALSE,3
2026,13447,LB,"Wilson, Eric",3,28.5,9.5,25,25,25,FALSE,3
2026,15387,LB,"Werner, Pete",3,28.1,9.366666666666667,27,27,27,FALSE,3
2026,16234,LB,"Simpson, Trenton",3,27.9,9.299999999999999,28,28,28,FALSE,3
2026,10816,LB,"Davis, Demario",3,27.8,9.266666666666667,29,29,29,FALSE,3
2026,17606,LB,"Barham, Jaishawn",3,27.5,9.166666666666666,30,30,30,FALSE,3
2026,16346,LB,"Winters, Dee",3,27.3,9.1,31,31,31,FALSE,3
2026,15681,LB,"Elliss, Christian",3,27.1,9.033333333333333,32,32,32,FALSE,3
2026,14943,LB,"Davis-Gaither, Akeem",3,27,9,33,33,33,FALSE,3
2026,16450,LB,"Thomas, Drake",3,26.9,8.966666666666667,34,34,34,FALSE,3
2026,16716,LB,"Wilson, Payton",3,26.5,8.833333333333334,35,35,35,FALSE,3
2026,14412,LB,"Singleton, Alex",3,25.5,8.5,36.5,37,36.5,FALSE,3
2026,16284,LB,"Williams, Dorian",3,25.5,8.5,36.5,37,36.5,FALSE,3
2026,16828,LB,"Njongmeta, Maema",1,8.5,8.5,72.5,37,37,FALSE,3
2026,16009,LB,"Gibbens, Jack",3,25.1,8.366666666666667,38,39,38,FALSE,3
2026,14170,LB,"Bush, Devin",3,25,8.333333333333334,40,41,40,FALSE,3
2026,14322,LB,"Edwards, T.J.",3,25,8.333333333333334,40,41,40,FALSE,3
2026,15404,LB,"Jones, Ernest",3,25,8.333333333333334,40,41,40,FALSE,3
2026,14235,LB,"Tranquill, Drue",3,24.5,8.166666666666666,42,43,42,FALSE,3
2026,14590,LB,"Al-Shaair, Azeez",3,24,8,43,44,43,FALSE,3
2026,16239,LB,"Campbell, Jack",3,23.9,7.966666666666666,44,45,44,FALSE,3
2026,13697,LB,"Edmunds, Tremaine",3,23.3,7.766666666666667,45,46,45,FALSE,3
2026,17147,LB,"Schwesinger, Carson",3,23,7.666666666666667,46,47,46,FALSE,3
2026,16870,LB,"Speights, Omar",3,21.9,7.3,47,48.5,47,FALSE,3
2026,15846,LB,"Walker, Quay",3,21.7,7.233333333333333,48,50,48,FALSE,3
2026,13952,LB,"Luvu, Frankie",1,7.3,7.3,74,48.5,48.5,FALSE,3
2026,15396,LB,"Deablo, Divine",3,21,7,49.5,51.5,49.5,FALSE,3
2026,14221,LB,"Williams, Quincy",3,21,7,49.5,51.5,49.5,FALSE,3
2026,15428,LB,"Sherwood, Jamien",3,20.5,6.833333333333333,51,53,51,FALSE,3
2026,16013,LB,"Landman, Nate",3,20,6.666666666666667,52,54,52,FALSE,3
2026,14892,LB,"Brooks, Jordyn",3,19.5,6.5,53,55,53,FALSE,3
2026,14953,LB,"Dye, Troy",3,19.3,6.433333333333334,54,56,54,FALSE,3
2026,14979,LB,"Strnad, Justin",3,18,6,55,57,55,FALSE,3
2026,13837,LB,"Franklin, Zaire",3,17.5,5.833333333333333,56.5,58.5,56.5,FALSE,3
2026,14169,LB,"Wilson, Mack",3,17.5,5.833333333333333,56.5,58.5,56.5,FALSE,3
2026,13987,LB,"Spillane, Robert",3,16,5.333333333333333,58,60,58,FALSE,3
2026,15831,LB,"Chenal, Leo",3,15.5,5.166666666666667,60,62,60,FALSE,3
2026,14247,LB,"Greenlaw, Dre",3,15.5,5.166666666666667,60,62,60,FALSE,3
2026,14467,LB,"Phillips, Del'Shawn",3,15.5,5.166666666666667,60,62,60,FALSE,3
2026,16383,LB,"Pace, Ivan",3,11.4,3.8000000000000003,62,66,62,FALSE,3
2026,17126,LB,"Stutsman, Danny",3,11.1,3.6999999999999997,63,67,63,FALSE,3
2026,16494,LB,"Moon, Jeremiah",2,9,4.5,70,64,64,FALSE,3
2026,13268,LB,"Anzalone, Alex",3,11,3.6666666666666665,64.5,68.5,64.5,FALSE,3
2026,14217,LB,"Barton, Cody",3,11,3.6666666666666665,64.5,68.5,64.5,FALSE,3
2026,16667,LB,"Gray, Cedric",2,8.5,4.25,72.5,65,65,FALSE,3
2026,17410,LB,"Combs, Branson",3,10.2,3.4,66,72,66,FALSE,3
2026,16328,LB,"Barnes, Zaire",3,9.5,3.1666666666666665,67.5,73.5,67.5,FALSE,3
2026,16019,LB,"Hansen, Jake",3,9.5,3.1666666666666665,67.5,73.5,67.5,FALSE,3
2026,17629,LB,"Boettcher, Bryce",3,9,3,70,75.5,70,FALSE,3
2026,17628,LB,"Daniels, Kendal",3,9,3,70,75.5,70,FALSE,3
2026,14472,LB,"Dodson, Tyrel",1,3.5,3.5,94,70.5,70.5,FALSE,3
2026,16063,LB,"McCrary-Ball, Marcelino",2,7,3.5,77,70.5,70.5,FALSE,3
2026,15353,LB,"Surratt, Chazz",3,7.1,2.3666666666666667,75,79,75,FALSE,3
2026,17265,LB,"Dolac, Shaun",3,7,2.3333333333333335,77,80.5,77,FALSE,3
2026,14891,LB,"Harrison, Malik",3,7,2.3333333333333335,77,80.5,77,FALSE,3
2026,14168,LB,"White, Devin",2,5.1,2.55,84,77,77,FALSE,3
2026,17369,LB,"Ajiake, Austin",1,2.5,2.5,105,78,78,FALSE,3
2026,16738,LB,"Carlies, Jaylon",3,6.5,2.1666666666666665,79.5,82.5,79.5,FALSE,3
2026,15473,LB,"McDuffie, Isaiah",3,6.5,2.1666666666666665,79.5,82.5,79.5,FALSE,3
2026,15914,LB,"Rodriguez, Malcolm",3,6,2,81.5,86,81.5,FALSE,3
2026,15443,LB,"Wallow, Garret",3,6,2,81.5,86,81.5,FALSE,3
2026,17636,LB,"Dugger, Jaden",3,5.5,1.8333333333333333,83,89,83,FALSE,3
2026,14926,LB,"Gay, Willie",3,4.5,1.5,85,91,85,FALSE,3
2026,17766,LB,"Hunter, Erick",2,4,2,89,86,86,FALSE,3
2026,17415,LB,"Kaho, Ale",2,4,2,89,86,86,FALSE,3
2026,16911,LB,"Stalbird, Isaiah",2,4,2,89,86,86,FALSE,3
2026,16314,LB,"Dennis, SirVocea",3,4,1.3333333333333333,89,94.5,89,FALSE,3
2026,15899,LB,"Jackson, D'Marco",3,4,1.3333333333333333,89,94.5,89,FALSE,3
2026,17665,LB,"Obiazor, Namdi",3,4,1.3333333333333333,89,94.5,89,FALSE,3
2026,16664,LB,"Trotter Jr., Jeremiah",3,4,1.3333333333333333,89,94.5,89,FALSE,3
2026,16730,LB,"Magee, Jordan",1,1.5,1.5,124.5,91,91,FALSE,3
2026,16236,LB,"To'oTo'o, Henry",1,1.5,1.5,124.5,91,91,FALSE,3
2026,13750,LB,"Burks, Oren",3,3.5,1.1666666666666667,94,99.5,94,FALSE,3
2026,17623,LB,"Elarms-Orr, Kaleb",3,3.5,1.1666666666666667,94,99.5,94,FALSE,3
2026,16710,LB,"Hopper, Ty'Ron",2,2.5,1.25,105,97.5,97.5,FALSE,3
2026,14672,LB,"Reeder, Troy",2,2.5,1.25,105,97.5,97.5,FALSE,3
2026,17746,LB,"Bailey, Wesley",3,3,1,98.5,106,98.5,FALSE,3
2026,17247,LB,"Bruener, Carson",3,3,1,98.5,106,98.5,FALSE,3
2026,16072,LB,"Cochrane, Jack",3,3,1,98.5,106,98.5,FALSE,3
2026,17571,LB,"Golday, Jake",3,3,1,98.5,106,98.5,FALSE,3
2026,17379,LB,"Mascarenas-Arnold, Easton",3,3,1,98.5,106,98.5,FALSE,3
2026,16138,LB,"Olubi, Segun",3,3,1,98.5,106,98.5,FALSE,3
2026,16666,LB,"Eichenberg, Tommy",3,2.5,0.8333333333333334,105,113.5,105,FALSE,3
2026,17286,LB,"Higgins, Jay",3,2.5,0.8333333333333334,105,113.5,105,FALSE,3
2026,14260,LB,"Holcomb, Cole",3,2.5,0.8333333333333334,105,113.5,105,FALSE,3
2026,17140,LB,"Mondon, Smael",3,2.5,0.8333333333333334,105,113.5,105,FALSE,3
2026,15194,LB,"Christiansen, Cole",2,2,1,115,106,106,FALSE,3
2026,15823,LB,"Harris, Christian",2,2,1,115,106,106,FALSE,3
2026,17383,LB,"Jones, Carl",2,2,1,115,106,106,FALSE,3
2026,15076,LB,"Rozeboom, Christian",2,2,1,115,106,106,FALSE,3
2026,15151,LB,"Welch, Kristian",1,1,1,130.5,106,106,FALSE,3
2026,17203,LB,"Bassa, Jeffrey",3,2,0.6666666666666666,115,120,115,FALSE,3
2026,17010,LB,"Bozeman, Swayze",3,2,0.6666666666666666,115,120,115,FALSE,3
2026,17776,LB,"Chambers, Tahj",3,2,0.6666666666666666,115,120,115,FALSE,3
2026,14495,LB,"Gifford, Luke",3,2,0.6666666666666666,115,120,115,FALSE,3
2026,17201,LB,"James, Shemar",3,2,0.6666666666666666,115,120,115,FALSE,3
2026,17178,LB,"Simon, Cody",3,2,0.6666666666666666,115,120,115,FALSE,3
2026,14200,LB,"Tavai, Jahlani",3,2,0.6666666666666666,115,120,115,FALSE,3
2026,17408,LB,"Turner, Jordan",3,2,0.6666666666666666,115,120,115,FALSE,3
2026,17449,LB,"Woodard, Jackson",3,2,0.6666666666666666,115,120,115,FALSE,3
2026,14737,LB,"Giles-Harris, Joe",3,1.5,0.5,124.5,130.5,124.5,FALSE,3
2026,15456,LB,"Niemann, Nick",3,1.5,0.5,124.5,130.5,124.5,FALSE,3
2026,15975,LB,"Sanborn, Jack",3,1.5,0.5,124.5,130.5,124.5,FALSE,3
2026,17621,LB,"Woodaz, Wade",3,1.5,0.5,124.5,130.5,124.5,FALSE,3
2026,17787,LB,"Anderson, Liam",2,1,0.5,130.5,130.5,130.5,FALSE,3
2026,15930,LB,"Campbell, Chance",1,0.5,0.5,139.5,130.5,130.5,FALSE,3
2026,16439,LB,"Diabate, Mohamoud",1,0.5,0.5,139.5,130.5,130.5,FALSE,3
2026,17692,LB,"Fisher, Aiden",2,1,0.5,130.5,130.5,130.5,FALSE,3
2026,17356,LB,"McDonald, Cooper",1,0.5,0.5,139.5,130.5,130.5,FALSE,3
2026,15890,LB,"McFadden, Micah",2,1,0.5,130.5,130.5,130.5,FALSE,3
2026,16759,LB,"Muasau, Darius",3,1,0.3333333333333333,130.5,137.5,130.5,FALSE,3
2026,16926,LB,"Reid, Winston",3,1,0.3333333333333333,130.5,137.5,130.5,FALSE,3
2026,17617,LB,"Rolder, Jimmy",1,0.5,0.5,139.5,130.5,130.5,FALSE,3
2026,16704,LB,"Wallace, Trevin",1,0.5,0.5,139.5,130.5,130.5,FALSE,3
2026,17558,LB,"Allen, CJ",2,0.5,0.25,139.5,140,139.5,FALSE,3
2026,16492,LB,"Cherelus, Claudin",2,0.5,0.25,139.5,140,139.5,FALSE,3
2026,17683,LB,"Kuwatch, Jackson",3,0.5,0.16666666666666666,139.5,143.5,139.5,FALSE,3
2026,17244,LB,"Lindenberg, Cody",2,0.5,0.25,139.5,140,139.5,FALSE,3
2026,16443,LB,"O'Connell, Patrick",3,0.5,0.16666666666666666,139.5,143.5,139.5,FALSE,3
2026,17362,LB,"Reid, Karene",3,0.5,0.16666666666666666,139.5,143.5,139.5,FALSE,3
2026,15498,LB,"Stuard, Grant",3,0.5,0.16666666666666666,139.5,143.5,139.5,FALSE,3
2026,16872,LB,"Andreessen, Joe",3,0,0,154,154,154,FALSE,3
2026,15049,LB,"Bachie, Joe",2,0,0,154,154,154,FALSE,3
2026,17323,LB,"Barron, Justin",2,0,0,154,154,154,FALSE,3
2026,17185,LB,"Buchanan, Teddye",1,0,0,154,154,154,FALSE,3
2026,17645,LB,"Elliott, Keyshaun",3,0,0,154,154,154,FALSE,3
2026,13715,LB,"Harrison, Ronnie",1,0,0,154,154,154,FALSE,3
2026,16017,LB,"Hummel, Jake",1,0,0,154,154,154,FALSE,3
2026,17662,LB,"Kelly, Jack",3,0,0,154,154,154,FALSE,3
2026,16722,LB,"Knight, Tyrice",3,0,0,154,154,154,FALSE,3
2026,14442,LB,"Kuntz, Christian",3,0,0,154,154,154,FALSE,3
2026,17578,LB,"Louis, Kyle",1,0,0,154,154,154,FALSE,3
2026,17208,LB,"Mauigoa, Francisco",2,0,0,154,154,154,FALSE,3
2026,17456,LB,"Neal, Elias",2,0,0,154,154,154,FALSE,3
2026,15521,LB,"Ogbongbemiga, Amen",1,0,0,154,154,154,FALSE,3
2026,16283,LB,"Overshown, DeMarvion",1,0,0,154,154,154,FALSE,3
2026,16237,LB,"Pappoe, Owen",1,0,0,154,154,154,FALSE,3
2026,17354,LB,"Wax, Marlowe",3,0,0,154,154,154,FALSE,3
2026,17658,LB,"Sharar, Karson",3,-0.5,-0.16666666666666666,163.5,163,163,FALSE,3
2026,16761,LB,"Hill, Jamal",2,-0.5,-0.25,163.5,164,163.5,FALSE,3
2026,17667,LB,"Perkins, Harold",3,-1.5,-0.5,165,165,165,FALSE,3
2026,14887,LB,"Simmons, Isaiah",3,-2,-0.6666666666666666,166.5,166,166,FALSE,3
2026,16774,LB,"Watson, Nathaniel",2,-2,-1,166.5,167,166.5,FALSE,3
2026,15622,LB,"Robinson, Curtis",1,-3,-3,168,170,168,FALSE,3
2026,14379,LB,"Woods, Josh",3,-4,-1.3333333333333333,170,168,168,FALSE,3
2026,16793,LB,"Williams, James",2,-3.5,-1.75,169,169,169,FALSE,3
2026,15368,PK,"McPherson, Evan",3,51.3,17.099999999999998,1,1,1,FALSE,3
2026,16896,PK,"Shrader, Spencer",3,47.1,15.700000000000001,2,2,2,FALSE,3
2026,14717,PK,"McLaughlin, Chase",3,40.8,13.6,3,3,3,FALSE,3
2026,16681,PK,"Reichard, Will",3,39,13,4,4,4,FALSE,3
2026,17222,PK,"Loop, Tyler",3,31,10.333333333333334,5,5,5,FALSE,3
2026,14244,PK,"Gay, Matt",3,25.4,8.466666666666667,6,6,6,FALSE,3
2026,17277,PK,"Fitzgerald, Ryan",3,24.2,8.066666666666666,7,7,7,FALSE,3
2026,16419,PK,"Szmyt, Andre",3,23.8,7.933333333333334,8,8,8,FALSE,3
2026,16292,PK,"Ryland, Chad",3,20,6.666666666666667,9,9,9,FALSE,3
2026,13832,PK,"Sanders, Jason",3,18,6,10,10,10,FALSE,3
2026,17736,PK,"Zvada, Dominic",3,17.2,5.733333333333333,11,11,11,FALSE,3
2026,12860,PK,"Fairbairn, Ka'imi",3,15.6,5.2,12,12,12,FALSE,3
2026,12437,PK,"Myers, Jason",3,14.9,4.966666666666667,13,13,13,FALSE,3
2026,13303,PK,"Elliott, Jake",3,14.299999999999999,4.766666666666667,14,14,14,FALSE,3
2026,13719,PK,"Pineiro, Eddy",3,13,4.333333333333333,15,15,15,FALSE,3
2026,17726,PK,"Stevens, Drew",3,12.5,4.166666666666667,16,16,16,FALSE,3
2026,11936,PK,"Boswell, Chris",3,12.4,4.133333333333334,17,17,17,FALSE,3
2026,16414,PK,"Aubrey, Brandon",3,12.000000000000002,4.000000000000001,18,18,18,FALSE,3
2026,17668,PK,"Smack, Trey",3,11.7,3.9,19,19,19,FALSE,3
2026,11945,PK,"Santos, Cairo",3,11.5,3.8333333333333335,20,20,20,FALSE,3
2026,14983,PK,"Bass, Tyler",3,11,3.6666666666666665,21,21,21,FALSE,3
2026,16843,PK,"Mevis, Harrison",3,10,3.3333333333333335,22,22,22,FALSE,3
2026,13718,PK,"Carlson, Daniel",3,7.899999999999999,2.633333333333333,23,23,23,FALSE,3
2026,17220,PK,"Borregales, Andres",3,6.8999999999999995,2.3,24,24,24,FALSE,3
2026,16846,PK,"Bates, Jake",3,5.5,1.8333333333333333,25,25,25,FALSE,3
2026,16680,PK,"Little, Cam",3,5.1,1.7,26,26,26,FALSE,3
2026,13354,PK,"Butker, Harrison",3,4.700000000000001,1.566666666666667,27,27,27,FALSE,3
2026,8851,PK,"Folk, Nick",3,4,1.3333333333333333,28,28,28,FALSE,3
2026,12956,PK,"Lutz, Wil",3,2.1999999999999993,0.7333333333333331,29,29,29,FALSE,3
2026,15369,PK,"Patterson, Riley",3,1.2000000000000006,0.4000000000000002,30,30,30,FALSE,3
2026,14600,PK,"Slye, Joey",3,1,0.3333333333333333,31,31,31,FALSE,3
2026,15979,PK,"Dicker, Cameron",3,-7.1000000000000005,-2.3666666666666667,32,32,32,FALSE,3
2026,16452,PN,"Whelan, Daniel",3,27.1,9.033333333333333,1,1,1,FALSE,3
2026,15884,PN,"Stout, Jordan",3,26,8.666666666666666,2,2,2,FALSE,3
2026,14985,PN,"Mann, Braden",3,24.1,8.033333333333333,3,3,3,FALSE,3
2026,14630,PN,"Cole, A.J.",3,23.3,7.766666666666667,4,4,4,FALSE,3
2026,17241,PN,"Crawshaw, Jeremy",3,20.5,6.833333333333333,5,5,5,FALSE,3
2026,15911,PN,"Araiza, Matt",3,19.2,6.3999999999999995,6,6,6,FALSE,3
2026,11985,PN,"Way, Tress",3,17.900000000000002,5.966666666666668,7,7,7,FALSE,3
2026,13848,PN,"Johnston, Cam",3,17.9,5.966666666666666,8,8,8,FALSE,3
2026,15051,PN,"Townsend, Tommy",3,17.4,5.8,9,9.5,9,FALSE,3
2026,10945,PN,"Hekker, Johnny",1,5.8,5.8,32,9.5,9.5,FALSE,3
2026,14256,PN,"Bailey, Jake",3,17.1,5.7,10,11,10,FALSE,3
2026,13869,PN,"Bojorquez, Corey",3,16.8,5.6000000000000005,11,13,11,FALSE,3
2026,11383,PN,"Martin, Sam",3,16.6,5.533333333333334,12,14,12,FALSE,3
2026,17761,PN,"Thorson, Brett",2,11.3,5.65,21,12,12,FALSE,3
2026,15032,PN,"Fox, Jack",3,16.4,5.466666666666666,13,15,13,FALSE,3
2026,17352,PN,"Kroeger, Kai",3,16.099999999999998,5.366666666666666,14,16,14,FALSE,3
2026,15499,PN,"Gillikin, Blake",3,14.9,4.966666666666667,15,17,15,FALSE,3
2026,17339,PN,"McNamara, Austin",3,14.4,4.8,16,18,16,FALSE,3
2026,14227,PN,"Wishnowsky, Mitch",3,12.8,4.266666666666667,17,19,17,FALSE,3
2026,13844,PN,"Cooke, Logan",3,12.6,4.2,18,20,18,FALSE,3
2026,16724,PN,"Taylor, Tory",3,12.4,4.133333333333334,19,21,19,FALSE,3
2026,16351,PN,"Evans, Ethan",3,11.799999999999999,3.933333333333333,20,22,20,FALSE,3
2026,13431,PN,"Sanchez, Rigoberto",3,11.2,3.733333333333333,22,23,22,FALSE,3
2026,12842,PN,"Dixon, Riley",3,10.1,3.3666666666666667,23,24,23,FALSE,3
2026,16887,PN,"Rehkow, Ryan",3,9.9,3.3000000000000003,24,25,24,FALSE,3
2026,10814,PN,"Anger, Bryan",3,8.8,2.9333333333333336,25,26,25,FALSE,3
2026,15668,PN,"Waitman, Corliss",3,8.7,2.9,26,27,26,FALSE,3
2026,13782,PN,"Dickson, Michael",3,8,2.6666666666666665,27,28,27,FALSE,3
2026,17664,PN,"Eckley, Ryan",3,7.4,2.466666666666667,28,29,28,FALSE,3
2026,16010,PN,"Wright, Ryan",3,7,2.3333333333333335,29,30,29,FALSE,3
2026,17689,PN,"Doman, Tommy",3,6.9,2.3000000000000003,30,31,30,FALSE,3
2026,13791,PN,"Scott, J.K.",3,6,2,31,32,31,FALSE,3
2026,12323,PN,"Pinion, Bradley",3,3.1,1.0333333333333334,33,33,33,FALSE,3
2026,15698,QB,"Purdy, Brock",3,170.3,56.76666666666667,1,1,1,FALSE,3
2026,13116,QB,"Mahomes, Patrick",3,138.5,46.166666666666664,2,2,2,FALSE,3
2026,13589,QB,"Allen, Josh",3,129.1,43.03333333333333,3,4,3,FALSE,3
2026,10948,QB,"Keenum, Case",1,46.1,46.1,25,3,3,FALSE,3
2026,13593,QB,"Jackson, Lamar",3,126.6,42.199999999999996,4,5,4,FALSE,3
2026,16148,QB,"Young, Bryce",3,122.60000000000001,40.86666666666667,5,6,5,FALSE,3
2026,12620,QB,"Prescott, Dak",3,121.9,40.63333333333333,6,7,6,FALSE,3
2026,12611,QB,"Goff, Jared",3,107.7,35.9,7,9,7,FALSE,3
2026,14057,QB,"Lock, Drew",2,74.9,37.45,16,8,8,FALSE,3
2026,11150,QB,"Smith, Geno",3,93.69999999999999,31.23333333333333,8,12,8,FALSE,3
2026,15237,QB,"Lawrence, Trevor",3,87.8,29.266666666666666,9,13,9,FALSE,3
2026,14777,QB,"Burrow, Joe",3,87.4,29.133333333333336,10,14,10,FALSE,3
2026,16583,QB,"Penix Jr., Michael",1,33.3,33.3,30,10,10,FALSE,3
2026,13113,QB,"Watson, Deshaun",3,84.5,28.166666666666668,11,15,11,FALSE,3
2026,16579,QB,"Williams, Caleb",2,64.10000000000001,32.050000000000004,20,11,11,FALSE,3
2026,17039,QB,"Shough, Tyler",3,79.7,26.566666666666666,12,16,12,FALSE,3
2026,9431,QB,"Stafford, Matthew",3,77.1,25.7,13,17,13,FALSE,3
2026,12616,QB,"Brissett, Jacoby",3,77,25.666666666666668,14,18,14,FALSE,3
2026,10700,QB,"Cousins, Kirk",3,76.1,25.366666666666664,15,19,15,FALSE,3
2026,16150,QB,"Stroud, C.J.",3,74,24.666666666666668,17,20,17,FALSE,3
2026,14783,QB,"Hurts, Jalen",3,69.4,23.133333333333336,18,23,18,FALSE,3
2026,14782,QB,"Love, Jordan",3,66.5,22.166666666666668,19,24,19,FALSE,3
2026,12141,QB,"Mariota, Marcus",2,48.7,24.35,23,21,21,FALSE,3
2026,17030,QB,"Ward, Cam",3,53.4,17.8,21,27,21,FALSE,3
2026,17032,QB,"Dart, Jaxson",2,48.1,24.05,24,22,22,FALSE,3
2026,15694,QB,"Willis, Malik",3,49.1,16.366666666666667,22,28,22,FALSE,3
2026,13592,QB,"Darnold, Sam",2,42.9,21.45,27,25,25,FALSE,3
2026,16581,QB,"Daniels, Jayden",2,42.1,21.05,28,26,26,FALSE,3
2026,16582,QB,"Nix, Bo",3,45.89999999999999,15.299999999999997,26,29,26,FALSE,3
2026,7836,QB,"Rodgers, Aaron",3,39.5,13.166666666666666,29,31,29,FALSE,3
2026,12610,QB,"Wentz, Carson",2,29.8,14.9,33,30,30,FALSE,3
2026,13590,QB,"Mayfield, Baker",3,31.5,10.5,31,32,31,FALSE,3
2026,14779,QB,"Herbert, Justin",3,30.5,10.166666666666666,32,33,32,FALSE,3
2026,14059,QB,"Jones, Daniel",3,27.8,9.266666666666667,34,34,34,FALSE,3
2026,16580,QB,"Maye, Drake",3,14.3,4.766666666666667,35,35,35,FALSE,3
2026,16441,QB,"DeVito, Tommy",1,3.4,3.4,36,36,36,FALSE,3
2026,16153,QB,"Bennett, Stetson",1,2.9,2.9,37,37,37,FALSE,3
2026,16384,QB,"Bagent, Tyson",1,2.5,2.5,38.5,38,38,FALSE,3
2026,15692,QB,"Pickett, Kenny",2,2.5,1.25,38.5,39,38.5,FALSE,3
2026,17034,QB,"Ewers, Quinn",1,0,0,41,41,41,FALSE,3
2026,15238,QB,"Fields, Justin",1,0,0,41,41,41,FALSE,3
2026,9064,QB,"Flacco, Joe",1,0,0,41,41,41,FALSE,3
2026,12140,QB,"Winston, Jameis",2,-0.5,-0.25,43.5,43,43,FALSE,3
2026,17031,QB,"Sanders, Shedeur",1,-0.5,-0.5,43.5,44,43.5,FALSE,3
2026,14056,QB,"Murray, Kyler",2,-1.2999999999999998,-0.6499999999999999,46,45,45,FALSE,3
2026,13595,QB,"Rudolph, Mason",1,-0.9,-0.9,45,46,45,FALSE,3
2026,15241,QB,"Jones, Mac",1,-1.4,-1.4,47,47,47,FALSE,3
2026,13968,QB,"Mullens, Nick",1,-2.1,-2.1,48,48,48,FALSE,3
2026,10313,QB,"Dalton, Andy",1,-10,-10,49,49,49,FALSE,3
2026,17469,QB,"Daniels, Jalon",1,-10.7,-10.7,50,50,50,FALSE,3
2026,13124,QB,"Rush, Cooper",2,-32.5,-16.25,52,51,51,FALSE,3
2026,17743,QB,"Strand, Jack",1,-21,-21,51,52,51,FALSE,3
2026,16162,RB,"Gibbs, Jahmyr",3,82.6,27.53333333333333,1,1,1,FALSE,3
2026,15711,RB,"Walker III, Kenneth",3,71.4,23.8,2,2,2,FALSE,3
2026,16161,RB,"Robinson, Bijan",3,68.4,22.8,3,3,3,FALSE,3
2026,12626,RB,"Henry, Derrick",3,65.3,21.766666666666666,4,4,4,FALSE,3
2026,14802,RB,"Taylor, Jonathan",3,49.5,16.5,5,5,5,FALSE,3
2026,15710,RB,"Williams, Kyren",3,48.5,16.166666666666668,6,6,6,FALSE,3
2026,15261,RB,"Hubbard, Chuba",3,45.7,15.233333333333334,7,7,7,FALSE,3
2026,13130,RB,"McCaffrey, Christian",3,45.5,15.166666666666666,8.5,8.5,8.5,FALSE,3
2026,17052,RB,"Tuten, Bhayshul",3,45.5,15.166666666666666,8.5,8.5,8.5,FALSE,3
2026,15715,RB,"Cook, James",3,43.4,14.466666666666667,10,10,10,FALSE,3
2026,14797,RB,"Swift, D'Andre",3,42.699999999999996,14.233333333333333,11,11,11,FALSE,3
2026,15742,RB,"Warren, Jaylen",3,37.7,12.566666666666668,12,12,12,FALSE,3
2026,17042,RB,"Jeanty, Ashton",3,35.1,11.700000000000001,13,13,13,FALSE,3
2026,15708,RB,"Hall, Breece",3,34.5,11.5,14,14,14,FALSE,3
2026,17066,RB,"Monangai, Kyle",3,34.1,11.366666666666667,15,15,15,FALSE,3
2026,15253,RB,"Etienne, Travis",3,33.5,11.166666666666666,16,16,16,FALSE,3
2026,15256,RB,"Williams, Javonte",3,31,10.333333333333334,17,17,17,FALSE,3
2026,13319,RB,"Jones, Aaron",3,25.9,8.633333333333333,18,20,18,FALSE,3
2026,15972,RB,"Mason, Jordan",1,9.3,9.3,49,18,18,FALSE,3
2026,14095,RB,"Johnson, Ty",1,9,9,50,19,19,FALSE,3
2026,17472,RB,"Love, Jeremiyah",3,25.3,8.433333333333334,19,21,19,FALSE,3
2026,16181,RB,"Brown, Chase",3,22.8,7.6000000000000005,20,22,20,FALSE,3
2026,15721,RB,"White, Rachaad",3,22.7,7.566666666666666,21,23,21,FALSE,3
2026,15716,RB,"Robinson, Brian",3,22.1,7.366666666666667,22,24,22,FALSE,3
2026,14071,RB,"Montgomery, David",3,20.2,6.733333333333333,23,26,23,FALSE,3
2026,16178,RB,"Mitchell, Keaton",3,20,6.666666666666667,24.5,27.5,24.5,FALSE,3
2026,14085,RB,"Pollard, Tony",3,20,6.666666666666667,24.5,27.5,24.5,FALSE,3
2026,17043,RB,"Henderson, TreVeyon",2,14,7,33,25,25,FALSE,3
2026,16598,RB,"Irving, Bucky",3,19.4,6.466666666666666,26,29,26,FALSE,3
2026,17044,RB,"Hampton, Omarion",3,18.8,6.266666666666667,27,30,27,FALSE,3
2026,16593,RB,"Corum, Blake",3,18.7,6.233333333333333,28,31,28,FALSE,3
2026,13604,RB,"Barkley, Saquon",3,18,6,29.5,32.5,29.5,FALSE,3
2026,17474,RB,"Johnson, Emmett",3,18,6,29.5,32.5,29.5,FALSE,3
2026,17482,RB,"Washington Jr., Mike",3,17.900000000000002,5.966666666666668,31,34,31,FALSE,3
2026,17045,RB,"Skattebo, Cam",3,15.7,5.233333333333333,32,36,32,FALSE,3
2026,16167,RB,"Achane, De'Von",3,13.2,4.3999999999999995,34,38,34,FALSE,3
2026,17477,RB,"Coleman, Jonah",2,10.6,5.3,44,35,35,FALSE,3
2026,17051,RB,"Judkins, Quinshon",3,12.9,4.3,35,39.5,35,FALSE,3
2026,15259,RB,"Stevenson, Rhamondre",3,12.299999999999999,4.1,36,41,36,FALSE,3
2026,17068,RB,"Harvey, RJ",2,10.100000000000001,5.050000000000001,47,37,37,FALSE,3
2026,17062,RB,"Sanders, Raheim",3,12.1,4.033333333333333,37,42,37,FALSE,3
2026,16608,RB,"Holani, George",3,11.9,3.966666666666667,38,43,38,FALSE,3
2026,16597,RB,"Brooks, Jonathon",2,8.6,4.3,51,39.5,39.5,FALSE,3
2026,17053,RB,"Marks, Woody",3,11.7,3.9,39.5,44.5,39.5,FALSE,3
2026,13133,RB,"Perine, Samaje",3,11.7,3.9,39.5,44.5,39.5,FALSE,3
2026,16174,RB,"Rodriguez, Chris",3,11.6,3.8666666666666667,41,46,41,FALSE,3
2026,16496,RB,"Russell, Brady",3,11,3.6666666666666665,42.5,48.5,42.5,FALSE,3
2026,16678,RB,"Vaki, Sione",3,11,3.6666666666666665,42.5,48.5,42.5,FALSE,3
2026,17256,RB,"Croskey-Merritt, Jacory",3,10.5,3.5,45,50,45,FALSE,3
2026,17485,RB,"Black, Kaelon",3,10.4,3.466666666666667,46,51,46,FALSE,3
2026,15718,RB,"Badie, Tyler",2,7.6,3.8,54,47,47,FALSE,3
2026,16596,RB,"Allen, Braelon",3,9.4,3.1333333333333333,48,54,48,FALSE,3
2026,14086,RB,"Hill, Justice",3,8.3,2.766666666666667,52,55,52,FALSE,3
2026,14080,RB,"Singletary, Devin",2,6.8999999999999995,3.4499999999999997,57,52,52,FALSE,3
2026,15254,RB,"Harris, Najee",2,6.6000000000000005,3.3000000000000003,58,53,53,FALSE,3
2026,16432,RB,"Wilson, Emanuel",3,7.800000000000001,2.6,53,56,53,FALSE,3
2026,17059,RB,"Gordon II, Ollie",3,7.4,2.466666666666667,55.5,57.5,55.5,FALSE,3
2026,11367,RB,"Juszczyk, Kyle",3,7.4,2.466666666666667,55.5,57.5,55.5,FALSE,3
2026,15800,RB,"Heyward, Connor",3,6.4,2.1333333333333333,59,59,59,FALSE,3
2026,15712,RB,"Allgeier, Tyler",3,6.1,2.033333333333333,60,60,60,FALSE,3
2026,14420,RB,"Ingold, Alec",3,6,2,61,61,61,FALSE,3
2026,16387,RB,"Brooks, Chris",3,5.300000000000001,1.7666666666666668,62,62,62,FALSE,3
2026,13455,RB,"Ricard, Patrick",3,5,1.6666666666666667,63,63,63,FALSE,3
2026,16165,RB,"Spears, Tyjae",3,4.8,1.5999999999999999,64,64,64,FALSE,3
2026,15727,RB,"Knight, Bam",3,4.3,1.4333333333333333,65,65,65,FALSE,3
2026,17478,RB,"Allen, Kaytron",3,4,1.3333333333333333,66,68,66,FALSE,3
2026,15726,RB,"Rivers, Ronnie",2,2.8,1.4,73,66,66,FALSE,3
2026,12155,RB,"Abdullah, Ameer",3,3.9000000000000004,1.3,67,70,67,FALSE,3
2026,14083,RB,"Homer, Travis",2,2.7,1.35,74,67,67,FALSE,3
2026,16601,RB,"Shipley, Will",3,3.9,1.3,68,70,68,FALSE,3
2026,14805,RB,"Dillon, AJ",3,3.3,1.0999999999999999,69,72,69,FALSE,3
2026,14815,RB,"Dallas, DeeJay",3,3.1,1.0333333333333334,70,73,70,FALSE,3
2026,17267,RB,"Larison, Lan",1,1.3,1.3,86,70,70,FALSE,3
2026,16527,RB,"VanSumeren, Ben",3,3,1,71.5,75,71.5,FALSE,3
2026,16757,RB,"Vidal, Kimani",3,3,1,71.5,75,71.5,FALSE,3
2026,14823,RB,"Dowdle, Rico",2,2,1,77.5,75,75,FALSE,3
2026,16391,RB,"Luepke, Hunter",3,2.5999999999999996,0.8666666666666666,75,77,75,FALSE,3
2026,15965,RB,"Chestnut, Julius",3,2,0.6666666666666666,77.5,80,77.5,FALSE,3
2026,14800,RB,"Dobbins, J.K.",3,2,0.6666666666666666,77.5,80,77.5,FALSE,3
2026,16175,RB,"Johnson, Roschon",3,2,0.6666666666666666,77.5,80,77.5,FALSE,3
2026,17055,RB,"James, Jordan",2,1.5,0.75,82,78,78,FALSE,3
2026,13132,RB,"Kamara, Alvin",2,1.1,0.55,88,82,82,FALSE,3
2026,16613,RB,"Laube, Dylan",3,1.5,0.5,82,85,82,FALSE,3
2026,17648,RB,"Nowakowski, Riley",3,1.5,0.5,82,85,82,FALSE,3
2026,17473,RB,"Price, Jadarian",3,1.5,0.5,82,85,82,FALSE,3
2026,16850,RB,"Saylors, Jacob",3,1.5,0.5,82,85,82,FALSE,3
2026,15650,RB,"Prentice, Adam",3,1.4,0.4666666666666666,85,88,85,FALSE,3
2026,16610,RB,"Wright, Jaylen",2,1,0.5,91.5,85,85,FALSE,3
2026,16604,RB,"Lloyd, MarShawn",3,1.2,0.39999999999999997,87,90,87,FALSE,3
2026,15730,RB,"Goodson, Tyler",1,0.4,0.4,98,89,89,FALSE,3
2026,17274,RB,"Kiner, Corey",3,1.0999999999999999,0.36666666666666664,89,92,89,FALSE,3
2026,16171,RB,"Miller, Kendre",2,0.7999999999999998,0.3999999999999999,94,91,91,FALSE,3
2026,16746,RB,"Ali, Rasheen",3,1,0.3333333333333333,91.5,94,91.5,FALSE,3
2026,14319,RB,"Beck, Andrew",3,1,0.3333333333333333,91.5,94,91.5,FALSE,3
2026,17641,RB,"Bredeson, Max",3,1,0.3333333333333333,91.5,94,91.5,FALSE,3
2026,16164,RB,"Bigsby, Tank",3,0.6999999999999996,0.2333333333333332,95,97,95,FALSE,3
2026,16385,RB,"Demercado, Emari",2,0.5,0.25,96.5,96,96,FALSE,3
2026,16816,RB,"Brooks, British",3,0.5,0.16666666666666666,96.5,98,96.5,FALSE,3
2026,15103,RB,"Gilliam, Reggie",3,0.3,0.09999999999999999,99.5,99.5,99.5,FALSE,3
2026,17049,RB,"Smith, Brashard",3,0.3,0.09999999999999999,99.5,99.5,99.5,FALSE,3
2026,17492,RB,"Donaldson, CJ",3,0.29999999999999993,0.09999999999999998,101,101,101,FALSE,3
2026,16599,RB,"Gore Jr., Frank",2,0.1,0.05,102.5,102,102,FALSE,3
2026,16603,RB,"Davis, Ray",3,0.1,0.03333333333333333,102.5,103,102.5,FALSE,3
2026,17058,RB,"Brooks, Tahj",3,0,0,108,108,108,FALSE,3
2026,17491,RB,"Connors, Dean",1,0,0,108,108,108,FALSE,3
2026,17685,RB,"Heidenreich, Eli",2,0,0,108,108,108,FALSE,3
2026,15767,RB,"Jones, Velus",2,0,0,108,108,108,FALSE,3
2026,17047,RB,"Sampson, Dylan",1,0,0,108,108,108,FALSE,3
2026,17476,RB,"Singleton, Nicholas",2,0,0,108,108,108,FALSE,3
2026,16166,RB,"Tucker, Sean",2,0,0,108,108,108,FALSE,3
2026,17791,RB,"Tyus, Anthony",1,0,0,108,108,108,FALSE,3
2026,17359,RB,"Williams, Josh",1,0,0,108,108,108,FALSE,3
2026,17061,RB,"Allen, LeQuint",3,-0.19999999999999996,-0.06666666666666665,113.5,113.5,113.5,FALSE,3
2026,17475,RB,"McGowan, Seth",3,-0.19999999999999996,-0.06666666666666665,113.5,113.5,113.5,FALSE,3
2026,15255,RB,"Gainwell, Kenneth",3,-0.3999999999999999,-0.1333333333333333,115,115,115,FALSE,3
2026,16359,RB,"Nichols, Lew",1,-0.5,-0.5,116,119,116,FALSE,3
2026,12325,RB,"Burton, Michael",3,-1,-0.3333333333333333,118.5,116.5,116.5,FALSE,3
2026,16752,RB,"Davis, Isaiah",3,-1,-0.3333333333333333,118.5,116.5,116.5,FALSE,3
2026,16390,RB,"McLaughlin, Jaleel",2,-0.9,-0.45,117,118,117,FALSE,3
2026,17481,RB,"Claiborne, Demond",2,-1.4000000000000001,-0.7000000000000001,120,121,120,FALSE,3
2026,16747,RB,"Tracy, Tyrone",3,-1.6,-0.5333333333333333,121,120,120,FALSE,3
2026,17048,RB,"Johnson, Kaleb",3,-2.9000000000000004,-0.9666666666666668,122,122,122,FALSE,3
2026,17784,RB,"Herman, DJ",2,-6.9,-3.45,123,123,123,FALSE,3
2026,15366,S,"Holland, Jevon",3,63.3,21.099999999999998,1,1,1,FALSE,3
2026,15452,S,"Hufanga, Talanoa",3,60.699999999999996,20.23333333333333,2,2,2,FALSE,3
2026,15923,S,"Lake, Quentin",3,58.2,19.400000000000002,3,4,3,FALSE,3
2026,14179,S,"Love, Julian",2,40,20,9,3,3,FALSE,3
2026,14182,S,"Hooker, Amani",3,49.8,16.599999999999998,4,5,4,FALSE,3
2026,14927,S,"Chinn, Jeremy",3,42.2,14.066666666666668,5,6,5,FALSE,3
2026,14910,S,"Jones, Brandon",3,41.6,13.866666666666667,6,7,6,FALSE,3
2026,13322,S,"Clark, Chuck",3,41.099999999999994,13.699999999999998,7,8,7,FALSE,3
2026,17576,S,"Thieneman, Dillon",3,40.5,13.5,8,9,8,FALSE,3
2026,14328,S,"Wingard, Andrew",3,39.5,13.166666666666666,10,10,10,FALSE,3
2026,17626,S,"Smith, Genesis",3,36.7,12.233333333333334,11,11,11,FALSE,3
2026,16245,S,"Battle, Jordan",3,34.7,11.566666666666668,12,12,12,FALSE,3
2026,16457,S,"Izien, Christian",2,22.5,11.25,26,13,13,FALSE,3
2026,17131,S,"Watts, Xavier",3,33.6,11.200000000000001,13,14,13,FALSE,3
2026,15364,S,"Cisco, Andre",3,33.5,11.166666666666666,14.5,15.5,14.5,FALSE,3
2026,15834,S,"Hamilton, Kyle",3,33.5,11.166666666666666,14.5,15.5,14.5,FALSE,3
2026,17563,S,"Downs, Caleb",3,33.2,11.066666666666668,16,17,16,FALSE,3
2026,16018,S,"Blankenship, Reed",3,32.5,10.833333333333334,17.5,18.5,17.5,FALSE,3
2026,14224,S,"Gardner-Johnson, Chauncey",3,32.5,10.833333333333334,17.5,18.5,17.5,FALSE,3
2026,16719,S,"Williams, Evan",3,30.3,10.1,19,20,19,FALSE,3
2026,13251,S,"Baker, Budda",3,28.299999999999997,9.433333333333332,20,22,20,FALSE,3
2026,17582,S,"Stukes, Treydan",2,20,10,36,21,21,FALSE,3
2026,17202,S,"Trader, Dante",3,28.1,9.366666666666667,21,23,21,FALSE,3
2026,15835,S,"Brisker, Jaquan",3,27.5,9.166666666666666,22,24,22,FALSE,3
2026,16460,S,"Hickman, Ronnie",3,25.7,8.566666666666666,23,25,23,FALSE,3
2026,17640,S,"Taaffe, Michael",3,24.6,8.200000000000001,24,26,24,FALSE,3
2026,17145,S,"Winston, Kevin",3,23,7.666666666666667,25,29,25,FALSE,3
2026,14908,S,"McKinney, Xavier",3,21.900000000000002,7.300000000000001,27,31,27,FALSE,3
2026,15839,S,"Cross, Nick",2,15.5,7.75,48.5,27.5,27.5,FALSE,3
2026,13767,S,"Maddox, Avonte",2,15.5,7.75,48.5,27.5,27.5,FALSE,3
2026,14995,S,"Metellus, Josh",3,21.8,7.266666666666667,28,32,28,FALSE,3
2026,17577,S,"Wheatley, Zakee",2,15,7.5,51.5,30,30,FALSE,3
2026,16281,S,"Brown, Ji'Ayir",3,21.5,7.166666666666667,30.5,35.5,30.5,FALSE,3
2026,15860,S,"Cook, Bryan",3,21.5,7.166666666666667,30.5,35.5,30.5,FALSE,3
2026,11327,S,"Jefferson, Tony",3,21.5,7.166666666666667,30.5,35.5,30.5,FALSE,3
2026,15850,S,"Pitre, Jalen",3,21.5,7.166666666666667,30.5,35.5,30.5,FALSE,3
2026,14933,S,"Blackmon, Julian",3,20.8,6.933333333333334,33,38,33,FALSE,3
2026,17172,S,"Woodson, Craig",2,14.5,7.25,53.5,33,33,FALSE,3
2026,13714,S,"James, Derwin",3,20.5,6.833333333333333,34,39,34,FALSE,3
2026,16708,S,"Smith, Tykee",3,20.4,6.8,35,40,35,FALSE,3
2026,16727,S,"Hicks, Jaden",3,19.2,6.3999999999999995,37,43,37,FALSE,3
2026,17207,S,"Sigle, Marques",3,18.5,6.166666666666667,38,44,38,FALSE,3
2026,16677,S,"Bullard, Javon",3,17.8,5.933333333333334,39,47,39,FALSE,3
2026,16705,S,"Bullock, Calen",3,17.5,5.833333333333333,40,48,40,FALSE,3
2026,16679,S,"Nubin, Tyler",2,13.5,6.75,57,41,41,FALSE,3
2026,14434,S,"Reaves, Jeremy",3,17.2,5.733333333333333,41,49,41,FALSE,3
2026,15875,S,"Belton, Dane",3,17,5.666666666666667,42,50,42,FALSE,3
2026,16928,S,"Harper, Thomas",2,13,6.5,59.5,42,42,FALSE,3
2026,17132,S,"Starks, Malaki",3,16.7,5.566666666666666,43,51,43,FALSE,3
2026,13737,S,"Bates, Jessie",3,16.5,5.5,44.5,52.5,44.5,FALSE,3
2026,17167,S,"Sanker, Jonas",3,16.5,5.5,44.5,52.5,44.5,FALSE,3
2026,16676,S,"Kinchens, Kamren",1,6,6,87.5,45.5,45.5,FALSE,3
2026,14302,S,"Scott, Nick",2,12,6,64,45.5,45.5,FALSE,3
2026,17181,S,"Ransom, Lathan",3,16,5.333333333333333,46,54,46,FALSE,3
2026,15418,S,"Bynum, Camryn",3,15.5,5.166666666666667,48.5,55.5,48.5,FALSE,3
2026,14909,S,"Winfield, Antoine",3,15.5,5.166666666666667,48.5,55.5,48.5,FALSE,3
2026,14907,S,"Delpit, Grant",3,15,5,51.5,57.5,51.5,FALSE,3
2026,16700,S,"Bishop, Cole",3,14.5,4.833333333333333,53.5,59,53.5,FALSE,3
2026,15946,S,"Thomas II, Rodney",3,14.3,4.766666666666667,55,60,55,FALSE,3
2026,14982,S,"Gilman, Alohi",3,14,4.666666666666667,56,62,56,FALSE,3
2026,15448,S,"Pinnock, Jason",1,5,5,92.5,57.5,57.5,FALSE,3
2026,15001,S,"Curl, Kamren",3,13,4.333333333333333,59.5,64,59.5,FALSE,3
2026,13288,S,"Jenkins, Rayshawn",3,13,4.333333333333333,59.5,64,59.5,FALSE,3
2026,13717,S,"Reid, Justin",3,13,4.333333333333333,59.5,64,59.5,FALSE,3
2026,13325,S,"Woods, Xavier",2,9.5,4.75,72,61,61,FALSE,3
2026,15676,S,"Anderson, Zayne",3,12,4,64,68,64,FALSE,3
2026,14270,S,"Epps, Marcus",3,12,4,64,68,64,FALSE,3
2026,14954,S,"Hawkins, Jaylinn",3,12,4,64,68,64,FALSE,3
2026,14518,S,"Thompson, Jalen",3,12,4,64,68,64,FALSE,3
2026,15365,S,"Moehrig, Trevon",3,10.5,3.5,67.5,71.5,67.5,FALSE,3
2026,10783,S,"Smith, Harrison",3,10.5,3.5,67.5,71.5,67.5,FALSE,3
2026,15402,S,"Molden, Elijah",1,4,4,95.5,68,68,FALSE,3
2026,15921,S,"Jackson, Theo",3,10,3.3333333333333335,69,73,69,FALSE,3
2026,17153,S,"Mukuba, Andrew",3,9.8,3.266666666666667,70,74,70,FALSE,3
2026,16263,S,"Martin, Quan",3,9.7,3.233333333333333,71,75,71,FALSE,3
2026,14921,S,"Dugger, Kyle",3,9,3,73.5,76.5,73.5,FALSE,3
2026,17601,S,"Haulcy, A.J.",3,9,3,73.5,76.5,73.5,FALSE,3
2026,12752,S,"Byard, Kevin",3,8.8,2.9333333333333336,75.5,78.5,75.5,FALSE,3
2026,16246,S,"Johnson, Antonio",3,8.8,2.9333333333333336,75.5,78.5,75.5,FALSE,3
2026,16102,S,"Pola-Mao, Isaiah",3,8.5,2.8333333333333335,77,80,77,FALSE,3
2026,17166,S,"Ransaw, Caleb",3,8,2.6666666666666665,78.5,82.5,78.5,FALSE,3
2026,17250,S,"Wohler, Hunter",3,8,2.6666666666666665,78.5,82.5,78.5,FALSE,3
2026,15140,S,"Lewis, Cam",3,7.9,2.6333333333333333,80,84,80,FALSE,3
2026,17239,S,"Mickens, R.J.",2,5.5,2.75,89.5,81,81,FALSE,3
2026,17319,S,"Clark, Alijah",3,7.5,2.5,81.5,86,81.5,FALSE,3
2026,16912,S,"McCollough, Jaylen",3,7.5,2.5,81.5,86,81.5,FALSE,3
2026,17398,S,"Jackson, Keondre",3,7,2.3333333333333335,83.5,88.5,83.5,FALSE,3
2026,17223,S,"Reed, Jaylen",3,7,2.3333333333333335,83.5,88.5,83.5,FALSE,3
2026,16271,S,"Brown, Sydney",3,6.7,2.2333333333333334,85,90,85,FALSE,3
2026,17246,S,"Crawford, Kitan",1,2.5,2.5,105,86,86,FALSE,3
2026,16311,S,"Howden, Jordan",3,6.5,2.1666666666666665,86,91,86,FALSE,3
2026,12772,S,"Murray, Eric",3,6,2,87.5,92.5,87.5,FALSE,3
2026,16725,S,"Mustapha, Malik",3,5.5,1.8333333333333333,89.5,94,89.5,FALSE,3
2026,17211,S,"Hancock, Jordan",2,4,2,95.5,92.5,92.5,FALSE,3
2026,15956,S,"Hicks, Elijah",3,5,1.6666666666666667,92.5,96,92.5,FALSE,3
2026,17575,S,"McNeil-Warren, Emmanuel",3,5,1.6666666666666667,92.5,96,92.5,FALSE,3
2026,17753,S,"Thomas, Jacob",3,5,1.6666666666666667,92.5,96,92.5,FALSE,3
2026,15874,S,"Butler, Percy",3,3.5,1.1666666666666667,97.5,101.5,97.5,FALSE,3
2026,17680,S,"Spears-Jennings, Robert",3,3.5,1.1666666666666667,97.5,101.5,97.5,FALSE,3
2026,17144,S,"Emmanwori, Nick",2,3,1.5,99.5,98.5,98.5,FALSE,3
2026,17797,S,"Williams, Wydett",1,1.5,1.5,116,98.5,98.5,FALSE,3
2026,15527,S,"Key, Devon",3,3,1,99.5,104.5,99.5,FALSE,3
2026,15094,S,"Locke, P.J.",2,2.5,1.25,105,100,100,FALSE,3
2026,15985,S,"Bell, Markquese",3,2.9,0.9666666666666667,101,107,101,FALSE,3
2026,13228,S,"Hooker, Malik",1,1,1,119.5,104.5,104.5,FALSE,3
2026,16900,S,"Pettus, Dell",2,2,1,112.5,104.5,104.5,FALSE,3
2026,14963,S,"Thomas, Daniel",1,1,1,119.5,104.5,104.5,FALSE,3
2026,16014,S,"Adams, Tony",3,2.5,0.8333333333333334,105,110,105,FALSE,3
2026,14911,S,"Davis, Ashtyn",3,2.5,0.8333333333333334,105,110,105,FALSE,3
2026,17186,S,"Moore, Malachi",3,2.5,0.8333333333333334,105,110,105,FALSE,3
2026,16880,S,"Owens, Tyler",3,2.5,0.8333333333333334,105,110,105,FALSE,3
2026,15510,S,"Washington, Ar'Darius",3,2.5,0.8333333333333334,105,110,105,FALSE,3
2026,15469,S,"Hamlin, Damar",3,2.3,0.7666666666666666,109,113,109,FALSE,3
2026,17343,S,"Jules, PJ",3,2,0.6666666666666666,112.5,116,112.5,FALSE,3
2026,17229,S,"Lane, Rayuan",3,2,0.6666666666666666,112.5,116,112.5,FALSE,3
2026,17365,S,"McMillon, Donovan",3,2,0.6666666666666666,112.5,116,112.5,FALSE,3
2026,17755,S,"Nwankpa, Xavier",3,2,0.6666666666666666,112.5,116,112.5,FALSE,3
2026,14414,S,"Owens, Jonathan",3,2,0.6666666666666666,112.5,116,112.5,FALSE,3
2026,16118,S,"Brown, Mike",1,0.5,0.5,126,119.5,119.5,FALSE,3
2026,14942,S,"Burgess, Terrell",3,1,0.3333333333333333,119.5,122.5,119.5,FALSE,3
2026,16352,S,"Hellams, DeMarcco",3,1,0.3333333333333333,119.5,122.5,119.5,FALSE,3
2026,15363,S,"Melifonwu, Ifeatu",3,1,0.3333333333333333,119.5,122.5,119.5,FALSE,3
2026,17798,S,"Reid, Mike",1,0.5,0.5,126,119.5,119.5,FALSE,3
2026,16375,S,"Williamson, Kendall",3,1,0.3333333333333333,119.5,122.5,119.5,FALSE,3
2026,16247,S,"Skinner, JL",3,0.8,0.26666666666666666,123,125,123,FALSE,3
2026,17564,S,"Ramsey, Kamari",3,0.5,0.16666666666666666,126,127,126,FALSE,3
2026,16304,S,"Ward, Jay",3,0.5,0.16666666666666666,126,127,126,FALSE,3
2026,16989,S,"Wood, Julius",3,0.5,0.16666666666666666,126,127,126,FALSE,3
2026,16515,S,"Finley, AJ",2,0.30000000000000004,0.15000000000000002,129,129,129,FALSE,3
2026,13713,S,"Fitzpatrick, Minkah",1,0,0,132,132,132,FALSE,3
2026,12776,S,"Killebrew, Miles",3,0,0,132,132,132,FALSE,3
2026,16571,S,"McCollum, Tristin",2,0,0,132,132,132,FALSE,3
2026,16750,S,"Oladapo, Kitan",3,0,0,132,132,132,FALSE,3
2026,16717,S,"Taylor-Demerson, Dadrion",1,0,0,132,132,132,FALSE,3
2026,15903,S,"Anderson, Tycen",3,-1.5,-0.5,135.5,135.5,135.5,FALSE,3
2026,13939,S,"Odum, George",3,-1.5,-0.5,135.5,135.5,135.5,FALSE,3
2026,16340,S,"Hallett, Erick",3,-1.7999999999999998,-0.6,137,137,137,FALSE,3
2026,15595,S,"Campbell, Elijah",3,-2.7,-0.9,138.5,138.5,138.5,FALSE,3
2026,17423,S,"Ingle, Tanner",3,-2.7,-0.9,138.5,138.5,138.5,FALSE,3
2026,15148,S,"Franklin, Sam",3,-3.1,-1.0333333333333334,140,140,140,FALSE,3
2026,16641,TE,"Bowers, Brock",1,21.7,21.7,12,1,1,FALSE,3
2026,11244,TE,"Kelce, Travis",3,48.7,16.233333333333334,1,2,1,FALSE,3
2026,16213,TE,"Kincaid, Dalton",3,45.6,15.200000000000001,2,3,2,FALSE,3
2026,14861,TE,"Johnson, Juwan",3,41.1,13.700000000000001,3,4,3,FALSE,3
2026,13299,TE,"Kittle, George",3,38.3,12.766666666666666,4,5,4,FALSE,3
2026,15794,TE,"McBride, Trey",3,32.7,10.9,5,6,5,FALSE,3
2026,13772,TE,"Schultz, Dalton",3,29.5,9.833333333333334,6,8,6,FALSE,3
2026,13674,TE,"Goedert, Dallas",2,20.2,10.1,13.5,7,7,FALSE,3
2026,17543,TE,"Sadiq, Kenyon",3,28.7,9.566666666666666,7,9,7,FALSE,3
2026,13672,TE,"Gesicki, Mike",3,28,9.333333333333334,8,10,8,FALSE,3
2026,17103,TE,"Fannin, Harold",3,25.7,8.566666666666666,9,11,9,FALSE,3
2026,16214,TE,"LaPorta, Sam",3,24.3,8.1,10,12,10,FALSE,3
2026,12263,TE,"Waller, Darren",3,24.1,8.033333333333333,11,13,11,FALSE,3
2026,15331,TE,"Freiermuth, Pat",3,20.2,6.733333333333333,13.5,14,13.5,FALSE,3
2026,14137,TE,"Fant, Noah",3,18.7,6.233333333333333,15,15,15,FALSE,3
2026,16474,TE,"Adkins, Nate",3,16.7,5.566666666666666,16,16,16,FALSE,3
2026,15798,TE,"Likely, Isaiah",3,16.3,5.433333333333334,17,17,17,FALSE,3
2026,15799,TE,"Ferguson, Jake",3,15.900000000000002,5.300000000000001,18,18,18,FALSE,3
2026,17102,TE,"Warren, Tyler",3,15.8,5.266666666666667,19,19,19,FALSE,3
2026,16212,TE,"Mayer, Michael",3,15.4,5.133333333333334,20,21,20,FALSE,3
2026,17607,TE,"Raridon, Eli",2,10.4,5.2,32,20,20,FALSE,3
2026,16222,TE,"Kraft, Tucker",3,15.2,5.066666666666666,21,22,21,FALSE,3
2026,13671,TE,"Andrews, Mark",3,14.9,4.966666666666667,22.5,23.5,22.5,FALSE,3
2026,16216,TE,"Washington, Darnell",3,14.9,4.966666666666667,22.5,23.5,22.5,FALSE,3
2026,15802,TE,"Otton, Cade",3,14,4.666666666666667,24,26,24,FALSE,3
2026,14138,TE,"Hockenson, T.J.",3,13.7,4.566666666666666,25,27,25,FALSE,3
2026,13192,TE,"Njoku, David",2,9.9,4.95,35,25,25,FALSE,3
2026,16723,TE,"Barner, AJ",3,13.2,4.3999999999999995,26,28,26,FALSE,3
2026,13189,TE,"Engram, Evan",3,12.5,4.166666666666667,27,29,27,FALSE,3
2026,15797,TE,"Dulcich, Greg",3,12,4,28,30,28,FALSE,3
2026,16269,TE,"Strange, Brenton",3,11.899999999999999,3.9666666666666663,29,31,29,FALSE,3
2026,17627,TE,"Hibner, Matthew",3,11.2,3.733333333333333,30,32,30,FALSE,3
2026,15796,TE,"Ruckert, Jeremy",3,11.100000000000001,3.7000000000000006,31,33,31,FALSE,3
2026,13246,TE,"Alie-Cox, Mo",3,10.2,3.4,33.5,34.5,33.5,FALSE,3
2026,13193,TE,"Smith, Jonnu",3,10.2,3.4,33.5,34.5,33.5,FALSE,3
2026,12676,TE,"Henry, Hunter",3,9.7,3.233333333333333,36,36,36,FALSE,3
2026,17107,TE,"Ferguson, Terrance",3,9.600000000000001,3.2000000000000006,37,37,37,FALSE,3
2026,16647,TE,"Spann-Ford, Brevyn",3,9.6,3.1999999999999997,38,38,38,FALSE,3
2026,14239,TE,"Moreau, Foster",3,9.2,3.0666666666666664,39,39,39,FALSE,3
2026,16333,TE,"Higgins, Elijah",3,9,3,40,40,40,FALSE,3
2026,14867,TE,"Kmet, Cole",3,8,2.6666666666666665,41,41,41,FALSE,3
2026,12678,TE,"Higbee, Tyler",3,7.800000000000001,2.6,42,42,42,FALSE,3
2026,12677,TE,"Hooper, Austin",3,7.7,2.566666666666667,43,43,43,FALSE,3
2026,17099,TE,"Gadsden, Oronde",3,7.5,2.5,44,44,44,FALSE,3
2026,15626,TE,"Wright, Brock",3,7.4,2.466666666666667,45,45,45,FALSE,3
2026,15337,TE,"Gray, Noah",3,6.8,2.2666666666666666,46,46,46,FALSE,3
2026,16219,TE,"Allen, Davis",3,6.3,2.1,47,47,47,FALSE,3
2026,17109,TE,"Evans, Mitchell",3,5.6,1.8666666666666665,48,48,48,FALSE,3
2026,17105,TE,"Helm, Gunnar",3,5.5,1.8333333333333333,49,49,49,FALSE,3
2026,16940,TE,"Whiteheart, Blake",3,5.2,1.7333333333333334,50,50,50,FALSE,3
2026,15889,TE,"Okonkwo, Chigoziem",1,1.7,1.7,69,51,51,FALSE,3
2026,15332,TE,"Tremble, Tommy",3,4.2,1.4000000000000001,51,52,51,FALSE,3
2026,15840,TE,"Woods, Jelani",3,4,1.3333333333333333,52,53,52,FALSE,3
2026,15937,TE,"Muse, Nick",3,3.5,1.1666666666666667,53,55,53,FALSE,3
2026,17108,TE,"Arroyo, Elijah",3,3.4,1.1333333333333333,54,56,54,FALSE,3
2026,16367,TE,"Willis, Brayden",2,2.5,1.25,59,54,54,FALSE,3
2026,17593,TE,"Klein, Marlin",3,3.2,1.0666666666666667,55,57,55,FALSE,3
2026,17268,TE,"Briningstool, Jake",3,2.8,0.9333333333333332,56.5,59.5,56.5,FALSE,3
2026,17651,TE,"Cuevas, Josh",3,2.8,0.9333333333333332,56.5,59.5,56.5,FALSE,3
2026,14370,TE,"Hudson, Tanner",2,1.9000000000000001,0.9500000000000001,66,58,58,FALSE,3
2026,16898,TE,"Yankoff, Colson",3,2.6999999999999997,0.8999999999999999,58,61,58,FALSE,3
2026,14209,TE,"Oliver, Josh",3,2.4999999999999996,0.8333333333333331,60,63,60,FALSE,3
2026,13678,TE,"Thomas, Ian",3,2.2,0.7333333333333334,61,64,61,FALSE,3
2026,15795,TE,"Kolar, Charlie",2,1.7000000000000002,0.8500000000000001,68,62,62,FALSE,3
2026,15244,TE,"Franks, Feleipe",3,2,0.6666666666666666,63.5,66.5,63.5,FALSE,3
2026,17419,TE,"Latu, Keleki",3,2,0.6666666666666666,63.5,66.5,63.5,FALSE,3
2026,17549,TE,"Roush, Sam",3,2,0.6666666666666666,63.5,66.5,63.5,FALSE,3
2026,17660,TE,"Sharp, Bauer",3,2,0.6666666666666666,63.5,66.5,63.5,FALSE,3
2026,14143,TE,"Knox, Dawson",3,1.9,0.6333333333333333,67,69,67,FALSE,3
2026,17567,TE,"Delp, Oscar",2,1.1,0.55,73,70,70,FALSE,3
2026,13315,TE,"Saubert, Eric",3,1.5999999999999996,0.5333333333333332,70,71,70,FALSE,3
2026,15335,TE,"Farrell, Luke",3,1.2999999999999998,0.4333333333333333,71.5,73.5,71.5,FALSE,3
2026,14146,TE,"Sample, Drew",3,1.2999999999999998,0.4333333333333333,71.5,73.5,71.5,FALSE,3
2026,17774,TE,"Welch, Treyton",2,1,0.5,74,72,72,FALSE,3
2026,11247,TE,"Ertz, Zach",1,0.3,0.3,79,75,75,FALSE,3
2026,16644,TE,"Sinnott, Ben",3,0.7,0.2333333333333333,75,76,75,FALSE,3
2026,15929,TE,"Kieft, Ko",3,0.5,0.16666666666666666,76,77,76,FALSE,3
2026,15341,TE,"Morris, Quintin",3,0.4,0.13333333333333333,77,78.5,77,FALSE,3
2026,15344,TE,"Bates, John",3,0.39999999999999997,0.13333333333333333,78,78.5,78,FALSE,3
2026,16642,TE,"Stover, Cade",3,0.1,0.03333333333333333,80,80,80,FALSE,3
2026,17795,TE,"Arkin, Tanner",1,0,0,89.5,89.5,89.5,FALSE,3
2026,17231,TE,"Bartholomew, Gavin",3,0,0,89.5,89.5,89.5,FALSE,3
2026,13675,TE,"Conklin, Tyler",2,0,0,89.5,89.5,89.5,FALSE,3
2026,17545,TE,"Endries, Jack",1,0,0,89.5,89.5,89.5,FALSE,3
2026,15419,TE,"Granson, Kylen",1,0,0,89.5,89.5,89.5,FALSE,3
2026,17548,TE,"Joly, Justin",1,0,0,89.5,89.5,89.5,FALSE,3
2026,17414,TE,"Kallerup, Nick",2,0,0,89.5,89.5,89.5,FALSE,3
2026,17547,TE,"Klare, Max",2,0,0,89.5,89.5,89.5,FALSE,3
2026,17644,TE,"Koziol, Tanner",1,0,0,89.5,89.5,89.5,FALSE,3
2026,12955,TE,"Manhertz, Chris",3,0,0,89.5,89.5,89.5,FALSE,3
2026,16831,TE,"Martin-Robinson, David",3,0,0,89.5,89.5,89.5,FALSE,3
2026,15620,TE,"Myarick, Chris",2,0,0,89.5,89.5,89.5,FALSE,3
2026,15916,TE,"Ogletree, Drew",3,0,0,89.5,89.5,89.5,FALSE,3
2026,16036,TE,"Tonges, Jake",1,0,0,89.5,89.5,89.5,FALSE,3
2026,17655,TE,"Traore, Seydou",3,0,0,89.5,89.5,89.5,FALSE,3
2026,14870,TE,"Trautman, Adam",3,0,0,89.5,89.5,89.5,FALSE,3
2026,16312,TE,"Whyle, Josh",3,0,0,89.5,89.5,89.5,FALSE,3
2026,12608,TE,"Winchester, James",3,0,0,89.5,89.5,89.5,FALSE,3
2026,13427,TE,"Tonyan, Robert",3,-0.1,-0.03333333333333333,99,99,99,FALSE,3
2026,15334,TE,"Long, Hunter",3,-0.30000000000000004,-0.10000000000000002,100,100,100,FALSE,3
2026,15873,TE,"Bellinger, Daniel",3,-0.39999999999999997,-0.13333333333333333,101,101,101,FALSE,3
2026,14984,TE,"Woerner, Charlie",3,-0.5,-0.16666666666666666,102,102,102,FALSE,3
2026,17104,TE,"Loveland, Colston",3,-0.6999999999999997,-0.23333333333333325,103,103,103,FALSE,3
2026,13676,TE,"Smythe, Durham",3,-0.7,-0.2333333333333333,104,104,104,FALSE,3
2026,16221,TE,"Schoonmaker, Luke",3,-0.8,-0.26666666666666666,105,105,105,FALSE,3
2026,16645,TE,"All, Erick",3,-1,-0.3333333333333333,106.5,106.5,106.5,FALSE,3
2026,17213,TE,"Hawes, Jackson",3,-1,-0.3333333333333333,106.5,106.5,106.5,FALSE,3
2026,14871,TE,"Parkinson, Colby",3,-1.3,-0.43333333333333335,108,108,108,FALSE,3
2026,16919,TE,"Jenkins, E.J.",3,-1.5,-0.5,109.5,109.5,109.5,FALSE,3
2026,15329,TE,"Pitts, Kyle",3,-1.5,-0.5,109.5,109.5,109.5,FALSE,3
2026,13940,TE,"Mundt, Johnny",3,-1.5999999999999999,-0.5333333333333333,111,111,111,FALSE,3
2026,17696,TE,"Ryan, Carsen",3,-2,-0.6666666666666666,112,112,112,FALSE,3
2026,17605,TE,"Kacmarek, Will",3,-2.7,-0.9,113,113,113,FALSE,3
2026,16649,TE,"Johnson, Theo",3,-3.2,-1.0666666666666667,114,114,114,FALSE,3
2026,16218,TE,"Durham, Payne",3,-3.5,-1.1666666666666667,115.5,115.5,115.5,FALSE,3
2026,16217,TE,"Latu, Cameron",3,-3.5,-1.1666666666666667,115.5,115.5,115.5,FALSE,3
2026,17591,TE,"Boerkircher, Nate",3,-3.9000000000000004,-1.3,118,117,117,FALSE,3
2026,17106,TE,"Taylor, Mason",2,-3.7,-1.85,117,118,117,FALSE,3
2026,17407,TE,"Rucci, Hayden",1,-4,-4,119,119,119,FALSE,3
2026,16185,WR,"Smith-Njigba, Jaxon",3,93.5,31.166666666666668,1,1,1,FALSE,3
2026,16190,WR,"Flowers, Zay",2,52.8,26.4,6,2,2,FALSE,3
2026,14832,WR,"Lamb, CeeDee",3,69.8,23.266666666666666,2,3,2,FALSE,3
2026,11675,WR,"Adams, Davante",3,64.1,21.366666666666664,3,4,3,FALSE,3
2026,15754,WR,"Olave, Chris",3,63,21,4,5,4,FALSE,3
2026,15789,WR,"Watson, Christian",3,54.5,18.166666666666668,5,6,5,FALSE,3
2026,15751,WR,"London, Drake",3,49.599999999999994,16.53333333333333,7,7,7,FALSE,3
2026,15287,WR,"St. Brown, Amon-Ra",3,48.6,16.2,8,8,8,FALSE,3
2026,16192,WR,"Washington, Parker",3,46.7,15.566666666666668,9,9,9,FALSE,3
2026,15290,WR,"Collins, Nico",1,15.4,15.4,65,10,10,FALSE,3
2026,15753,WR,"Wilson, Garrett",3,45.1,15.033333333333333,10,11,10,FALSE,3
2026,17500,WR,"Boston, Denzel",3,43,14.333333333333334,11,12,11,FALSE,3
2026,14835,WR,"Higgins, Tee",3,42.8,14.266666666666666,12,13,12,FALSE,3
2026,16809,WR,"Coker, Jalen",3,41.9,13.966666666666667,13,14,13,FALSE,3
2026,13066,WR,"Raymond, Kalif",3,40.8,13.6,14,15,14,FALSE,3
2026,14836,WR,"Jefferson, Justin",3,40.3,13.433333333333332,15.5,16.5,15.5,FALSE,3
2026,14136,WR,"Samuel, Deebo",3,40.3,13.433333333333332,15.5,16.5,15.5,FALSE,3
2026,15282,WR,"Smith, DeVonta",3,39.5,13.166666666666666,17,18,17,FALSE,3
2026,17075,WR,"Golden, Matthew",3,38.1,12.700000000000001,18,19,18,FALSE,3
2026,16627,WR,"McConkey, Ladd",3,36.599999999999994,12.199999999999998,19,20,19,FALSE,3
2026,15281,WR,"Chase, Ja'Marr",3,36.5,12.166666666666666,20,21,20,FALSE,3
2026,16195,WR,"Wicks, Dontayvion",3,33.800000000000004,11.266666666666667,21,23,21,FALSE,3
2026,17192,WR,"Watkins, Jordan",1,12,12,74,22,22,FALSE,3
2026,14127,WR,"Meyers, Jakobi",3,33.3,11.1,22.5,24.5,22.5,FALSE,3
2026,16287,WR,"Tucker, Tre",3,33.3,11.1,22.5,24.5,22.5,FALSE,3
2026,16194,WR,"Rice, Rashee",3,32.8,10.933333333333332,24,26,24,FALSE,3
2026,11671,WR,"Evans, Mike",3,31.400000000000002,10.466666666666667,25,27,25,FALSE,3
2026,13635,WR,"Moore, D.J.",3,29.2,9.733333333333333,26,31,26,FALSE,3
2026,16788,WR,"Vele, Devaughn",3,28.400000000000002,9.466666666666667,27,32,27,FALSE,3
2026,16187,WR,"Downs, Josh",3,27.200000000000003,9.066666666666668,28,33,28,FALSE,3
2026,16211,WR,"Nacua, Puka",1,10.3,10.3,80.5,28,28,FALSE,3
2026,17072,WR,"Harris, Tre",3,26.799999999999997,8.933333333333332,29,34,29,FALSE,3
2026,12785,WR,"Robinson, Demarcus",2,19.8,9.9,43,29,29,FALSE,3
2026,12186,WR,"Diggs, Stefon",3,25,8.333333333333334,30,36,30,FALSE,3
2026,17599,WR,"Douglas, Caleb",2,19.6,9.8,45,30,30,FALSE,3
2026,17082,WR,"Bryant, Pat",3,23.8,7.933333333333334,31,37,31,FALSE,3
2026,15293,WR,"Bateman, Rashod",3,23.5,7.833333333333333,32,38,32,FALSE,3
2026,15284,WR,"Waddle, Jaylen",3,23.3,7.766666666666667,33,39,33,FALSE,3
2026,15756,WR,"Williams, Jameson",3,22.4,7.466666666666666,34,40,34,FALSE,3
2026,16626,WR,"Mitchell, Adonai",2,17.6,8.8,52.5,35,35,FALSE,3
2026,13163,WR,"Godwin, Chris",3,21.2,7.066666666666666,35.5,41.5,35.5,FALSE,3
2026,13164,WR,"Kupp, Cooper",3,21.2,7.066666666666666,35.5,41.5,35.5,FALSE,3
2026,17081,WR,"Egbuka, Emeka",3,20.6,6.866666666666667,37,43,37,FALSE,3
2026,15319,WR,"Palmer, Joshua",3,20.4,6.8,38,44,38,FALSE,3
2026,13289,WR,"Hollins, Mack",3,20.2,6.733333333333333,39,45,39,FALSE,3
2026,16206,WR,"Wilson, Michael",3,20.1,6.7,40,46,40,FALSE,3
2026,17071,WR,"McMillan, Tetairoa",3,20.099999999999998,6.699999999999999,41,47,41,FALSE,3
2026,17080,WR,"Noel, Jaylin",3,19.9,6.633333333333333,42,48,42,FALSE,3
2026,15787,WR,"Thornton, Tyquan",3,19.6,6.533333333333334,45,49.5,45,FALSE,3
2026,17512,WR,"Williams, Antonio",3,19.6,6.533333333333334,45,49.5,45,FALSE,3
2026,16958,WR,"Miller, Ryan",3,19.599999999999998,6.533333333333332,47,51,47,FALSE,3
2026,17520,WR,"Hurst, Ted",3,18.6,6.2,48,52,48,FALSE,3
2026,16616,WR,"Odunze, Rome",3,18.5,6.166666666666667,49,54,49,FALSE,3
2026,14974,WR,"Mooney, Darnell",3,18.3,6.1000000000000005,50,55,50,FALSE,3
2026,16617,WR,"Coleman, Keon",3,17.7,5.8999999999999995,51,57,51,FALSE,3
2026,15589,WR,"White, Cody",3,17.6,5.866666666666667,52.5,58,52.5,FALSE,3
2026,15768,WR,"Pierce, Alec",2,12.399999999999999,6.199999999999999,72,53,53,FALSE,3
2026,17070,WR,"Burden, Luther",3,17.5,5.833333333333333,54,59,54,FALSE,3
2026,15757,WR,"Robinson, Wan'Dale",3,17.3,5.766666666666667,55.5,60.5,55.5,FALSE,3
2026,16629,WR,"Wilson, Roman",3,17.3,5.766666666666667,55.5,60.5,55.5,FALSE,3
2026,17502,WR,"Cooper Jr., Omar",1,6,6,103,56,56,FALSE,3
2026,14109,WR,"McLaurin, Terry",3,16.9,5.633333333333333,57,62,57,FALSE,3
2026,17074,WR,"Hunter, Travis",3,16.7,5.566666666666666,58,63,58,FALSE,3
2026,13418,WR,"Bourne, Kendrick",3,16.6,5.533333333333334,59.5,64.5,59.5,FALSE,3
2026,16949,WR,"Tremayne, Brycen",3,16.6,5.533333333333334,59.5,64.5,59.5,FALSE,3
2026,17527,WR,"Cameron, Josh",3,16.4,5.466666666666666,61,66,61,FALSE,3
2026,17254,WR,"Mumpfield, Konata",3,16,5.333333333333333,62,67,62,FALSE,3
2026,16186,WR,"Addison, Jordan",3,15.7,5.233333333333333,63,68,63,FALSE,3
2026,15762,WR,"Pickens, George",3,15.5,5.166666666666667,64,69,64,FALSE,3
2026,17073,WR,"Ayomanor, Elic",3,14.700000000000001,4.9,66,71,66,FALSE,3
2026,15779,WR,"Doubs, Romeo",3,14.5,4.833333333333333,67,72,67,FALSE,3
2026,17157,WR,"TeSlaa, Isaac",3,13.899999999999999,4.633333333333333,68,74,68,FALSE,3
2026,17497,WR,"Tate, Carnell",3,13.6,4.533333333333333,69,75,69,FALSE,3
2026,16877,WR,"Davis, Kaden",1,5,5,112,70,70,FALSE,3
2026,15491,WR,"Skowronek, Ben",3,13.5,4.5,70,76,70,FALSE,3
2026,17333,WR,"Cooper, Darius",3,13.2,4.3999999999999995,71,77,71,FALSE,3
2026,17078,WR,"Bech, Jack",3,12.1,4.033333333333333,73,79,73,FALSE,3
2026,17098,WR,"Horton, Tory",2,9.6,4.8,85,73,73,FALSE,3
2026,17506,WR,"Bell, Chris",3,11.9,3.966666666666667,75,80,75,FALSE,3
2026,16193,WR,"Boutte, Kayshon",3,11.3,3.766666666666667,76,82,76,FALSE,3
2026,11222,WR,"Allen, Keenan",3,11,3.6666666666666665,77,85,77,FALSE,3
2026,16639,WR,"Legette, Xavier",2,8.3,4.15,90,78,78,FALSE,3
2026,12773,WR,"Moore, Chris",3,10.6,3.533333333333333,78,87,78,FALSE,3
2026,17184,WR,"Lane, Jaylin",3,10.5,3.5,79,88,79,FALSE,3
2026,16201,WR,"Hutchinson, Xavier",3,10.3,3.4333333333333336,80.5,89,80.5,FALSE,3
2026,14842,WR,"Pittman, Michael",2,7.8,3.9,94,81,81,FALSE,3
2026,15761,WR,"Shakir, Khalil",3,10.299999999999999,3.433333333333333,82,90,82,FALSE,3
2026,16684,WR,"Washington, Malik",3,10.200000000000001,3.4000000000000004,83,91,83,FALSE,3
2026,14104,WR,"Brown, A.J.",1,3.7,3.7,120,83.5,83.5,FALSE,3
2026,16621,WR,"Walker, Devontez",2,7.4,3.7,95.5,83.5,83.5,FALSE,3
2026,16614,WR,"Harrison Jr., Marvin",3,9.6,3.1999999999999997,85,92.5,85,FALSE,3
2026,16620,WR,"Worthy, Xavier",3,9.6,3.1999999999999997,85,92.5,85,FALSE,3
2026,16633,WR,"Whittington, Jordan",2,7.1,3.55,98.5,86,86,FALSE,3
2026,15303,WR,"Fehoko, Simi",3,9,3,87,95,87,FALSE,3
2026,17511,WR,"Fields, Malachi",3,8.8,2.9333333333333336,88,96,88,FALSE,3
2026,16615,WR,"Nabers, Malik",3,8.700000000000001,2.9000000000000004,89,97,89,FALSE,3
2026,12645,WR,"Treadwell, Laquon",3,8.2,2.733333333333333,91,99,91,FALSE,3
2026,17086,WR,"Royals, Jalen",3,7.9,2.6333333333333333,92,100.5,92,FALSE,3
2026,15981,WR,"Turpin, KaVontae",3,7.8999999999999995,2.6333333333333333,93,100.5,93,FALSE,3
2026,12658,WR,"Shepard, Sterling",1,3.1,3.1,123,94,94,FALSE,3
2026,13630,WR,"Sutton, Courtland",3,7.4,2.466666666666667,95.5,103,95.5,FALSE,3
2026,16630,WR,"Williams, Isaiah",3,7.2,2.4,97,104.5,97,FALSE,3
2026,15301,WR,"Atwell, Tutu",1,2.8,2.8,125.5,98,98,FALSE,3
2026,13963,WR,"Hodge, KhaDarel",3,7.1,2.3666666666666667,98.5,106,98.5,FALSE,3
2026,17171,WR,"Dike, Chimere",3,7,2.3333333333333335,100,107,100,FALSE,3
2026,15755,WR,"Dotson, Jahan",3,6.7,2.2333333333333334,101,108,101,FALSE,3
2026,15752,WR,"Burks, Treylon",2,5.1,2.55,110.5,102,102,FALSE,3
2026,17752,WR,"Meyers, Dohnte",3,6.3999999999999995,2.1333333333333333,102,110,102,FALSE,3
2026,15759,WR,"Metchie, John",2,4.8,2.4,113.5,104.5,104.5,FALSE,3
2026,15766,WR,"Moore, Skyy",3,5.9,1.9666666666666668,104.5,111.5,104.5,FALSE,3
2026,15941,WR,"Young, Dareke",3,5.9,1.9666666666666668,104.5,111.5,104.5,FALSE,3
2026,17134,WR,"Williams, Kyle",3,5.8,1.9333333333333333,106,113,106,FALSE,3
2026,16619,WR,"Franklin, Troy",3,5.6000000000000005,1.866666666666667,107,114,107,FALSE,3
2026,16342,WR,"Douglas, Demario",3,5.4,1.8,108,115,108,FALSE,3
2026,17707,WR,"Sturdivant, J Michael",2,4.4,2.2,116,109,109,FALSE,3
2026,17353,WR,"Walker, Jahdae",3,5.2,1.7333333333333334,109,116,109,FALSE,3
2026,16618,WR,"Thomas Jr., Brian",3,5.1,1.7,110.5,117,110.5,FALSE,3
2026,17503,WR,"Bernard, Germie",3,4.8,1.5999999999999999,113.5,118,113.5,FALSE,3
2026,17079,WR,"Johnson, Tez",3,4.6,1.5333333333333332,115,119,115,FALSE,3
2026,15786,WR,"Nailor, Jalen",3,4.3999999999999995,1.4666666666666666,117,120,117,FALSE,3
2026,16499,WR,"Blair, Chris",3,4.2,1.4000000000000001,118,121,118,FALSE,3
2026,17499,WR,"Lemon, Makai",3,4.1,1.3666666666666665,119,123,119,FALSE,3
2026,17519,WR,"Lance, Bryce",3,3.5000000000000004,1.1666666666666667,121,124.5,121,FALSE,3
2026,14105,WR,"Brown, Marquise",1,1.4,1.4,138,122,122,FALSE,3
2026,15771,WR,"Martin, Tay",3,3.5,1.1666666666666667,122,124.5,122,FALSE,3
2026,16883,WR,"Johnson, Kameron",3,3,1,124,127,124,FALSE,3
2026,17510,WR,"Burks, Deion",3,2.8,0.9333333333333332,125.5,129,125.5,FALSE,3
2026,14315,WR,"Dulin, Ashton",1,1,1,142,127,127,FALSE,3
2026,17754,WR,"Foster, Montorie",1,1,1,142,127,127,FALSE,3
2026,13629,WR,"Ridley, Calvin",3,2.5,0.8333333333333334,127.5,131.5,127.5,FALSE,3
2026,17011,WR,"Wayne, Jared",3,2.5,0.8333333333333334,127.5,131.5,127.5,FALSE,3
2026,16080,WR,"Shaheed, Rashid",3,2.4,0.7999999999999999,129,133,129,FALSE,3
2026,16207,WR,"Iosivas, Andrei",2,1.8,0.9,135,130,130,FALSE,3
2026,17232,WR,"Wester, LaJohntay",3,2.3,0.7666666666666666,130,134,130,FALSE,3
2026,17507,WR,"Branch, Zachariah",3,2.1999999999999997,0.7333333333333333,131,135,131,FALSE,3
2026,17076,WR,"Bond, Isaiah",3,2,0.6666666666666666,132.5,136.5,132.5,FALSE,3
2026,16636,WR,"Corley, Malachi",3,2,0.6666666666666666,132.5,136.5,132.5,FALSE,3
2026,16778,WR,"Flournoy, Ryan",3,1.9,0.6333333333333333,134,138,134,FALSE,3
2026,14833,WR,"Jeudy, Jerry",3,1.7000000000000002,0.5666666666666668,136,139,136,FALSE,3
2026,15785,WR,"Melton, Bo",3,1.5,0.5,137,140.5,137,FALSE,3
2026,14102,WR,"Metcalf, DK",3,1.1999999999999997,0.3999999999999999,139,142,139,FALSE,3
2026,17334,WR,"Meeks, Jackson",3,1.1,0.3666666666666667,140,143,140,FALSE,3
2026,17175,WR,"Smith, Arian",2,1,0.5,142,140.5,140.5,FALSE,3
2026,15765,WR,"Austin, Kevin",3,0.9,0.3,144,144,144,FALSE,3
2026,17542,WR,"Young, Colbie",3,0.8,0.26666666666666666,145,145,145,FALSE,3
2026,15285,WR,"Wallace, Tylan",3,0.5,0.16666666666666666,146,146,146,FALSE,3
2026,17541,WR,"Brown, Barion",2,0.1,0.05,147,147,147,FALSE,3
2026,17536,WR,"Bell, Dillon",1,0,0,159,159,159,FALSE,3
2026,13638,WR,"Berrios, Braxton",3,0,0,159,159,159,FALSE,3
2026,15772,WR,"Covey, Britain",3,0,0,159,159,159,FALSE,3
2026,16395,WR,"Cropper, Jalen",1,0,0,159,159,159,FALSE,3
2026,16299,WR,"Davis, Derius",3,0,0,159,159,159,FALSE,3
2026,14108,WR,"Dortch, Greg",3,0,0,159,159,159,FALSE,3
2026,14847,WR,"Duvernay, Devin",3,0,0,159,159,159,FALSE,3
2026,16732,WR,"Gould, Anthony",2,0,0,159,159,159,FALSE,3
2026,14120,WR,"Jennings, Gary",1,0,0,159,159,159,FALSE,3
2026,17799,WR,"Katsis, Kolbe",1,0,0,159,159,159,FALSE,3
2026,14503,WR,"Kennedy, Tom",3,0,0,159,159,159,FALSE,3
2026,17205,WR,"Lambert-Smith, KeAndre",1,0,0,159,159,159,FALSE,3
2026,16635,WR,"McCaffrey, Luke",1,0,0,159,159,159,FALSE,3
2026,16189,WR,"Mims, Marvin",1,0,0,159,159,159,FALSE,3
2026,15288,WR,"Moore, Elijah",1,0,0,159,159,159,FALSE,3
2026,17293,WR,"Pritchett, Jamaal",1,0,0,159,159,159,FALSE,3
2026,16422,WR,"Remigio, Nikko",3,0,0,159,159,159,FALSE,3
2026,17514,WR,"Stribling, De'Zhaun",1,0,0,159,159,159,FALSE,3
2026,15788,WR,"Tolbert, Jalen",1,0,0,159,159,159,FALSE,3
2026,15109,WR,"Westbrook-Ikhine, Nick",1,0,0,159,159,159,FALSE,3
2026,17620,WR,"Wetjen, Kaden",3,0,0,159,159,159,FALSE,3
2026,17671,WR,"Williams, C.J.",1,0,0,159,159,159,FALSE,3
2026,17396,WR,"Williams, Ke'Shawn",1,0,0,159,159,159,FALSE,3
2026,17269,WR,"Chism, Efton",2,-0.20000000000000018,-0.10000000000000009,171,173,171,FALSE,3
2026,17521,WR,"Thomas, Zavion",3,-0.3,-0.09999999999999999,172.5,171,171,FALSE,3
2026,16188,WR,"Johnston, Quentin",3,-0.30000000000000004,-0.10000000000000002,174,172,172,FALSE,3
2026,17517,WR,"Lane, Ja'Kobi",1,-0.3,-0.3,172.5,176,172.5,FALSE,3
2026,14592,WR,"Zaccheaus, Olamide",3,-0.5999999999999999,-0.19999999999999996,175,174,174,FALSE,3
2026,16197,WR,"Mingo, Jonathan",3,-0.7,-0.2333333333333333,176.5,175,175,FALSE,3
2026,16184,WR,"Reed, Jayden",2,-0.7,-0.35,176.5,181,176.5,FALSE,3
2026,11679,WR,"Beckham, Odell",3,-1,-0.3333333333333333,182.5,178.5,178.5,FALSE,3
2026,16364,WR,"Brooks, Jalen",3,-1,-0.3333333333333333,182.5,178.5,178.5,FALSE,3
2026,17360,WR,"Price, Myles",3,-1,-0.3333333333333333,182.5,178.5,178.5,FALSE,3
2026,16428,WR,"Smith, Xavier",3,-1,-0.3333333333333333,182.5,178.5,178.5,FALSE,3
2026,17530,WR,"Bond, Lewis",2,-1,-0.5,182.5,182.5,182.5,FALSE,3
2026,17234,WR,"Horn, Jimmy",1,-1,-1,182.5,189.5,182.5,FALSE,3
2026,14118,WR,"Humphrey, Lil'Jordan",1,-1,-1,182.5,189.5,182.5,FALSE,3
2026,16628,WR,"McMillan, Jalen",2,-1,-0.5,182.5,182.5,182.5,FALSE,3
2026,13348,WR,"Moore, David",1,-1,-1,182.5,189.5,182.5,FALSE,3
2026,13793,WR,"Valdes-Scantling, Marquez",1,-1,-1,182.5,189.5,182.5,FALSE,3
2026,17501,WR,"Concepcion, KC",3,-1.7000000000000002,-0.5666666666666668,188,184,184,FALSE,3
2026,16640,WR,"Cowing, Jacob",3,-2,-0.6666666666666666,189.5,185.5,185.5,FALSE,3
2026,17097,WR,"Felton, Tai",3,-2,-0.6666666666666666,189.5,185.5,185.5,FALSE,3
2026,17518,WR,"Allen, Cyrus",3,-2.7,-0.9,192,187,187,FALSE,3
2026,14860,WR,"Jennings, Jauan",2,-2.3,-1.15,191,192,191,FALSE,3
2026,17706,WR,"Benson, Malik",3,-4.4,-1.4666666666666668,193,193,193,FALSE,3
2026,17528,WR,"Coleman, Kevin",3,-4.9,-1.6333333333333335,194,194,194,FALSE,3
2026,17529,WR,"Thompson, Brenen",2,-5.4,-2.7,195,195,195,FALSE,3
2026,15292,WR,"Brown, Dyami",3,-8.3,-2.766666666666667,196,196,196,FALSE,3
2026,16255,CB,"Banks, Deonte",2,57.5,28.75,4,1,1,FALSE,4
2026,17653,CB,"Masses, Hezekiah",4,73.7,18.425,1,2,1,FALSE,4
2026,14905,CB,"Henderson, CJ",4,64.4,16.1,2,3,2,FALSE,4
2026,14957,CB,"Robertson, Amik",4,61.5,15.375,3,5,3,FALSE,4
2026,17562,CB,"Delane, Mansoor",3,47.599999999999994,15.866666666666665,9,4,4,FALSE,4
2026,16675,CB,"DeJean, Cooper",4,53.3,13.325,5,6,5,FALSE,4
2026,15845,CB,"McDuffie, Trent",4,52.3,13.075,6,7,6,FALSE,4
2026,15836,CB,"Hill, Daxton",4,50.800000000000004,12.700000000000001,7,8,7,FALSE,4
2026,14669,CB,"Nixon, Keisean",4,50.8,12.7,8,9,8,FALSE,4
2026,17221,CB,"Harris, Marcus",4,46.4,11.6,10,11,10,FALSE,4
2026,17163,CB,"Parrish, Jacob",3,36.6,12.200000000000001,32,10,10,FALSE,4
2026,16714,CB,"Jones, Jarrian",4,46,11.5,11,12,11,FALSE,4
2026,13227,CB,"Lewis, Jourdan",4,44.4,11.1,12.5,13.5,12.5,FALSE,4
2026,14997,CB,"Rodgers, Isaiah",4,44.4,11.1,12.5,13.5,12.5,FALSE,4
2026,14956,CB,"Sneed, L'Jarius",4,43.6,10.9,14,15,14,FALSE,4
2026,16279,CB,"Moss, Riley",4,42.9,10.725,15,16,15,FALSE,4
2026,16731,CB,"Hart, Cam",4,42.3,10.575,16.5,17.5,16.5,FALSE,4
2026,13707,CB,"Ward, Denzel",4,42.3,10.575,16.5,17.5,16.5,FALSE,4
2026,15895,CB,"McCollum, Zyon",4,42,10.5,18,19,18,FALSE,4
2026,17162,CB,"Walley, Justin",4,41.8,10.45,19,20,19,FALSE,4
2026,13223,CB,"Humphrey, Marlon",4,41.6,10.4,20,21,20,FALSE,4
2026,15375,CB,"Newsome, Greg",4,41.2,10.3,21,22,21,FALSE,4
2026,13764,CB,"Johnson, Taron",4,40.9,10.225,22,23,22,FALSE,4
2026,15868,CB,"Jones, Marcus",4,40.5,10.125,23,24,23,FALSE,4
2026,14180,CB,"Murphy, Byron",4,40.3,10.075,24,25,24,FALSE,4
2026,17622,CB,"Muhammad, Malik",4,40.1,10.025,25,26,25,FALSE,4
2026,17624,CB,"Lee, Will",4,40,10,26,27,26,FALSE,4
2026,16672,CB,"Lassiter, Kamari",4,39.6,9.9,27,28,27,FALSE,4
2026,17573,CB,"Johnson, Chris",4,39.4,9.85,28,29,28,FALSE,4
2026,15124,CB,"Pierre, James",4,39.2,9.8,29,30,29,FALSE,4
2026,13774,CB,"Reed, D.J.",4,37.7,9.425,30,32,30,FALSE,4
2026,16251,CB,"Gonzalez, Christian",3,29.4,9.799999999999999,47,31,31,FALSE,4
2026,16702,CB,"Green, Renardo",4,36.699999999999996,9.174999999999999,31,35,31,FALSE,4
2026,16784,CB,"Harden, Myles",4,35.9,8.975,33,36,33,FALSE,4
2026,16701,CB,"Rakestraw, Ennis",2,18.6,9.3,86,33,33,FALSE,4
2026,15380,CB,"Campbell, Tyson",3,27.599999999999998,9.2,52,34,34,FALSE,4
2026,14219,CB,"Dean, Jamel",4,35.6,8.9,34,37,34,FALSE,4
2026,13281,CB,"Douglas, Rasul",4,35.5,8.875,35,38,35,FALSE,4
2026,16728,CB,"Pritchett, Nehemiah",4,34.5,8.625,36,41,36,FALSE,4
2026,16241,CB,"Witherspoon, Devon",4,34.2,8.55,37,42,37,FALSE,4
2026,16670,CB,"McKinstry, Kool-Aid",4,34.1,8.525,38,43,38,FALSE,4
2026,16012,CB,"Alford, Dee",4,33.800000000000004,8.450000000000001,39,44,39,FALSE,4
2026,17127,CB,"Johnson, Will",2,17.6,8.8,89,39,39,FALSE,4
2026,15888,CB,"Durant, Decobie",2,17.4,8.7,91,40,40,FALSE,4
2026,16690,CB,"Mitchell, Quinyon",4,33.2,8.3,40,46,40,FALSE,4
2026,15377,CB,"Stokes, Eric",4,32.7,8.175,41,47,41,FALSE,4
2026,17164,CB,"Williams, Nohl",4,32.5,8.125,42,48,42,FALSE,4
2026,15856,CB,"Taylor, Alontae",4,31.4,7.85,43,51,43,FALSE,4
2026,13731,CB,"Hughes, Mike",4,30.2,7.55,44,53,44,FALSE,4
2026,17592,CB,"Igbinosun, Davison",4,29.799999999999997,7.449999999999999,45,54,45,FALSE,4
2026,15950,CB,"Watson, Jaylen",3,25.2,8.4,59,45,45,FALSE,4
2026,15833,CB,"Gardner, Sauce",4,29.5,7.375,46,55,46,FALSE,4
2026,12711,CB,"Ramsey, Jalen",4,29.3,7.325,48,56,48,FALSE,4
2026,15913,CB,"Benford, Christian",3,23.8,7.933333333333334,64.5,49,49,FALSE,4
2026,13920,CB,"Ward, Charvarius",4,29.2,7.3,49,57,49,FALSE,4
2026,13710,CB,"Davis, Carlton",3,23.7,7.8999999999999995,66,50,50,FALSE,4
2026,16954,CB,"Wallace, Josh",4,28.2,7.05,50,58,50,FALSE,4
2026,17143,CB,"Thomas, Azareye'h",4,28,7,51,59.5,51,FALSE,4
2026,17129,CB,"Morrison, Benjamin",3,22.8,7.6000000000000005,69,52,52,FALSE,4
2026,15832,CB,"Stingley Jr., Derek",4,27.400000000000002,6.8500000000000005,53,61,53,FALSE,4
2026,15880,CB,"Evans, Akayleb",4,27.2,6.8,54.5,62.5,54.5,FALSE,4
2026,16267,CB,"Stevenson, Tyrique",4,27.2,6.8,54.5,62.5,54.5,FALSE,4
2026,17581,CB,"Cisse, Brandon",4,26.5,6.625,56,64,56,FALSE,4
2026,15362,CB,"Surtain II, Patrick",4,26.2,6.55,57,65,57,FALSE,4
2026,17169,CB,"Stout, Upton",4,25.8,6.45,58,66,58,FALSE,4
2026,14037,CB,"Davis, Jalen",3,21,7,76,59.5,59.5,FALSE,4
2026,16913,CB,"Woods, Charles",4,24.8,6.2,60,67,60,FALSE,4
2026,15989,CB,"Jobe, Josh",4,24.2,6.05,61.5,68.5,61.5,FALSE,4
2026,17616,CB,"Scott, Keionte",4,24.2,6.05,61.5,68.5,61.5,FALSE,4
2026,16268,CB,"Turner, DJ",4,24.1,6.025,63,70,63,FALSE,4
2026,15849,CB,"McCreary, Roger",4,23.8,5.95,64.5,71,64.5,FALSE,4
2026,17214,CB,"Burke, Denzel",4,23.6,5.9,67,72,67,FALSE,4
2026,15894,CB,"Woolen, Tariq",4,23,5.75,68,74,68,FALSE,4
2026,16729,CB,"Still, Tarheeb",4,22.6,5.65,70,75,70,FALSE,4
2026,14924,CB,"Johnson, Jaylon",4,22,5.5,71,76,71,FALSE,4
2026,15432,CB,"Carter, Michael",4,21.8,5.45,72,77,72,FALSE,4
2026,15904,CB,"Bland, DaRon",4,21.7,5.425,73,78,73,FALSE,4
2026,15933,CB,"Brown, Montaric",3,17.6,5.866666666666667,89,73,73,FALSE,4
2026,15405,CB,"Stephens, Brandon",4,21.2,5.3,74,79,74,FALSE,4
2026,13738,CB,"Jackson, Donte",4,21.1,5.275,75,80,75,FALSE,4
2026,15384,CB,"Samuel, Asante",4,20.5,5.125,77,81,77,FALSE,4
2026,17200,CB,"Marshall, Jason",4,19.8,4.95,78.5,82.5,78.5,FALSE,4
2026,13785,CB,"Neal, Siran",4,19.8,4.95,78.5,82.5,78.5,FALSE,4
2026,16288,CB,"Blackmon, Mekhi",4,19.7,4.925,80.5,85.5,80.5,FALSE,4
2026,16695,CB,"Melton, Max",4,19.7,4.925,80.5,85.5,80.5,FALSE,4
2026,15445,CB,"Lenoir, Deommodore",4,19.5,4.875,82,87,82,FALSE,4
2026,16673,CB,"Wiggins, Nate",4,19.099999999999998,4.7749999999999995,83,89,83,FALSE,4
2026,15361,CB,"Horn, Jaycee",3,14.799999999999999,4.933333333333333,95,84,84,FALSE,4
2026,17142,CB,"Revel, Shavon",4,19,4.75,84,90,84,FALSE,4
2026,15881,CB,"Jones, Jack",4,18.8,4.7,85,91,85,FALSE,4
2026,16703,CB,"Phillips, Andru",4,18.099999999999998,4.5249999999999995,87,92,87,FALSE,4
2026,17642,CB,"Rivers, Chandler",3,14.600000000000001,4.866666666666667,96,88,88,FALSE,4
2026,17141,CB,"Hairston, Maxwell",4,17.6,4.4,89,94.5,89,FALSE,4
2026,17187,CB,"Riley, Quincy",4,15.4,3.85,92,99,92,FALSE,4
2026,17128,CB,"Barron, Jahdae",4,15.2,3.8,93,100,93,FALSE,4
2026,14904,CB,"Fulton, Kristian",3,13.3,4.433333333333334,100,93,93,FALSE,4
2026,16145,CB,"McMillian, Ja'Quan",4,14.8,3.7,94,102,94,FALSE,4
2026,14967,CB,"Vildor, Kindle",1,4.4,4.4,122.5,94.5,94.5,FALSE,4
2026,16274,CB,"Williams, Garrett",2,8.6,4.3,111,96,96,FALSE,4
2026,15866,CB,"Flott, Cordale",3,12.4,4.133333333333334,102,97,97,FALSE,4
2026,16754,CB,"Stiggers, Qwan'tez",4,13.9,3.475,97,104,97,FALSE,4
2026,17179,CB,"Bowman, Billy",2,8.1,4.05,113,98,98,FALSE,4
2026,16698,CB,"Sainristil, Mike",4,13.6,3.4,98,105,98,FALSE,4
2026,17604,CB,"Everette, Daylen",4,13.5,3.375,99,106,99,FALSE,4
2026,16261,CB,"Brents, Julius",4,13.2,3.3,101,107,101,FALSE,4
2026,17156,CB,"Porter, Darien",3,11.2,3.733333333333333,104,101,101,FALSE,4
2026,15394,CB,"Adebo, Paulson",1,3.6,3.6,126,103,103,FALSE,4
2026,14198,CB,"Ya-Sin, Rock",4,11.7,2.925,103,110,103,FALSE,4
2026,17598,CB,"Davis, Tacario",4,10.9,2.725,105,111,105,FALSE,4
2026,17251,CB,"Robinson, Micah",4,9.8,2.45,106,113,106,FALSE,4
2026,17788,CB,"Gushiken, Kapena",3,9.399999999999999,3.133333333333333,107,108,107,FALSE,4
2026,15859,CB,"Taylor-Britt, Cam",3,9.2,3.0666666666666664,108,109,108,FALSE,4
2026,16735,CB,"Abrams-Draine, Kris",4,8.8,2.2,109,114,109,FALSE,4
2026,15129,CB,"Dorsey, Khalil",4,8.6,2.15,111,115.5,111,FALSE,4
2026,16366,CB,"Ivey, DJ",4,8.6,2.15,111,115.5,111,FALSE,4
2026,16878,CB,"Steward, Reddy",2,5.300000000000001,2.6500000000000004,119,112,112,FALSE,4
2026,16736,CB,"Brownlee, Jarvis",4,8,2,114.5,117.5,114.5,FALSE,4
2026,17574,CB,"Hood, Colton",4,8,2,114.5,117.5,114.5,FALSE,4
2026,16325,CB,"Clark, Kei'Trel",4,6.3,1.575,116,121,116,FALSE,4
2026,15862,CB,"Emerson, Martin",3,5.800000000000001,1.9333333333333336,117,119,117,FALSE,4
2026,13263,CB,"Awuzie, Chidobe",4,5.7,1.425,118,124,118,FALSE,4
2026,12988,CB,"Jones, Jonathan",4,5,1.25,120,126,120,FALSE,4
2026,14918,CB,"Terrell, A.J.",2,3.3,1.65,130,120,120,FALSE,4
2026,14012,CB,"Ford, Mike",4,4.9,1.225,121,127,121,FALSE,4
2026,17639,CB,"Abney, Keith",3,4.4,1.4666666666666668,122.5,122,122,FALSE,4
2026,17785,CB,"Shelley, Rodney",3,4.3,1.4333333333333333,124,123,123,FALSE,4
2026,14252,CB,"Jackson, Michael",3,3.8,1.2666666666666666,125,125,125,FALSE,4
2026,16907,CB,"Roland-Wallace, Chris",4,3.4000000000000004,0.8500000000000001,127,139,127,FALSE,4
2026,17561,CB,"McCoy, Jermod",3,3.4,1.1333333333333333,128.5,131,128.5,FALSE,4
2026,16345,CB,"Speed, Ameer",4,3.4,0.85,128.5,140,128.5,FALSE,4
2026,17782,CB,"Canada, Channing",1,1.2,1.2,151,129,129,FALSE,4
2026,14919,CB,"Igbinoghene, Noah",2,2.4,1.2,135.5,129,129,FALSE,4
2026,17347,CB,"Vaughn, Zemaiah",1,1.2,1.2,151,129,129,FALSE,4
2026,16370,CB,"Jones, Nic",3,3.2,1.0666666666666667,131,134,131,FALSE,4
2026,16741,CB,"Smith-Wade, Chau",3,3,1,132,136.5,132,FALSE,4
2026,15944,CB,"Leonard, Deane",2,2.2,1.1,140.5,132.5,132.5,FALSE,4
2026,17793,CB,"Slaughter, Doneiko",2,2.2,1.1,140.5,132.5,132.5,FALSE,4
2026,15464,CB,"Echols, Brandin",4,2.4,0.6,135.5,147,135.5,FALSE,4
2026,17368,CB,"Martin, Keyon",4,2.4,0.6,135.5,147,135.5,FALSE,4
2026,13270,CB,"Moreau, Fabian",4,2.4,0.6,135.5,147,135.5,FALSE,4
2026,17168,CB,"Smith, Jaylin",4,2.4,0.6,135.5,147,135.5,FALSE,4
2026,13811,CB,"Smith, Tremon",4,2.4,0.6,135.5,147,135.5,FALSE,4
2026,16753,CB,"Carson, Caelen",1,1,1,160.5,136.5,136.5,FALSE,4
2026,16726,CB,"Tampa, T.J.",1,1,1,160.5,136.5,136.5,FALSE,4
2026,17804,CB,"Walker, Kani",1,1,1,160.5,136.5,136.5,FALSE,4
2026,17780,CB,"Price, Jayden",3,2.2,0.7333333333333334,140.5,141.5,140.5,FALSE,4
2026,17427,CB,"Taylor, Reese",3,2.2,0.7333333333333334,140.5,141.5,140.5,FALSE,4
2026,16253,CB,"Forbes, Emmanuel",4,1.9999999999999998,0.49999999999999994,143,153,143,FALSE,4
2026,16776,CB,"Hadden, Kamal",4,1.7,0.425,144,154,144,FALSE,4
2026,17376,CB,"Knowles, Kevin",4,1.5,0.375,145,159,145,FALSE,4
2026,17789,CB,"Couch, Te'Cory",2,1.2,0.6,151,147,147,FALSE,4
2026,17326,CB,"Reed, Nikko",2,1.2,0.6,151,147,147,FALSE,4
2026,17751,CB,"Smith, Avery",2,1.2,0.6,151,147,147,FALSE,4
2026,15401,CB,"Wright, Nahshon",2,1.2,0.6,151,147,147,FALSE,4
2026,16054,CB,"Blackwell, Josh",4,1.2,0.3,151,162,151,FALSE,4
2026,17197,CB,"McWilliams, Mac",3,1.2,0.39999999999999997,151,156.5,151,FALSE,4
2026,17649,CB,"Prunty, Karon",3,1.2,0.39999999999999997,151,156.5,151,FALSE,4
2026,15392,CB,"St-Juste, Benjamin",3,1.2,0.39999999999999997,151,156.5,151,FALSE,4
2026,16356,CB,"Valentine, Carrington",3,1.2,0.39999999999999997,151,156.5,151,FALSE,4
2026,16720,CB,"Richardson, Decamerion",2,1,0.5,160.5,152,152,FALSE,4
2026,17590,CB,"Ponds, D'Angelo",2,0.7,0.35,165,160,160,FALSE,4
2026,16674,CB,"King, Kalen",4,1,0.25,160.5,164,160.5,FALSE,4
2026,16242,CB,"Ringo, Kelee",4,1,0.25,160.5,164,160.5,FALSE,4
2026,16745,CB,"Simpson, Jaylin",3,1,0.3333333333333333,160.5,161,160.5,FALSE,4
2026,17771,CB,"Thomas, Skyler",4,1,0.25,160.5,164,160.5,FALSE,4
2026,17772,CB,"Harris, Kenneth",1,0.1,0.1,167,166,166,FALSE,4
2026,17609,CB,"Neal, Julian",4,0.3999999999999999,0.09999999999999998,166,167,166,FALSE,4
2026,16336,CB,"Braswell, Christian",3,0,0,174.5,174.5,174.5,FALSE,4
2026,17430,CB,"Clark, Jordan",2,0,0,174.5,174.5,174.5,FALSE,4
2026,17643,CB,"Demmings, Charles",3,0,0,174.5,174.5,174.5,FALSE,4
2026,16756,CB,"Dial, Marcellas",1,0,0,174.5,174.5,174.5,FALSE,4
2026,14903,CB,"Diggs, Trevon",1,0,0,174.5,174.5,174.5,FALSE,4
2026,17762,CB,"Garnes, Ayden",1,0,0,174.5,174.5,174.5,FALSE,4
2026,16315,CB,"Luter, Darrell",1,0,0,174.5,174.5,174.5,FALSE,4
2026,15614,CB,"McCloud, Nick",1,0,0,174.5,174.5,174.5,FALSE,4
2026,13470,CB,"Moore, Kenny",1,0,0,174.5,174.5,174.5,FALSE,4
2026,16737,CB,"Newton, Josh",1,0,0,174.5,174.5,174.5,FALSE,4
2026,16293,CB,"Phillips, Clark",3,0,0,174.5,174.5,174.5,FALSE,4
2026,16240,CB,"Porter Jr., Joey",1,0,0,174.5,174.5,174.5,FALSE,4
2026,15684,CB,"Ross, D'Angelo",1,0,0,174.5,174.5,174.5,FALSE,4
2026,13754,CB,"Yiadom, Isaac",2,0,0,174.5,174.5,174.5,FALSE,4
2026,17572,CB,"Terrell, Avieon",4,-0.8000000000000003,-0.20000000000000007,184,182,182,FALSE,4
2026,17614,CB,"Canady, Jadon",3,-0.8,-0.26666666666666666,182.5,183,182.5,FALSE,4
2026,15420,CB,"Rochell, Robert",1,-0.8,-0.8,182.5,184,182.5,FALSE,4
2026,17677,CB,"Pride, Toriano",2,-1.7,-0.85,185,185,185,FALSE,4
2026,15346,DE,"Rousseau, Gregory",4,100.3,25.075,1,1,1,FALSE,4
2026,16223,DE,"Anderson, Will",4,83,20.75,2,2,2,FALSE,4
2026,13214,DE,"Watt, T.J.",4,82.4,20.6,3,3,3,FALSE,4
2026,16266,DE,"Tuipulotu, Tuli",4,64.8,16.2,4,4,4,FALSE,4
2026,14249,DE,"Van Ginkel, Andrew",4,58.1,14.525,5,5,5,FALSE,4
2026,17361,DE,"Ponder, Elijah",4,56,14,6,6,6,FALSE,4
2026,16650,DE,"Turner, Dallas",4,54.300000000000004,13.575000000000001,7,7,7,FALSE,4
2026,16230,DE,"Van Ness, Lukas",4,52.8,13.2,8,8,8,FALSE,4
2026,15808,DE,"Karlaftis, George",4,51,12.75,9,9,9,FALSE,4
2026,15805,DE,"Hutchinson, Aidan",4,49.9,12.475,10,10,10,FALSE,4
2026,15352,DE,"Collins, Zaven",4,49.1,12.275,11,11,11,FALSE,4
2026,16276,DE,"Young, Byron",4,46.5,11.625,12,12,12,FALSE,4
2026,17551,DE,"Bailey, David",4,45.9,11.475,13,13,13,FALSE,4
2026,14225,DE,"Crosby, Maxx",4,45,11.25,14,14,14,FALSE,4
2026,15378,DE,"Oweh, Odafe",4,42.3,10.575,15,15,15,FALSE,4
2026,14877,DE,"Young, Chase",4,41.9,10.475,16,16,16,FALSE,4
2026,11721,DE,"Mack, Khalil",4,41.6,10.4,17,17,17,FALSE,4
2026,15814,DE,"Thomas, Cameron",4,41.1,10.275,18,18,18,FALSE,4
2026,14167,DE,"Hines-Allen, Josh",4,40.8,10.2,19,19,19,FALSE,4
2026,14925,DE,"Uche, Josh",4,40.1,10.025,20,20,20,FALSE,4
2026,17584,DE,"Jacas, Gabe",4,39.8,9.95,21,21,21,FALSE,4
2026,13704,DE,"Nwosu, Uchenna",4,37.3,9.325,22,22,22,FALSE,4
2026,12221,DE,"Hunter, Danielle",4,37.1,9.275,23,23,23,FALSE,4
2026,17135,DE,"Ezeiruaku, Donovan",4,35.8,8.95,24,24,24,FALSE,4
2026,14405,DE,"Granderson, Carl",3,26.4,8.799999999999999,44,25,25,FALSE,4
2026,15395,DE,"Koonce, Malcolm",4,34.4,8.6,25,27,25,FALSE,4
2026,16734,DE,"Booker, Austin",4,33.6,8.4,26,29,26,FALSE,4
2026,15813,DE,"Enagbare, Kingsley",3,26.2,8.733333333333333,45,26,26,FALSE,4
2026,14940,DE,"Highsmith, Alex",4,33.3,8.325,27,30,27,FALSE,4
2026,11706,DE,"Clowney, Jadeveon",2,17,8.5,74,28,28,FALSE,4
2026,15853,DE,"Mafe, Boye",4,33.1,8.275,28,31,28,FALSE,4
2026,16300,DE,"McGuire, Isaiah",4,32.8,8.2,29,32,29,FALSE,4
2026,13681,DE,"Chubb, Bradley",4,32.7,8.175,30,33,30,FALSE,4
2026,16303,DE,"Herbig, Nick",4,32.5,8.125,31.5,34.5,31.5,FALSE,4
2026,17160,DE,"Umanmielen, Princely",4,32.5,8.125,31.5,34.5,31.5,FALSE,4
2026,11723,DE,"Van Noy, Kyle",4,32.3,8.075,33.5,36.5,33.5,FALSE,4
2026,14947,DE,"Wonnum, D.J.",4,32.3,8.075,33.5,36.5,33.5,FALSE,4
2026,16712,DE,"Hunt, Jalyx",4,32,8,35,38.5,35,FALSE,4
2026,16651,DE,"Latu, Laiatu",4,31.200000000000003,7.800000000000001,36,40,36,FALSE,4
2026,11769,DE,"Lawrence, Demarcus",4,30,7.5,37,42,37,FALSE,4
2026,16298,DE,"Robinson, Tavius",4,29,7.25,38,43,38,FALSE,4
2026,17262,DE,"Diggs, Fadil",1,8,8,120.5,38.5,38.5,FALSE,4
2026,12301,DE,"Smith, Za'Darius",4,27.9,6.975,39,46,39,FALSE,4
2026,17189,DE,"Robinson, Quandarrius",4,27.7,6.925,40,47,40,FALSE,4
2026,14147,DE,"Bosa, Nick",2,15.5,7.75,80,41,41,FALSE,4
2026,15345,DE,"Paye, Kwity",4,27.2,6.8,41,48,41,FALSE,4
2026,16228,DE,"Smith, Nolan",4,26.6,6.65,42,49,42,FALSE,4
2026,15386,DE,"Odeyingbo, Dayo",4,26.400000000000002,6.6000000000000005,43,50,43,FALSE,4
2026,15388,DE,"Ossai, Joseph",2,14,7,88,44.5,44.5,FALSE,4
2026,16923,DE,"Tillman, Dondrea",3,21,7,58,44.5,44.5,FALSE,4
2026,13888,DE,"Gardeck, Dennis",4,26,6.5,46,51.5,46,FALSE,4
2026,17568,DE,"Mesidor, Akheem",4,25.700000000000003,6.425000000000001,47,53,47,FALSE,4
2026,17180,DE,"Walker, David",4,25.4,6.35,48,54,48,FALSE,4
2026,16235,DE,"Hall, Derick",4,24.8,6.2,49,56,49,FALSE,4
2026,14888,DE,"Chaisson, K'Lavon",4,23.700000000000003,5.925000000000001,50,57,50,FALSE,4
2026,17120,DE,"Green, Mike",4,23.6,5.9,51,58,51,FALSE,4
2026,13294,DE,"Ebukam, Samson",3,19.5,6.5,64,51.5,51.5,FALSE,4
2026,16653,DE,"Verse, Jared",4,23,5.75,52,59.5,52,FALSE,4
2026,13682,DE,"Key, Arden",4,22.8,5.7,53,61,53,FALSE,4
2026,15349,DE,"Phillips, Jaelan",4,22.4,5.6,54,62,54,FALSE,4
2026,14894,DE,"Jennings, Anfernee",3,19,6.333333333333333,69,55,55,FALSE,4
2026,16455,DE,"Cox, Brenton",4,22,5.5,55.5,63.5,55.5,FALSE,4
2026,15809,DE,"Johnson, Jermaine",4,22,5.5,55.5,63.5,55.5,FALSE,4
2026,15397,DE,"Golston, Chauncey",4,21,5.25,58,65.5,58,FALSE,4
2026,16532,DE,"Nowaske, Trevor",4,21,5.25,58,65.5,58,FALSE,4
2026,15398,DE,"Jones, Patrick",2,11.5,5.75,105.5,59.5,59.5,FALSE,4
2026,17182,DE,"Sorrell, Barryn",4,20.9,5.225,60,67,60,FALSE,4
2026,14149,DE,"Gary, Rashan",4,20.2,5.05,61,68,61,FALSE,4
2026,17161,DE,"Burch, Jordan",4,19.8,4.95,62.5,69.5,62.5,FALSE,4
2026,16262,DE,"White, Keion",4,19.8,4.95,62.5,69.5,62.5,FALSE,4
2026,15861,DE,"Bonitto, Nik",4,19.3,4.825,66,72,66,FALSE,4
2026,17112,DE,"Carter, Abdul",4,19.3,4.825,66,72,66,FALSE,4
2026,15815,DE,"Walker, Travon",4,19.3,4.825,66,72,66,FALSE,4
2026,16224,DE,"Murphy, Myles",4,19.1,4.775,68,74,68,FALSE,4
2026,16257,DE,"Anudike-Uzomah, Felix",4,18.7,4.675,70,75,70,FALSE,4
2026,16278,DE,"Diaby, YaYa",4,18,4.5,71,77,71,FALSE,4
2026,14148,DE,"Sweat, Montez",4,17.6,4.4,72,78,72,FALSE,4
2026,17554,DE,"Parker, T.J.",4,17.5,4.375,73,79,73,FALSE,4
2026,16777,DE,"Johnson, Cedric",4,16.8,4.2,75,82.5,75,FALSE,4
2026,13284,DE,"Hendrickson, Trey",3,13.7,4.566666666666666,91,76,76,FALSE,4
2026,17350,DE,"Huntington, Adin",4,16.6,4.15,76,85,76,FALSE,4
2026,16252,DE,"McDonald, Will",4,16.2,4.05,77,86,77,FALSE,4
2026,17553,DE,"Faulk, Keldric",4,16,4,78,87.5,78,FALSE,4
2026,16654,DE,"Elliss, Jonah",4,15.5,3.875,80,90.5,80,FALSE,4
2026,17116,DE,"Sawyer, Jack",4,15.5,3.875,80,90.5,80,FALSE,4
2026,16226,DE,"Wilson, Tyree",3,13.1,4.366666666666666,93,80,80,FALSE,4
2026,13759,DE,"Armstrong, Dorance",3,13,4.333333333333333,95,81,81,FALSE,4
2026,17397,DE,"Striggow, Danny",4,15.2,3.8,82,92,82,FALSE,4
2026,17114,DE,"Stewart, Shemar",2,8.4,4.2,118,82.5,82.5,FALSE,4
2026,17580,DE,"Lawrence, Malachi",4,15,3.75,83,93,83,FALSE,4
2026,14164,DE,"Jones, Dre'Mont",3,12.5,4.166666666666667,98.5,84,84,FALSE,4
2026,15857,DE,"Williams, Sam",4,14.700000000000001,3.6750000000000003,84,94,84,FALSE,4
2026,13690,DE,"Sweat, Josh",4,14.200000000000001,3.5500000000000003,85,96,85,FALSE,4
2026,15565,DE,"Hoecht, Michael",4,14.1,3.525,86,97,86,FALSE,4
2026,14882,DE,"Greenard, Jonathan",2,8,4,120.5,87.5,87.5,FALSE,4
2026,13201,DE,"Barnett, Derek",4,14,3.5,88,98.5,88,FALSE,4
2026,17155,DE,"Gillotte, Ashton",4,14,3.5,88,98.5,88,FALSE,4
2026,16655,DE,"Robinson, Chop",3,11.7,3.9,104,89,89,FALSE,4
2026,13802,DE,"Martin, Jake",4,13.8,3.45,90,100,90,FALSE,4
2026,17118,DE,"Stewart, Josaiah",4,13.5,3.375,92,101,92,FALSE,4
2026,16305,DE,"Abdullah, Yasir",4,13,3.25,95,102.5,95,FALSE,4
2026,14171,DE,"Burns, Brian",3,11,3.6666666666666665,108,95,95,FALSE,4
2026,14880,DE,"Kareem, Khalid",4,13,3.25,95,102.5,95,FALSE,4
2026,15356,DE,"Browning, Baron",4,12.5,3.125,98.5,105,98.5,FALSE,4
2026,16058,DE,"Herring, Malik",4,12.5,3.125,98.5,105,98.5,FALSE,4
2026,16485,DE,"Incoom, Thomas",4,12.5,3.125,98.5,105,98.5,FALSE,4
2026,17619,DE,"Dennis-Sutton, Dani",4,12.1,3.025,101,108,101,FALSE,4
2026,17674,DE,"Curry, Caden",4,12,3,102,109.5,102,FALSE,4
2026,17117,DE,"Jackson, Landon",4,11.9,2.975,103,111,103,FALSE,4
2026,14154,DE,"Nelson, Anthony",4,11.5,2.875,105.5,112,105.5,FALSE,4
2026,17764,DE,"Thomas Jr., Bryan",1,3.1,3.1,145,107,107,FALSE,4
2026,17630,DE,"Overton, LT",4,11,2.75,108,113.5,108,FALSE,4
2026,17588,DE,"Young, Zion",4,11,2.75,108,113.5,108,FALSE,4
2026,17808,DE,"McGraw, Rodney",1,3,3,149,109.5,109.5,FALSE,4
2026,17583,DE,"Thomas, R Mason",4,10.5,2.625,110.5,115.5,110.5,FALSE,4
2026,17149,DE,"Tuimoloau, JT",4,10.5,2.625,110.5,115.5,110.5,FALSE,4
2026,17777,DE,"Harsh, Sabastian",4,10.3,2.575,112,117,112,FALSE,4
2026,17633,DE,"Josephs, Joshua",4,10,2.5,113.5,119,113.5,FALSE,4
2026,17778,DE,"O'Neill, Eric",4,10,2.5,113.5,119,113.5,FALSE,4
2026,14962,DE,"Gipson, Trevis",4,9,2.25,115.5,123,115.5,FALSE,4
2026,13330,DE,"Muhammad, Al-Quadin",4,9,2.25,115.5,123,115.5,FALSE,4
2026,17150,DE,"Oladejo, Oluwafemi",4,8.5,2.125,117,125,117,FALSE,4
2026,16652,DE,"Trice, Bralen",2,5,2.5,137.5,119,119,FALSE,4
2026,15851,DE,"Ebiketie, Arnold",4,8,2,120.5,127.5,120.5,FALSE,4
2026,13685,DE,"Okoronkwo, Ogbonnia",4,8,2,120.5,127.5,120.5,FALSE,4
2026,17225,DE,"McLeod, Jalen",3,7,2.3333333333333335,126.5,121,121,FALSE,4
2026,17412,DE,"O'Toole, Connor",2,4.5,2.25,140,123,123,FALSE,4
2026,17552,DE,"Howell, Cashius",4,7.5,1.875,123.5,130.5,123.5,FALSE,4
2026,15806,DE,"Thibodeaux, Kayvon",4,7.5,1.875,123.5,130.5,123.5,FALSE,4
2026,17355,DE,"Chambliss, Chaz",4,7,1.75,126.5,134,126.5,FALSE,4
2026,16302,DE,"Lacy, Tyler",4,7,1.75,126.5,134,126.5,FALSE,4
2026,16749,DE,"Solomon, Javon",4,7,1.75,126.5,134,126.5,FALSE,4
2026,16780,DE,"Jean-Baptiste, Javontae",2,4,2,142.5,127.5,127.5,FALSE,4
2026,12795,DE,"Judon, Matt",1,2,2,156.5,127.5,127.5,FALSE,4
2026,12234,DE,"Dupree, Bud",4,6.5,1.625,130,138,130,FALSE,4
2026,15481,DE,"Johnson, Patrick",4,6.5,1.625,130,138,130,FALSE,4
2026,16894,DE,"McGregor, Braiden",4,6.5,1.625,130,138,130,FALSE,4
2026,17597,DE,"Height, Romello",3,5.5,1.8333333333333333,133.5,132,132,FALSE,4
2026,17768,DE,"Burke, Ethan",4,5.5,1.375,133.5,143,133.5,FALSE,4
2026,16376,DE,"Johnson, Desjuan",4,5.5,1.375,133.5,143,133.5,FALSE,4
2026,16529,DE,"Leota, Eku",4,5.5,1.375,133.5,143,133.5,FALSE,4
2026,10292,DE,"Jordan, Cameron",3,5,1.6666666666666667,137.5,136,136,FALSE,4
2026,17016,DE,"Jones, Truman",4,5,1.25,137.5,147.5,137.5,FALSE,4
2026,15907,DE,"Robinson, Dominique",4,5,1.25,137.5,147.5,137.5,FALSE,4
2026,14978,DE,"Danna, Michael",1,1.5,1.5,161,140.5,140.5,FALSE,4
2026,17695,DE,"Hutchins, Quintayvious",2,3,1.5,149,140.5,140.5,FALSE,4
2026,14879,DE,"Epenesa, A.J.",3,4,1.3333333333333333,142.5,145.5,142.5,FALSE,4
2026,14151,DE,"Ferrell, Clelin",3,4,1.3333333333333333,142.5,145.5,142.5,FALSE,4
2026,14254,DE,"Omenihu, Charles",4,4,1,142.5,152,142.5,FALSE,4
2026,15943,DE,"Hardy, Daniel",4,3,0.75,149,157.5,149,FALSE,4
2026,10267,DE,"Miller, Von",4,3,0.75,149,157.5,149,FALSE,4
2026,17587,DE,"Moore, Derrick",4,3,0.75,149,157.5,149,FALSE,4
2026,16869,DE,"Richter, Bo",4,3,0.75,149,157.5,149,FALSE,4
2026,16516,DE,"Wheat, Tyrus",3,3,1,149,152,149,FALSE,4
2026,17550,DE,"Bain Jr., Rueben",2,2,1,156.5,152,152,FALSE,4
2026,16322,DE,"Beal, Robert",2,2,1,156.5,152,152,FALSE,4
2026,13688,DE,"Davenport, Marcus",1,1,1,162,152,152,FALSE,4
2026,15928,DE,"Houston, James",2,2,1,156.5,152,152,FALSE,4
2026,16332,DE,"Ramirez, Jose",2,2,1,156.5,152,152,FALSE,4
2026,12217,DE,"Fowler, Dante",4,2,0.5,156.5,161.5,156.5,FALSE,4
2026,17287,DE,"Ivey, Jared",3,2,0.6666666666666666,156.5,160,156.5,FALSE,4
2026,15413,DE,"Rumph, Chris",4,2,0.5,156.5,161.5,156.5,FALSE,4
2026,15878,DE,"Clemons, Micheal",2,0,0,165.5,165.5,165.5,FALSE,4
2026,13198,DE,"Garrett, Myles",1,0,0,165.5,165.5,165.5,FALSE,4
2026,17351,DE,"Green, B.J.",1,0,0,165.5,165.5,165.5,FALSE,4
2026,16357,DE,"Jones, Andre",2,0,0,165.5,165.5,165.5,FALSE,4
2026,17688,DE,"Llewellyn, Max",1,0,0,165.5,165.5,165.5,FALSE,4
2026,16440,DE,"Murphy, Caleb",2,0,0,165.5,165.5,165.5,FALSE,4
2026,14163,DT,"Simmons, Jeffery",4,66.6,16.65,1,1,1,FALSE,4
2026,12688,DT,"Buckner, DeForest",4,61.2,15.3,2,2,2,FALSE,4
2026,14153,DT,"Allen, Zach",4,56.7,14.175,3,3,3,FALSE,4
2026,17121,DT,"Graham, Mason",4,53.099999999999994,13.274999999999999,4,4,4,FALSE,4
2026,10266,DT,"Heyward, Cameron",4,51,12.75,5,5,5,FALSE,4
2026,12225,DT,"Williams, Leonard",4,48.599999999999994,12.149999999999999,6,6,6,FALSE,4
2026,15089,DT,"Roach, Malcolm",4,48.5,12.125,7,7,7,FALSE,4
2026,17174,DT,"Walker, Deone",4,47.8,11.95,8,8,8,FALSE,4
2026,14157,DT,"Williams, Quinnen",4,45.2,11.3,9,9,9,FALSE,4
2026,12697,DT,"Robinson, A'Shawn",4,44.4,11.1,10,10,10,FALSE,4
2026,15358,DT,"Togiai, Tommy",4,41.5,10.375,11,11,11,FALSE,4
2026,12735,DT,"Rankins, Sheldon",4,40.6,10.15,12,12,12,FALSE,4
2026,13208,DT,"Allen, Jonathan",4,40.400000000000006,10.100000000000001,13,13,13,FALSE,4
2026,14159,DT,"Lawrence, Dexter",4,40.3,10.075,14,14,14,FALSE,4
2026,14158,DT,"Oliver, Ed",3,30,10,32,15,15,FALSE,4
2026,16282,DT,"Turner, Kobie",4,39.5,9.875,15,16,15,FALSE,4
2026,14930,DT,"Hamilton, Davon",4,39.1,9.775,16,17,16,FALSE,4
2026,13839,DT,"Sieler, Zach",4,38.5,9.625,17,18,17,FALSE,4
2026,16927,DT,"Redmond, Jalen",4,38,9.5,18,19,18,FALSE,4
2026,12741,DT,"Jones, Chris",4,37.5,9.375,19.5,20.5,19.5,FALSE,4
2026,15390,DT,"McNeill, Alim",4,37.5,9.375,19.5,20.5,19.5,FALSE,4
2026,17190,DT,"Hemingway, Tonka",4,36.5,9.125,21,22,21,FALSE,4
2026,15863,DT,"Jones, Travis",4,35,8.75,22,23,22,FALSE,4
2026,14899,DT,"Kinlaw, Javon",4,33.8,8.45,23,24,23,FALSE,4
2026,17137,DT,"Harmon, Derrick",4,32.7,8.175,24,25,24,FALSE,4
2026,16233,DT,"Carter, Jalen",4,32.3,8.075,25.5,26.5,25.5,FALSE,4
2026,13298,DT,"Stewart, Grover",4,32.3,8.075,25.5,26.5,25.5,FALSE,4
2026,16794,DT,"Briggs, Jowon",4,32.1,8.025,27,28,27,FALSE,4
2026,14897,DT,"Brown, Derrick",4,32,8,28.5,29.5,28.5,FALSE,4
2026,15817,DT,"Davis, Jordan",4,32,8,28.5,29.5,28.5,FALSE,4
2026,16689,DT,"Murphy, Byron",4,30.9,7.725,30,32,30,FALSE,4
2026,15357,DT,"Barmore, Christian",3,23.2,7.733333333333333,53,31,31,FALSE,4
2026,16663,DT,"Eboigbe, Justin",4,30.1,7.525,31,33,31,FALSE,4
2026,13770,DT,"Franklin-Myers, John",4,29.5,7.375,33.5,34.5,33.5,FALSE,4
2026,17146,DT,"Williams, Tyleik",4,29.5,7.375,33.5,34.5,33.5,FALSE,4
2026,15898,DT,"Ogbonnia, Otito",4,29,7.25,36,37,36,FALSE,4
2026,13693,DT,"Phillips, Harrison",4,29,7.25,36,37,36,FALSE,4
2026,16344,DT,"Stills, Dante",4,29,7.25,36,37,36,FALSE,4
2026,17613,DT,"Halton, Gracen",4,28.5,7.125,38.5,39.5,38.5,FALSE,4
2026,16369,DT,"Ojomo, Moro",4,28.5,7.125,38.5,39.5,38.5,FALSE,4
2026,17769,DT,"Hall, Aaron",4,28,7,40.5,42,40.5,FALSE,4
2026,15461,DT,"Lopez, Roy",4,28,7,40.5,42,40.5,FALSE,4
2026,14900,DT,"Madubuike, Nnamdi",2,14,7,102,42,42,FALSE,4
2026,14161,DT,"Tillery, Jerry",4,27.6,6.9,42,44,42,FALSE,4
2026,13933,DT,"Ford, Poona",4,26.5,6.625,44,47,44,FALSE,4
2026,16660,DT,"Robinson, Darius",4,26.5,6.625,44,47,44,FALSE,4
2026,13744,DT,"Shepherd, Nathan",4,26.5,6.625,44,47,44,FALSE,4
2026,13260,DT,"Tomlinson, Dalvin",2,13.4,6.7,105,45,45,FALSE,4
2026,13694,DT,"Settle, Tim",4,24.9,6.225,46,50,46,FALSE,4
2026,17158,DT,"Broughton, Vernon",4,24,6,47.5,51.5,47.5,FALSE,4
2026,13317,DT,"Godchaux, Davon",4,24,6,47.5,51.5,47.5,FALSE,4
2026,14951,DT,"Lynch, James",3,19,6.333333333333333,72.5,49,49,FALSE,4
2026,17136,DT,"Nolen, Walter",4,23.6,5.9,49,53,49,FALSE,4
2026,12739,DT,"Clark, Kenny",4,23.5,5.875,51,55,51,FALSE,4
2026,15173,DT,"Tart, Teair",4,23.5,5.875,51,55,51,FALSE,4
2026,13692,DT,"Vea, Vita",4,23.5,5.875,51,55,51,FALSE,4
2026,16713,DT,"Carter, DeWayne",4,23,5.75,54,59,54,FALSE,4
2026,12698,DT,"Reed, Jarran",4,22.9,5.725,55,60,55,FALSE,4
2026,13448,DT,"Butler, Adam",4,22.6,5.65,56.5,61.5,56.5,FALSE,4
2026,16265,DT,"Dexter, Gervon",4,22.6,5.65,56.5,61.5,56.5,FALSE,4
2026,16227,DT,"Harrison, Zach",3,17.5,5.833333333333333,80.5,57,57,FALSE,4
2026,16770,DT,"Boyd, Khristian",3,17.3,5.766666666666667,83,58,58,FALSE,4
2026,17193,DT,"Ingram-Dawkins, Tyrion",4,22.5,5.625,58.5,63.5,58.5,FALSE,4
2026,15819,DT,"Wyatt, Devonte",4,22.5,5.625,58.5,63.5,58.5,FALSE,4
2026,12754,DT,"Collins, Maliek",4,22.4,5.6,60,65,60,FALSE,4
2026,17261,DT,"Biggers, Zeek",4,22,5.5,61.5,67,61.5,FALSE,4
2026,15393,DT,"Odighizuwa, Osa",4,22,5.5,61.5,67,61.5,FALSE,4
2026,17570,DT,"Hunter, Lee",4,21.5,5.375,63.5,69.5,63.5,FALSE,4
2026,13723,DT,"Payne, Da'Ron",4,21.5,5.375,63.5,69.5,63.5,FALSE,4
2026,16291,DT,"Adebawore, Adetomiwa",4,21,5.25,65,71.5,65,FALSE,4
2026,15812,DT,"Hall, Logan",4,20.7,5.175,66,73,66,FALSE,4
2026,17796,DT,"Valdez, Sebastian",2,11,5.5,115,67,67,FALSE,4
2026,15892,DT,"Booker, Thomas",4,20.5,5.125,68,75,68,FALSE,4
2026,16657,DT,"Dorlus, Brandon",4,20.5,5.125,68,75,68,FALSE,4
2026,13798,DT,"Fatukasi, Foley",4,20.5,5.125,68,75,68,FALSE,4
2026,17165,DT,"Caldwell, Jamaree",4,19.5,4.875,70.5,80.5,70.5,FALSE,4
2026,12802,DT,"Reader, D.J.",4,19.5,4.875,70.5,80.5,70.5,FALSE,4
2026,11757,DT,"Donald, Aaron",2,10.5,5.25,116.5,71.5,71.5,FALSE,4
2026,16513,DT,"London, LaCale",4,19,4.75,72.5,82,72.5,FALSE,4
2026,17196,DT,"Phillips, Jordan",4,18.5,4.625,74,84,74,FALSE,4
2026,16767,DT,"Davis, Tyler",4,18,4.5,75.5,86,75.5,FALSE,4
2026,13810,DT,"Joseph-Day, Sebastian",4,18,4.5,75.5,86,75.5,FALSE,4
2026,16662,DT,"Jenkins, Kris",4,17.9,4.475,77,88,77,FALSE,4
2026,12218,DT,"Armstead, Arik",4,17.6,4.4,78,89,78,FALSE,4
2026,12699,DT,"Billings, Andrew",1,5,5,141,78,78,FALSE,4
2026,17194,DT,"Jackson, Cam",1,5,5,141,78,78,FALSE,4
2026,17177,DT,"West, CJ",2,10,5,119,78,78,FALSE,4
2026,16786,DT,"Drake-Rodriguez, Levi",4,17.5,4.375,80.5,91,80.5,FALSE,4
2026,14237,DT,"Gaines, Greg",4,17.5,4.375,80.5,91,80.5,FALSE,4
2026,16691,DT,"Orhorhoro, Ruke",4,17.5,4.375,80.5,91,80.5,FALSE,4
2026,12764,DT,"Hargrave, Javon",3,14,4.666666666666667,102,83,83,FALSE,4
2026,17579,DT,"Banks, Caleb",4,17,4.25,85.5,94.5,85.5,FALSE,4
2026,15446,DT,"Slaton, Tedarrell",4,17,4.25,85.5,94.5,85.5,FALSE,4
2026,15391,DT,"Williams, Milton",4,17,4.25,85.5,94.5,85.5,FALSE,4
2026,17555,DT,"Woods, Peter",4,17,4.25,85.5,94.5,85.5,FALSE,4
2026,14652,DT,"Givens, Kevin",1,4.5,4.5,143,86,86,FALSE,4
2026,17632,DT,"Barrett, Nick",4,16.5,4.125,88.5,97.5,88.5,FALSE,4
2026,13332,DT,"Jones, D.J.",4,16.5,4.125,88.5,97.5,88.5,FALSE,4
2026,15877,DT,"Uwazurike, Eyioma",4,16.2,4.05,90,99,90,FALSE,4
2026,9051,DT,"Campbell, Calais",4,16,4,91.5,100.5,91.5,FALSE,4
2026,12305,DT,"Jarrett, Grady",4,16,4,91.5,100.5,91.5,FALSE,4
2026,16264,DT,"Benton, Keeanu",4,15.5,3.875,93,102,93,FALSE,4
2026,17209,DT,"Black, Yahya",4,15,3.75,95,104,95,FALSE,4
2026,16694,DT,"Fiske, Braden",4,15,3.75,95,104,95,FALSE,4
2026,11872,DT,"Harris, Shelby",4,15,3.75,95,104,95,FALSE,4
2026,17672,DT,"Gill-Howard, Skyler",4,14.8,3.7,97,106,97,FALSE,4
2026,17191,DT,"Farmer, Joshua",4,14.7,3.675,98,107,98,FALSE,4
2026,16693,DT,"Sweat, T'Vondre",4,14.3,3.575,99,108,99,FALSE,4
2026,17773,DT,"Edwards, TeRah",4,14,3.5,102,111,102,FALSE,4
2026,17195,DT,"Mills, Rylie",4,14,3.5,102,111,102,FALSE,4
2026,16294,DT,"Wooden, Colby",4,14,3.5,102,111,102,FALSE,4
2026,13769,DT,"Street, Kentavius",4,12.9,3.225,106,114,106,FALSE,4
2026,17611,DT,"Jackson, Darrell",4,12.5,3.125,108,117,108,FALSE,4
2026,17204,DT,"Roberts, Elijah",4,12.5,3.125,108,117,108,FALSE,4
2026,14971,DT,"Washington, Broderick",4,12.5,3.125,108,117,108,FALSE,4
2026,14934,DT,"Elliott, Jordan",4,12,3,110,119,110,FALSE,4
2026,17389,DT,"Okoye, CJ",4,11.6,2.9,111,120,111,FALSE,4
2026,17388,DT,"Simmons, Elijah",2,7,3.5,132.5,111,111,FALSE,4
2026,17767,DT,"Thompson Jr., James",2,7,3.5,132.5,111,111,FALSE,4
2026,14901,DT,"Gallimore, Neville",4,11.5,2.875,112.5,121.5,112.5,FALSE,4
2026,13199,DT,"Thomas, Solomon",4,11.5,2.875,112.5,121.5,112.5,FALSE,4
2026,15942,DT,"Ford, Jonathan",4,11.1,2.775,114,123,114,FALSE,4
2026,12219,DT,"Edwards, Mario",3,9.6,3.1999999999999997,121,115,115,FALSE,4
2026,16697,DT,"Smith, Maason",4,10.5,2.625,116.5,124,116.5,FALSE,4
2026,16324,DT,"Brooks, Karl",4,10,2.5,119,128,119,FALSE,4
2026,16520,DT,"Durden, Cory",4,10,2.5,119,128,119,FALSE,4
2026,11286,DT,"Jenkins, John",4,9.5,2.375,122,133,122,FALSE,4
2026,16661,DT,"Hall Jr., Michael",4,9,2.25,123,134,123,FALSE,4
2026,17330,DT,"Stackhouse, Nazir",4,8.5,2.125,124,136,124,FALSE,4
2026,13927,DT,"Dickerson, Matt",4,8,2,125.5,137.5,125.5,FALSE,4
2026,17224,DT,"Smith, Tim",4,8,2,125.5,137.5,125.5,FALSE,4
2026,15412,DT,"Brown, Bobby",3,7.5,2.5,128,128,128,FALSE,4
2026,17765,DT,"Campbell, Anthony",1,2.5,2.5,152,128,128,FALSE,4
2026,16254,DT,"Kancey, Calijah",4,7.5,1.875,128,139,128,FALSE,4
2026,16232,DT,"Morris, Mike",2,5,2.5,141,128,128,FALSE,4
2026,12361,DT,"Nunez-Roches, Rakeem",3,7.5,2.5,128,128,128,FALSE,4
2026,17219,DT,"Pegues, JJ",1,2.5,2.5,152,128,128,FALSE,4
2026,12758,DT,"Bullard, Jonathan",3,7.3,2.433333333333333,130,132,130,FALSE,4
2026,17199,DT,"Hamilton, Ty",4,7,1.75,132.5,142.5,132.5,FALSE,4
2026,16273,DT,"Young, Byron",4,7,1.75,132.5,142.5,132.5,FALSE,4
2026,11793,DT,"Jones, DaQuan",3,6.5,2.1666666666666665,135.5,135,135,FALSE,4
2026,17603,DT,"Orange, Domonique",4,6.5,1.625,135.5,144,135.5,FALSE,4
2026,15492,DT,"Tonga, Khyiris",4,5.6,1.4,137,151,137,FALSE,4
2026,17154,DT,"Alexander, Darius",3,5.5,1.8333333333333333,138.5,140.5,138.5,FALSE,4
2026,16787,DT,"Laulu, Jonah",3,5.5,1.8333333333333333,138.5,140.5,138.5,FALSE,4
2026,14675,DT,"Tuttle, Shy",4,4,1,144.5,154,144.5,FALSE,4
2026,17666,DT,"van den Berg, Jordan",4,4,1,144.5,154,144.5,FALSE,4
2026,14155,DT,"Collier, L.J.",4,3.5,0.875,146,157,146,FALSE,4
2026,17794,DT,"Cooper, Keith",1,1.5,1.5,159.5,147.5,147.5,FALSE,4
2026,16144,DT,"Garcia, Elijah",1,1.5,1.5,159.5,147.5,147.5,FALSE,4
2026,15618,DT,"Jones, Naquan",2,3,1.5,148,147.5,147.5,FALSE,4
2026,14975,DT,"Murchison, Larrell",1,1.5,1.5,159.5,147.5,147.5,FALSE,4
2026,16510,DT,"Pharms, Jeremiah",1,1.5,1.5,159.5,147.5,147.5,FALSE,4
2026,15910,DT,"Ridgeway, John",1,1.5,1.5,159.5,147.5,147.5,FALSE,4
2026,17602,DT,"Regis, Albert",3,3,1,148,154,148,FALSE,4
2026,17176,DT,"Robinson, Ty",4,3,0.75,148,160,148,FALSE,4
2026,16771,DT,"Crumedy, Jaden",3,2.8,0.9333333333333332,150,156,150,FALSE,4
2026,15918,DT,"Jackson, Jordan",2,2.5,1.25,152,152,152,FALSE,4
2026,17600,DT,"McClellan, Chris",4,1.7000000000000002,0.42500000000000004,154,164,154,FALSE,4
2026,17790,DT,"Eason, Bryson",2,1.5,0.75,159.5,160,159.5,FALSE,4
2026,16797,DT,"Harris, Marcus",2,1.5,0.75,159.5,160,159.5,FALSE,4
2026,15382,DT,"Onwuzurike, Levi",3,1.5,0.5,159.5,163,159.5,FALSE,4
2026,12782,DT,"Onyemata, David",2,1.5,0.75,159.5,160,159.5,FALSE,4
2026,17236,DT,"Peebles, Aeneas",2,1.5,0.75,159.5,160,159.5,FALSE,4
2026,13683,DT,"Hand, Da'Shawn",1,0,0,168,168,168,FALSE,4
2026,17170,DT,"Jones, Sai'vion",3,0,0,168,168,168,FALSE,4
2026,16486,DT,"Pili, Brandon",2,0,0,168,168,168,FALSE,4
2026,16258,DT,"Smith, Mazi",1,0,0,168,168,168,FALSE,4
2026,16091,DT,"Stille, Ben",1,0,0,168,168,168,FALSE,4
2026,16817,DT,"Taylor, Leonard",2,0,0,168,168,168,FALSE,4
2026,13965,DT,"Tupou, Josh",1,0,0,168,168,168,FALSE,4
2026,13742,DT,"Hill, B.J.",1,-1.5,-1.5,172.5,172.5,172.5,FALSE,4
2026,17585,DT,"Miller, Christen",1,-1.5,-1.5,172.5,172.5,172.5,FALSE,4
2026,15822,LB,"Lloyd, Devin",3,75.5,25.166666666666668,1,1,1,FALSE,4
2026,15821,LB,"Dean, Nakobe",4,61.4,15.35,2,3,2,FALSE,4
2026,17589,LB,"Trotter, Josiah",3,53.5,17.833333333333332,7,2,2,FALSE,4
2026,17556,LB,"Reese, Arvell",4,59.2,14.8,3,4,3,FALSE,4
2026,13813,LB,"Oluokun, Foyesade",4,56.6,14.15,4,5,4,FALSE,4
2026,16696,LB,"Cooper, Edgerrin",4,55.9,13.975,5,6,5,FALSE,4
2026,17586,LB,"Rodriguez, Jacob",4,54.7,13.675,6,7,6,FALSE,4
2026,15404,LB,"Jones, Ernest",4,52.6,13.15,8,8,8,FALSE,4
2026,14251,LB,"Cashman, Blake",4,50.3,12.575,9,9,9,FALSE,4
2026,13743,LB,"Warner, Fred",4,50.2,12.55,10,10,10,FALSE,4
2026,13696,LB,"Smith, Roquan",4,49,12.25,11,11,11,FALSE,4
2026,14893,LB,"Baun, Zack",3,36.5,12.166666666666666,29,12,12,FALSE,4
2026,16450,LB,"Thomas, Drake",4,45.9,11.475,12,13,12,FALSE,4
2026,16234,LB,"Simpson, Trenton",4,44,11,13,14,13,FALSE,4
2026,17557,LB,"Styles, Sonny",4,43.099999999999994,10.774999999999999,14,15,14,FALSE,4
2026,16296,LB,"Miller, Ventrell",4,41.8,10.45,15,17,15,FALSE,4
2026,15409,LB,"Barnes, Derrick",4,41.7,10.425,16,18,16,FALSE,4
2026,14303,LB,"Elliss, Kaden",3,32,10.666666666666666,41,16,16,FALSE,4
2026,17125,LB,"Knight, Demetrius",4,41.6,10.4,17,19,17,FALSE,4
2026,17124,LB,"Carter, Barrett",4,41.5,10.375,18,20,18,FALSE,4
2026,14218,LB,"Okereke, Bobby",4,40,10,19,21,19,FALSE,4
2026,17123,LB,"Campbell, Jihaad",4,39.7,9.925,20,22,20,FALSE,4
2026,13697,LB,"Edmunds, Tremaine",4,39,9.75,21.5,23.5,21.5,FALSE,4
2026,14235,LB,"Tranquill, Drue",4,39,9.75,21.5,23.5,21.5,FALSE,4
2026,16280,LB,"Henley, Daiyan",4,38.8,9.7,23,25,23,FALSE,4
2026,15355,LB,"Bolton, Nick",4,38.5,9.625,24.5,26.5,24.5,FALSE,4
2026,15428,LB,"Sherwood, Jamien",4,38.5,9.625,24.5,26.5,24.5,FALSE,4
2026,16716,LB,"Wilson, Payton",4,38.3,9.575,26,28,26,FALSE,4
2026,14412,LB,"Singleton, Alex",4,38,9.5,27,29,27,FALSE,4
2026,10816,LB,"Davis, Demario",4,37.9,9.475,28,30,28,FALSE,4
2026,16239,LB,"Campbell, Jack",4,35.4,8.85,30,31,30,FALSE,4
2026,15869,LB,"Bernard, Terrel",4,35,8.75,31,32,31,FALSE,4
2026,17560,LB,"Hill Jr., Anthony",4,34,8.5,32,33.5,32,FALSE,4
2026,14943,LB,"Davis-Gaither, Akeem",4,33.5,8.375,33.5,35.5,33.5,FALSE,4
2026,16828,LB,"Njongmeta, Maema",1,8.5,8.5,80,33.5,33.5,FALSE,4
2026,16284,LB,"Williams, Dorian",4,33.5,8.375,33.5,35.5,33.5,FALSE,4
2026,14896,LB,"Queen, Patrick",4,33,8.25,35,37,35,FALSE,4
2026,14170,LB,"Bush, Devin",4,32.6,8.15,37,39,37,FALSE,4
2026,14953,LB,"Dye, Troy",4,32.6,8.15,37,39,37,FALSE,4
2026,15387,LB,"Werner, Pete",4,32.6,8.15,37,39,37,FALSE,4
2026,16346,LB,"Winters, Dee",4,32.3,8.075,39,41,39,FALSE,4
2026,15681,LB,"Elliss, Christian",4,32.1,8.025,40,42,40,FALSE,4
2026,14892,LB,"Brooks, Jordyn",4,31.5,7.875,42,44,42,FALSE,4
2026,14590,LB,"Al-Shaair, Azeez",3,24,8,56.5,43,43,FALSE,4
2026,14247,LB,"Greenlaw, Dre",4,31,7.75,43.5,45.5,43.5,FALSE,4
2026,14169,LB,"Wilson, Mack",4,31,7.75,43.5,45.5,43.5,FALSE,4
2026,16009,LB,"Gibbens, Jack",4,30.6,7.65,45,47,45,FALSE,4
2026,13447,LB,"Wilson, Eric",4,30.5,7.625,46,48,46,FALSE,4
2026,15846,LB,"Walker, Quay",4,29.5,7.375,47,49,47,FALSE,4
2026,14322,LB,"Edwards, T.J.",4,29,7.25,48.5,50.5,48.5,FALSE,4
2026,17147,LB,"Schwesinger, Carson",4,29,7.25,48.5,50.5,48.5,FALSE,4
2026,17606,LB,"Barham, Jaishawn",4,28.5,7.125,50.5,52.5,50.5,FALSE,4
2026,13987,LB,"Spillane, Robert",4,28.5,7.125,50.5,52.5,50.5,FALSE,4
2026,16870,LB,"Speights, Omar",4,27.9,6.975,52,54,52,FALSE,4
2026,14221,LB,"Williams, Quincy",4,26,6.5,53,55,53,FALSE,4
2026,17233,LB,"Medrano, Kain",4,25,6.25,54,56,54,FALSE,4
2026,16019,LB,"Hansen, Jake",4,24.4,6.1,55,58,55,FALSE,4
2026,15396,LB,"Deablo, Divine",4,24,6,56.5,59,56.5,FALSE,4
2026,13952,LB,"Luvu, Frankie",2,12.3,6.15,71,57,57,FALSE,4
2026,13837,LB,"Franklin, Zaire",4,23,5.75,58.5,60.5,58.5,FALSE,4
2026,16013,LB,"Landman, Nate",4,23,5.75,58.5,60.5,58.5,FALSE,4
2026,16738,LB,"Carlies, Jaylon",4,22.6,5.65,60,62,60,FALSE,4
2026,14979,LB,"Strnad, Justin",4,21.5,5.375,61,63,61,FALSE,4
2026,16664,LB,"Trotter Jr., Jeremiah",4,19.5,4.875,62,65,62,FALSE,4
2026,14217,LB,"Barton, Cody",4,17,4.25,63.5,67.5,63.5,FALSE,4
2026,14467,LB,"Phillips, Del'Shawn",4,17,4.25,63.5,67.5,63.5,FALSE,4
2026,15831,LB,"Chenal, Leo",3,15.5,5.166666666666667,65,64,64,FALSE,4
2026,16494,LB,"Moon, Jeremiah",2,9,4.5,78.5,66,66,FALSE,4
2026,17126,LB,"Stutsman, Danny",4,14.1,3.525,66,70,66,FALSE,4
2026,17410,LB,"Combs, Branson",4,12.7,3.175,67,72,67,FALSE,4
2026,17629,LB,"Boettcher, Bryce",4,12.5,3.125,68.5,73.5,68.5,FALSE,4
2026,17628,LB,"Daniels, Kendal",4,12.5,3.125,68.5,73.5,68.5,FALSE,4
2026,16667,LB,"Gray, Cedric",3,11.5,3.8333333333333335,73,69,69,FALSE,4
2026,16383,LB,"Pace, Ivan",4,12.4,3.1,70,75,70,FALSE,4
2026,16063,LB,"McCrary-Ball, Marcelino",2,7,3.5,85.5,71,71,FALSE,4
2026,17667,LB,"Perkins, Harold",4,12,3,72,76,72,FALSE,4
2026,13268,LB,"Anzalone, Alex",4,11,2.75,74.5,78.5,74.5,FALSE,4
2026,16072,LB,"Cochrane, Jack",4,11,2.75,74.5,78.5,74.5,FALSE,4
2026,16328,LB,"Barnes, Zaire",4,10.5,2.625,76,81,76,FALSE,4
2026,17203,LB,"Bassa, Jeffrey",4,10,2.5,77,83.5,77,FALSE,4
2026,17369,LB,"Ajiake, Austin",2,5.5,2.75,94,78.5,78.5,FALSE,4
2026,15473,LB,"McDuffie, Isaiah",4,9,2.25,78.5,88,78.5,FALSE,4
2026,17617,LB,"Rolder, Jimmy",2,5.5,2.75,94,78.5,78.5,FALSE,4
2026,15914,LB,"Rodriguez, Malcolm",4,8,2,81,90,81,FALSE,4
2026,17265,LB,"Dolac, Shaun",4,7.5,1.875,82,92,82,FALSE,4
2026,14168,LB,"White, Devin",2,5.1,2.55,98,82,82,FALSE,4
2026,15353,LB,"Surratt, Chazz",3,7.1,2.3666666666666667,83,85,83,FALSE,4
2026,14889,LB,"Murray, Kenneth",1,2.5,2.5,119.5,83.5,83.5,FALSE,4
2026,14891,LB,"Harrison, Malik",3,7,2.3333333333333335,85.5,86.5,85.5,FALSE,4
2026,17766,LB,"Hunter, Erick",3,7,2.3333333333333335,85.5,86.5,85.5,FALSE,4
2026,17408,LB,"Turner, Jordan",4,7,1.75,85.5,93,85.5,FALSE,4
2026,13750,LB,"Burks, Oren",4,6,1.5,89,98,89,FALSE,4
2026,16759,LB,"Muasau, Darius",4,6,1.5,89,98,89,FALSE,4
2026,15443,LB,"Wallow, Garret",4,6,1.5,89,98,89,FALSE,4
2026,14472,LB,"Dodson, Tyrel",2,4,2,109,90,90,FALSE,4
2026,17805,LB,"Ford, Trace",1,2,2,125.5,90,90,FALSE,4
2026,17636,LB,"Dugger, Jaden",4,5.5,1.375,94,103,94,FALSE,4
2026,17623,LB,"Elarms-Orr, Kaleb",4,5.5,1.375,94,103,94,FALSE,4
2026,14926,LB,"Gay, Willie",4,5.5,1.375,94,103,94,FALSE,4
2026,15899,LB,"Jackson, D'Marco",4,5.5,1.375,94,103,94,FALSE,4
2026,17140,LB,"Mondon, Smael",4,5.5,1.375,94,103,94,FALSE,4
2026,15076,LB,"Rozeboom, Christian",3,5,1.6666666666666667,101,94.5,94.5,FALSE,4
2026,16911,LB,"Stalbird, Isaiah",3,5,1.6666666666666667,101,94.5,94.5,FALSE,4
2026,16730,LB,"Magee, Jordan",1,1.5,1.5,133,98,98,FALSE,4
2026,16236,LB,"To'oTo'o, Henry",1,1.5,1.5,133,98,98,FALSE,4
2026,17571,LB,"Golday, Jake",4,5,1.25,101,108,101,FALSE,4
2026,17665,LB,"Obiazor, Namdi",4,5,1.25,101,108,101,FALSE,4
2026,16138,LB,"Olubi, Segun",4,5,1.25,101,108,101,FALSE,4
2026,17746,LB,"Bailey, Wesley",4,4.5,1.125,104.5,110.5,104.5,FALSE,4
2026,14260,LB,"Holcomb, Cole",4,4.5,1.125,104.5,110.5,104.5,FALSE,4
2026,17415,LB,"Kaho, Ale",3,4,1.3333333333333333,109,106,106,FALSE,4
2026,16314,LB,"Dennis, SirVocea",4,4,1,109,116,109,FALSE,4
2026,16666,LB,"Eichenberg, Tommy",4,4,1,109,116,109,FALSE,4
2026,14495,LB,"Gifford, Luke",4,4,1,109,116,109,FALSE,4
2026,17201,LB,"James, Shemar",4,4,1,109,116,109,FALSE,4
2026,17379,LB,"Mascarenas-Arnold, Easton",4,4,1,109,116,109,FALSE,4
2026,14737,LB,"Giles-Harris, Joe",4,3.5,0.875,113,121,113,FALSE,4
2026,17247,LB,"Bruener, Carson",4,3,0.75,115.5,123.5,115.5,FALSE,4
2026,15194,LB,"Christiansen, Cole",3,3,1,115.5,116,115.5,FALSE,4
2026,16710,LB,"Hopper, Ty'Ron",3,3,1,115.5,116,115.5,FALSE,4
2026,17178,LB,"Simon, Cody",4,3,0.75,115.5,123.5,115.5,FALSE,4
2026,17383,LB,"Jones, Carl",2,2,1,125.5,116,116,FALSE,4
2026,15151,LB,"Welch, Kristian",1,1,1,140.5,116,116,FALSE,4
2026,17286,LB,"Higgins, Jay",4,2.5,0.625,119.5,129.5,119.5,FALSE,4
2026,14672,LB,"Reeder, Troy",3,2.5,0.8333333333333334,119.5,122,119.5,FALSE,4
2026,17449,LB,"Woodard, Jackson",4,2.5,0.625,119.5,129.5,119.5,FALSE,4
2026,17010,LB,"Bozeman, Swayze",3,2,0.6666666666666666,125.5,126.5,125.5,FALSE,4
2026,17776,LB,"Chambers, Tahj",4,2,0.5,125.5,135,125.5,FALSE,4
2026,15823,LB,"Harris, Christian",3,2,0.6666666666666666,125.5,126.5,125.5,FALSE,4
2026,17244,LB,"Lindenberg, Cody",3,2,0.6666666666666666,125.5,126.5,125.5,FALSE,4
2026,15890,LB,"McFadden, Micah",3,2,0.6666666666666666,125.5,126.5,125.5,FALSE,4
2026,14200,LB,"Tavai, Jahlani",4,2,0.5,125.5,135,125.5,FALSE,4
2026,17683,LB,"Kuwatch, Jackson",4,1.5,0.375,133,142,133,FALSE,4
2026,15456,LB,"Niemann, Nick",4,1.5,0.375,133,142,133,FALSE,4
2026,16443,LB,"O'Connell, Patrick",4,1.5,0.375,133,142,133,FALSE,4
2026,15975,LB,"Sanborn, Jack",4,1.5,0.375,133,142,133,FALSE,4
2026,15498,LB,"Stuard, Grant",4,1.5,0.375,133,142,133,FALSE,4
2026,17787,LB,"Anderson, Liam",2,1,0.5,140.5,135,135,FALSE,4
2026,17185,LB,"Buchanan, Teddye",2,1,0.5,140.5,135,135,FALSE,4
2026,15930,LB,"Campbell, Chance",1,0.5,0.5,149,135,135,FALSE,4
2026,16439,LB,"Diabate, Mohamoud",1,0.5,0.5,149,135,135,FALSE,4
2026,17807,LB,"Keller, Jaden",1,0.5,0.5,149,135,135,FALSE,4
2026,17356,LB,"McDonald, Cooper",1,0.5,0.5,149,135,135,FALSE,4
2026,15521,LB,"Ogbongbemiga, Amen",2,1,0.5,140.5,135,135,FALSE,4
2026,16872,LB,"Andreessen, Joe",4,1,0.25,140.5,148.5,140.5,FALSE,4
2026,16761,LB,"Hill, Jamal",3,1,0.3333333333333333,140.5,145,140.5,FALSE,4
2026,17662,LB,"Kelly, Jack",4,1,0.25,140.5,148.5,140.5,FALSE,4
2026,17362,LB,"Reid, Karene",4,1,0.25,140.5,148.5,140.5,FALSE,4
2026,17558,LB,"Allen, CJ",2,0.5,0.25,149,148.5,148.5,FALSE,4
2026,16492,LB,"Cherelus, Claudin",2,0.5,0.25,149,148.5,148.5,FALSE,4
2026,16704,LB,"Wallace, Trevin",2,0.5,0.25,149,148.5,148.5,FALSE,4
2026,17323,LB,"Barron, Justin",3,0.5,0.16666666666666666,149,152,149,FALSE,4
2026,17658,LB,"Sharar, Karson",4,0.5,0.125,149,153,149,FALSE,4
2026,15049,LB,"Bachie, Joe",2,0,0,160,160,160,FALSE,4
2026,17645,LB,"Elliott, Keyshaun",4,0,0,160,160,160,FALSE,4
2026,17763,LB,"Fordham, Caden",1,0,0,160,160,160,FALSE,4
2026,13715,LB,"Harrison, Ronnie",1,0,0,160,160,160,FALSE,4
2026,17000,LB,"Heyward, Shaka",1,0,0,160,160,160,FALSE,4
2026,16017,LB,"Hummel, Jake",1,0,0,160,160,160,FALSE,4
2026,16722,LB,"Knight, Tyrice",4,0,0,160,160,160,FALSE,4
2026,14442,LB,"Kuntz, Christian",4,0,0,160,160,160,FALSE,4
2026,17578,LB,"Louis, Kyle",1,0,0,160,160,160,FALSE,4
2026,17208,LB,"Mauigoa, Francisco",2,0,0,160,160,160,FALSE,4
2026,17456,LB,"Neal, Elias",2,0,0,160,160,160,FALSE,4
2026,16283,LB,"Overshown, DeMarvion",1,0,0,160,160,160,FALSE,4
2026,16237,LB,"Pappoe, Owen",1,0,0,160,160,160,FALSE,4
2026,17621,LB,"Woodaz, Wade",4,-1.2999999999999998,-0.32499999999999996,167,167,167,FALSE,4
2026,17692,LB,"Fisher, Aiden",3,-1.4,-0.4666666666666666,168,169,168,FALSE,4
2026,14887,LB,"Simmons, Isaiah",4,-1.5,-0.375,169,168,168,FALSE,4
2026,17354,LB,"Wax, Marlowe",4,-2,-0.5,171,170.5,170.5,FALSE,4
2026,14379,LB,"Woods, Josh",4,-2,-0.5,171,170.5,170.5,FALSE,4
2026,16774,LB,"Watson, Nathaniel",2,-2,-1,171,172,171,FALSE,4
2026,15622,LB,"Robinson, Curtis",1,-3,-3,173,175,173,FALSE,4
2026,16793,LB,"Williams, James",3,-3.5,-1.1666666666666667,174,173,173,FALSE,4
2026,16926,LB,"Reid, Winston",4,-5,-1.25,175,174,174,FALSE,4
2026,16896,PK,"Shrader, Spencer",4,66.6,16.65,1,1,1,FALSE,4
2026,16681,PK,"Reichard, Will",4,57.800000000000004,14.450000000000001,2,2,2,FALSE,4
2026,15368,PK,"McPherson, Evan",4,53.9,13.475,3,3,3,FALSE,4
2026,14244,PK,"Gay, Matt",4,44.1,11.025,4,4,4,FALSE,4
2026,14717,PK,"McLaughlin, Chase",4,41.4,10.35,5,5,5,FALSE,4
2026,16419,PK,"Szmyt, Andre",4,38.7,9.675,6,6,6,FALSE,4
2026,17222,PK,"Loop, Tyler",4,38.5,9.625,7,7,7,FALSE,4
2026,12860,PK,"Fairbairn, Ka'imi",4,35.3,8.825,8,8,8,FALSE,4
2026,17736,PK,"Zvada, Dominic",4,35.1,8.775,9,9,9,FALSE,4
2026,16292,PK,"Ryland, Chad",4,31.9,7.975,10,10,10,FALSE,4
2026,17277,PK,"Fitzgerald, Ryan",4,28.2,7.05,11,11,11,FALSE,4
2026,13303,PK,"Elliott, Jake",4,25.3,6.325,12,12,12,FALSE,4
2026,16680,PK,"Little, Cam",4,23.900000000000002,5.9750000000000005,13,13,13,FALSE,4
2026,16846,PK,"Bates, Jake",4,23.1,5.775,14,14,14,FALSE,4
2026,17668,PK,"Smack, Trey",4,22.5,5.625,15,15,15,FALSE,4
2026,13832,PK,"Sanders, Jason",4,19.2,4.8,16,16,16,FALSE,4
2026,17726,PK,"Stevens, Drew",4,15,3.75,17,17,17,FALSE,4
2026,12437,PK,"Myers, Jason",4,14.8,3.7,18,18,18,FALSE,4
2026,11945,PK,"Santos, Cairo",4,14.7,3.675,19,19,19,FALSE,4
2026,14983,PK,"Bass, Tyler",4,14.1,3.525,20,20,20,FALSE,4
2026,16414,PK,"Aubrey, Brandon",4,11.000000000000002,2.7500000000000004,21,21,21,FALSE,4
2026,13719,PK,"Pineiro, Eddy",4,8.6,2.15,22,22,22,FALSE,4
2026,11936,PK,"Boswell, Chris",4,7.9,1.975,23,23,23,FALSE,4
2026,17220,PK,"Borregales, Andres",4,7.8,1.95,24,24,24,FALSE,4
2026,12956,PK,"Lutz, Wil",4,6.999999999999999,1.7499999999999998,25,25,25,FALSE,4
2026,16843,PK,"Mevis, Harrison",4,6.9,1.725,26,26,26,FALSE,4
2026,8851,PK,"Folk, Nick",4,6.8,1.7,27,27,27,FALSE,4
2026,13354,PK,"Butker, Harrison",4,6.500000000000001,1.6250000000000002,28,28,28,FALSE,4
2026,13718,PK,"Carlson, Daniel",4,3.699999999999999,0.9249999999999997,29,29,29,FALSE,4
2026,14600,PK,"Slye, Joey",4,2.9,0.725,30,30,30,FALSE,4
2026,15369,PK,"Patterson, Riley",4,2.4000000000000004,0.6000000000000001,31,31,31,FALSE,4
2026,15979,PK,"Dicker, Cameron",4,1.4999999999999996,0.3749999999999999,32,32,32,FALSE,4
2026,15911,PN,"Araiza, Matt",4,33.6,8.4,1,1,1,FALSE,4
2026,16452,PN,"Whelan, Daniel",4,33.1,8.275,2,2,2,FALSE,4
2026,15884,PN,"Stout, Jordan",4,31.700000000000003,7.925000000000001,3,3,3,FALSE,4
2026,17241,PN,"Crawshaw, Jeremy",4,31.7,7.925,4,4,4,FALSE,4
2026,14985,PN,"Mann, Braden",4,31.6,7.9,5,5,5,FALSE,4
2026,13869,PN,"Bojorquez, Corey",4,29.5,7.375,6,6,6,FALSE,4
2026,13848,PN,"Johnston, Cam",4,29.1,7.275,7,7,7,FALSE,4
2026,15051,PN,"Townsend, Tommy",4,27.599999999999998,6.8999999999999995,8,8,8,FALSE,4
2026,14630,PN,"Cole, A.J.",4,26.4,6.6,9,9,9,FALSE,4
2026,17352,PN,"Kroeger, Kai",4,22.3,5.575,10,11,10,FALSE,4
2026,17761,PN,"Thorson, Brett",2,11.3,5.65,28,10,10,FALSE,4
2026,17339,PN,"McNamara, Austin",4,22.2,5.55,11.5,12.5,11.5,FALSE,4
2026,13431,PN,"Sanchez, Rigoberto",4,22.2,5.55,11.5,12.5,11.5,FALSE,4
2026,11383,PN,"Martin, Sam",4,20.5,5.125,13,14,13,FALSE,4
2026,14227,PN,"Wishnowsky, Mitch",4,19,4.75,14,15,14,FALSE,4
2026,11985,PN,"Way, Tress",4,18.6,4.65,15,16,15,FALSE,4
2026,17664,PN,"Eckley, Ryan",4,17.5,4.375,16,17,16,FALSE,4
2026,15032,PN,"Fox, Jack",4,17.1,4.275,17,18,17,FALSE,4
2026,10814,PN,"Anger, Bryan",4,16.9,4.225,18,19,18,FALSE,4
2026,16351,PN,"Evans, Ethan",4,16.7,4.175,19,20,19,FALSE,4
2026,14256,PN,"Bailey, Jake",4,16.400000000000002,4.1000000000000005,20,21,20,FALSE,4
2026,13844,PN,"Cooke, Logan",4,16.3,4.075,21.5,22.5,21.5,FALSE,4
2026,15499,PN,"Gillikin, Blake",4,16.3,4.075,21.5,22.5,21.5,FALSE,4
2026,15668,PN,"Waitman, Corliss",4,14.9,3.725,23,24,23,FALSE,4
2026,13782,PN,"Dickson, Michael",4,13.5,3.375,24,25,24,FALSE,4
2026,16010,PN,"Wright, Ryan",4,13.200000000000001,3.3000000000000003,25,26,25,FALSE,4
2026,17689,PN,"Doman, Tommy",4,13,3.25,26,27,26,FALSE,4
2026,16724,PN,"Taylor, Tory",4,12.4,3.1,27,28,27,FALSE,4
2026,16887,PN,"Rehkow, Ryan",4,10.9,2.725,29,29,29,FALSE,4
2026,13791,PN,"Scott, J.K.",4,7.300000000000001,1.8250000000000002,30,30,30,FALSE,4
2026,12842,PN,"Dixon, Riley",4,7.1,1.775,31,31,31,FALSE,4
2026,12323,PN,"Pinion, Bradley",4,5.9,1.475,32,32,32,FALSE,4
2026,10945,PN,"Hekker, Johnny",2,1.5,0.75,33,33,33,FALSE,4
2026,15698,QB,"Purdy, Brock",4,207.7,51.925,1,1,1,FALSE,4
2026,13116,QB,"Mahomes, Patrick",4,174,43.5,2,2,2,FALSE,4
2026,16148,QB,"Young, Bryce",4,172.8,43.2,3,3,3,FALSE,4
2026,13593,QB,"Jackson, Lamar",4,169.9,42.475,4,4,4,FALSE,4
2026,12611,QB,"Goff, Jared",4,165.4,41.35,5,5,5,FALSE,4
2026,12620,QB,"Prescott, Dak",4,164.3,41.075,6,6,6,FALSE,4
2026,13589,QB,"Allen, Josh",4,152.79999999999998,38.199999999999996,7,7,7,FALSE,4
2026,14057,QB,"Lock, Drew",2,74.9,37.45,18,8,8,FALSE,4
2026,16150,QB,"Stroud, C.J.",4,135.4,33.85,8,10,8,FALSE,4
2026,14777,QB,"Burrow, Joe",4,128.9,32.225,9,11,9,FALSE,4
2026,16583,QB,"Penix Jr., Michael",2,69.9,34.95,19,9,9,FALSE,4
2026,10700,QB,"Cousins, Kirk",4,124.1,31.025,10,13,10,FALSE,4
2026,15237,QB,"Lawrence, Trevor",4,120.7,30.175,11,14,11,FALSE,4
2026,13113,QB,"Watson, Deshaun",4,110.9,27.725,12,15,12,FALSE,4
2026,16579,QB,"Williams, Caleb",2,64.10000000000001,32.050000000000004,21.5,12,12,FALSE,4
2026,17039,QB,"Shough, Tyler",4,109.7,27.425,13,16,13,FALSE,4
2026,11150,QB,"Smith, Geno",4,105.3,26.325,14,17,14,FALSE,4
2026,9431,QB,"Stafford, Matthew",4,93.39999999999999,23.349999999999998,15,19,15,FALSE,4
2026,14782,QB,"Love, Jordan",4,86.8,21.7,16,21,16,FALSE,4
2026,17030,QB,"Ward, Cam",4,75.2,18.8,17,24,17,FALSE,4
2026,17032,QB,"Dart, Jaxson",2,48.1,24.05,28,18,18,FALSE,4
2026,10948,QB,"Keenum, Case",2,46.1,23.05,30,20,20,FALSE,4
2026,16582,QB,"Nix, Bo",4,69.69999999999999,17.424999999999997,20,26,20,FALSE,4
2026,14783,QB,"Hurts, Jalen",4,64.10000000000001,16.025000000000002,21.5,27,21.5,FALSE,4
2026,16581,QB,"Daniels, Jayden",2,42.1,21.05,31,22,22,FALSE,4
2026,12141,QB,"Mariota, Marcus",3,60.7,20.233333333333334,24,23,23,FALSE,4
2026,7836,QB,"Rodgers, Aaron",4,61.800000000000004,15.450000000000001,23,28,23,FALSE,4
2026,13592,QB,"Darnold, Sam",3,55.199999999999996,18.4,26,25,25,FALSE,4
2026,16580,QB,"Maye, Drake",4,55.800000000000004,13.950000000000001,25,31,25,FALSE,4
2026,12616,QB,"Brissett, Jacoby",4,48.800000000000004,12.200000000000001,27,32,27,FALSE,4
2026,12610,QB,"Wentz, Carson",2,29.8,14.9,33,29,29,FALSE,4
2026,15694,QB,"Willis, Malik",4,47.2,11.8,29,33,29,FALSE,4
2026,16384,QB,"Bagent, Tyson",2,28.2,14.1,34,30,30,FALSE,4
2026,13590,QB,"Mayfield, Baker",3,31.5,10.5,32,34,32,FALSE,4
2026,14779,QB,"Herbert, Justin",4,25.3,6.325,35,39,35,FALSE,4
2026,14789,QB,"Huntley, Tyler",1,9.8,9.8,39,35,35,FALSE,4
2026,17679,QB,"Kaliakmanis, Athan",1,8.6,8.6,40,36,36,FALSE,4
2026,12140,QB,"Winston, Jameis",3,22.4,7.466666666666666,36,37,36,FALSE,4
2026,14056,QB,"Murray, Kyler",3,21,7,37,38,37,FALSE,4
2026,14059,QB,"Jones, Daniel",4,18.5,4.625,38,40,38,FALSE,4
2026,16441,QB,"DeVito, Tommy",1,3.4,3.4,41,41,41,FALSE,4
2026,16153,QB,"Bennett, Stetson",1,2.9,2.9,42,42,42,FALSE,4
2026,15692,QB,"Pickett, Kenny",2,2.5,1.25,43,43,43,FALSE,4
2026,17469,QB,"Daniels, Jalon",2,1.6000000000000014,0.8000000000000007,44,44,44,FALSE,4
2026,17034,QB,"Ewers, Quinn",1,0,0,46,46,46,FALSE,4
2026,15238,QB,"Fields, Justin",1,0,0,46,46,46,FALSE,4
2026,9064,QB,"Flacco, Joe",1,0,0,46,46,46,FALSE,4
2026,17031,QB,"Sanders, Shedeur",1,-0.5,-0.5,48,48,48,FALSE,4
2026,13595,QB,"Rudolph, Mason",1,-0.9,-0.9,49,49,49,FALSE,4
2026,15241,QB,"Jones, Mac",1,-1.4,-1.4,50,50,50,FALSE,4
2026,13968,QB,"Mullens, Nick",1,-2.1,-2.1,51,51,51,FALSE,4
2026,10313,QB,"Dalton, Andy",1,-10,-10,52,52,52,FALSE,4
2026,13124,QB,"Rush, Cooper",2,-32.5,-16.25,54,53,53,FALSE,4
2026,17743,QB,"Strand, Jack",1,-21,-21,53,54,53,FALSE,4
2026,15711,RB,"Walker III, Kenneth",4,106.7,26.675,1,1,1,FALSE,4
2026,16161,RB,"Robinson, Bijan",4,97.8,24.45,2,2,2,FALSE,4
2026,16162,RB,"Gibbs, Jahmyr",4,91,22.75,3,3,3,FALSE,4
2026,12626,RB,"Henry, Derrick",4,76.10000000000001,19.025000000000002,4,4,4,FALSE,4
2026,15710,RB,"Williams, Kyren",4,75.4,18.85,5,5,5,FALSE,4
2026,15261,RB,"Hubbard, Chuba",4,72.5,18.125,6,6,6,FALSE,4
2026,14802,RB,"Taylor, Jonathan",4,66.39999999999999,16.599999999999998,7,7,7,FALSE,4
2026,15715,RB,"Cook, James",4,65,16.25,8,8,8,FALSE,4
2026,17066,RB,"Monangai, Kyle",4,60.6,15.15,9,9,9,FALSE,4
2026,17052,RB,"Tuten, Bhayshul",4,55.2,13.8,10,10,10,FALSE,4
2026,13130,RB,"McCaffrey, Christian",4,54.5,13.625,11,11,11,FALSE,4
2026,15742,RB,"Warren, Jaylen",4,53.9,13.475,12,12,12,FALSE,4
2026,17042,RB,"Jeanty, Ashton",4,50.8,12.7,13,13,13,FALSE,4
2026,15256,RB,"Williams, Javonte",4,50.6,12.65,14,14,14,FALSE,4
2026,15708,RB,"Hall, Breece",3,34.5,11.5,17,15,15,FALSE,4
2026,14797,RB,"Swift, D'Andre",4,44.5,11.125,15,17,15,FALSE,4
2026,15253,RB,"Etienne, Travis",3,33.5,11.166666666666666,18,16,16,FALSE,4
2026,15716,RB,"Robinson, Brian",4,43.5,10.875,16,18,16,FALSE,4
2026,13319,RB,"Jones, Aaron",4,33,8.25,19,20,19,FALSE,4
2026,15972,RB,"Mason, Jordan",1,9.3,9.3,59,19,19,FALSE,4
2026,16181,RB,"Brown, Chase",4,31,7.75,20,21,20,FALSE,4
2026,17472,RB,"Love, Jeremiyah",4,30.3,7.575,21.5,22.5,21.5,FALSE,4
2026,16432,RB,"Wilson, Emanuel",4,30.3,7.575,21.5,22.5,21.5,FALSE,4
2026,17044,RB,"Hampton, Omarion",4,29.9,7.475,23,25,23,FALSE,4
2026,17059,RB,"Gordon II, Ollie",4,27.4,6.85,24,27,24,FALSE,4
2026,15721,RB,"White, Rachaad",3,22.7,7.566666666666666,31,24,24,FALSE,4
2026,17051,RB,"Judkins, Quinshon",4,27.099999999999998,6.7749999999999995,25,28,25,FALSE,4
2026,17068,RB,"Harvey, RJ",3,21.2,7.066666666666666,33,26,26,FALSE,4
2026,15259,RB,"Stevenson, Rhamondre",4,26.1,6.525,26,29,26,FALSE,4
2026,16178,RB,"Mitchell, Keaton",4,25.6,6.4,27,30,27,FALSE,4
2026,16598,RB,"Irving, Bucky",4,25.1,6.275,28,31,28,FALSE,4
2026,14085,RB,"Pollard, Tony",4,24.5,6.125,29,32,29,FALSE,4
2026,14071,RB,"Montgomery, David",4,23.8,5.95,30,35,30,FALSE,4
2026,17045,RB,"Skattebo, Cam",4,21.4,5.35,32,36,32,FALSE,4
2026,13404,RB,"Ekeler, Austin",1,6,6,67.5,33,33,FALSE,4
2026,15718,RB,"Badie, Tyler",3,17.9,5.966666666666666,37,34,34,FALSE,4
2026,16174,RB,"Rodriguez, Chris",4,20.6,5.15,34,39,34,FALSE,4
2026,17474,RB,"Johnson, Emmett",4,20,5,35,40,35,FALSE,4
2026,16593,RB,"Corum, Blake",4,18.9,4.725,36,43,36,FALSE,4
2026,17477,RB,"Coleman, Jonah",2,10.6,5.3,55.5,37,37,FALSE,4
2026,16596,RB,"Allen, Braelon",4,16.8,4.2,38,46,38,FALSE,4
2026,14095,RB,"Johnson, Ty",2,10.4,5.2,57,38,38,FALSE,4
2026,15712,RB,"Allgeier, Tyler",4,15.9,3.975,39,47,39,FALSE,4
2026,17482,RB,"Washington Jr., Mike",4,15.8,3.95,40,48,40,FALSE,4
2026,13132,RB,"Kamara, Alvin",3,14.7,4.8999999999999995,41,41,41,FALSE,4
2026,17043,RB,"Henderson, TreVeyon",3,14.399999999999999,4.8,42,42,42,FALSE,4
2026,17053,RB,"Marks, Woody",4,14.1,3.525,43,49,43,FALSE,4
2026,16167,RB,"Achane, De'Von",3,13.2,4.3999999999999995,47,44,44,FALSE,4
2026,17256,RB,"Croskey-Merritt, Jacory",4,14,3.5,44,50,44,FALSE,4
2026,16597,RB,"Brooks, Jonathon",2,8.6,4.3,61,45,45,FALSE,4
2026,17062,RB,"Sanders, Raheim",4,13.8,3.45,45,51,45,FALSE,4
2026,16678,RB,"Vaki, Sione",4,13.4,3.35,46,53,46,FALSE,4
2026,11367,RB,"Juszczyk, Kyle",4,13,3.25,48,54,48,FALSE,4
2026,13604,RB,"Barkley, Saquon",4,12.5,3.125,49,55,49,FALSE,4
2026,16608,RB,"Holani, George",4,11.9,2.975,50,56,50,FALSE,4
2026,14086,RB,"Hill, Justice",4,11.3,2.825,51,58,51,FALSE,4
2026,17485,RB,"Black, Kaelon",4,11,2.75,52,59,52,FALSE,4
2026,14080,RB,"Singletary, Devin",2,6.8999999999999995,3.4499999999999997,65,52,52,FALSE,4
2026,16165,RB,"Spears, Tyjae",4,10.9,2.725,53,60,53,FALSE,4
2026,16757,RB,"Vidal, Kimani",4,10.7,2.675,54,61,54,FALSE,4
2026,13133,RB,"Perine, Samaje",4,10.6,2.65,55.5,62,55.5,FALSE,4
2026,16390,RB,"McLaughlin, Jaleel",3,8.7,2.9,60,57,57,FALSE,4
2026,16387,RB,"Brooks, Chris",4,10.3,2.575,58,63,58,FALSE,4
2026,16496,RB,"Russell, Brady",4,7.5,1.875,62,64,62,FALSE,4
2026,14800,RB,"Dobbins, J.K.",4,7.4,1.85,63,65,63,FALSE,4
2026,15255,RB,"Gainwell, Kenneth",4,7,1.75,64,67,64,FALSE,4
2026,16175,RB,"Johnson, Roschon",4,6.1,1.525,66,69,66,FALSE,4
2026,16166,RB,"Tucker, Sean",3,5.5,1.8333333333333333,70,66,66,FALSE,4
2026,14420,RB,"Ingold, Alec",4,6,1.5,67.5,70,67.5,FALSE,4
2026,15254,RB,"Harris, Najee",3,5.1000000000000005,1.7000000000000002,72,68,68,FALSE,4
2026,15800,RB,"Heyward, Connor",4,5.9,1.475,69,71,69,FALSE,4
2026,16164,RB,"Bigsby, Tank",4,5.199999999999999,1.2999999999999998,71,74,71,FALSE,4
2026,15726,RB,"Rivers, Ronnie",2,2.8,1.4,82,72,72,FALSE,4
2026,17267,RB,"Larison, Lan",1,1.3,1.3,96.5,73,73,FALSE,4
2026,16601,RB,"Shipley, Will",4,5,1.25,73,75,73,FALSE,4
2026,14815,RB,"Dallas, DeeJay",4,4.6,1.15,74,76,74,FALSE,4
2026,15727,RB,"Knight, Bam",4,4.3,1.075,75,77,75,FALSE,4
2026,16391,RB,"Luepke, Hunter",4,4,1,76,78.5,76,FALSE,4
2026,12155,RB,"Abdullah, Ameer",4,3.9000000000000004,0.9750000000000001,77,80,77,FALSE,4
2026,17492,RB,"Donaldson, CJ",4,3.9,0.975,78,81,78,FALSE,4
2026,14823,RB,"Dowdle, Rico",2,2,1,87,78.5,78.5,FALSE,4
2026,17475,RB,"McGowan, Seth",4,3.8999999999999995,0.9749999999999999,79,82,79,FALSE,4
2026,13455,RB,"Ricard, Patrick",4,3.7,0.925,80,83,80,FALSE,4
2026,16527,RB,"VanSumeren, Ben",4,3,0.75,81,85,81,FALSE,4
2026,17478,RB,"Allen, Kaytron",4,2.6999999999999997,0.6749999999999999,83,87,83,FALSE,4
2026,15965,RB,"Chestnut, Julius",4,2.5,0.625,84,90,84,FALSE,4
2026,14805,RB,"Dillon, AJ",4,2.2,0.55,85,91,85,FALSE,4
2026,17055,RB,"James, Jordan",2,1.5,0.75,92.5,85,85,FALSE,4
2026,16359,RB,"Nichols, Lew",2,1.5,0.75,92.5,85,85,FALSE,4
2026,14083,RB,"Homer, Travis",3,2,0.6666666666666666,87,88,87,FALSE,4
2026,16850,RB,"Saylors, Jacob",4,2,0.5,87,92.5,87,FALSE,4
2026,15730,RB,"Goodson, Tyler",2,1.3,0.65,96.5,89,89,FALSE,4
2026,15650,RB,"Prentice, Adam",4,1.9,0.475,89,94,89,FALSE,4
2026,14319,RB,"Beck, Andrew",4,1.5,0.375,92.5,96,92.5,FALSE,4
2026,16613,RB,"Laube, Dylan",4,1.5,0.375,92.5,96,92.5,FALSE,4
2026,17648,RB,"Nowakowski, Riley",4,1.5,0.375,92.5,96,92.5,FALSE,4
2026,17473,RB,"Price, Jadarian",3,1.5,0.5,92.5,92.5,92.5,FALSE,4
2026,17274,RB,"Kiner, Corey",4,1.0999999999999999,0.27499999999999997,98,98,98,FALSE,4
2026,16746,RB,"Ali, Rasheen",4,1,0.25,99.5,101,99.5,FALSE,4
2026,17641,RB,"Bredeson, Max",4,1,0.25,99.5,101,99.5,FALSE,4
2026,17491,RB,"Connors, Dean",2,0.5,0.25,103,101,101,FALSE,4
2026,16385,RB,"Demercado, Emari",2,0.5,0.25,103,101,101,FALSE,4
2026,17791,RB,"Tyus, Anthony",2,0.5,0.25,103,101,101,FALSE,4
2026,16816,RB,"Brooks, British",3,0.5,0.16666666666666666,103,104,103,FALSE,4
2026,16603,RB,"Davis, Ray",4,0.5,0.125,103,105,103,FALSE,4
2026,17061,RB,"Allen, LeQuint",4,0.30000000000000004,0.07500000000000001,106,106,106,FALSE,4
2026,15103,RB,"Gilliam, Reggie",4,0.3,0.075,107.5,107.5,107.5,FALSE,4
2026,17049,RB,"Smith, Brashard",4,0.3,0.075,107.5,107.5,107.5,FALSE,4
2026,16599,RB,"Gore Jr., Frank",2,0.1,0.05,109,109,109,FALSE,4
2026,17058,RB,"Brooks, Tahj",4,0,0,113,113,113,FALSE,4
2026,16752,RB,"Davis, Isaiah",4,0,0,113,113,113,FALSE,4
2026,17685,RB,"Heidenreich, Eli",2,0,0,113,113,113,FALSE,4
2026,15767,RB,"Jones, Velus",3,0,0,113,113,113,FALSE,4
2026,15414,RB,"Nwangwu, Kene",1,0,0,113,113,113,FALSE,4
2026,17047,RB,"Sampson, Dylan",1,0,0,113,113,113,FALSE,4
2026,17359,RB,"Williams, Josh",1,0,0,113,113,113,FALSE,4
2026,16610,RB,"Wright, Jaylen",3,-0.10000000000000009,-0.03333333333333336,117,117,117,FALSE,4
2026,17481,RB,"Claiborne, Demond",3,-0.5,-0.16666666666666666,119,118,118,FALSE,4
2026,14727,RB,"Reynolds, Craig",1,-0.2,-0.2,118,119,118,FALSE,4
2026,12325,RB,"Burton, Michael",4,-1,-0.25,120,120,120,FALSE,4
2026,16604,RB,"Lloyd, MarShawn",4,-1.0000000000000002,-0.25000000000000006,121,121,121,FALSE,4
2026,17476,RB,"Singleton, Nicholas",3,-1.1,-0.3666666666666667,122,122,122,FALSE,4
2026,16747,RB,"Tracy, Tyrone",4,-1.8,-0.45,123,123,123,FALSE,4
2026,17048,RB,"Johnson, Kaleb",4,-4,-1,124,124,124,FALSE,4
2026,16171,RB,"Miller, Kendre",3,-5.9,-1.9666666666666668,125,125,125,FALSE,4
2026,17784,RB,"Herman, DJ",3,-6.9,-2.3000000000000003,126,126,126,FALSE,4
2026,15366,S,"Holland, Jevon",4,68.8,17.2,1,1,1,FALSE,4
2026,15923,S,"Lake, Quentin",4,62.2,15.55,2,3,2,FALSE,4
2026,14179,S,"Love, Julian",3,48,16,8,2,2,FALSE,4
2026,15452,S,"Hufanga, Talanoa",4,57.699999999999996,14.424999999999999,3,4,3,FALSE,4
2026,16719,S,"Williams, Evan",4,57,14.25,4,5,4,FALSE,4
2026,14182,S,"Hooker, Amani",4,55.8,13.95,5,7,5,FALSE,4
2026,13251,S,"Baker, Budda",4,50.1,12.525,6,8,6,FALSE,4
2026,13713,S,"Fitzpatrick, Minkah",2,28.1,14.05,35,6,6,FALSE,4
2026,14910,S,"Jones, Brandon",4,49.1,12.275,7,9,7,FALSE,4
2026,13322,S,"Clark, Chuck",4,46.599999999999994,11.649999999999999,9,10,9,FALSE,4
2026,14927,S,"Chinn, Jeremy",4,46.2,11.55,10,11,10,FALSE,4
2026,15834,S,"Hamilton, Kyle",4,46.1,11.525,11,12,11,FALSE,4
2026,17576,S,"Thieneman, Dillon",4,44,11,12,14,12,FALSE,4
2026,16457,S,"Izien, Christian",3,33.2,11.066666666666668,22,13,13,FALSE,4
2026,17131,S,"Watts, Xavier",4,42.1,10.525,13,15,13,FALSE,4
2026,16018,S,"Blankenship, Reed",4,40.5,10.125,14.5,16.5,14.5,FALSE,4
2026,14328,S,"Wingard, Andrew",4,40.5,10.125,14.5,16.5,14.5,FALSE,4
2026,17563,S,"Downs, Caleb",4,39.2,9.8,16,18,16,FALSE,4
2026,16245,S,"Battle, Jordan",4,38.2,9.55,17,19,17,FALSE,4
2026,17626,S,"Smith, Genesis",4,37.7,9.425,18,21,18,FALSE,4
2026,14224,S,"Gardner-Johnson, Chauncey",4,35.5,8.875,19.5,22.5,19.5,FALSE,4
2026,15850,S,"Pitre, Jalen",4,35.5,8.875,19.5,22.5,19.5,FALSE,4
2026,17172,S,"Woodson, Craig",3,28.5,9.5,32.5,20,20,FALSE,4
2026,15364,S,"Cisco, Andre",4,34.5,8.625,21,24,21,FALSE,4
2026,15835,S,"Brisker, Jaquan",4,33,8.25,23,28,23,FALSE,4
2026,16708,S,"Smith, Tykee",4,32.9,8.225,24,29,24,FALSE,4
2026,16460,S,"Hickman, Ronnie",4,32.7,8.175,25,30,25,FALSE,4
2026,16295,S,"Conner, Chamarri",1,8.5,8.5,91,25.5,25.5,FALSE,4
2026,16679,S,"Nubin, Tyler",3,25.5,8.5,41,25.5,25.5,FALSE,4
2026,17202,S,"Trader, Dante",4,32.1,8.025,26,31,26,FALSE,4
2026,14907,S,"Delpit, Grant",4,32,8,27,32,27,FALSE,4
2026,16676,S,"Kinchens, Kamren",2,16.8,8.4,61,27,27,FALSE,4
2026,15875,S,"Belton, Dane",4,31,7.75,28,34,28,FALSE,4
2026,14908,S,"McKinney, Xavier",4,30,7.5,29,36.5,29,FALSE,4
2026,14995,S,"Metellus, Josh",4,29.8,7.45,30,38,30,FALSE,4
2026,17640,S,"Taaffe, Michael",4,29.6,7.4,31,39,31,FALSE,4
2026,17145,S,"Winston, Kevin",4,28.5,7.125,32.5,42,32.5,FALSE,4
2026,14933,S,"Blackmon, Julian",4,28.3,7.075,34,43,34,FALSE,4
2026,15839,S,"Cross, Nick",2,15.5,7.75,65.5,34,34,FALSE,4
2026,13767,S,"Maddox, Avonte",2,15.5,7.75,65.5,34,34,FALSE,4
2026,17132,S,"Starks, Malaki",4,27.7,6.925,36,44,36,FALSE,4
2026,13228,S,"Hooker, Malik",2,15,7.5,69,36.5,36.5,FALSE,4
2026,17153,S,"Mukuba, Andrew",4,27.5,6.875,37,45,37,FALSE,4
2026,14909,S,"Winfield, Antoine",4,27,6.75,38,47,38,FALSE,4
2026,11327,S,"Jefferson, Tony",4,26,6.5,39.5,49,39.5,FALSE,4
2026,17680,S,"Spears-Jennings, Robert",4,26,6.5,39.5,49,39.5,FALSE,4
2026,15860,S,"Cook, Bryan",3,21.5,7.166666666666667,49.5,40.5,40.5,FALSE,4
2026,17582,S,"Stukes, Treydan",3,21.5,7.166666666666667,49.5,40.5,40.5,FALSE,4
2026,16281,S,"Brown, Ji'Ayir",4,25,6.25,42,51,42,FALSE,4
2026,16705,S,"Bullock, Calen",4,23.5,5.875,43.5,54.5,43.5,FALSE,4
2026,17207,S,"Sigle, Marques",4,23.5,5.875,43.5,54.5,43.5,FALSE,4
2026,14434,S,"Reaves, Jeremy",4,23.2,5.8,45,56,45,FALSE,4
2026,16677,S,"Bullard, Javon",4,22.3,5.575,46,57,46,FALSE,4
2026,13714,S,"James, Derwin",3,20.5,6.833333333333333,54.5,46,46,FALSE,4
2026,15418,S,"Bynum, Camryn",4,22,5.5,47,58,47,FALSE,4
2026,16928,S,"Harper, Thomas",2,13,6.5,78,49,49,FALSE,4
2026,17181,S,"Ransom, Lathan",4,21.5,5.375,49.5,59.5,49.5,FALSE,4
2026,17167,S,"Sanker, Jonas",4,21.5,5.375,49.5,59.5,49.5,FALSE,4
2026,13737,S,"Bates, Jessie",4,21,5.25,52,61,52,FALSE,4
2026,17577,S,"Wheatley, Zakee",3,18.5,6.166666666666667,58,52,52,FALSE,4
2026,17144,S,"Emmanwori, Nick",3,17.7,5.8999999999999995,59,53,53,FALSE,4
2026,16727,S,"Hicks, Jaden",4,20.7,5.175,53,62,53,FALSE,4
2026,15001,S,"Curl, Kamren",4,20.5,5.125,54.5,63,54.5,FALSE,4
2026,15946,S,"Thomas II, Rodney",4,20.3,5.075,56,64,56,FALSE,4
2026,16700,S,"Bishop, Cole",4,20,5,57,65.5,57,FALSE,4
2026,17755,S,"Nwankpa, Xavier",4,17.5,4.375,60,68,60,FALSE,4
2026,13717,S,"Reid, Justin",4,16.5,4.125,62,69,62,FALSE,4
2026,14982,S,"Gilman, Alohi",4,16,4,63,71,63,FALSE,4
2026,17601,S,"Haulcy, A.J.",4,15.5,3.875,65.5,73.5,65.5,FALSE,4
2026,15402,S,"Molden, Elijah",2,10,5,86,65.5,65.5,FALSE,4
2026,10783,S,"Smith, Harrison",4,15.5,3.875,65.5,73.5,65.5,FALSE,4
2026,14302,S,"Scott, Nick",3,14.5,4.833333333333333,72.5,67,67,FALSE,4
2026,15676,S,"Anderson, Zayne",4,15,3.75,69,76.5,69,FALSE,4
2026,14954,S,"Hawkins, Jaylinn",4,15,3.75,69,76.5,69,FALSE,4
2026,14270,S,"Epps, Marcus",3,12,4,81,71,71,FALSE,4
2026,16246,S,"Johnson, Antonio",4,14.8,3.7,71,78,71,FALSE,4
2026,14518,S,"Thompson, Jalen",3,12,4,81,71,71,FALSE,4
2026,15365,S,"Moehrig, Trevon",4,14.5,3.625,72.5,79,72.5,FALSE,4
2026,16263,S,"Martin, Quan",4,13.7,3.425,74,80,74,FALSE,4
2026,17575,S,"McNeil-Warren, Emmanuel",4,13.3,3.325,75,81,75,FALSE,4
2026,13325,S,"Woods, Xavier",3,11.5,3.8333333333333335,83.5,75,75,FALSE,4
2026,12752,S,"Byard, Kevin",4,13.1,3.275,76,82,76,FALSE,4
2026,13288,S,"Jenkins, Rayshawn",4,13,3.25,78,83.5,78,FALSE,4
2026,17229,S,"Lane, Rayuan",4,13,3.25,78,83.5,78,FALSE,4
2026,16271,S,"Brown, Sydney",4,12,3,81,85.5,81,FALSE,4
2026,15921,S,"Jackson, Theo",4,11.5,2.875,83.5,87,83.5,FALSE,4
2026,16725,S,"Mustapha, Malik",4,10.5,2.625,85,89,85,FALSE,4
2026,14921,S,"Dugger, Kyle",3,9,3,88.5,85.5,85.5,FALSE,4
2026,12772,S,"Murray, Eric",4,9.5,2.375,87,93,87,FALSE,4
2026,15140,S,"Lewis, Cam",3,7.9,2.6333333333333333,95,88,88,FALSE,4
2026,17319,S,"Clark, Alijah",4,9,2.25,88.5,94,88.5,FALSE,4
2026,17246,S,"Crawford, Kitan",1,2.5,2.5,118.5,91,91,FALSE,4
2026,16352,S,"Hellams, DeMarcco",4,8.5,2.125,91,95.5,91,FALSE,4
2026,15448,S,"Pinnock, Jason",2,5,2.5,102.5,91,91,FALSE,4
2026,16102,S,"Pola-Mao, Isaiah",4,8.5,2.125,91,95.5,91,FALSE,4
2026,15955,S,"Yeast, Russ",1,2.5,2.5,118.5,91,91,FALSE,4
2026,17166,S,"Ransaw, Caleb",4,8,2,93.5,98,93.5,FALSE,4
2026,17250,S,"Wohler, Hunter",4,8,2,93.5,98,93.5,FALSE,4
2026,15527,S,"Key, Devon",4,7.6,1.9,96,100,96,FALSE,4
2026,16912,S,"McCollough, Jaylen",4,7.5,1.875,97,101,97,FALSE,4
2026,17211,S,"Hancock, Jordan",2,4,2,106.5,98,98,FALSE,4
2026,17223,S,"Reed, Jaylen",4,7,1.75,98,103,98,FALSE,4
2026,16311,S,"Howden, Jordan",4,6.5,1.625,99,104,99,FALSE,4
2026,17398,S,"Jackson, Keondre",4,5.3,1.325,100.5,106,100.5,FALSE,4
2026,17239,S,"Mickens, R.J.",3,5.3,1.7666666666666666,100.5,102,100.5,FALSE,4
2026,17753,S,"Thomas, Jacob",4,5,1.25,102.5,108,102.5,FALSE,4
2026,15956,S,"Hicks, Elijah",4,4.6,1.15,104,110,104,FALSE,4
2026,17564,S,"Ramsey, Kamari",4,4.5,1.125,105,111,105,FALSE,4
2026,17797,S,"Williams, Wydett",2,3,1.5,113,105,105,FALSE,4
2026,16014,S,"Adams, Tony",4,4,1,106.5,114,106.5,FALSE,4
2026,15094,S,"Locke, P.J.",2,2.5,1.25,118.5,108,108,FALSE,4
2026,14963,S,"Thomas, Daniel",2,2.5,1.25,118.5,108,108,FALSE,4
2026,17365,S,"McMillon, Donovan",4,3.5,0.875,108.5,117.5,108.5,FALSE,4
2026,17186,S,"Moore, Malachi",4,3.5,0.875,108.5,117.5,108.5,FALSE,4
2026,15985,S,"Bell, Markquese",4,3.4,0.85,110,119,110,FALSE,4
2026,15469,S,"Hamlin, Damar",4,3.3,0.825,111,121,111,FALSE,4
2026,17343,S,"Jules, PJ",4,3,0.75,113,122.5,113,FALSE,4
2026,14414,S,"Owens, Jonathan",4,3,0.75,113,122.5,113,FALSE,4
2026,12716,S,"Mills, Jalen",1,1,1,129,114,114,FALSE,4
2026,16900,S,"Pettus, Dell",2,2,1,123,114,114,FALSE,4
2026,17803,S,"Pulley, Maximus",1,1,1,129,114,114,FALSE,4
2026,16310,S,"Robinson, Jammie",1,1,1,129,114,114,FALSE,4
2026,15874,S,"Butler, Percy",4,2.6,0.65,115,124,115,FALSE,4
2026,14911,S,"Davis, Ashtyn",4,2.5,0.625,118.5,125,118.5,FALSE,4
2026,15510,S,"Washington, Ar'Darius",3,2.5,0.8333333333333334,118.5,120,118.5,FALSE,4
2026,16304,S,"Ward, Jay",4,2,0.5,123,127,123,FALSE,4
2026,16375,S,"Williamson, Kendall",4,2,0.5,123,127,123,FALSE,4
2026,14942,S,"Burgess, Terrell",4,1.5,0.375,125.5,129.5,125.5,FALSE,4
2026,16880,S,"Owens, Tyler",4,1.5,0.375,125.5,129.5,125.5,FALSE,4
2026,16118,S,"Brown, Mike",2,1,0.5,129,127,127,FALSE,4
2026,15363,S,"Melifonwu, Ifeatu",4,1,0.25,129,132.5,129,FALSE,4
2026,16515,S,"Finley, AJ",3,0.8,0.26666666666666666,132.5,131,131,FALSE,4
2026,17798,S,"Reid, Mike",2,0.5,0.25,134.5,132.5,132.5,FALSE,4
2026,16247,S,"Skinner, JL",4,0.8,0.2,132.5,134,132.5,FALSE,4
2026,12776,S,"Killebrew, Miles",4,0.5,0.125,134.5,135,134.5,FALSE,4
2026,17635,S,"Johnson, Dalton",1,0,0,138.5,138.5,138.5,FALSE,4
2026,16571,S,"McCollum, Tristin",2,0,0,138.5,138.5,138.5,FALSE,4
2026,16750,S,"Oladapo, Kitan",4,0,0,138.5,138.5,138.5,FALSE,4
2026,16717,S,"Taylor-Demerson, Dadrion",1,0,0,138.5,138.5,138.5,FALSE,4
2026,16472,S,"Thomas, Juanyeh",1,0,0,138.5,138.5,138.5,FALSE,4
2026,14950,S,"Wallace, K'Von",1,0,0,138.5,138.5,138.5,FALSE,4
2026,15903,S,"Anderson, Tycen",4,-1.5,-0.375,142.5,142,142,FALSE,4
2026,13939,S,"Odum, George",3,-1.5,-0.5,142.5,143.5,142.5,FALSE,4
2026,16989,S,"Wood, Julius",4,-2,-0.5,144,143.5,143.5,FALSE,4
2026,15595,S,"Campbell, Elijah",4,-2.7,-0.675,145.5,145,145,FALSE,4
2026,17423,S,"Ingle, Tanner",3,-2.7,-0.9,145.5,147,145.5,FALSE,4
2026,16340,S,"Hallett, Erick",4,-2.8,-0.7,147,146,146,FALSE,4
2026,15148,S,"Franklin, Sam",4,-6.300000000000001,-1.5750000000000002,148,148,148,FALSE,4
2026,16641,TE,"Bowers, Brock",2,37.4,18.7,7,1,1,FALSE,4
2026,13299,TE,"Kittle, George",4,52.8,13.2,1,2,1,FALSE,4
2026,11244,TE,"Kelce, Travis",4,49.2,12.3,2,3,2,FALSE,4
2026,14861,TE,"Johnson, Juwan",4,47.9,11.975,3,4,3,FALSE,4
2026,16213,TE,"Kincaid, Dalton",4,45.5,11.375,4,5,4,FALSE,4
2026,16214,TE,"LaPorta, Sam",4,38.6,9.65,5,7,5,FALSE,4
2026,13672,TE,"Gesicki, Mike",4,37.5,9.375,6,8,6,FALSE,4
2026,13674,TE,"Goedert, Dallas",2,20.2,10.1,24,6,6,FALSE,4
2026,14138,TE,"Hockenson, T.J.",4,35,8.75,8,9,8,FALSE,4
2026,17103,TE,"Fannin, Harold",4,32.6,8.15,9,10,9,FALSE,4
2026,13772,TE,"Schultz, Dalton",4,30.8,7.7,10,11,10,FALSE,4
2026,15794,TE,"McBride, Trey",4,30.4,7.6,11,12,11,FALSE,4
2026,16212,TE,"Mayer, Michael",4,28.3,7.075,12.5,13.5,12.5,FALSE,4
2026,12263,TE,"Waller, Darren",4,28.3,7.075,12.5,13.5,12.5,FALSE,4
2026,16222,TE,"Kraft, Tucker",4,25.4,6.35,14,15,14,FALSE,4
2026,17543,TE,"Sadiq, Kenyon",4,24.7,6.175,15,17,15,FALSE,4
2026,14137,TE,"Fant, Noah",3,18.7,6.233333333333333,26,16,16,FALSE,4
2026,15331,TE,"Freiermuth, Pat",4,24.6,6.15,16,18,16,FALSE,4
2026,16269,TE,"Strange, Brenton",4,22.9,5.725,17,19,17,FALSE,4
2026,15798,TE,"Likely, Isaiah",4,22.5,5.625,18.5,20.5,18.5,FALSE,4
2026,17102,TE,"Warren, Tyler",4,22.5,5.625,18.5,20.5,18.5,FALSE,4
2026,12676,TE,"Henry, Hunter",4,21.6,5.4,20,22,20,FALSE,4
2026,16216,TE,"Washington, Darnell",4,21.3,5.325,21,23,21,FALSE,4
2026,13671,TE,"Andrews, Mark",4,20.3,5.075,22,25,22,FALSE,4
2026,12678,TE,"Higbee, Tyler",4,20.200000000000003,5.050000000000001,23,26,23,FALSE,4
2026,17802,TE,"Redman, Mark",1,5.3,5.3,55,24,24,FALSE,4
2026,15802,TE,"Otton, Cade",4,18.9,4.725,25,28,25,FALSE,4
2026,16333,TE,"Higgins, Elijah",4,17.8,4.45,27,29,27,FALSE,4
2026,13192,TE,"Njoku, David",2,9.9,4.95,40.5,27,27,FALSE,4
2026,17627,TE,"Hibner, Matthew",4,17.5,4.375,28,30,28,FALSE,4
2026,16474,TE,"Adkins, Nate",4,16.7,4.175,29,31,29,FALSE,4
2026,15799,TE,"Ferguson, Jake",4,16.1,4.025,30,32,30,FALSE,4
2026,16723,TE,"Barner, AJ",4,13.6,3.4,31,34,31,FALSE,4
2026,13193,TE,"Smith, Jonnu",4,13.5,3.375,32,35,32,FALSE,4
2026,17607,TE,"Raridon, Eli",3,11.8,3.9333333333333336,35,33,33,FALSE,4
2026,13678,TE,"Thomas, Ian",4,12.600000000000001,3.1500000000000004,33,37,33,FALSE,4
2026,15797,TE,"Dulcich, Greg",4,12,3,34,38,34,FALSE,4
2026,17107,TE,"Ferguson, Terrance",3,9.600000000000001,3.2000000000000006,44,36,36,FALSE,4
2026,15796,TE,"Ruckert, Jeremy",4,11.100000000000001,2.7750000000000004,36,40,36,FALSE,4
2026,17099,TE,"Gadsden, Oronde",4,11.1,2.775,37,41,37,FALSE,4
2026,13246,TE,"Alie-Cox, Mo",4,10.2,2.55,38,43,38,FALSE,4
2026,16647,TE,"Spann-Ford, Brevyn",4,10.1,2.525,39,44,39,FALSE,4
2026,16367,TE,"Willis, Brayden",3,8.9,2.966666666666667,47,39,39,FALSE,4
2026,14239,TE,"Moreau, Foster",4,9.9,2.475,40.5,45,40.5,FALSE,4
2026,15335,TE,"Farrell, Luke",4,9.8,2.45,42,46,42,FALSE,4
2026,15330,TE,"Jordan, Brevin",1,2.6,2.6,67,42,42,FALSE,4
2026,13189,TE,"Engram, Evan",4,9.7,2.425,43,47,43,FALSE,4
2026,17105,TE,"Helm, Gunnar",4,9,2.25,45.5,48.5,45.5,FALSE,4
2026,12677,TE,"Hooper, Austin",4,9,2.25,45.5,48.5,45.5,FALSE,4
2026,15337,TE,"Gray, Noah",4,8.7,2.175,48,50,48,FALSE,4
2026,14867,TE,"Kmet, Cole",4,8.6,2.15,49,51,49,FALSE,4
2026,15329,TE,"Pitts, Kyle",4,7.4,1.85,50,52,50,FALSE,4
2026,17104,TE,"Loveland, Colston",4,6.700000000000001,1.6750000000000003,51,53,51,FALSE,4
2026,17109,TE,"Evans, Mitchell",4,6.7,1.675,52,54,52,FALSE,4
2026,16940,TE,"Whiteheart, Blake",4,6.2,1.55,53,55,53,FALSE,4
2026,15840,TE,"Woods, Jelani",4,5.7,1.425,54,56,54,FALSE,4
2026,15332,TE,"Tremble, Tommy",4,4.6000000000000005,1.1500000000000001,56,57,56,FALSE,4
2026,16642,TE,"Stover, Cade",4,4.6,1.15,57,58,57,FALSE,4
2026,17268,TE,"Briningstool, Jake",4,4.3,1.075,58,59,58,FALSE,4
2026,16649,TE,"Johnson, Theo",4,4,1,59,61,59,FALSE,4
2026,17651,TE,"Cuevas, Josh",4,3.8,0.95,60,62,60,FALSE,4
2026,17593,TE,"Klein, Marlin",3,3.2,1.0666666666666667,64,60,60,FALSE,4
2026,14143,TE,"Knox, Dawson",4,3.5,0.875,61.5,63.5,61.5,FALSE,4
2026,15937,TE,"Muse, Nick",4,3.5,0.875,61.5,63.5,61.5,FALSE,4
2026,17108,TE,"Arroyo, Elijah",4,3.4,0.85,63,66,63,FALSE,4
2026,15795,TE,"Kolar, Charlie",2,1.7000000000000002,0.8500000000000001,74,65,65,FALSE,4
2026,17419,TE,"Latu, Keleki",4,3,0.75,65.5,69.5,65.5,FALSE,4
2026,17660,TE,"Sharp, Bauer",4,3,0.75,65.5,69.5,65.5,FALSE,4
2026,14209,TE,"Oliver, Josh",3,2.4999999999999996,0.8333333333333331,69.5,67,67,FALSE,4
2026,14370,TE,"Hudson, Tanner",3,2.3000000000000003,0.7666666666666667,71,68,68,FALSE,4
2026,13315,TE,"Saubert, Eric",4,2.5999999999999996,0.6499999999999999,68,71,68,FALSE,4
2026,15626,TE,"Wright, Brock",4,2.4999999999999996,0.6249999999999999,69.5,72,69.5,FALSE,4
2026,17549,TE,"Roush, Sam",4,2,0.5,72,73,72,FALSE,4
2026,16219,TE,"Allen, Davis",4,1.7999999999999998,0.44999999999999996,73,74,73,FALSE,4
2026,15334,TE,"Long, Hunter",4,1.7,0.425,75,75,75,FALSE,4
2026,16898,TE,"Yankoff, Colson",4,1.6999999999999997,0.42499999999999993,76,76,76,FALSE,4
2026,14146,TE,"Sample, Drew",4,1.2999999999999998,0.32499999999999996,77,77,77,FALSE,4
2026,17567,TE,"Delp, Oscar",3,0.6000000000000001,0.20000000000000004,79,78,78,FALSE,4
2026,16644,TE,"Sinnott, Ben",4,0.7,0.175,78,79,78,FALSE,4
2026,15929,TE,"Kieft, Ko",3,0.5,0.16666666666666666,80.5,80,80,FALSE,4
2026,15916,TE,"Ogletree, Drew",4,0.5,0.125,80.5,81,80.5,FALSE,4
2026,15344,TE,"Bates, John",4,0.39999999999999997,0.09999999999999999,82,82,82,FALSE,4
2026,17231,TE,"Bartholomew, Gavin",4,0.3,0.075,83.5,83.5,83.5,FALSE,4
2026,13676,TE,"Smythe, Durham",4,0.3,0.075,83.5,83.5,83.5,FALSE,4
2026,17795,TE,"Arkin, Tanner",1,0,0,92.5,92.5,92.5,FALSE,4
2026,13675,TE,"Conklin, Tyler",2,0,0,92.5,92.5,92.5,FALSE,4
2026,14876,TE,"Deguara, Josiah",1,0,0,92.5,92.5,92.5,FALSE,4
2026,17545,TE,"Endries, Jack",2,0,0,92.5,92.5,92.5,FALSE,4
2026,15419,TE,"Granson, Kylen",1,0,0,92.5,92.5,92.5,FALSE,4
2026,17548,TE,"Joly, Justin",1,0,0,92.5,92.5,92.5,FALSE,4
2026,17414,TE,"Kallerup, Nick",2,0,0,92.5,92.5,92.5,FALSE,4
2026,17547,TE,"Klare, Max",3,0,0,92.5,92.5,92.5,FALSE,4
2026,17644,TE,"Koziol, Tanner",2,0,0,92.5,92.5,92.5,FALSE,4
2026,16831,TE,"Martin-Robinson, David",4,0,0,92.5,92.5,92.5,FALSE,4
2026,15620,TE,"Myarick, Chris",2,0,0,92.5,92.5,92.5,FALSE,4
2026,16036,TE,"Tonges, Jake",1,0,0,92.5,92.5,92.5,FALSE,4
2026,17655,TE,"Traore, Seydou",4,0,0,92.5,92.5,92.5,FALSE,4
2026,17774,TE,"Welch, Treyton",3,0,0,92.5,92.5,92.5,FALSE,4
2026,16312,TE,"Whyle, Josh",4,0,0,92.5,92.5,92.5,FALSE,4
2026,12608,TE,"Winchester, James",4,0,0,92.5,92.5,92.5,FALSE,4
2026,15341,TE,"Morris, Quintin",4,-0.09999999999999998,-0.024999999999999994,101,101,101,FALSE,4
2026,13427,TE,"Tonyan, Robert",4,-0.1,-0.025,102,102,102,FALSE,4
2026,11247,TE,"Ertz, Zach",2,-0.10000000000000003,-0.05000000000000002,103,103,103,FALSE,4
2026,15889,TE,"Okonkwo, Chigoziem",2,-0.30000000000000004,-0.15000000000000002,104,107,104,FALSE,4
2026,15873,TE,"Bellinger, Daniel",4,-0.5,-0.125,106,105,105,FALSE,4
2026,15244,TE,"Franks, Feleipe",4,-0.5,-0.125,106,105,105,FALSE,4
2026,16919,TE,"Jenkins, E.J.",4,-0.5,-0.125,106,105,105,FALSE,4
2026,17605,TE,"Kacmarek, Will",4,-0.7,-0.175,108,108,108,FALSE,4
2026,16221,TE,"Schoonmaker, Luke",4,-0.8,-0.2,109,109,109,FALSE,4
2026,16645,TE,"All, Erick",4,-1,-0.25,111.5,111.5,111.5,FALSE,4
2026,17213,TE,"Hawes, Jackson",4,-1,-0.25,111.5,111.5,111.5,FALSE,4
2026,14870,TE,"Trautman, Adam",4,-1,-0.25,111.5,111.5,111.5,FALSE,4
2026,14984,TE,"Woerner, Charlie",4,-1,-0.25,111.5,111.5,111.5,FALSE,4
2026,14871,TE,"Parkinson, Colby",3,-1.3,-0.43333333333333335,114,114,114,FALSE,4
2026,17696,TE,"Ryan, Carsen",4,-2,-0.5,115,115,115,FALSE,4
2026,16217,TE,"Latu, Cameron",4,-2.5,-0.625,116.5,116.5,116.5,FALSE,4
2026,12955,TE,"Manhertz, Chris",4,-2.5,-0.625,116.5,116.5,116.5,FALSE,4
2026,16218,TE,"Durham, Payne",4,-3.5,-0.875,118,118,118,FALSE,4
2026,13940,TE,"Mundt, Johnny",4,-4.1,-1.025,121,119,119,FALSE,4
2026,17106,TE,"Taylor, Mason",2,-3.7,-1.85,119,121,119,FALSE,4
2026,17591,TE,"Boerkircher, Nate",4,-4.4,-1.1,122,120,120,FALSE,4
2026,17407,TE,"Rucci, Hayden",2,-4,-2,120,122,120,FALSE,4
2026,16185,WR,"Smith-Njigba, Jaxon",4,106.7,26.675,1,1,1,FALSE,4
2026,14832,WR,"Lamb, CeeDee",4,102.9,25.725,2,2,2,FALSE,4
2026,16190,WR,"Flowers, Zay",3,74.9,24.96666666666667,4,3,3,FALSE,4
2026,15754,WR,"Olave, Chris",4,80.69999999999999,20.174999999999997,3,5,3,FALSE,4
2026,15290,WR,"Collins, Nico",2,45,22.5,16,4,4,FALSE,4
2026,15751,WR,"London, Drake",4,67.8,16.95,5,6,5,FALSE,4
2026,14835,WR,"Higgins, Tee",4,67.7,16.925,6,7,6,FALSE,4
2026,11675,WR,"Adams, Davante",4,64.5,16.125,7,8,7,FALSE,4
2026,15789,WR,"Watson, Christian",4,60.9,15.225,8,9,8,FALSE,4
2026,15287,WR,"St. Brown, Amon-Ra",4,58.6,14.65,9,10,9,FALSE,4
2026,17500,WR,"Boston, Denzel",4,58.3,14.575,10,11,10,FALSE,4
2026,17071,WR,"McMillan, Tetairoa",4,55.5,13.875,11,14,11,FALSE,4
2026,16211,WR,"Nacua, Puka",2,28.7,14.35,46,12,12,FALSE,4
2026,14136,WR,"Samuel, Deebo",4,54.8,13.7,12,15,12,FALSE,4
2026,16809,WR,"Coker, Jalen",3,41.9,13.966666666666667,20,13,13,FALSE,4
2026,15753,WR,"Wilson, Garrett",4,48.5,12.125,13,18,13,FALSE,4
2026,15787,WR,"Thornton, Tyquan",4,46.3,11.575,14,19,14,FALSE,4
2026,16192,WR,"Washington, Parker",4,45.7,11.425,15,20,15,FALSE,4
2026,14836,WR,"Jefferson, Justin",3,40.3,13.433333333333332,24,16,16,FALSE,4
2026,16617,WR,"Coleman, Keon",4,43.4,10.85,17,21,17,FALSE,4
2026,15282,WR,"Smith, DeVonta",3,39.5,13.166666666666666,25,17,17,FALSE,4
2026,11671,WR,"Evans, Mike",4,43.1,10.775,18,22,18,FALSE,4
2026,17075,WR,"Golden, Matthew",4,42,10.5,19,23,19,FALSE,4
2026,13066,WR,"Raymond, Kalif",4,41,10.25,21,24,21,FALSE,4
2026,15281,WR,"Chase, Ja'Marr",4,40.9,10.225,22,25,22,FALSE,4
2026,15756,WR,"Williams, Jameson",4,40.8,10.2,23,26,23,FALSE,4
2026,16788,WR,"Vele, Devaughn",4,38.7,9.675,26,29,26,FALSE,4
2026,14127,WR,"Meyers, Jakobi",4,38.4,9.6,27,30,27,FALSE,4
2026,12785,WR,"Robinson, Demarcus",2,19.8,9.9,68.5,27,27,FALSE,4
2026,17599,WR,"Douglas, Caleb",2,19.6,9.8,70.5,28,28,FALSE,4
2026,17080,WR,"Noel, Jaylin",4,37.2,9.3,28,31,28,FALSE,4
2026,16287,WR,"Tucker, Tre",4,37.1,9.275,29,32,29,FALSE,4
2026,16616,WR,"Odunze, Rome",4,35.3,8.825,30,33,30,FALSE,4
2026,16627,WR,"McConkey, Ladd",4,34.599999999999994,8.649999999999999,31,35,31,FALSE,4
2026,16195,WR,"Wicks, Dontayvion",4,34.4,8.6,32,36,32,FALSE,4
2026,17072,WR,"Harris, Tre",4,34.3,8.575,33,37,33,FALSE,4
2026,16626,WR,"Mitchell, Adonai",2,17.6,8.8,74,34,34,FALSE,4
2026,16629,WR,"Wilson, Roman",4,34.1,8.525,34,38,34,FALSE,4
2026,16615,WR,"Nabers, Malik",4,33.1,8.275,35,39,35,FALSE,4
2026,16194,WR,"Rice, Rashee",4,32.8,8.2,36,40,36,FALSE,4
2026,15293,WR,"Bateman, Rashod",4,32.7,8.175,37.5,41.5,37.5,FALSE,4
2026,17082,WR,"Bryant, Pat",4,32.7,8.175,37.5,41.5,37.5,FALSE,4
2026,16206,WR,"Wilson, Michael",4,32.6,8.15,39,43,39,FALSE,4
2026,15284,WR,"Waddle, Jaylen",4,31.3,7.825,40,44,40,FALSE,4
2026,13635,WR,"Moore, D.J.",4,31.1,7.775,41,45,41,FALSE,4
2026,15779,WR,"Doubs, Romeo",4,30.6,7.65,42,46,42,FALSE,4
2026,17070,WR,"Burden, Luther",4,29.8,7.45,43,47,43,FALSE,4
2026,15762,WR,"Pickens, George",4,29.5,7.375,44,48,44,FALSE,4
2026,13289,WR,"Hollins, Mack",4,29.3,7.325,45,49,45,FALSE,4
2026,17157,WR,"TeSlaa, Isaac",4,28.4,7.1,47,50,47,FALSE,4
2026,16187,WR,"Downs, Josh",4,27.900000000000002,6.9750000000000005,48,51,48,FALSE,4
2026,15589,WR,"White, Cody",4,26.8,6.7,49,53,49,FALSE,4
2026,17074,WR,"Hunter, Travis",4,26.2,6.55,50,54,50,FALSE,4
2026,17497,WR,"Tate, Carnell",4,26.099999999999998,6.5249999999999995,51,55,51,FALSE,4
2026,16403,WR,"Tinsley, Mitchell",1,6.8,6.8,109,52,52,FALSE,4
2026,17527,WR,"Cameron, Josh",4,24.8,6.2,52.5,56.5,52.5,FALSE,4
2026,16630,WR,"Williams, Isaiah",4,24.8,6.2,52.5,56.5,52.5,FALSE,4
2026,13163,WR,"Godwin, Chris",4,24.4,6.1,54,59,54,FALSE,4
2026,17333,WR,"Cooper, Darius",4,24.299999999999997,6.074999999999999,55,60,55,FALSE,4
2026,12186,WR,"Diggs, Stefon",4,23.7,5.925,56,63,56,FALSE,4
2026,16949,WR,"Tremayne, Brycen",4,23,5.75,57,64,57,FALSE,4
2026,13164,WR,"Kupp, Cooper",4,22.8,5.7,58,65,58,FALSE,4
2026,15768,WR,"Pierce, Alec",2,12.399999999999999,6.199999999999999,89,58,58,FALSE,4
2026,17520,WR,"Hurst, Ted",4,22.6,5.65,59,66,59,FALSE,4
2026,15757,WR,"Robinson, Wan'Dale",4,22.3,5.575,60,68,60,FALSE,4
2026,17502,WR,"Cooper Jr., Omar",1,6,6,114,61.5,61.5,FALSE,4
2026,17511,WR,"Fields, Malachi",4,21.7,5.425,61.5,69.5,61.5,FALSE,4
2026,16684,WR,"Washington, Malik",4,21.7,5.425,61.5,69.5,61.5,FALSE,4
2026,17192,WR,"Watkins, Jordan",2,12,6,91.5,61.5,61.5,FALSE,4
2026,16186,WR,"Addison, Jordan",4,21.4,5.35,63,71,63,FALSE,4
2026,17081,WR,"Egbuka, Emeka",4,20.7,5.175,64,72,64,FALSE,4
2026,16958,WR,"Miller, Ryan",4,20.599999999999998,5.1499999999999995,65,73,65,FALSE,4
2026,15755,WR,"Dotson, Jahan",4,20.5,5.125,66.5,74.5,66.5,FALSE,4
2026,16080,WR,"Shaheed, Rashid",4,20.5,5.125,66.5,74.5,66.5,FALSE,4
2026,14109,WR,"McLaurin, Terry",3,16.9,5.633333333333333,78,67,67,FALSE,4
2026,17752,WR,"Meyers, Dohnte",4,19.8,4.95,68.5,78,68.5,FALSE,4
2026,16620,WR,"Worthy, Xavier",4,19.6,4.9,70.5,80,70.5,FALSE,4
2026,17073,WR,"Ayomanor, Elic",4,19.1,4.775,72,81,72,FALSE,4
2026,15319,WR,"Palmer, Joshua",4,18.5,4.625,73,82,73,FALSE,4
2026,17512,WR,"Williams, Antonio",4,17.3,4.325,75,83,75,FALSE,4
2026,15761,WR,"Shakir, Khalil",4,17.2,4.3,76,84,76,FALSE,4
2026,15752,WR,"Burks, Treylon",3,15,5,84,76.5,76.5,FALSE,4
2026,16877,WR,"Davis, Kaden",1,5,5,121,76.5,76.5,FALSE,4
2026,16201,WR,"Hutchinson, Xavier",4,17,4.25,77,85,77,FALSE,4
2026,17098,WR,"Horton, Tory",3,14.8,4.933333333333334,85,79,79,FALSE,4
2026,14102,WR,"Metcalf, DK",4,16.7,4.175,79,86,79,FALSE,4
2026,13418,WR,"Bourne, Kendrick",4,16.6,4.15,80,87.5,80,FALSE,4
2026,16193,WR,"Boutte, Kayshon",4,16.5,4.125,81,89,81,FALSE,4
2026,14974,WR,"Mooney, Darnell",4,16.3,4.075,82,90,82,FALSE,4
2026,17254,WR,"Mumpfield, Konata",4,15.400000000000002,3.8500000000000005,83,92,83,FALSE,4
2026,12645,WR,"Treadwell, Laquon",4,14.6,3.65,86,95,86,FALSE,4
2026,16614,WR,"Harrison Jr., Marvin",4,14,3.5,87,97,87,FALSE,4
2026,16639,WR,"Legette, Xavier",2,8.3,4.15,102,87.5,87.5,FALSE,4
2026,15491,WR,"Skowronek, Ben",4,13.4,3.35,88,100,88,FALSE,4
2026,17078,WR,"Bech, Jack",3,12.1,4.033333333333333,90,91,90,FALSE,4
2026,16618,WR,"Thomas Jr., Brian",4,12,3,91.5,101,91.5,FALSE,4
2026,11222,WR,"Allen, Keenan",3,11,3.6666666666666665,93,94,93,FALSE,4
2026,14104,WR,"Brown, A.J.",1,3.7,3.7,131,93,93,FALSE,4
2026,12773,WR,"Moore, Chris",3,10.6,3.533333333333333,94,96,94,FALSE,4
2026,17184,WR,"Lane, Jaylin",4,10.5,2.625,95,102,95,FALSE,4
2026,17269,WR,"Chism, Efton",3,10.2,3.4,96.5,98.5,96.5,FALSE,4
2026,15759,WR,"Metchie, John",3,10.2,3.4,96.5,98.5,96.5,FALSE,4
2026,17171,WR,"Dike, Chimere",4,10,2.5,98.5,104.5,98.5,FALSE,4
2026,15303,WR,"Fehoko, Simi",4,10,2.5,98.5,104.5,98.5,FALSE,4
2026,17079,WR,"Johnson, Tez",4,9.5,2.375,100,106,100,FALSE,4
2026,14833,WR,"Jeudy, Jerry",4,8.9,2.225,101,108,101,FALSE,4
2026,15981,WR,"Turpin, KaVontae",4,7.8999999999999995,1.9749999999999999,103,109,103,FALSE,4
2026,16621,WR,"Walker, Devontez",3,7.7,2.566666666666667,104,103,103,FALSE,4
2026,16778,WR,"Flournoy, Ryan",4,7.300000000000001,1.8250000000000002,105,113,105,FALSE,4
2026,13963,WR,"Hodge, KhaDarel",3,7.1,2.3666666666666667,106,107,106,FALSE,4
2026,17506,WR,"Bell, Chris",4,6.9,1.725,107.5,114.5,107.5,FALSE,4
2026,16342,WR,"Douglas, Demario",4,6.9,1.725,107.5,114.5,107.5,FALSE,4
2026,15301,WR,"Atwell, Tutu",2,3.9,1.95,127,110,110,FALSE,4
2026,16499,WR,"Blair, Chris",4,6.7,1.675,110,116,110,FALSE,4
2026,14842,WR,"Pittman, Michael",3,5.8,1.9333333333333333,117,111,111,FALSE,4
2026,16188,WR,"Johnston, Quentin",4,6.2,1.55,111.5,117.5,111.5,FALSE,4
2026,15941,WR,"Young, Dareke",4,6.2,1.55,111.5,117.5,111.5,FALSE,4
2026,14315,WR,"Dulin, Ashton",2,3.8,1.9,129.5,112,112,FALSE,4
2026,17503,WR,"Bernard, Germie",4,6,1.5,114,119.5,114,FALSE,4
2026,17499,WR,"Lemon, Makai",4,6,1.5,114,119.5,114,FALSE,4
2026,17086,WR,"Royals, Jalen",4,5.9,1.475,116,121,116,FALSE,4
2026,16619,WR,"Franklin, Troy",4,5.6000000000000005,1.4000000000000001,118,122,118,FALSE,4
2026,17353,WR,"Walker, Jahdae",4,5.2,1.3,119,124,119,FALSE,4
2026,17501,WR,"Concepcion, KC",4,5.1,1.275,120,126,120,FALSE,4
2026,15786,WR,"Nailor, Jalen",4,4.3999999999999995,1.0999999999999999,122,128,122,FALSE,4
2026,15292,WR,"Brown, Dyami",4,4.2,1.05,123,129.5,123,FALSE,4
2026,14105,WR,"Brown, Marquise",1,1.4,1.4,143,123,123,FALSE,4
2026,13629,WR,"Ridley, Calvin",4,4.1,1.025,124,131,124,FALSE,4
2026,16633,WR,"Whittington, Jordan",3,3.8999999999999995,1.2999999999999998,128,125,125,FALSE,4
2026,15771,WR,"Martin, Tay",4,4,1,125.5,133,125.5,FALSE,4
2026,15766,WR,"Moore, Skyy",4,4,1,125.5,133,125.5,FALSE,4
2026,17707,WR,"Sturdivant, J Michael",3,3.4,1.1333333333333333,133,127,127,FALSE,4
2026,12658,WR,"Shepard, Sterling",2,2.1,1.05,140,129.5,129.5,FALSE,4
2026,17134,WR,"Williams, Kyle",4,3.8,0.95,129.5,135,129.5,FALSE,4
2026,16883,WR,"Johnson, Kameron",4,3.6,0.9,132,136.5,132,FALSE,4
2026,17754,WR,"Foster, Montorie",1,1,1,146,133,133,FALSE,4
2026,13630,WR,"Sutton, Courtland",4,3.2,0.8,134,138,134,FALSE,4
2026,17507,WR,"Branch, Zachariah",4,3.1999999999999997,0.7999999999999999,135,139,135,FALSE,4
2026,16636,WR,"Corley, Malachi",4,3,0.75,136,140,136,FALSE,4
2026,16207,WR,"Iosivas, Andrei",2,1.8,0.9,142,136.5,136.5,FALSE,4
2026,17510,WR,"Burks, Deion",4,2.5,0.625,137.5,141.5,137.5,FALSE,4
2026,17011,WR,"Wayne, Jared",4,2.5,0.625,137.5,141.5,137.5,FALSE,4
2026,17232,WR,"Wester, LaJohntay",4,2.3,0.575,139,143,139,FALSE,4
2026,17076,WR,"Bond, Isaiah",4,1.9,0.475,141,145,141,FALSE,4
2026,17334,WR,"Meeks, Jackson",4,1.1,0.275,144,146,144,FALSE,4
2026,17175,WR,"Smith, Arian",2,1,0.5,146,144,144,FALSE,4
2026,14108,WR,"Dortch, Greg",4,1,0.25,146,148.5,146,FALSE,4
2026,17542,WR,"Young, Colbie",3,0.8,0.26666666666666666,149,147,147,FALSE,4
2026,15765,WR,"Austin, Kevin",4,0.9,0.225,148,150,148,FALSE,4
2026,15109,WR,"Westbrook-Ikhine, Nick",2,0.5,0.25,152,148.5,148.5,FALSE,4
2026,16299,WR,"Davis, Derius",4,0.7,0.175,150,151,150,FALSE,4
2026,15785,WR,"Melton, Bo",4,0.5,0.125,152,153,152,FALSE,4
2026,15285,WR,"Wallace, Tylan",3,0.5,0.16666666666666666,152,152,152,FALSE,4
2026,17519,WR,"Lance, Bryce",4,0.40000000000000024,0.10000000000000006,154,154,154,FALSE,4
2026,17097,WR,"Felton, Tai",4,0.2999999999999998,0.07499999999999996,155,155,155,FALSE,4
2026,14548,WR,"Bachman, Alex",1,0,0,166,166,166,FALSE,4
2026,17536,WR,"Bell, Dillon",1,0,0,166,166,166,FALSE,4
2026,16364,WR,"Brooks, Jalen",4,0,0,166,166,166,FALSE,4
2026,15772,WR,"Covey, Britain",4,0,0,166,166,166,FALSE,4
2026,16395,WR,"Cropper, Jalen",1,0,0,166,166,166,FALSE,4
2026,14847,WR,"Duvernay, Devin",4,0,0,166,166,166,FALSE,4
2026,16732,WR,"Gould, Anthony",3,0,0,166,166,166,FALSE,4
2026,14120,WR,"Jennings, Gary",1,0,0,166,166,166,FALSE,4
2026,16203,WR,"Jones, Charlie",1,0,0,166,166,166,FALSE,4
2026,17799,WR,"Katsis, Kolbe",1,0,0,166,166,166,FALSE,4
2026,14503,WR,"Kennedy, Tom",4,0,0,166,166,166,FALSE,4
2026,17205,WR,"Lambert-Smith, KeAndre",1,0,0,166,166,166,FALSE,4
2026,16635,WR,"McCaffrey, Luke",1,0,0,166,166,166,FALSE,4
2026,15288,WR,"Moore, Elijah",2,0,0,166,166,166,FALSE,4
2026,17293,WR,"Pritchett, Jamaal",1,0,0,166,166,166,FALSE,4
2026,17514,WR,"Stribling, De'Zhaun",1,0,0,166,166,166,FALSE,4
2026,15788,WR,"Tolbert, Jalen",2,0,0,166,166,166,FALSE,4
2026,13669,WR,"Turner, Malik",1,0,0,166,166,166,FALSE,4
2026,17620,WR,"Wetjen, Kaden",4,0,0,166,166,166,FALSE,4
2026,17671,WR,"Williams, C.J.",1,0,0,166,166,166,FALSE,4
2026,17396,WR,"Williams, Ke'Shawn",1,0,0,166,166,166,FALSE,4
2026,17521,WR,"Thomas, Zavion",4,-0.3,-0.075,177.5,177,177,FALSE,4
2026,17517,WR,"Lane, Ja'Kobi",1,-0.3,-0.3,177.5,181,177.5,FALSE,4
2026,17360,WR,"Price, Myles",4,-0.9,-0.225,181.5,178,178,FALSE,4
2026,16189,WR,"Mims, Marvin",2,-0.5,-0.25,179,179.5,179,FALSE,4
2026,13638,WR,"Berrios, Braxton",4,-1,-0.25,187.5,179.5,179.5,FALSE,4
2026,16184,WR,"Reed, Jayden",2,-0.7,-0.35,180,184,180,FALSE,4
2026,17505,WR,"Sarratt, Elijah",1,-0.9,-0.9,181.5,193,181.5,FALSE,4
2026,11679,WR,"Beckham, Odell",3,-1,-0.3333333333333333,187.5,182.5,182.5,FALSE,4
2026,16428,WR,"Smith, Xavier",3,-1,-0.3333333333333333,187.5,182.5,182.5,FALSE,4
2026,16422,WR,"Remigio, Nikko",4,-1.5,-0.375,194,185,185,FALSE,4
2026,14592,WR,"Zaccheaus, Olamide",4,-1.5999999999999999,-0.39999999999999997,195,186,186,FALSE,4
2026,17541,WR,"Brown, Barion",3,-1.4,-0.4666666666666666,193,187,187,FALSE,4
2026,17530,WR,"Bond, Lewis",2,-1,-0.5,187.5,189,187.5,FALSE,4
2026,11674,WR,"Cooks, Brandin",1,-1,-1,187.5,197,187.5,FALSE,4
2026,17234,WR,"Horn, Jimmy",1,-1,-1,187.5,197,187.5,FALSE,4
2026,14118,WR,"Humphrey, Lil'Jordan",1,-1,-1,187.5,197,187.5,FALSE,4
2026,16628,WR,"McMillan, Jalen",2,-1,-0.5,187.5,189,187.5,FALSE,4
2026,13348,WR,"Moore, David",2,-1,-0.5,187.5,189,187.5,FALSE,4
2026,17749,WR,"Reed, Ja'Seem",1,-1,-1,187.5,197,187.5,FALSE,4
2026,16197,WR,"Mingo, Jonathan",4,-2.7,-0.675,197,191,191,FALSE,4
2026,16640,WR,"Cowing, Jacob",4,-3.1,-0.775,199,192,192,FALSE,4
2026,17518,WR,"Allen, Cyrus",4,-3.7,-0.925,200.5,194,194,FALSE,4
2026,13793,WR,"Valdes-Scantling, Marquez",2,-2,-1,196,197,196,FALSE,4
2026,17446,WR,"Jones, Jeshaun",1,-3,-3,198,204,198,FALSE,4
2026,17706,WR,"Benson, Malik",4,-4.4,-1.1,202,200,200,FALSE,4
2026,14860,WR,"Jennings, Jauan",3,-3.7,-1.2333333333333334,200.5,201,200.5,FALSE,4
2026,17528,WR,"Coleman, Kevin",4,-7.8,-1.95,204,202,202,FALSE,4
2026,17529,WR,"Thompson, Brenen",2,-5.4,-2.7,203,203,203,FALSE,4
