salary_source,position,rank,player,conference,salary
End25 Sal,QB,-1,NA,NA,38.04333333333334
End25 Sal,QB,0,NA,NA,37.876666666666665
End25 Sal,QB,1,"Mahomes, Patrick KCC QB",NFC,37.71
End25 Sal,QB,2,"Hurts, Jalen PHI QB",AFC,37.7
End25 Sal,QB,3,"Mahomes, Patrick KCC QB",AFC,37.7
End25 Sal,QB,4,"Prescott, Dak DAL QB",AFC,37.21
End25 Sal,QB,5,"Jackson, Lamar BAL QB",AFC,35.95
End25 Sal,QB,6,"Purdy, Brock SFO QB",AFC,34.16
End25 Sal,QB,7,"Purdy, Brock SFO QB",NFC,30.55
End25 Sal,QB,8,"Prescott, Dak DAL QB",NFC,30.53
End25 Sal,QB,9,"Murray, Kyler ARI QB",AFC,27.12
End25 Sal,QB,10,"Allen, Josh BUF QB",AFC,25.7
End25 Sal,QB,11,"Burrow, Joe CIN QB",AFC,24.79
End25 Sal,QB,12,"Allen, Josh BUF QB",NFC,24.76
End25 Sal,QB,13,"Goff, Jared DET QB",AFC,24.53
End25 Sal,QB,14,"Burrow, Joe CIN QB",NFC,24.52
End25 Sal,QB,15,"Hurts, Jalen PHI QB",NFC,23.52
End25 Sal,QB,16,"Jackson, Lamar BAL QB",NFC,22.74
End25 Sal,QB,17,"Darnold, Sam SEA QB",NFC,22.71
End25 Sal,QB,18,"Murray, Kyler ARI QB",NFC,22.18
End25 Sal,QB,19,"Mayfield, Baker TBB QB",AFC,20.87
End25 Sal,QB,20,"Goff, Jared DET QB",NFC,18.7
End25 Sal,QB,21,"Tagovailoa, Tua MIA QB",AFC,18.63
End25 Sal,QB,22,"Lawrence, Trevor JAC QB",NFC,17.13
End25 Sal,QB,23,"Cousins, Kirk ATL QB",NFC,15.68
End25 Sal,QB,24,"Herbert, Justin LAC QB",NFC,15.14
End25 Sal,QB,25,"Herbert, Justin LAC QB",AFC,14.17
End25 Sal,QB,26,"Tagovailoa, Tua MIA QB",NFC,13.6
End25 Sal,QB,27,"Lawrence, Trevor JAC QB",AFC,13.59
End25 Sal,QB,28,"Stafford, Matthew LAR QB",NFC,12.89
End25 Sal,QB,29,"Love, Jordan GBP QB",NFC,10.48
End25 Sal,QB,30,"Love, Jordan GBP QB",AFC,10.45
End25 Sal,QB,31,"Wilson, Russell NYG QB",NFC,10.1
End25 Sal,QB,32,"Browning, Jake CIN QB",NFC,10
End25 Sal,QB,33,"Rodgers, Aaron PIT QB",NFC,10
End25 Sal,QB,34,"Richardson, Anthony IND QB",NFC,9.94
End25 Sal,QB,35,"Fields, Justin NYJ QB",NFC,9.74
End25 Sal,QB,36,"Stafford, Matthew LAR QB",AFC,9.69
End25 Sal,QB,37,"Mayfield, Baker TBB QB",NFC,9.33
End25 Sal,QB,38,"Williams, Caleb CHI QB",AFC,8.79
End25 Sal,QB,39,"Richardson, Anthony IND QB",AFC,8.38
End25 Sal,QB,40,"Smith, Geno LVR QB",NFC,7.6
End25 Sal,QB,41,"Williams, Caleb CHI QB",NFC,7.41
End25 Sal,QB,42,"Young, Bryce CAR QB",AFC,7.21
End25 Sal,QB,43,"Flacco, Joe CIN QB",AFC,7.1
End25 Sal,QB,44,"Pickett, Kenny LVR QB",NFC,6.45
End25 Sal,QB,45,"Rodgers, Aaron PIT QB",AFC,6.38
End25 Sal,QB,46,"Stroud, C.J. HOU QB",NFC,6.27
End25 Sal,QB,47,"Ward, Cam TEN QB",AFC,6.11
End25 Sal,QB,48,"Jones, Daniel IND QB",NFC,6
End25 Sal,QB,49,"Jones, Daniel IND QB",AFC,5.8
End25 Sal,QB,50,"Young, Bryce CAR QB",NFC,5.54
End25 Sal,QB,51,"Ward, Cam TEN QB",NFC,5.38
End25 Sal,QB,52,"Wilson, Russell NYG QB",AFC,5.3
End25 Sal,QB,53,"Daniels, Jayden WAS QB",AFC,4.43
End25 Sal,QB,54,"McCarthy, J.J. MIN QB",NFC,4.43
End25 Sal,QB,55,"McCarthy, J.J. MIN QB",AFC,4.02
End25 Sal,QB,56,"Ewers, Quinn MIA QB",NFC,3.7
End25 Sal,QB,57,"Maye, Drake NEP QB",NFC,3.67
End25 Sal,QB,58,"Daniels, Jayden WAS QB",NFC,3.38
End25 Sal,QB,59,"Stroud, C.J. HOU QB",AFC,3
End25 Sal,QB,60,"Maye, Drake NEP QB",AFC,2.93
End25 Sal,QB,61,"Levis, Will TEN QB",AFC,2.66
End25 Sal,QB,62,"Mariota, Marcus WAS QB",AFC,2.6
End25 Sal,QB,63,"Penix Jr., Michael ATL QB",NFC,2.6
End25 Sal,QB,64,"Pickett, Kenny LVR QB",AFC,2.31
End25 Sal,QB,65,"Willis, Malik GBP QB",AFC,2.16
End25 Sal,QB,66,"Dart, Jaxson NYG QB",AFC,2.14
End25 Sal,QB,67,"Dart, Jaxson NYG QB",NFC,2.14
End25 Sal,QB,68,"Dalton, Andy CAR QB",NFC,2.1
End25 Sal,QB,69,"Smith, Geno LVR QB",AFC,2.1
End25 Sal,QB,70,"Shough, Tyler NOS QB",AFC,2.05
End25 Sal,QB,71,"Jones, Mac SFO QB",AFC,2
End25 Sal,QB,72,"Rudolph, Mason PIT QB",NFC,2
End25 Sal,QB,73,"Huntley, Tyler BAL QB",AFC,1.9
End25 Sal,QB,74,"Ewers, Quinn MIA QB",AFC,1.8
End25 Sal,QB,75,"Fields, Justin NYJ QB",AFC,1.8
End25 Sal,QB,76,"Jones, Mac SFO QB",NFC,1.8
End25 Sal,QB,77,"Winston, Jameis NYG QB",AFC,1.8
End25 Sal,QB,78,"Nix, Bo DEN QB",AFC,1.65
End25 Sal,QB,79,"Nix, Bo DEN QB",NFC,1.54
End25 Sal,QB,80,"Winston, Jameis NYG QB",NFC,1.5
End25 Sal,QB,81,"Penix Jr., Michael ATL QB",AFC,1.47
End25 Sal,QB,82,"Shough, Tyler NOS QB",NFC,1.23
End25 Sal,QB,83,"Milroe, Jalen SEA QB",AFC,1.17
End25 Sal,QB,84,"Sanders, Shedeur CLE QB",AFC,1.13
End25 Sal,QB,85,"Milroe, Jalen SEA QB",NFC,1.12
End25 Sal,QB,86,"Darnold, Sam SEA QB",AFC,1.1
End25 Sal,QB,87,"O'Connell, Aidan LVR QB",AFC,1.1
End25 Sal,QB,88,"Sanders, Shedeur CLE QB",NFC,1.06
End25 Sal,QB,89,"Brissett, Jacoby ARI QB",AFC,1
End25 Sal,QB,90,"Brissett, Jacoby ARI QB",NFC,1
End25 Sal,QB,91,"Cousins, Kirk ATL QB",AFC,1
End25 Sal,QB,92,"Flacco, Joe CIN QB",NFC,1
End25 Sal,QB,93,"Garoppolo, Jimmy LAR QB",NFC,1
End25 Sal,QB,94,"Garoppolo, Jimmy LAR QB",AFC,1
End25 Sal,QB,95,"Huntley, Tyler BAL QB",NFC,1
End25 Sal,QB,96,"Mariota, Marcus WAS QB",NFC,1
End25 Sal,QB,97,"McKee, Tanner PHI QB",AFC,1
End25 Sal,QB,98,"McKee, Tanner PHI QB",NFC,1
End25 Sal,QB,99,"Mills, Davis HOU QB",AFC,1
End25 Sal,QB,100,"Milton, Joe DAL QB",AFC,1
End25 Sal,QB,101,"Rivers, Philip IND QB",AFC,1
End25 Sal,QB,102,"Rivers, Philip IND QB",NFC,1
End25 Sal,QB,103,"Slovis, Kedon ARI QB",NFC,1
End25 Sal,QB,104,"Willis, Malik GBP QB",NFC,1
End25 Sal,QB,105,"Howard, Will PIT QB",AFC,0.98
End25 Sal,QB,106,"Rattler, Spencer NOS QB",AFC,0.98
End25 Sal,QB,107,"Gabriel, Dillon CLE QB",NFC,0.97
End25 Sal,QB,108,"Gabriel, Dillon CLE QB",AFC,0.96
End25 Sal,QB,109,"Howard, Will PIT QB",NFC,0.96
End25 Sal,QB,110,"Leonard, Riley IND QB",NFC,0.9
End25 Sal,RB,-1,NA,NA,29.733333333333334
End25 Sal,RB,0,NA,NA,28.786666666666665
End25 Sal,RB,1,"Henry, Derrick BAL RB",AFC,27.84
End25 Sal,RB,2,"Barkley, Saquon PHI RB",AFC,26.48
End25 Sal,RB,3,"Henry, Derrick BAL RB",NFC,26.48
End25 Sal,RB,4,"McCaffrey, Christian SFO RB",NFC,25
End25 Sal,RB,5,"Jacobs, Josh GBP RB",NFC,18.81
End25 Sal,RB,6,"Taylor, Jonathan IND RB",NFC,17.6
End25 Sal,RB,7,"Taylor, Jonathan IND RB",AFC,16.97
End25 Sal,RB,8,"Conner, James ARI RB",AFC,16.25
End25 Sal,RB,9,"Montgomery, David DET RB",AFC,15.48
End25 Sal,RB,10,"Kamara, Alvin NOS RB",NFC,15.2
End25 Sal,RB,11,"Jones, Aaron MIN RB",AFC,14.84
End25 Sal,RB,12,"Barkley, Saquon PHI RB",NFC,14.37
End25 Sal,RB,13,"McCaffrey, Christian SFO RB",AFC,14.25
End25 Sal,RB,14,"Jacobs, Josh GBP RB",AFC,12.97
End25 Sal,RB,15,"Etienne, Travis JAC RB",AFC,12.6
End25 Sal,RB,16,"Cook, James BUF RB",NFC,12.48
End25 Sal,RB,17,"Swift, D'Andre CHI RB",NFC,11.88
End25 Sal,RB,18,"Hall, Breece NYJ RB",AFC,11.66
End25 Sal,RB,19,"Montgomery, David DET RB",NFC,11.5
End25 Sal,RB,20,"Chubb, Nick HOU RB",AFC,11.08
End25 Sal,RB,21,"Jones, Aaron MIN RB",NFC,10.5
End25 Sal,RB,22,"Hall, Breece NYJ RB",NFC,10.27
End25 Sal,RB,23,"Walker III, Kenneth SEA RB",AFC,9.99
End25 Sal,RB,24,"Robinson, Bijan ATL RB",AFC,9.94
End25 Sal,RB,25,"Jeanty, Ashton LVR RB",AFC,9.82
End25 Sal,RB,26,"Jeanty, Ashton LVR RB",NFC,9.82
End25 Sal,RB,27,"Warren, Jaylen PIT RB",NFC,9.08
End25 Sal,RB,28,"Brown, Chase CIN RB",AFC,8.83
End25 Sal,RB,29,"Hubbard, Chuba CAR RB",NFC,8.68
End25 Sal,RB,30,"Kamara, Alvin NOS RB",AFC,8.49
End25 Sal,RB,31,"Walker III, Kenneth SEA RB",NFC,8.42
End25 Sal,RB,32,"Robinson, Bijan ATL RB",NFC,8.38
End25 Sal,RB,33,"Hubbard, Chuba CAR RB",AFC,8.29
End25 Sal,RB,34,"Hampton, Omarion LAC RB",NFC,8.23
End25 Sal,RB,35,"Mason, Jordan MIN RB",NFC,7.6
End25 Sal,RB,36,"Williams, Kyren LAR RB",NFC,7.46
End25 Sal,RB,37,"Pollard, Tony TEN RB",NFC,7.41
End25 Sal,RB,38,"Gibbs, Jahmyr DET RB",NFC,7.21
End25 Sal,RB,39,"Dobbins, J.K. DEN RB",NFC,6.77
End25 Sal,RB,40,"Etienne, Travis JAC RB",NFC,6.65
End25 Sal,RB,41,"Gibbs, Jahmyr DET RB",AFC,6.27
End25 Sal,RB,42,"Swift, D'Andre CHI RB",AFC,5.96
End25 Sal,RB,43,"Mitchell, Keaton BAL RB",NFC,5.5
End25 Sal,RB,44,"Williams, Javonte DAL RB",NFC,5.5
End25 Sal,RB,45,"Hampton, Omarion LAC RB",AFC,5.38
End25 Sal,RB,46,"Pacheco, Isiah KCC RB",NFC,5.35
End25 Sal,RB,47,"Robinson, Brian SFO RB",NFC,5.35
End25 Sal,RB,48,"Mason, Jordan MIN RB",AFC,5.1
End25 Sal,RB,49,"Rodriguez, Chris WAS RB",AFC,5.1
End25 Sal,RB,50,"Henderson, TreVeyon NEP RB",NFC,4.8
End25 Sal,RB,51,"Judkins, Quinshon CLE RB",AFC,4.8
End25 Sal,RB,52,"Carter, Michael ARI RB",AFC,4.5
End25 Sal,RB,53,"Vidal, Kimani LAC RB",AFC,4.4
End25 Sal,RB,54,"Henderson, TreVeyon NEP RB",AFC,4.32
End25 Sal,RB,55,"Judkins, Quinshon CLE RB",NFC,4.32
End25 Sal,RB,56,"Dobbins, J.K. DEN RB",AFC,4.2
End25 Sal,RB,57,"Stevenson, Rhamondre NEP RB",AFC,4.16
End25 Sal,RB,58,"Knight, Bam ARI RB",AFC,4
End25 Sal,RB,59,"Pacheco, Isiah KCC RB",AFC,3.98
End25 Sal,RB,60,"Harris, Najee LAC RB",AFC,3.78
End25 Sal,RB,61,"Warren, Jaylen PIT RB",AFC,3.74
End25 Sal,RB,62,"Conner, James ARI RB",NFC,3.6
End25 Sal,RB,63,"Cook, James BUF RB",AFC,3.41
End25 Sal,RB,64,"Robinson, Brian SFO RB",AFC,3.41
End25 Sal,RB,65,"White, Rachaad TBB RB",NFC,3.41
End25 Sal,RB,66,"White, Rachaad TBB RB",AFC,3.41
End25 Sal,RB,67,"Williams, Kyren LAR RB",AFC,3.41
End25 Sal,RB,68,"Dowdle, Rico CAR RB",AFC,3.25
End25 Sal,RB,69,"Ekeler, Austin WAS RB",AFC,3.1
End25 Sal,RB,70,"Johnson, Kaleb PIT RB",NFC,3.1
End25 Sal,RB,71,"Brooks, Jonathon CAR RB",AFC,2.6
End25 Sal,RB,72,"Gainwell, Kenneth PIT RB",AFC,2.6
End25 Sal,RB,73,"Brooks, Jonathon CAR RB",NFC,2.46
End25 Sal,RB,74,"Harvey, RJ DEN RB",NFC,2.45
End25 Sal,RB,75,"Charbonnet, Zach SEA RB",AFC,2.41
End25 Sal,RB,76,"Harvey, RJ DEN RB",AFC,2.33
End25 Sal,RB,77,"Charbonnet, Zach SEA RB",NFC,2.31
End25 Sal,RB,78,"Demercado, Emari ARI RB",AFC,2.3
End25 Sal,RB,79,"Benson, Trey ARI RB",NFC,2.24
End25 Sal,RB,80,"Johnson, Kaleb PIT RB",AFC,2.23
End25 Sal,RB,81,"Achane, De'Von MIA RB",NFC,2.21
End25 Sal,RB,82,"Pierce, Dameon KCC RB",NFC,2.16
End25 Sal,RB,83,"Miller, Kendre NOS RB",NFC,2.13
End25 Sal,RB,84,"Demercado, Emari ARI RB",NFC,2
End25 Sal,RB,85,"Gainwell, Kenneth PIT RB",NFC,2
End25 Sal,RB,86,"Williams, Javonte DAL RB",AFC,2
End25 Sal,RB,87,"Miller, Kendre NOS RB",AFC,1.91
End25 Sal,RB,88,"Pollard, Tony TEN RB",AFC,1.9
End25 Sal,RB,89,"Stevenson, Rhamondre NEP RB",NFC,1.9
End25 Sal,RB,90,"Tucker, Sean TBB RB",AFC,1.9
End25 Sal,RB,91,"Benson, Trey ARI RB",AFC,1.8
End25 Sal,RB,92,"Bigsby, Tank PHI RB",NFC,1.8
End25 Sal,RB,93,"Dowdle, Rico CAR RB",NFC,1.8
End25 Sal,RB,94,"Hill, Justice BAL RB",AFC,1.8
End25 Sal,RB,95,"Hunt, Kareem KCC RB",AFC,1.8
End25 Sal,RB,96,"Johnson, Ty BUF RB",NFC,1.8
End25 Sal,RB,97,"Mattison, Alexander MIA RB",AFC,1.8
End25 Sal,RB,98,"Mixon, Joe HOU RB",NFC,1.8
End25 Sal,RB,99,"Vidal, Kimani LAC RB",NFC,1.8
End25 Sal,RB,100,"Skattebo, Cam NYG RB",NFC,1.69
End25 Sal,RB,101,"Tuten, Bhayshul JAC RB",NFC,1.64
End25 Sal,RB,102,"Achane, De'Von MIA RB",AFC,1.59
End25 Sal,RB,103,"Wright, Jaylen MIA RB",NFC,1.57
End25 Sal,RB,104,"Skattebo, Cam NYG RB",AFC,1.52
End25 Sal,RB,105,"Sampson, Dylan CLE RB",AFC,1.46
End25 Sal,RB,106,"Allgeier, Tyler ATL RB",NFC,1.44
End25 Sal,RB,107,"Tuten, Bhayshul JAC RB",AFC,1.37
End25 Sal,RB,108,"Blue, Jaydon DAL RB",NFC,1.35
End25 Sal,RB,109,"Corum, Blake LAR RB",NFC,1.35
End25 Sal,RB,110,"Spears, Tyjae TEN RB",NFC,1.34
End25 Sal,RB,111,"Allgeier, Tyler ATL RB",AFC,1.33
End25 Sal,RB,112,"Spears, Tyjae TEN RB",AFC,1.33
End25 Sal,RB,113,"Lloyd, MarShawn GBP RB",NFC,1.29
End25 Sal,RB,114,"Wright, Jaylen MIA RB",AFC,1.29
End25 Sal,RB,115,"Corum, Blake LAR RB",AFC,1.26
End25 Sal,RB,116,"Lloyd, MarShawn GBP RB",AFC,1.25
End25 Sal,RB,117,"Bigsby, Tank PHI RB",AFC,1.24
End25 Sal,RB,118,"Johnson, Roschon CHI RB",AFC,1.23
End25 Sal,RB,119,"Allen, Braelon NYJ RB",AFC,1.21
End25 Sal,RB,120,"Brown, Chase CIN RB",NFC,1.21
End25 Sal,RB,121,"Allen, LeQuint JAC RB",NFC,1.2
End25 Sal,RB,122,"Davis, Ray BUF RB",AFC,1.2
End25 Sal,RB,123,"Ford, Jerome CLE RB",NFC,1.19
End25 Sal,RB,124,"Allen, Braelon NYJ RB",NFC,1.14
End25 Sal,RB,125,"Blue, Jaydon DAL RB",AFC,1.11
End25 Sal,RB,126,"Sampson, Dylan CLE RB",NFC,1.11
End25 Sal,RB,127,"Davis, Isaiah NYJ RB",AFC,1.1
End25 Sal,RB,128,"Davis, Isaiah NYJ RB",NFC,1.1
End25 Sal,RB,129,"Harris, Najee LAC RB",NFC,1.1
End25 Sal,RB,130,"Wilson, Emanuel GBP RB",NFC,1.1
End25 Sal,RB,131,"Marks, Woody HOU RB",NFC,1.09
End25 Sal,RB,132,"Davis, Ray BUF RB",NFC,1.07
End25 Sal,RB,133,"Irving, Bucky TBB RB",NFC,1.06
End25 Sal,RB,134,"Etienne, Trevor CAR RB",AFC,1.04
End25 Sal,RB,135,"James, Jordan SFO RB",NFC,1.04
End25 Sal,RB,136,"Tracy, Tyrone NYG RB",AFC,1.04
End25 Sal,RB,137,"Guerendo, Isaac SFO RB",AFC,1.03
End25 Sal,RB,138,"James, Jordan SFO RB",AFC,1.03
End25 Sal,RB,139,"Neal, Devin NOS RB",NFC,1.02
End25 Sal,RB,140,"Irving, Bucky TBB RB",AFC,1.01
End25 Sal,RB,141,"Tracy, Tyrone NYG RB",NFC,1.01
End25 Sal,RB,142,"Carter, Nathan ATL RB",NFC,1
End25 Sal,RB,143,"Ekeler, Austin WAS RB",NFC,1
End25 Sal,RB,144,"Hunt, Kareem KCC RB",NFC,1
End25 Sal,RB,145,"Jennings, Terrell NEP RB",NFC,1
End25 Sal,RB,146,"Jordan, Jawhar HOU RB",NFC,1
End25 Sal,RB,147,"Knight, Bam ARI RB",NFC,1
End25 Sal,RB,148,"Marks, Woody HOU RB",AFC,1
End25 Sal,RB,149,"McNichols, Jeremy WAS RB",AFC,1
End25 Sal,RB,150,"Mixon, Joe HOU RB",AFC,1
End25 Sal,RB,151,"Perine, Samaje CIN RB",AFC,1
End25 Sal,RB,152,"Rodriguez, Chris WAS RB",NFC,1
End25 Sal,RB,153,"Singletary, Devin NYG RB",AFC,1
End25 Sal,RB,154,"Tucker, Sean TBB RB",NFC,1
End25 Sal,RB,155,"Wilson, Emanuel GBP RB",AFC,1
End25 Sal,RB,156,"Shipley, Will PHI RB",NFC,0.99
End25 Sal,RB,157,"Giddens, DJ IND RB",NFC,0.98
End25 Sal,RB,158,"Mitchell, Keaton BAL RB",AFC,0.98
End25 Sal,RB,159,"Neal, Devin NOS RB",AFC,0.98
End25 Sal,RB,160,"Smith, Brashard KCC RB",AFC,0.98
End25 Sal,RB,161,"Mafah, Phil DAL RB",NFC,0.97
End25 Sal,RB,162,"Hunter, Jarquez LAR RB",NFC,0.96
End25 Sal,RB,163,"Etienne, Trevor CAR RB",NFC,0.95
End25 Sal,RB,164,"Gordon, Ollie MIA RB",NFC,0.95
End25 Sal,RB,165,"Brooks, Tahj CIN RB",NFC,0.94
End25 Sal,RB,166,"Giddens, DJ IND RB",AFC,0.94
End25 Sal,RB,167,"Hunter, Jarquez LAR RB",AFC,0.94
End25 Sal,RB,168,"Monangai, Kyle CHI RB",AFC,0.94
End25 Sal,RB,169,"Smith, Brashard KCC RB",NFC,0.94
End25 Sal,RB,170,"Brooks, Tahj CIN RB",AFC,0.9
End25 Sal,RB,171,"Croskey-Merritt, Jacory WAS RB",AFC,0.9
End25 Sal,RB,172,"Croskey-Merritt, Jacory WAS RB",NFC,0.9
End25 Sal,RB,173,"Gordon, Ollie MIA RB",AFC,0.9
End25 Sal,RB,174,"Larison, Lan NEP RB",NFC,0.9
End25 Sal,RB,175,"Monangai, Kyle CHI RB",NFC,0.9
End25 Sal,WR,-1,NA,NA,44.266666666666666
End25 Sal,WR,0,NA,NA,43.25333333333334
End25 Sal,WR,1,"Collins, Nico HOU WR",NFC,42.24
End25 Sal,WR,2,"Jefferson, Justin MIN WR",NFC,41.25
End25 Sal,WR,3,"Chase, Ja'Marr CIN WR",NFC,40.64
End25 Sal,WR,4,"Jefferson, Justin MIN WR",AFC,39.2
End25 Sal,WR,5,"Lamb, CeeDee DAL WR",NFC,37.73
End25 Sal,WR,6,"St. Brown, Amon-Ra DET WR",NFC,34.24
End25 Sal,WR,7,"McLaurin, Terry WAS WR",NFC,34.11
End25 Sal,WR,8,"Evans, Mike TBB WR",NFC,33.85
End25 Sal,WR,9,"St. Brown, Amon-Ra DET WR",AFC,33.68
End25 Sal,WR,10,"Brown, A.J. PHI WR",NFC,33.28
End25 Sal,WR,11,"Adams, Davante LAR WR",NFC,27.23
End25 Sal,WR,12,"Godwin, Chris TBB WR",NFC,26.62
End25 Sal,WR,13,"Smith, DeVonta PHI WR",AFC,26.21
End25 Sal,WR,14,"Waddle, Jaylen MIA WR",AFC,26.21
End25 Sal,WR,15,"Collins, Nico HOU WR",AFC,25.25
End25 Sal,WR,16,"Jeudy, Jerry CLE WR",AFC,24.48
End25 Sal,WR,17,"Diggs, Stefon NEP WR",NFC,22.77
End25 Sal,WR,18,"Godwin, Chris TBB WR",AFC,22.63
End25 Sal,WR,19,"Lamb, CeeDee DAL WR",AFC,22.41
End25 Sal,WR,20,"Adams, Davante LAR WR",AFC,21.78
End25 Sal,WR,21,"Brown, A.J. PHI WR",AFC,21.02
End25 Sal,WR,22,"Aiyuk, Brandon SFO WR",NFC,20.57
End25 Sal,WR,23,"Sutton, Courtland DEN WR",NFC,20.33
End25 Sal,WR,24,"Moore, D.J. CHI WR",NFC,20.24
End25 Sal,WR,25,"Pierce, Alec IND WR",AFC,18.81
End25 Sal,WR,26,"Chase, Ja'Marr CIN WR",AFC,18.74
End25 Sal,WR,27,"Smith, DeVonta PHI WR",NFC,18.66
End25 Sal,WR,28,"Aiyuk, Brandon SFO WR",AFC,17.58
End25 Sal,WR,29,"London, Drake ATL WR",NFC,17.41
End25 Sal,WR,30,"Higgins, Tee CIN WR",NFC,17.35
End25 Sal,WR,31,"Hopkins, DeAndre BAL WR",NFC,16.72
End25 Sal,WR,32,"Evans, Mike TBB WR",AFC,16.34
End25 Sal,WR,33,"Moore, D.J. CHI WR",AFC,15.39
End25 Sal,WR,34,"Waddle, Jaylen MIA WR",NFC,14.87
End25 Sal,WR,35,"Samuel, Deebo WAS WR",AFC,14.52
End25 Sal,WR,36,"Samuel, Deebo WAS WR",NFC,14.08
End25 Sal,WR,37,"Higgins, Tee CIN WR",AFC,14.03
End25 Sal,WR,38,"Mooney, Darnell ATL WR",AFC,13.41
End25 Sal,WR,39,"Pittman, Michael IND WR",AFC,13.24
End25 Sal,WR,40,"Olave, Chris NOS WR",AFC,12.86
End25 Sal,WR,41,"Metcalf, DK PIT WR",AFC,12.72
End25 Sal,WR,42,"Brown, Marquise KCC WR",AFC,12.22
End25 Sal,WR,43,"Metcalf, DK PIT WR",NFC,12.11
End25 Sal,WR,44,"Ridley, Calvin TEN WR",AFC,12.1
End25 Sal,WR,45,"Brown, Marquise KCC WR",NFC,11.98
End25 Sal,WR,46,"Wilson, Garrett NYJ WR",AFC,11.78
End25 Sal,WR,47,"Wilson, Garrett NYJ WR",NFC,10.5
End25 Sal,WR,48,"London, Drake ATL WR",AFC,9.82
End25 Sal,WR,49,"Meyers, Jakobi JAC WR",AFC,9.41
End25 Sal,WR,50,"Thornton, Tyquan KCC WR",AFC,9.37
End25 Sal,WR,51,"McLaurin, Terry WAS WR",AFC,9.35
End25 Sal,WR,52,"Meyers, Jakobi JAC WR",NFC,9.12
End25 Sal,WR,53,"Jeudy, Jerry CLE WR",NFC,8.8
End25 Sal,WR,54,"Harrison Jr., Marvin ARI WR",NFC,8.79
End25 Sal,WR,55,"Mooney, Darnell ATL WR",NFC,8.25
End25 Sal,WR,56,"Hunter, Travis JAC WR",AFC,8.23
End25 Sal,WR,57,"Pittman, Michael IND WR",NFC,7.62
End25 Sal,WR,58,"Nabers, Malik NYG WR",AFC,7.41
End25 Sal,WR,59,"Burks, Treylon WAS WR",AFC,7.33
End25 Sal,WR,60,"Shakir, Khalil BUF WR",NFC,7.25
End25 Sal,WR,61,"Hunter, Travis JAC WR",NFC,7.03
End25 Sal,WR,62,"McMillan, Tetairoa CAR WR",AFC,7.03
End25 Sal,WR,63,"Olave, Chris NOS WR",NFC,6.66
End25 Sal,WR,64,"Shaheed, Rashid SEA WR",AFC,6.62
End25 Sal,WR,65,"Shakir, Khalil BUF WR",AFC,6.46
End25 Sal,WR,66,"Williams, Jameson DET WR",AFC,6.45
End25 Sal,WR,67,"Nabers, Malik NYG WR",NFC,6.38
End25 Sal,WR,68,"Sutton, Courtland DEN WR",AFC,6.27
End25 Sal,WR,69,"Thielen, Adam FA WR",AFC,6.2
End25 Sal,WR,70,"McMillan, Tetairoa CAR WR",NFC,6.11
End25 Sal,WR,71,"Hill, Tyreek MIA WR",AFC,6.1
End25 Sal,WR,72,"Slayton, Darius NYG WR",NFC,5.9
End25 Sal,WR,73,"Williams, Jameson DET WR",NFC,5.75
End25 Sal,WR,74,"Doubs, Romeo GBP WR",AFC,5.61
End25 Sal,WR,75,"Harrison Jr., Marvin ARI WR",AFC,5.58
End25 Sal,WR,76,"Odunze, Rome CHI WR",NFC,5.58
End25 Sal,WR,77,"Smith-Njigba, Jaxon SEA WR",AFC,5.54
End25 Sal,WR,78,"Diggs, Stefon NEP WR",AFC,5.53
End25 Sal,WR,79,"Palmer, Joshua BUF WR",NFC,5.5
End25 Sal,WR,80,"Palmer, Joshua BUF WR",AFC,5.47
End25 Sal,WR,81,"Shaheed, Rashid SEA WR",NFC,5.42
End25 Sal,WR,82,"Jennings, Jauan SFO WR",AFC,5.35
End25 Sal,WR,83,"Hill, Tyreek MIA WR",NFC,5
End25 Sal,WR,84,"Lockett, Tyler LVR WR",NFC,5
End25 Sal,WR,85,"Addison, Jordan MIN WR",AFC,4.95
End25 Sal,WR,86,"Smith-Njigba, Jaxon SEA WR",NFC,4.95
End25 Sal,WR,87,"Odunze, Rome CHI WR",AFC,4.94
End25 Sal,WR,88,"Worthy, Xavier KCC WR",NFC,4.94
End25 Sal,WR,89,"Doubs, Romeo GBP WR",NFC,4.82
End25 Sal,WR,90,"Watson, Christian GBP WR",AFC,4.71
End25 Sal,WR,91,"Coker, Jalen CAR WR",NFC,4.64
End25 Sal,WR,92,"Bateman, Rashod BAL WR",NFC,4.55
End25 Sal,WR,93,"Johnston, Quentin LAC WR",AFC,4.47
End25 Sal,WR,94,"Tillman, Cedric CLE WR",AFC,4.41
End25 Sal,WR,95,"Johnson, Tez TBB WR",NFC,4.11
End25 Sal,WR,96,"Addison, Jordan MIN WR",NFC,4.07
End25 Sal,WR,97,"Watson, Christian GBP WR",NFC,3.98
End25 Sal,WR,98,"Kupp, Cooper SEA WR",AFC,3.8
End25 Sal,WR,99,"Johnston, Quentin LAC WR",NFC,3.73
End25 Sal,WR,100,"McCaffrey, Luke WAS WR",NFC,3.72
End25 Sal,WR,101,"Worthy, Xavier KCC WR",AFC,3.67
End25 Sal,WR,102,"Boutte, Kayshon NEP WR",NFC,3.5
End25 Sal,WR,103,"Flowers, Zay BAL WR",NFC,3.45
End25 Sal,WR,104,"Pickens, George DAL WR",AFC,3.41
End25 Sal,WR,105,"Wicks, Dontayvion GBP WR",NFC,3.4
End25 Sal,WR,106,"Thomas Jr., Brian JAC WR",AFC,3.38
End25 Sal,WR,107,"Golden, Matthew GBP WR",AFC,3.33
End25 Sal,WR,108,"Pickens, George DAL WR",NFC,3.23
End25 Sal,WR,109,"Flowers, Zay BAL WR",AFC,3.21
End25 Sal,WR,110,"McConkey, Ladd LAC WR",AFC,3.14
End25 Sal,WR,111,"Thomas Jr., Brian JAC WR",NFC,3.14
End25 Sal,WR,112,"Coleman, Keon BUF WR",NFC,2.93
End25 Sal,WR,113,"Egbuka, Emeka TBB WR",AFC,2.9
End25 Sal,WR,114,"Higgins, Jayden HOU WR",NFC,2.9
End25 Sal,WR,115,"Coleman, Keon BUF WR",AFC,2.75
End25 Sal,WR,116,"McConkey, Ladd LAC WR",NFC,2.75
End25 Sal,WR,117,"Golden, Matthew GBP WR",NFC,2.72
End25 Sal,WR,118,"Pierce, Alec IND WR",NFC,2.63
End25 Sal,WR,119,"Egbuka, Emeka TBB WR",NFC,2.58
End25 Sal,WR,120,"Higgins, Jayden HOU WR",AFC,2.58
End25 Sal,WR,121,"Pearsall, Ricky SFO WR",AFC,2.46
End25 Sal,WR,122,"Burden, Luther CHI WR",AFC,2.45
End25 Sal,WR,123,"Ridley, Calvin TEN WR",NFC,2.4
End25 Sal,WR,124,"Legette, Xavier CAR WR",AFC,2.34
End25 Sal,WR,125,"Pearsall, Ricky SFO WR",NFC,2.34
End25 Sal,WR,126,"Burden, Luther CHI WR",NFC,2.23
End25 Sal,WR,127,"Legette, Xavier CAR WR",NFC,2.07
End25 Sal,WR,128,"Mitchell, Adonai NYJ WR",AFC,2.07
End25 Sal,WR,129,"Harris, Tre LAC WR",NFC,2.05
End25 Sal,WR,130,"Rice, Rashee KCC WR",NFC,2.05
End25 Sal,WR,131,"Moore, Elijah DEN WR",NFC,2
End25 Sal,WR,132,"Bech, Jack LVR WR",NFC,1.98
End25 Sal,WR,133,"Harris, Tre LAC WR",AFC,1.98
End25 Sal,WR,134,"Bech, Jack LVR WR",AFC,1.91
End25 Sal,WR,135,"Mitchell, Adonai NYJ WR",NFC,1.91
End25 Sal,WR,136,"Bourne, Kendrick SFO WR",NFC,1.9
End25 Sal,WR,137,"Hollins, Mack NEP WR",NFC,1.9
End25 Sal,WR,138,"Hopkins, DeAndre BAL WR",AFC,1.9
End25 Sal,WR,139,"Moore, Elijah DEN WR",AFC,1.9
End25 Sal,WR,140,"Turpin, KaVontae DAL WR",AFC,1.9
End25 Sal,WR,141,"Washington, Parker JAC WR",NFC,1.9
End25 Sal,WR,142,"Brown, Noah WAS WR",AFC,1.87
End25 Sal,WR,143,"Thornton, Dont'e LVR WR",AFC,1.87
End25 Sal,WR,144,"Reed, Jayden GBP WR",AFC,1.86
End25 Sal,WR,145,"Tolbert, Jalen DAL WR",AFC,1.86
End25 Sal,WR,146,"Allen, Keenan LAC WR",NFC,1.8
End25 Sal,WR,147,"Allen, Keenan LAC WR",AFC,1.8
End25 Sal,WR,148,"Atwell, Tutu LAR WR",AFC,1.8
End25 Sal,WR,149,"Boutte, Kayshon NEP WR",AFC,1.8
End25 Sal,WR,150,"Brown, Dyami JAC WR",AFC,1.8
End25 Sal,WR,151,"Douglas, Demario NEP WR",NFC,1.8
End25 Sal,WR,152,"Douglas, Demario NEP WR",AFC,1.8
End25 Sal,WR,153,"Downs, Josh IND WR",NFC,1.8
End25 Sal,WR,154,"Flournoy, Ryan DAL WR",NFC,1.8
End25 Sal,WR,155,"Kupp, Cooper SEA WR",NFC,1.8
End25 Sal,WR,156,"Lazard, Allen FA WR",NFC,1.8
End25 Sal,WR,157,"Rice, Rashee KCC WR",AFC,1.8
End25 Sal,WR,158,"Smith-Schuster, JuJu KCC WR",NFC,1.8
End25 Sal,WR,159,"Tucker, Tre LVR WR",NFC,1.8
End25 Sal,WR,160,"Vele, Devaughn NOS WR",NFC,1.8
End25 Sal,WR,161,"Williams, Kyle NEP WR",NFC,1.79
End25 Sal,WR,162,"Wilson, Roman PIT WR",AFC,1.75
End25 Sal,WR,163,"Wilson, Roman PIT WR",NFC,1.65
End25 Sal,WR,164,"Mims, Marvin DEN WR",NFC,1.64
End25 Sal,WR,165,"Reed, Jayden GBP WR",NFC,1.59
End25 Sal,WR,166,"Tolbert, Jalen DAL WR",NFC,1.59
End25 Sal,WR,167,"Downs, Josh IND WR",AFC,1.43
End25 Sal,WR,168,"Franklin, Troy DEN WR",NFC,1.38
End25 Sal,WR,169,"Franklin, Troy DEN WR",AFC,1.38
End25 Sal,WR,170,"Robinson, Wan'Dale NYG WR",AFC,1.38
End25 Sal,WR,171,"Dell, Tank HOU WR",AFC,1.36
End25 Sal,WR,172,"Williams, Kyle NEP WR",AFC,1.35
End25 Sal,WR,173,"Noel, Jaylin HOU WR",NFC,1.33
End25 Sal,WR,174,"Tillman, Cedric CLE WR",NFC,1.33
End25 Sal,WR,175,"Nacua, Puka LAR WR",NFC,1.3
End25 Sal,WR,176,"Robinson, Wan'Dale NYG WR",NFC,1.3
End25 Sal,WR,177,"Mims, Marvin DEN WR",AFC,1.25
End25 Sal,WR,178,"Noel, Jaylin HOU WR",AFC,1.25
End25 Sal,WR,179,"McMillan, Jalen TBB WR",NFC,1.24
End25 Sal,WR,180,"Dell, Tank HOU WR",NFC,1.23
End25 Sal,WR,181,"TeSlaa, Isaac DET WR",NFC,1.21
End25 Sal,WR,182,"Kirk, Christian HOU WR",NFC,1.2
End25 Sal,WR,183,"Royals, Jalen KCC WR",NFC,1.13
End25 Sal,WR,184,"Cowing, Jacob SFO WR",AFC,1.11
End25 Sal,WR,185,"Austin III, Calvin PIT WR",AFC,1.1
End25 Sal,WR,186,"Ayomanor, Elic TEN WR",NFC,1.1
End25 Sal,WR,187,"Coker, Jalen CAR WR",AFC,1.1
End25 Sal,WR,188,"Felton, Tai MIN WR",AFC,1.1
End25 Sal,WR,189,"Flournoy, Ryan DAL WR",AFC,1.1
End25 Sal,WR,190,"Jennings, Jauan SFO WR",NFC,1.1
End25 Sal,WR,191,"Tucker, Tre LVR WR",AFC,1.1
End25 Sal,WR,192,"Walker, Jahdae CHI WR",NFC,1.1
End25 Sal,WR,193,"Washington, Parker JAC WR",AFC,1.1
End25 Sal,WR,194,"Wilson, Michael ARI WR",NFC,1.1
End25 Sal,WR,195,"Royals, Jalen KCC WR",AFC,1.09
End25 Sal,WR,196,"Bryant, Pat DEN WR",NFC,1.08
End25 Sal,WR,197,"McMillan, Jalen TBB WR",AFC,1.08
End25 Sal,WR,198,"Nacua, Puka LAR WR",AFC,1.08
End25 Sal,WR,199,"Ayomanor, Elic TEN WR",AFC,1.06
End25 Sal,WR,200,"Iosivas, Andrei CIN WR",AFC,1.06
End25 Sal,WR,201,"McCaffrey, Luke WAS WR",AFC,1.04
End25 Sal,WR,202,"Wilson, Michael ARI WR",AFC,1.04
End25 Sal,WR,203,"Horton, Tory SEA WR",AFC,1.02
End25 Sal,WR,204,"Horton, Tory SEA WR",NFC,1.01
End25 Sal,WR,205,"TeSlaa, Isaac DET WR",AFC,1.01
End25 Sal,WR,206,"Bateman, Rashod BAL WR",AFC,1
End25 Sal,WR,207,"Brown, Noah WAS WR",NFC,1
End25 Sal,WR,208,"Burks, Treylon WAS WR",NFC,1
End25 Sal,WR,209,"Chism, Efton NEP WR",NFC,1
End25 Sal,WR,210,"Collins, Beaux NYG WR",NFC,1
End25 Sal,WR,211,"Dike, Chimere TEN WR",NFC,1
End25 Sal,WR,212,"Dortch, Greg ARI WR",NFC,1
End25 Sal,WR,213,"Hodgins, Isaiah NYG WR",NFC,1
End25 Sal,WR,214,"Hollins, Mack NEP WR",AFC,1
End25 Sal,WR,215,"Horn, Jimmy CAR WR",NFC,1
End25 Sal,WR,216,"Iosivas, Andrei CIN WR",NFC,1
End25 Sal,WR,217,"Johnson, Tez TBB WR",AFC,1
End25 Sal,WR,218,"Kirk, Christian HOU WR",AFC,1
End25 Sal,WR,219,"Lane, Jaylin WAS WR",AFC,1
End25 Sal,WR,220,"Metchie, John NYJ WR",NFC,1
End25 Sal,WR,221,"Nailor, Jalen MIN WR",NFC,1
End25 Sal,WR,222,"Nailor, Jalen MIN WR",AFC,1
End25 Sal,WR,223,"Rice, Brenden LVR WR",AFC,1
End25 Sal,WR,224,"Robinson, Demarcus SFO WR",NFC,1
End25 Sal,WR,225,"Slayton, Darius NYG WR",AFC,1
End25 Sal,WR,226,"Thornton, Tyquan KCC WR",NFC,1
End25 Sal,WR,227,"Tinsley, Mitchell CIN WR",AFC,1
End25 Sal,WR,228,"Vele, Devaughn NOS WR",AFC,1
End25 Sal,WR,229,"Washington, Malik MIA WR",AFC,1
End25 Sal,WR,230,"Wicks, Dontayvion GBP WR",AFC,1
End25 Sal,WR,231,"Zaccheaus, Olamide CHI WR",AFC,1
End25 Sal,WR,232,"Zaccheaus, Olamide CHI WR",NFC,1
End25 Sal,WR,233,"Bryant, Pat DEN WR",AFC,0.99
End25 Sal,WR,234,"Washington, Malik MIA WR",NFC,0.99
End25 Sal,WR,235,"Cowing, Jacob SFO WR",NFC,0.98
End25 Sal,WR,236,"Williams, Savion GBP WR",NFC,0.98
End25 Sal,WR,237,"Dike, Chimere TEN WR",AFC,0.96
End25 Sal,WR,238,"Felton, Tai MIN WR",NFC,0.95
End25 Sal,WR,239,"Thornton, Dont'e LVR WR",NFC,0.94
End25 Sal,WR,240,"Williams, Savion GBP WR",AFC,0.94
End25 Sal,WR,241,"Bond, Isaiah CLE WR",AFC,0.93
End25 Sal,WR,242,"Bond, Isaiah CLE WR",NFC,0.9
End25 Sal,WR,243,"Horn, Jimmy CAR WR",AFC,0.9
End25 Sal,WR,244,"Lambert-Smith, KeAndre LAC WR",AFC,0.9
End25 Sal,WR,245,"Lambert-Smith, KeAndre LAC WR",NFC,0.9
End25 Sal,WR,246,"Lane, Jaylin WAS WR",NFC,0.9
End25 Sal,WR,247,"Mumpfield, Konata LAR WR",NFC,0.9
End25 Sal,WR,248,"Smith, Arian NYJ WR",AFC,0.9
End25 Sal,WR,249,"Smith, Arian NYJ WR",NFC,0.9
End25 Sal,WR,250,"Watkins, Jordan SFO WR",NFC,0.9
End25 Sal,TE,-1,NA,NA,39.20333333333333
End25 Sal,TE,0,NA,NA,34.72666666666667
End25 Sal,TE,1,"Kelce, Travis KCC TE",AFC,30.25
End25 Sal,TE,2,"Kittle, George SFO TE",NFC,24.75
End25 Sal,TE,3,"Kittle, George SFO TE",AFC,18.15
End25 Sal,TE,4,"Hockenson, T.J. MIN TE",AFC,16.82
End25 Sal,TE,5,"McBride, Trey ARI TE",AFC,15.06
End25 Sal,TE,6,"Hockenson, T.J. MIN TE",NFC,13.6
End25 Sal,TE,7,"Andrews, Mark BAL TE",NFC,12.5
End25 Sal,TE,8,"Engram, Evan DEN TE",NFC,10.45
End25 Sal,TE,9,"Kelce, Travis KCC TE",NFC,9.2
End25 Sal,TE,10,"Pitts, Kyle ATL TE",AFC,9.15
End25 Sal,TE,11,"Njoku, David CLE TE",NFC,8.9
End25 Sal,TE,12,"Pitts, Kyle ATL TE",NFC,8.54
End25 Sal,TE,13,"Goedert, Dallas PHI TE",NFC,8
End25 Sal,TE,14,"Andrews, Mark BAL TE",AFC,7.79
End25 Sal,TE,15,"Schultz, Dalton HOU TE",NFC,7.44
End25 Sal,TE,16,"Johnson, Juwan NOS TE",NFC,7.37
End25 Sal,TE,17,"Otton, Cade TBB TE",AFC,6.68
End25 Sal,TE,18,"Higbee, Tyler LAR TE",NFC,6.53
End25 Sal,TE,19,"Bowers, Brock LVR TE",AFC,6.38
End25 Sal,TE,20,"Kmet, Cole CHI TE",AFC,6.38
End25 Sal,TE,21,"Henry, Hunter NEP TE",NFC,6.35
End25 Sal,TE,22,"Njoku, David CLE TE",AFC,6
End25 Sal,TE,23,"Goedert, Dallas PHI TE",AFC,5.94
End25 Sal,TE,24,"Engram, Evan DEN TE",AFC,5.89
End25 Sal,TE,25,"McBride, Trey ARI TE",NFC,5.35
End25 Sal,TE,26,"Kmet, Cole CHI TE",NFC,5.23
End25 Sal,TE,27,"Waller, Darren MIA TE",AFC,5
End25 Sal,TE,28,"Smith, Jonnu PIT TE",AFC,4.56
End25 Sal,TE,29,"Okonkwo, Chigoziem TEN TE",NFC,4.51
End25 Sal,TE,30,"Okonkwo, Chigoziem TEN TE",AFC,4.5
End25 Sal,TE,31,"Kincaid, Dalton BUF TE",NFC,4.47
End25 Sal,TE,32,"Strange, Brenton JAC TE",NFC,4.18
End25 Sal,TE,33,"Freiermuth, Pat PIT TE",NFC,4.12
End25 Sal,TE,34,"Bowers, Brock LVR TE",NFC,4.02
End25 Sal,TE,35,"Loveland, Colston CHI TE",NFC,3.93
End25 Sal,TE,36,"Loveland, Colston CHI TE",AFC,3.93
End25 Sal,TE,37,"Likely, Isaiah BAL TE",NFC,3.87
End25 Sal,TE,38,"Likely, Isaiah BAL TE",AFC,3.87
End25 Sal,TE,39,"Kincaid, Dalton BUF TE",AFC,3.73
End25 Sal,TE,40,"Schoonmaker, Luke DAL TE",NFC,3.73
End25 Sal,TE,41,"Warren, Tyler IND TE",NFC,3.33
End25 Sal,TE,42,"Henry, Hunter NEP TE",AFC,3.1
End25 Sal,TE,43,"Musgrave, Luke GBP TE",AFC,3.1
End25 Sal,TE,44,"Warren, Tyler IND TE",AFC,3.1
End25 Sal,TE,45,"LaPorta, Sam DET TE",NFC,2.82
End25 Sal,TE,46,"Mayer, Michael LVR TE",NFC,2.53
End25 Sal,TE,47,"LaPorta, Sam DET TE",AFC,2.21
End25 Sal,TE,48,"Fant, Noah CIN TE",NFC,2
End25 Sal,TE,49,"Barner, AJ SEA TE",NFC,1.9
End25 Sal,TE,50,"Waller, Darren MIA TE",NFC,1.9
End25 Sal,TE,51,"Bellinger, Daniel NYG TE",AFC,1.87
End25 Sal,TE,52,"Johnson, Juwan NOS TE",AFC,1.8
End25 Sal,TE,53,"Otton, Cade TBB TE",NFC,1.8
End25 Sal,TE,54,"Schultz, Dalton HOU TE",AFC,1.8
End25 Sal,TE,55,"Taylor, Mason NYJ TE",AFC,1.74
End25 Sal,TE,56,"Musgrave, Luke GBP TE",NFC,1.71
End25 Sal,TE,57,"Sinnott, Ben WAS TE",NFC,1.62
End25 Sal,TE,58,"Ferguson, Terrance LAR TE",NFC,1.6
End25 Sal,TE,59,"Taylor, Mason NYJ TE",NFC,1.52
End25 Sal,TE,60,"Sinnott, Ben WAS TE",AFC,1.51
End25 Sal,TE,61,"Fannin, Harold CLE TE",NFC,1.37
End25 Sal,TE,62,"Arroyo, Elijah SEA TE",NFC,1.25
End25 Sal,TE,63,"Arroyo, Elijah SEA TE",AFC,1.23
End25 Sal,TE,64,"Sanders, Ja'Tavion CAR TE",NFC,1.22
End25 Sal,TE,65,"Fannin, Harold CLE TE",AFC,1.21
End25 Sal,TE,66,"Johnson, Theo NYG TE",NFC,1.17
End25 Sal,TE,67,"Kraft, Tucker GBP TE",NFC,1.17
End25 Sal,TE,68,"Ferguson, Terrance LAR TE",AFC,1.14
End25 Sal,TE,69,"Sanders, Ja'Tavion CAR TE",AFC,1.13
End25 Sal,TE,70,"Ertz, Zach WAS TE",AFC,1.1
End25 Sal,TE,71,"Ertz, Zach WAS TE",NFC,1.1
End25 Sal,TE,72,"Gesicki, Mike CIN TE",NFC,1.1
End25 Sal,TE,73,"Gesicki, Mike CIN TE",AFC,1.1
End25 Sal,TE,74,"Gray, Noah KCC TE",NFC,1.1
End25 Sal,TE,75,"Kraft, Tucker GBP TE",AFC,1.1
End25 Sal,TE,76,"Ferguson, Jake DAL TE",AFC,1.09
End25 Sal,TE,77,"Ferguson, Jake DAL TE",NFC,1.09
End25 Sal,TE,78,"Smith, Jonnu PIT TE",NFC,1.09
End25 Sal,TE,79,"Johnson, Theo NYG TE",AFC,1.01
End25 Sal,TE,80,"Dulcich, Greg MIA TE",AFC,1
End25 Sal,TE,81,"Fant, Noah CIN TE",AFC,1
End25 Sal,TE,82,"Freiermuth, Pat PIT TE",AFC,1
End25 Sal,TE,83,"Gray, Noah KCC TE",AFC,1
End25 Sal,TE,84,"Parkinson, Colby LAR TE",NFC,1
End25 Sal,TE,85,"Simon, Joshua ATL TE",NFC,1
End25 Sal,TE,86,"Strange, Brenton JAC TE",AFC,1
End25 Sal,TE,87,"Tonges, Jake SFO TE",AFC,1
End25 Sal,TE,88,"Washington, Darnell PIT TE",AFC,1
End25 Sal,TE,89,"Stover, Cade HOU TE",AFC,0.99
End25 Sal,TE,90,"All, Erick CIN TE",NFC,0.98
End25 Sal,TE,91,"Higgins, Elijah ARI TE",AFC,0.98
End25 Sal,TE,92,"Stover, Cade HOU TE",NFC,0.98
End25 Sal,TE,93,"Gadsden, Oronde LAC TE",NFC,0.95
End25 Sal,TE,94,"Helm, Gunnar TEN TE",AFC,0.95
End25 Sal,TE,95,"All, Erick CIN TE",AFC,0.94
End25 Sal,TE,96,"Barner, AJ SEA TE",AFC,0.94
End25 Sal,TE,97,"Bartholomew, Gavin MIN TE",NFC,0.9
End25 Sal,TE,98,"Briningstool, Jake KCC TE",AFC,0.9
End25 Sal,TE,99,"Gadsden, Oronde LAC TE",AFC,0.9
End25 Sal,TE,100,"Helm, Gunnar TEN TE",NFC,0.9
End25 Sal,PK/PN,-1,NA,NA,5.26
End25 Sal,PK/PN,0,NA,NA,4.779999999999999
End25 Sal,PK/PN,1,"Dickson, Michael SEA PN",AFC,4.3
End25 Sal,PK/PN,2,"Cole, A.J. LVR PN",AFC,3.63
End25 Sal,PK/PN,3,"Boswell, Chris PIT PK",AFC,3
End25 Sal,PK/PN,4,"Aubrey, Brandon DAL PK",NFC,2.86
End25 Sal,PK/PN,5,"Dicker, Cameron LAC PK",AFC,2.3
End25 Sal,PK/PN,6,"Sanchez, Rigoberto IND PN",AFC,2.17
End25 Sal,PK/PN,7,"McLaughlin, Chase TBB PK",AFC,1.92
End25 Sal,PK/PN,8,"Boswell, Chris PIT PK",NFC,1.9
End25 Sal,PK/PN,9,"Cooke, Logan JAC PN",AFC,1.9
End25 Sal,PK/PN,10,"Fox, Jack DET PN",NFC,1.9
End25 Sal,PK/PN,11,"Pineiro, Eddy SFO PK",AFC,1.9
End25 Sal,PK/PN,12,"Bojorquez, Corey CLE PN",AFC,1.86
End25 Sal,PK/PN,13,"Cole, A.J. LVR PN",NFC,1.86
End25 Sal,PK/PN,14,"Dicker, Cameron LAC PK",NFC,1.86
End25 Sal,PK/PN,15,"Reichard, Will MIN PK",NFC,1.86
End25 Sal,PK/PN,16,"Aubrey, Brandon DAL PK",AFC,1.81
End25 Sal,PK/PN,17,"Fairbairn, Ka'imi HOU PK",AFC,1.81
End25 Sal,PK/PN,18,"Fairbairn, Ka'imi HOU PK",NFC,1.8
End25 Sal,PK/PN,19,"McLaughlin, Chase TBB PK",NFC,1.8
End25 Sal,PK/PN,20,"McNamara, Austin NYJ PN",NFC,1.8
End25 Sal,PK/PN,21,"Myers, Jason SEA PK",AFC,1.8
End25 Sal,PK/PN,22,"Slye, Joey TEN PK",NFC,1.8
End25 Sal,PK/PN,23,"Stout, Jordan BAL PN",NFC,1.8
End25 Sal,PK/PN,24,"Way, Tress WAS PN",NFC,1.8
End25 Sal,PK/PN,25,"Bates, Jake DET PK",AFC,1.1
End25 Sal,PK/PN,26,"Little, Cam JAC PK",NFC,1.1
End25 Sal,PK/PN,27,"Pineiro, Eddy SFO PK",NFC,1.1
End25 Sal,PK/PN,28,"Townsend, Tommy HOU PN",AFC,1.1
End25 Sal,PK/PN,29,"Baringer, Bryce NEP PN",NFC,1.04
End25 Sal,PK/PN,30,"Evans, Ethan LAR PN",AFC,1.04
End25 Sal,PK/PN,31,"Taylor, Tory CHI PN",NFC,1.03
End25 Sal,PK/PN,32,"Anger, Bryan DAL PN",AFC,1
End25 Sal,PK/PN,33,"Araiza, Matt KCC PN",AFC,1
End25 Sal,PK/PN,34,"Bailey, Jake MIA PN",NFC,1
End25 Sal,PK/PN,35,"Bates, Jake DET PK",NFC,1
End25 Sal,PK/PN,36,"Borregales, Andres NEP PK",NFC,1
End25 Sal,PK/PN,37,"Butker, Harrison KCC PK",NFC,1
End25 Sal,PK/PN,38,"Elliott, Jake PHI PK",NFC,1
End25 Sal,PK/PN,39,"Elliott, Jake PHI PK",AFC,1
End25 Sal,PK/PN,40,"Fitzgerald, Ryan CAR PK",NFC,1
End25 Sal,PK/PN,41,"Folk, Nick NYJ PK",NFC,1
End25 Sal,PK/PN,42,"Folk, Nick NYJ PK",AFC,1
End25 Sal,PK/PN,43,"Fox, Jack DET PN",AFC,1
End25 Sal,PK/PN,44,"Gay, Matt FA PK",AFC,1
End25 Sal,PK/PN,45,"Gonzalez, Zane ATL PK",NFC,1
End25 Sal,PK/PN,46,"Haack, Matt ARI PN",AFC,1
End25 Sal,PK/PN,47,"Mann, Braden PHI PN",AFC,1
End25 Sal,PK/PN,48,"Mann, Braden PHI PN",NFC,1
End25 Sal,PK/PN,49,"McManus, Brandon GBP PK",AFC,1
End25 Sal,PK/PN,50,"McNamara, Austin NYJ PN",AFC,1
End25 Sal,PK/PN,51,"McPherson, Evan CIN PK",NFC,1
End25 Sal,PK/PN,52,"Mevis, Harrison LAR PK",NFC,1
End25 Sal,PK/PN,53,"Myers, Jason SEA PK",NFC,1
End25 Sal,PK/PN,54,"Patterson, Riley MIA PK",NFC,1
End25 Sal,PK/PN,55,"Patterson, Riley MIA PK",AFC,1
End25 Sal,PK/PN,56,"Pinion, Bradley ATL PN",NFC,1
End25 Sal,PK/PN,57,"Pinion, Bradley ATL PN",AFC,1
End25 Sal,PK/PN,58,"Prater, Matt BUF PK",AFC,1
End25 Sal,PK/PN,59,"Rehkow, Ryan CIN PN",AFC,1
End25 Sal,PK/PN,60,"Rehkow, Ryan CIN PN",NFC,1
End25 Sal,PK/PN,61,"Ryland, Chad ARI PK",AFC,1
End25 Sal,PK/PN,62,"Sanchez, Rigoberto IND PN",NFC,1
End25 Sal,PK/PN,63,"Scott, J.K. LAC PN",NFC,1
End25 Sal,PK/PN,64,"Slye, Joey TEN PK",AFC,1
End25 Sal,PK/PN,65,"Stout, Jordan BAL PN",AFC,1
End25 Sal,PK/PN,66,"Taylor, Tory CHI PN",AFC,1
End25 Sal,PK/PN,67,"Townsend, Tommy HOU PN",NFC,1
End25 Sal,PK/PN,68,"Waitman, Corliss PIT PN",NFC,1
End25 Sal,PK/PN,69,"Way, Tress WAS PN",AFC,1
End25 Sal,PK/PN,70,"Whelan, Daniel GBP PN",NFC,1
End25 Sal,PK/PN,71,"Wright, Ryan MIN PN",NFC,1
End25 Sal,PK/PN,72,"Karty, Joshua ARI PK",AFC,0.98
End25 Sal,PK/PN,73,"Crawshaw, Jeremy DEN PN",AFC,0.96
End25 Sal,PK/PN,74,"Loop, Tyler BAL PK",AFC,0.96
End25 Sal,PK/PN,75,"Little, Cam JAC PK",AFC,0.94
End25 Sal,PK/PN,76,"Reichard, Will MIN PK",AFC,0.94
End25 Sal,PK/PN,77,"Borregales, Andres NEP PK",AFC,0.9
End25 Sal,PK/PN,78,"Crawshaw, Jeremy DEN PN",NFC,0.9
End25 Sal,PK/PN,79,"Loop, Tyler BAL PK",NFC,0.9
End25 Sal,PK,-1,NA,NA,3.72
End25 Sal,PK,0,NA,NA,3.36
End25 Sal,PK,1,"Boswell, Chris PIT PK",AFC,3
End25 Sal,PK,2,"Aubrey, Brandon DAL PK",NFC,2.86
End25 Sal,PK,3,"Dicker, Cameron LAC PK",AFC,2.3
End25 Sal,PK,4,"McLaughlin, Chase TBB PK",AFC,1.92
End25 Sal,PK,5,"Boswell, Chris PIT PK",NFC,1.9
End25 Sal,PK,6,"Pineiro, Eddy SFO PK",AFC,1.9
End25 Sal,PK,7,"Dicker, Cameron LAC PK",NFC,1.86
End25 Sal,PK,8,"Reichard, Will MIN PK",NFC,1.86
End25 Sal,PK,9,"Aubrey, Brandon DAL PK",AFC,1.81
End25 Sal,PK,10,"Fairbairn, Ka'imi HOU PK",AFC,1.81
End25 Sal,PK,11,"Fairbairn, Ka'imi HOU PK",NFC,1.8
End25 Sal,PK,12,"McLaughlin, Chase TBB PK",NFC,1.8
End25 Sal,PK,13,"Myers, Jason SEA PK",AFC,1.8
End25 Sal,PK,14,"Slye, Joey TEN PK",NFC,1.8
End25 Sal,PK,15,"Bates, Jake DET PK",AFC,1.1
End25 Sal,PK,16,"Little, Cam JAC PK",NFC,1.1
End25 Sal,PK,17,"Pineiro, Eddy SFO PK",NFC,1.1
End25 Sal,PK,18,"Bates, Jake DET PK",NFC,1
End25 Sal,PK,19,"Borregales, Andres NEP PK",NFC,1
End25 Sal,PK,20,"Butker, Harrison KCC PK",NFC,1
End25 Sal,PK,21,"Elliott, Jake PHI PK",NFC,1
End25 Sal,PK,22,"Elliott, Jake PHI PK",AFC,1
End25 Sal,PK,23,"Fitzgerald, Ryan CAR PK",NFC,1
End25 Sal,PK,24,"Folk, Nick NYJ PK",NFC,1
End25 Sal,PK,25,"Folk, Nick NYJ PK",AFC,1
End25 Sal,PK,26,"Gay, Matt FA PK",AFC,1
End25 Sal,PK,27,"Gonzalez, Zane ATL PK",NFC,1
End25 Sal,PK,28,"McManus, Brandon GBP PK",AFC,1
End25 Sal,PK,29,"McPherson, Evan CIN PK",NFC,1
End25 Sal,PK,30,"Mevis, Harrison LAR PK",NFC,1
End25 Sal,PK,31,"Myers, Jason SEA PK",NFC,1
End25 Sal,PK,32,"Patterson, Riley MIA PK",NFC,1
End25 Sal,PK,33,"Patterson, Riley MIA PK",AFC,1
End25 Sal,PK,34,"Prater, Matt BUF PK",AFC,1
End25 Sal,PK,35,"Ryland, Chad ARI PK",AFC,1
End25 Sal,PK,36,"Slye, Joey TEN PK",AFC,1
End25 Sal,PK,37,"Karty, Joshua ARI PK",AFC,0.98
End25 Sal,PK,38,"Loop, Tyler BAL PK",AFC,0.96
End25 Sal,PK,39,"Little, Cam JAC PK",AFC,0.94
End25 Sal,PK,40,"Reichard, Will MIN PK",AFC,0.94
End25 Sal,PK,41,"Borregales, Andres NEP PK",AFC,0.9
End25 Sal,PK,42,"Loop, Tyler BAL PK",NFC,0.9
End25 Sal,PN,-1,NA,NA,5.8999999999999995
End25 Sal,PN,0,NA,NA,5.1
End25 Sal,PN,1,"Dickson, Michael SEA PN",AFC,4.3
End25 Sal,PN,2,"Cole, A.J. LVR PN",AFC,3.63
End25 Sal,PN,3,"Sanchez, Rigoberto IND PN",AFC,2.17
End25 Sal,PN,4,"Cooke, Logan JAC PN",AFC,1.9
End25 Sal,PN,5,"Fox, Jack DET PN",NFC,1.9
End25 Sal,PN,6,"Bojorquez, Corey CLE PN",AFC,1.86
End25 Sal,PN,7,"Cole, A.J. LVR PN",NFC,1.86
End25 Sal,PN,8,"McNamara, Austin NYJ PN",NFC,1.8
End25 Sal,PN,9,"Stout, Jordan BAL PN",NFC,1.8
End25 Sal,PN,10,"Way, Tress WAS PN",NFC,1.8
End25 Sal,PN,11,"Townsend, Tommy HOU PN",AFC,1.1
End25 Sal,PN,12,"Baringer, Bryce NEP PN",NFC,1.04
End25 Sal,PN,13,"Evans, Ethan LAR PN",AFC,1.04
End25 Sal,PN,14,"Taylor, Tory CHI PN",NFC,1.03
End25 Sal,PN,15,"Anger, Bryan DAL PN",AFC,1
End25 Sal,PN,16,"Araiza, Matt KCC PN",AFC,1
End25 Sal,PN,17,"Bailey, Jake MIA PN",NFC,1
End25 Sal,PN,18,"Fox, Jack DET PN",AFC,1
End25 Sal,PN,19,"Haack, Matt ARI PN",AFC,1
End25 Sal,PN,20,"Mann, Braden PHI PN",AFC,1
End25 Sal,PN,21,"Mann, Braden PHI PN",NFC,1
End25 Sal,PN,22,"McNamara, Austin NYJ PN",AFC,1
End25 Sal,PN,23,"Pinion, Bradley ATL PN",NFC,1
End25 Sal,PN,24,"Pinion, Bradley ATL PN",AFC,1
End25 Sal,PN,25,"Rehkow, Ryan CIN PN",AFC,1
End25 Sal,PN,26,"Rehkow, Ryan CIN PN",NFC,1
End25 Sal,PN,27,"Sanchez, Rigoberto IND PN",NFC,1
End25 Sal,PN,28,"Scott, J.K. LAC PN",NFC,1
End25 Sal,PN,29,"Stout, Jordan BAL PN",AFC,1
End25 Sal,PN,30,"Taylor, Tory CHI PN",AFC,1
End25 Sal,PN,31,"Townsend, Tommy HOU PN",NFC,1
End25 Sal,PN,32,"Waitman, Corliss PIT PN",NFC,1
End25 Sal,PN,33,"Way, Tress WAS PN",AFC,1
End25 Sal,PN,34,"Whelan, Daniel GBP PN",NFC,1
End25 Sal,PN,35,"Wright, Ryan MIN PN",NFC,1
End25 Sal,PN,36,"Crawshaw, Jeremy DEN PN",AFC,0.96
End25 Sal,PN,37,"Crawshaw, Jeremy DEN PN",NFC,0.9
End25 Sal,DT,-1,NA,NA,24.03666666666667
End25 Sal,DT,0,NA,NA,22.773333333333337
End25 Sal,DT,1,"Brown, Derrick CAR DT",NFC,21.51
End25 Sal,DT,2,"Buckner, DeForest IND DT",NFC,19.75
End25 Sal,DT,3,"Simmons, Jeffery TEN DT",NFC,18.57
End25 Sal,DT,4,"Brown, Derrick CAR DT",AFC,17.72
End25 Sal,DT,5,"Wilkins, Christian FA DT",NFC,16.34
End25 Sal,DT,6,"Buckner, DeForest IND DT",AFC,15.96
End25 Sal,DT,7,"Barmore, Christian NEP DT",AFC,15.29
End25 Sal,DT,8,"Sieler, Zach MIA DT",NFC,15
End25 Sal,DT,9,"Williams, Leonard SEA DT",AFC,15
End25 Sal,DT,10,"Stewart, Grover IND DT",AFC,14.92
End25 Sal,DT,11,"Sieler, Zach MIA DT",AFC,14.75
End25 Sal,DT,12,"Simmons, Jeffery TEN DT",AFC,14.71
End25 Sal,DT,13,"Allen, Zach DEN DT",NFC,14.69
End25 Sal,DT,14,"Lawrence, Dexter NYG DT",NFC,14.4
End25 Sal,DT,15,"Davis, Jordan PHI DT",NFC,13.96
End25 Sal,DT,16,"Williams, Quinnen DAL DT",NFC,12.78
End25 Sal,DT,17,"Lawrence, Dexter NYG DT",AFC,12.74
End25 Sal,DT,18,"Allen, Zach DEN DT",AFC,12.67
End25 Sal,DT,19,"Allen, Jonathan MIN DT",NFC,12.6
End25 Sal,DT,20,"Barmore, Christian NEP DT",NFC,12.45
End25 Sal,DT,21,"Heyward, Cameron PIT DT",NFC,12.35
End25 Sal,DT,22,"Heyward, Cameron PIT DT",AFC,11.8
End25 Sal,DT,23,"Williams, Leonard SEA DT",NFC,11.5
End25 Sal,DT,24,"Williams, Quinnen DAL DT",AFC,11.5
End25 Sal,DT,25,"Madubuike, Nnamdi BAL DT",NFC,9.5
End25 Sal,DT,26,"Robinson, A'Shawn CAR DT",AFC,9.1
End25 Sal,DT,27,"Robinson, A'Shawn CAR DT",NFC,7.6
End25 Sal,DT,28,"Payne, Da'Ron WAS DT",NFC,7.26
End25 Sal,DT,29,"Campbell, Calais ARI DT",NFC,7
End25 Sal,DT,30,"Oliver, Ed BUF DT",AFC,6.91
End25 Sal,DT,31,"Madubuike, Nnamdi BAL DT",AFC,6.72
End25 Sal,DT,32,"Wooden, Colby GBP DT",NFC,6.6
End25 Sal,DT,33,"Ford, Poona LAR DT",NFC,6.5
End25 Sal,DT,34,"Oliver, Ed BUF DT",NFC,6.48
End25 Sal,DT,35,"Turner, Kobie LAR DT",AFC,5.38
End25 Sal,DT,36,"Stewart, Grover IND DT",NFC,5.35
End25 Sal,DT,37,"Hargrave, Javon MIN DT",NFC,5.3
End25 Sal,DT,38,"Hill, B.J. CIN DT",NFC,5.2
End25 Sal,DT,39,"Payne, Da'Ron WAS DT",AFC,5.2
End25 Sal,DT,40,"Redmond, Jalen MIN DT",AFC,5.2
End25 Sal,DT,41,"Jones, Chris KCC DT",NFC,5.13
End25 Sal,DT,42,"Wharton, Tershawn CAR DT",NFC,5.12
End25 Sal,DT,43,"Campbell, Calais ARI DT",AFC,5.1
End25 Sal,DT,44,"Clark, Kenny DAL DT",NFC,4.75
End25 Sal,DT,45,"Williams, Milton NEP DT",NFC,4.55
End25 Sal,DT,46,"Odighizuwa, Osa DAL DT",AFC,4.1
End25 Sal,DT,47,"Butler, Adam LVR DT",NFC,3.6
End25 Sal,DT,48,"Jones, Justin FA DT",AFC,3.51
End25 Sal,DT,49,"Phillips, Harrison NYJ DT",AFC,3.5
End25 Sal,DT,50,"Carter, Jalen PHI DT",AFC,3.45
End25 Sal,DT,51,"Hand, Da'Shawn LAC DT",AFC,3.3
End25 Sal,DT,52,"Jarrett, Grady CHI DT",AFC,3.25
End25 Sal,DT,53,"Jones, Chris KCC DT",AFC,3.21
End25 Sal,DT,54,"Phillips, Harrison NYJ DT",NFC,3.19
End25 Sal,DT,55,"Allen, Jonathan MIN DT",AFC,3
End25 Sal,DT,56,"Carter, Jalen PHI DT",NFC,3
End25 Sal,DT,57,"Vea, Vita TBB DT",AFC,3
End25 Sal,DT,58,"Vea, Vita TBB DT",NFC,2.97
End25 Sal,DT,59,"Hill, B.J. CIN DT",AFC,2.95
End25 Sal,DT,60,"Clark, Kenny DAL DT",AFC,2.9
End25 Sal,DT,61,"Graham, Mason CLE DT",AFC,2.72
End25 Sal,DT,62,"Davis, Tyler LAR DT",AFC,2.6
End25 Sal,DT,63,"Graham, Mason CLE DT",NFC,2.33
End25 Sal,DT,64,"Black, Yahya PIT DT",NFC,2.1
End25 Sal,DT,65,"Onyemata, David ATL DT",NFC,2.1
End25 Sal,DT,66,"Bresee, Bryan NOS DT",AFC,2.05
End25 Sal,DT,67,"Laulu, Jonah LVR DT",NFC,2
End25 Sal,DT,68,"Odighizuwa, Osa DAL DT",NFC,2
End25 Sal,DT,69,"Dorlus, Brandon ATL DT",NFC,1.9
End25 Sal,DT,70,"Eboigbe, Justin LAC DT",AFC,1.9
End25 Sal,DT,71,"Hargrave, Javon MIN DT",AFC,1.9
End25 Sal,DT,72,"Harrison, Zach ATL DT",NFC,1.9
End25 Sal,DT,73,"Laulu, Jonah LVR DT",AFC,1.9
End25 Sal,DT,74,"Slaton, Tedarrell CIN DT",NFC,1.9
End25 Sal,DT,75,"Thomas, Solomon DAL DT",NFC,1.9
End25 Sal,DT,76,"Wooden, Colby GBP DT",AFC,1.9
End25 Sal,DT,77,"Godchaux, Davon NOS DT",AFC,1.87
End25 Sal,DT,78,"McNeill, Alim DET DT",NFC,1.87
End25 Sal,DT,79,"McNeill, Alim DET DT",AFC,1.87
End25 Sal,DT,80,"Saunders, Khalen NYJ DT",AFC,1.87
End25 Sal,DT,81,"Davis, Jordan PHI DT",AFC,1.86
End25 Sal,DT,82,"Wyatt, Devonte GBP DT",AFC,1.86
End25 Sal,DT,83,"Stills, Dante ARI DT",NFC,1.85
End25 Sal,DT,84,"Collins, Maliek CLE DT",NFC,1.8
End25 Sal,DT,85,"Eboigbe, Justin LAC DT",NFC,1.8
End25 Sal,DT,86,"Joseph-Day, Sebastian TEN DT",AFC,1.8
End25 Sal,DT,87,"Murphy, Byron SEA DT",NFC,1.8
End25 Sal,DT,88,"Onyemata, David ATL DT",AFC,1.8
End25 Sal,DT,89,"Togiai, Tommy HOU DT",NFC,1.8
End25 Sal,DT,90,"Wyatt, Devonte GBP DT",NFC,1.78
End25 Sal,DT,91,"Kancey, Calijah TBB DT",NFC,1.75
End25 Sal,DT,92,"Kancey, Calijah TBB DT",AFC,1.75
End25 Sal,DT,93,"Harmon, Derrick PIT DT",NFC,1.74
End25 Sal,DT,94,"Murphy, Byron SEA DT",AFC,1.57
End25 Sal,DT,95,"Harmon, Derrick PIT DT",AFC,1.49
End25 Sal,DT,96,"Bresee, Bryan NOS DT",NFC,1.47
End25 Sal,DT,97,"Fiske, Braden LAR DT",AFC,1.44
End25 Sal,DT,98,"Robinson, Darius ARI DT",AFC,1.42
End25 Sal,DT,99,"Newton, Jer'Zhan WAS DT",NFC,1.4
End25 Sal,DT,100,"Nolen, Walter ARI DT",NFC,1.4
End25 Sal,DT,101,"Newton, Jer'Zhan WAS DT",AFC,1.35
End25 Sal,DT,102,"Fiske, Braden LAR DT",NFC,1.33
End25 Sal,DT,103,"Nolen, Walter ARI DT",AFC,1.33
End25 Sal,DT,104,"Armstead, Arik JAC DT",AFC,1.3
End25 Sal,DT,105,"Grant, Kenneth MIA DT",AFC,1.3
End25 Sal,DT,106,"Robinson, Darius ARI DT",NFC,1.21
End25 Sal,DT,107,"Hall Jr., Michael CLE DT",AFC,1.16
End25 Sal,DT,108,"Orhorhoro, Ruke ATL DT",NFC,1.16
End25 Sal,DT,109,"Grant, Kenneth MIA DT",NFC,1.15
End25 Sal,DT,110,"Sweat, T'Vondre TEN DT",NFC,1.12
End25 Sal,DT,111,"Sweat, T'Vondre TEN DT",AFC,1.12
End25 Sal,DT,112,"Ford, Poona LAR DT",AFC,1.1
End25 Sal,DT,113,"Franklin-Myers, John DEN DT",AFC,1.1
End25 Sal,DT,114,"Jarrett, Grady CHI DT",NFC,1.1
End25 Sal,DT,115,"Jones, Travis BAL DT",AFC,1.1
End25 Sal,DT,116,"Kinlaw, Javon WAS DT",NFC,1.1
End25 Sal,DT,117,"Onwuzurike, Levi DET DT",AFC,1.1
End25 Sal,DT,118,"Roach, Malcolm DEN DT",AFC,1.1
End25 Sal,DT,119,"Shepherd, Nathan NOS DT",NFC,1.1
End25 Sal,DT,120,"Jones, Travis BAL DT",NFC,1.09
End25 Sal,DT,121,"Benton, Keeanu PIT DT",AFC,1.08
End25 Sal,DT,122,"Dexter, Gervon CHI DT",NFC,1.07
End25 Sal,DT,123,"Turner, Shemar CHI DT",AFC,1.07
End25 Sal,DT,124,"Benton, Keeanu PIT DT",NFC,1.06
End25 Sal,DT,125,"Dexter, Gervon CHI DT",AFC,1.06
End25 Sal,DT,126,"Collins, Alfred SFO DT",AFC,1.05
End25 Sal,DT,127,"Collins, Alfred SFO DT",NFC,1.04
End25 Sal,DT,128,"Jenkins, Kris CIN DT",NFC,1.02
End25 Sal,DT,129,"Jenkins, Kris CIN DT",AFC,1.02
End25 Sal,DT,130,"Orhorhoro, Ruke ATL DT",AFC,1.01
End25 Sal,DT,131,"Alexander, Darius NYG DT",NFC,1
End25 Sal,DT,132,"Armstead, Arik JAC DT",NFC,1
End25 Sal,DT,133,"Biggers, Zeek MIA DT",NFC,1
End25 Sal,DT,134,"Black, Yahya PIT DT",AFC,1
End25 Sal,DT,135,"Briggs, Jowon NYJ DT",AFC,1
End25 Sal,DT,136,"Briggs, Jowon NYJ DT",NFC,1
End25 Sal,DT,137,"Butler, Adam LVR DT",AFC,1
End25 Sal,DT,138,"Caldwell, Jamaree LAC DT",NFC,1
End25 Sal,DT,139,"Davis, Tyler LAR DT",NFC,1
End25 Sal,DT,140,"Dorlus, Brandon ATL DT",AFC,1
End25 Sal,DT,141,"Drake-Rodriguez, Levi MIN DT",AFC,1
End25 Sal,DT,142,"Drake-Rodriguez, Levi MIN DT",NFC,1
End25 Sal,DT,143,"Farmer, Joshua NEP DT",NFC,1
End25 Sal,DT,144,"Hall, Logan TBB DT",NFC,1
End25 Sal,DT,145,"Harris, Shelby CLE DT",NFC,1
End25 Sal,DT,146,"Harrison, Zach ATL DT",AFC,1
End25 Sal,DT,147,"Jones, D.J. DEN DT",AFC,1
End25 Sal,DT,148,"Joseph-Day, Sebastian TEN DT",NFC,1
End25 Sal,DT,149,"Ojomo, Moro PHI DT",NFC,1
End25 Sal,DT,150,"Redmond, Jalen MIN DT",NFC,1
End25 Sal,DT,151,"Reed, Jarran SEA DT",NFC,1
End25 Sal,DT,152,"Roach, Malcolm DEN DT",NFC,1
End25 Sal,DT,153,"Sanders, T.J. BUF DT",NFC,1
End25 Sal,DT,154,"Slaton, Tedarrell CIN DT",AFC,1
End25 Sal,DT,155,"Togiai, Tommy HOU DT",AFC,1
End25 Sal,DT,156,"Uwazurike, Eyioma DEN DT",AFC,1
End25 Sal,DT,157,"Walker, Deone BUF DT",NFC,1
End25 Sal,DT,158,"Walker, Deone BUF DT",AFC,1
End25 Sal,DT,159,"Ward, Jihad TEN DT",NFC,1
End25 Sal,DT,160,"Wharton, Tershawn CAR DT",AFC,1
End25 Sal,DT,161,"Wilkins, Christian FA DT",AFC,1
End25 Sal,DT,162,"Williams, Milton NEP DT",AFC,1
End25 Sal,DT,163,"Williams, Tyleik DET DT",NFC,0.99
End25 Sal,DT,164,"Ojomo, Moro PHI DT",AFC,0.98
End25 Sal,DT,165,"Smith, Maason JAC DT",AFC,0.98
End25 Sal,DT,166,"Turner, Kobie LAR DT",NFC,0.98
End25 Sal,DT,167,"Turner, Shemar CHI DT",NFC,0.97
End25 Sal,DT,168,"Williams, Tyleik DET DT",AFC,0.97
End25 Sal,DT,169,"Alexander, Darius NYG DT",AFC,0.94
End25 Sal,DT,170,"Norman-Lott, Omarr KCC DT",AFC,0.94
End25 Sal,DT,171,"Sanders, T.J. BUF DT",AFC,0.94
End25 Sal,DT,172,"Mills, Rylie SEA DT",AFC,0.9
End25 Sal,DT,173,"Norman-Lott, Omarr KCC DT",NFC,0.9
End25 Sal,DT,174,"West, CJ SFO DT",NFC,0.9
End25 Sal,DE,-1,NA,NA,25.69
End25 Sal,DE,0,NA,NA,25.15
End25 Sal,DE,1,"Bosa, Nick SFO DE",AFC,24.61
End25 Sal,DE,2,"Crosby, Maxx LVR DE",NFC,24.24
End25 Sal,DE,3,"Watt, T.J. PIT DE",NFC,23.05
End25 Sal,DE,4,"Crosby, Maxx LVR DE",AFC,22.99
End25 Sal,DE,5,"Burns, Brian NYG DE",AFC,22.1
End25 Sal,DE,6,"Garrett, Myles CLE DE",AFC,20.82
End25 Sal,DE,7,"Hunter, Danielle HOU DE",AFC,20.59
End25 Sal,DE,8,"Watt, T.J. PIT DE",AFC,20.57
End25 Sal,DE,9,"Bosa, Nick SFO DE",NFC,19.36
End25 Sal,DE,10,"Greenard, Jonathan MIN DE",AFC,18.77
End25 Sal,DE,11,"Garrett, Myles CLE DE",NFC,17.82
End25 Sal,DE,12,"Hines-Allen, Josh JAC DE",NFC,14.95
End25 Sal,DE,13,"Hines-Allen, Josh JAC DE",AFC,13.31
End25 Sal,DE,14,"Rousseau, Gregory BUF DE",NFC,11.52
End25 Sal,DE,15,"Burns, Brian NYG DE",NFC,10.89
End25 Sal,DE,16,"Phillips, Jaelan PHI DE",AFC,10.81
End25 Sal,DE,17,"Parsons, Micah GBP DE",AFC,10.07
End25 Sal,DE,18,"Landry, Harold NEP DE",NFC,9.9
End25 Sal,DE,19,"Hutchinson, Aidan DET DE",NFC,9.8
End25 Sal,DE,20,"Hunter, Danielle HOU DE",NFC,9.5
End25 Sal,DE,21,"Hutchinson, Aidan DET DE",AFC,9.33
End25 Sal,DE,22,"Chubb, Bradley MIA DE",NFC,9.2
End25 Sal,DE,23,"Granderson, Carl NOS DE",NFC,9.12
End25 Sal,DE,24,"Parsons, Micah GBP DE",NFC,9.02
End25 Sal,DE,25,"Phillips, Jaelan PHI DE",NFC,8.55
End25 Sal,DE,26,"Cooper, Jonathon DEN DE",AFC,8.42
End25 Sal,DE,27,"Sweat, Montez CHI DE",AFC,7.98
End25 Sal,DE,28,"Sweat, Montez CHI DE",NFC,7.67
End25 Sal,DE,29,"Van Ginkel, Andrew MIN DE",NFC,7.5
End25 Sal,DE,30,"Highsmith, Alex PIT DE",AFC,7.27
End25 Sal,DE,31,"Landry, Harold NEP DE",AFC,7.2
End25 Sal,DE,32,"Mack, Khalil LAC DE",AFC,7.2
End25 Sal,DE,33,"Johnson, Jermaine NYJ DE",AFC,6.78
End25 Sal,DE,34,"Gary, Rashan GBP DE",AFC,6.75
End25 Sal,DE,35,"Rousseau, Gregory BUF DE",AFC,6.7
End25 Sal,DE,36,"Sweat, Josh ARI DE",AFC,6.53
End25 Sal,DE,37,"Highsmith, Alex PIT DE",NFC,6.37
End25 Sal,DE,38,"Cooper, Jonathon DEN DE",NFC,6.31
End25 Sal,DE,39,"Hendrickson, Trey CIN DE",NFC,5.45
End25 Sal,DE,40,"Bosa, Joey BUF DE",NFC,5.43
End25 Sal,DE,41,"Van Noy, Kyle BAL DE",NFC,5.4
End25 Sal,DE,42,"Bonitto, Nik DEN DE",NFC,5.39
End25 Sal,DE,43,"Granderson, Carl NOS DE",AFC,5.38
End25 Sal,DE,44,"Van Ginkel, Andrew MIN DE",AFC,5.38
End25 Sal,DE,45,"Walker, Travon JAC DE",NFC,5.35
End25 Sal,DE,46,"Hendrickson, Trey CIN DE",AFC,5.15
End25 Sal,DE,47,"Thibodeaux, Kayvon NYG DE",AFC,5.01
End25 Sal,DE,48,"Robinson, Tavius BAL DE",AFC,4.8
End25 Sal,DE,49,"Anderson, Will HOU DE",AFC,4.07
End25 Sal,DE,50,"Sweat, Josh ARI DE",NFC,3.98
End25 Sal,DE,51,"Nwosu, Uchenna SEA DE",NFC,3.76
End25 Sal,DE,52,"Collins, Zaven ARI DE",AFC,3.73
End25 Sal,DE,53,"Mack, Khalil LAC DE",NFC,3.71
End25 Sal,DE,54,"Paye, Kwity IND DE",NFC,3.71
End25 Sal,DE,55,"Carter, Abdul NYG DE",NFC,3.61
End25 Sal,DE,56,"Carter, Abdul NYG DE",AFC,3.61
End25 Sal,DE,57,"Paye, Kwity IND DE",AFC,3.6
End25 Sal,DE,58,"Wright, Alex CLE DE",NFC,3.59
End25 Sal,DE,59,"Wonnum, D.J. CAR DE",NFC,3.56
End25 Sal,DE,60,"Karlaftis, George KCC DE",NFC,3.55
End25 Sal,DE,61,"Epenesa, A.J. BUF DE",NFC,3.43
End25 Sal,DE,62,"Chubb, Bradley MIA DE",AFC,3.41
End25 Sal,DE,63,"Jones, Dre'Mont BAL DE",NFC,3.38
End25 Sal,DE,64,"Jones, Dre'Mont BAL DE",AFC,3.37
End25 Sal,DE,65,"Ossai, Joseph CIN DE",AFC,3.31
End25 Sal,DE,66,"Oweh, Odafe LAC DE",AFC,3.27
End25 Sal,DE,67,"Anderson, Will HOU DE",NFC,3.21
End25 Sal,DE,68,"Herbig, Nick PIT DE",NFC,3.2
End25 Sal,DE,69,"Tuipulotu, Tuli LAC DE",NFC,3.19
End25 Sal,DE,70,"Robinson, Dominique CHI DE",AFC,3.06
End25 Sal,DE,71,"Lawrence, Demarcus SEA DE",AFC,3.04
End25 Sal,DE,72,"Gary, Rashan GBP DE",NFC,3
End25 Sal,DE,73,"McGuire, Isaiah CLE DE",NFC,3
End25 Sal,DE,74,"Ojulari, Azeez PHI DE",AFC,2.9
End25 Sal,DE,75,"Karlaftis, George KCC DE",AFC,2.89
End25 Sal,DE,76,"Thibodeaux, Kayvon NYG DE",NFC,2.89
End25 Sal,DE,77,"Wright, Alex CLE DE",AFC,2.88
End25 Sal,DE,78,"Hall, Derick SEA DE",NFC,2.83
End25 Sal,DE,79,"Walker, Travon JAC DE",AFC,2.76
End25 Sal,DE,80,"Collins, Zaven ARI DE",NFC,2.64
End25 Sal,DE,81,"Hunt, Jalyx PHI DE",NFC,2.55
End25 Sal,DE,82,"Bonitto, Nik DEN DE",AFC,2.54
End25 Sal,DE,83,"Odeyingbo, Dayo CHI DE",AFC,2.54
End25 Sal,DE,84,"Wilson, Tyree LVR DE",AFC,2.53
End25 Sal,DE,85,"Cox, Brenton GBP DE",AFC,2.31
End25 Sal,DE,86,"Johnson, Jermaine NYJ DE",NFC,2.24
End25 Sal,DE,87,"Verse, Jared LAR DE",AFC,2.24
End25 Sal,DE,88,"Ebukam, Samson IND DE",AFC,2.2
End25 Sal,DE,89,"Ojulari, Azeez PHI DE",NFC,2.2
End25 Sal,DE,90,"Latu, Laiatu IND DE",AFC,2.15
End25 Sal,DE,91,"Latu, Laiatu IND DE",NFC,2.15
End25 Sal,DE,92,"Bosa, Joey BUF DE",AFC,2
End25 Sal,DE,93,"Huff, Bryce SFO DE",AFC,2
End25 Sal,DE,94,"Verse, Jared LAR DE",NFC,1.99
End25 Sal,DE,95,"Turner, Dallas MIN DE",AFC,1.91
End25 Sal,DE,96,"Wilson, Tyree LVR DE",NFC,1.91
End25 Sal,DE,97,"Muhammad, Al-Quadin DET DE",AFC,1.9
End25 Sal,DE,98,"Okuayinonu, Sam SFO DE",NFC,1.9
End25 Sal,DE,99,"Roberts, Elijah TBB DE",NFC,1.9
End25 Sal,DE,100,"Young, Chase NOS DE",NFC,1.9
End25 Sal,DE,101,"Young, Chase NOS DE",AFC,1.9
End25 Sal,DE,102,"Turner, Dallas MIN DE",NFC,1.86
End25 Sal,DE,103,"Greenard, Jonathan MIN DE",NFC,1.81
End25 Sal,DE,104,"Armstrong, Dorance WAS DE",NFC,1.8
End25 Sal,DE,105,"Epenesa, A.J. BUF DE",AFC,1.8
End25 Sal,DE,106,"Tuimoloau, JT IND DE",NFC,1.8
End25 Sal,DE,107,"Umanmielen, Princely CAR DE",NFC,1.8
End25 Sal,DE,108,"Williams, Mykel SFO DE",AFC,1.79
End25 Sal,DE,109,"Pearce, James ATL DE",AFC,1.69
End25 Sal,DE,110,"Robinson, Chop MIA DE",AFC,1.62
End25 Sal,DE,111,"Sawyer, Jack PIT DE",AFC,1.6
End25 Sal,DE,112,"Walker, Jalon ATL DE",AFC,1.6
End25 Sal,DE,113,"Walker, Jalon ATL DE",NFC,1.56
End25 Sal,DE,114,"Ebiketie, Arnold ATL DE",NFC,1.55
End25 Sal,DE,115,"Williams, Mykel SFO DE",NFC,1.49
End25 Sal,DE,116,"Van Ness, Lukas GBP DE",NFC,1.45
End25 Sal,DE,117,"Anudike-Uzomah, Felix KCC DE",NFC,1.43
End25 Sal,DE,118,"Green, Mike BAL DE",NFC,1.43
End25 Sal,DE,119,"Robinson, Chop MIA DE",NFC,1.42
End25 Sal,DE,120,"Smith, Nolan PHI DE",NFC,1.41
End25 Sal,DE,121,"Stewart, Shemar CIN DE",AFC,1.4
End25 Sal,DE,122,"Trice, Bralen ATL DE",AFC,1.4
End25 Sal,DE,123,"Pearce, James ATL DE",NFC,1.3
End25 Sal,DE,124,"Van Ness, Lukas GBP DE",AFC,1.3
End25 Sal,DE,125,"Murphy, Myles CIN DE",NFC,1.29
End25 Sal,DE,126,"Green, Mike BAL DE",AFC,1.28
End25 Sal,DE,127,"Young, Byron LAR DE",AFC,1.28
End25 Sal,DE,128,"Ezeiruaku, Donovan DAL DE",NFC,1.26
End25 Sal,DE,129,"Ezeiruaku, Donovan DAL DE",AFC,1.26
End25 Sal,DE,130,"Mafe, Boye SEA DE",AFC,1.25
End25 Sal,DE,131,"McDonald, Will NYJ DE",AFC,1.21
End25 Sal,DE,132,"Chaisson, K'Lavon NEP DE",NFC,1.2
End25 Sal,DE,133,"McDonald, Will NYJ DE",NFC,1.2
End25 Sal,DE,134,"Smith, Nolan PHI DE",AFC,1.2
End25 Sal,DE,135,"Young, Byron LAR DE",NFC,1.2
End25 Sal,DE,136,"Tuipulotu, Tuli LAC DE",AFC,1.17
End25 Sal,DE,137,"Stewart, Shemar CIN DE",NFC,1.14
End25 Sal,DE,138,"Herbig, Nick PIT DE",AFC,1.12
End25 Sal,DE,139,"Stewart, Josaiah LAR DE",AFC,1.12
End25 Sal,DE,140,"White, Keion SFO DE",NFC,1.12
End25 Sal,DE,141,"White, Keion SFO DE",AFC,1.11
End25 Sal,DE,142,"Fowler, Dante DAL DE",NFC,1.1
End25 Sal,DE,143,"Gardeck, Dennis JAC DE",AFC,1.1
End25 Sal,DE,144,"Houston, James DAL DE",AFC,1.1
End25 Sal,DE,145,"Murphy, Myles CIN DE",AFC,1.1
End25 Sal,DE,146,"Oladejo, Oluwafemi TEN DE",NFC,1.1
End25 Sal,DE,147,"Tuimoloau, JT IND DE",AFC,1.1
End25 Sal,DE,148,"Armstrong, Dorance WAS DE",AFC,1
End25 Sal,DE,149,"Booker, Austin CHI DE",AFC,1
End25 Sal,DE,150,"Booker, Austin CHI DE",NFC,1
End25 Sal,DE,151,"Chaisson, K'Lavon NEP DE",AFC,1
End25 Sal,DE,152,"Clowney, Jadeveon DAL DE",AFC,1
End25 Sal,DE,153,"Elliss, Jonah DEN DE",NFC,1
End25 Sal,DE,154,"Elliss, Jonah DEN DE",AFC,1
End25 Sal,DE,155,"Ferrell, Clelin SFO DE",AFC,1
End25 Sal,DE,156,"Ferrell, Clelin SFO DE",NFC,1
End25 Sal,DE,157,"Fowler, Dante DAL DE",AFC,1
End25 Sal,DE,158,"Gardeck, Dennis JAC DE",NFC,1
End25 Sal,DE,159,"Huff, Bryce SFO DE",NFC,1
End25 Sal,DE,160,"Hunt, Jalyx PHI DE",AFC,1
End25 Sal,DE,161,"Isaac, Adisa BAL DE",NFC,1
End25 Sal,DE,162,"Jones, Patrick CAR DE",AFC,1
End25 Sal,DE,163,"Jordan, Cameron NOS DE",AFC,1
End25 Sal,DE,164,"Jordan, Cameron NOS DE",NFC,1
End25 Sal,DE,165,"Lawrence, Demarcus SEA DE",NFC,1
End25 Sal,DE,166,"Martin, Jake WAS DE",NFC,1
End25 Sal,DE,167,"Nelson, Anthony TBB DE",AFC,1
End25 Sal,DE,168,"Ojulari, BJ ARI DE",AFC,1
End25 Sal,DE,169,"Okoronkwo, Ogbonnia PHI DE",AFC,1
End25 Sal,DE,170,"Ossai, Joseph CIN DE",NFC,1
End25 Sal,DE,171,"Oweh, Odafe LAC DE",NFC,1
End25 Sal,DE,172,"Robinson, Tavius BAL DE",NFC,1
End25 Sal,DE,173,"Snowden, Charles LVR DE",NFC,1
End25 Sal,DE,174,"Williams, Sam DAL DE",NFC,1
End25 Sal,DE,175,"Scourton, Nic CAR DE",AFC,0.99
End25 Sal,DE,176,"Scourton, Nic CAR DE",NFC,0.99
End25 Sal,DE,177,"Diaby, YaYa TBB DE",AFC,0.98
End25 Sal,DE,178,"Diaby, YaYa TBB DE",NFC,0.98
End25 Sal,DE,179,"Isaac, Adisa BAL DE",AFC,0.98
End25 Sal,DE,180,"Oladejo, Oluwafemi TEN DE",AFC,0.95
End25 Sal,DE,181,"Gillotte, Ashton KCC DE",NFC,0.94
End25 Sal,DE,182,"Sorrell, Barryn GBP DE",AFC,0.94
End25 Sal,DE,183,"Burch, Jordan ARI DE",NFC,0.9
End25 Sal,DE,184,"Burch, Jordan ARI DE",AFC,0.9
End25 Sal,DE,185,"Gillotte, Ashton KCC DE",AFC,0.9
End25 Sal,DE,186,"Oliver, Collin GBP DE",NFC,0.9
End25 Sal,DE,187,"Sawyer, Jack PIT DE",NFC,0.9
End25 Sal,DE,188,"Stewart, Josaiah LAR DE",NFC,0.9
End25 Sal,DE,189,"Umanmielen, Princely CAR DE",AFC,0.9
End25 Sal,LB,-1,NA,NA,26.020000000000003
End25 Sal,LB,0,NA,NA,23.060000000000002
End25 Sal,LB,1,"Luvu, Frankie WAS LB",AFC,20.1
End25 Sal,LB,2,"Oluokun, Foyesade JAC LB",NFC,14.52
End25 Sal,LB,3,"Smith, Roquan BAL LB",AFC,12.97
End25 Sal,LB,4,"Baun, Zack PHI LB",AFC,11.22
End25 Sal,LB,5,"Cashman, Blake MIN LB",NFC,10
End25 Sal,LB,6,"Franklin, Zaire IND LB",NFC,10
End25 Sal,LB,7,"Edwards, T.J. CHI LB",AFC,9.66
End25 Sal,LB,8,"Smith, Roquan BAL LB",NFC,9
End25 Sal,LB,9,"Franklin, Zaire IND LB",AFC,8.55
End25 Sal,LB,10,"Queen, Patrick PIT LB",AFC,8.33
End25 Sal,LB,11,"Queen, Patrick PIT LB",NFC,7.93
End25 Sal,LB,12,"Brooks, Jordyn MIA LB",AFC,7.78
End25 Sal,LB,13,"Singleton, Alex DEN LB",NFC,7.59
End25 Sal,LB,14,"Singleton, Alex DEN LB",AFC,7.59
End25 Sal,LB,15,"Warner, Fred SFO LB",NFC,7.41
End25 Sal,LB,16,"Bolton, Nick KCC LB",AFC,7.3
End25 Sal,LB,17,"Okereke, Bobby NYG LB",AFC,7.29
End25 Sal,LB,18,"Warner, Fred SFO LB",AFC,7.2
End25 Sal,LB,19,"Brooks, Jordyn MIA LB",NFC,6.96
End25 Sal,LB,20,"Bolton, Nick KCC LB",NFC,6.75
End25 Sal,LB,21,"Jones, Ernest SEA LB",AFC,6.75
End25 Sal,LB,22,"Pratt, Germaine IND LB",NFC,6.6
End25 Sal,LB,23,"David, Lavonte TBB LB",AFC,6.4
End25 Sal,LB,24,"Oluokun, Foyesade JAC LB",AFC,6.3
End25 Sal,LB,25,"Owusu-Koramoah, Jeremiah CLE LB",NFC,5.95
End25 Sal,LB,26,"Okereke, Bobby NYG LB",NFC,5.89
End25 Sal,LB,27,"Pratt, Germaine IND LB",AFC,5.6
End25 Sal,LB,28,"Williams, Quincy NYJ LB",AFC,5.58
End25 Sal,LB,29,"Greenlaw, Dre DEN LB",NFC,5.51
End25 Sal,LB,30,"Wilson, Logan DAL LB",AFC,5.42
End25 Sal,LB,31,"David, Lavonte TBB LB",NFC,5.38
End25 Sal,LB,32,"Dodson, Tyrel MIA LB",AFC,5.38
End25 Sal,LB,33,"Edwards, T.J. CHI LB",NFC,5.38
End25 Sal,LB,34,"Dean, Nakobe PHI LB",NFC,5.35
End25 Sal,LB,35,"Dean, Nakobe PHI LB",AFC,5.35
End25 Sal,LB,36,"Sherwood, Jamien NYJ LB",AFC,5.35
End25 Sal,LB,37,"Elliss, Kaden ATL LB",AFC,5.32
End25 Sal,LB,38,"Wagner, Bobby WAS LB",AFC,5.3
End25 Sal,LB,39,"Barton, Cody TEN LB",AFC,5.23
End25 Sal,LB,40,"Williams, Quincy NYJ LB",NFC,5.23
End25 Sal,LB,41,"Walker, Quay GBP LB",NFC,5.18
End25 Sal,LB,42,"Luvu, Frankie WAS LB",NFC,5.13
End25 Sal,LB,43,"Walker, Quay GBP LB",AFC,5.02
End25 Sal,LB,44,"Bush, Devin CLE LB",AFC,5
End25 Sal,LB,45,"Greenlaw, Dre DEN LB",AFC,4.97
End25 Sal,LB,46,"Owusu-Koramoah, Jeremiah CLE LB",AFC,4.94
End25 Sal,LB,47,"Overshown, DeMarvion DAL LB",NFC,4.7
End25 Sal,LB,48,"Bernard, Terrel BUF LB",AFC,4.68
End25 Sal,LB,49,"Barton, Cody TEN LB",NFC,4.5
End25 Sal,LB,50,"Wagner, Bobby WAS LB",NFC,4.37
End25 Sal,LB,51,"Mosley, C.J. FA LB",NFC,4.25
End25 Sal,LB,52,"Al-Shaair, Azeez HOU LB",AFC,4.04
End25 Sal,LB,53,"Rozeboom, Christian CAR LB",AFC,3.7
End25 Sal,LB,54,"Anzalone, Alex DET LB",AFC,3.6
End25 Sal,LB,55,"Anzalone, Alex DET LB",NFC,3.41
End25 Sal,LB,56,"Jones, Ernest SEA LB",NFC,3.41
End25 Sal,LB,57,"Murray, Kenneth DAL LB",NFC,3.14
End25 Sal,LB,58,"Edmunds, Tremaine CHI LB",NFC,3.09
End25 Sal,LB,59,"Elliss, Kaden ATL LB",NFC,3.08
End25 Sal,LB,60,"Davis, Demario NOS LB",NFC,3.07
End25 Sal,LB,61,"Lloyd, Devin JAC LB",AFC,3.05
End25 Sal,LB,62,"Lloyd, Devin JAC LB",NFC,3.05
End25 Sal,LB,63,"Landman, Nate LAR LB",AFC,2.97
End25 Sal,LB,64,"Campbell, Jack DET LB",AFC,2.82
End25 Sal,LB,65,"Edmunds, Tremaine CHI LB",AFC,2.79
End25 Sal,LB,66,"Carlies, Jaylon IND LB",AFC,2.72
End25 Sal,LB,67,"Campbell, Jack DET LB",NFC,2.66
End25 Sal,LB,68,"White, Devin LVR LB",NFC,2.6
End25 Sal,LB,69,"Tavai, Jahlani NEP LB",AFC,2.41
End25 Sal,LB,70,"White, Devin LVR LB",AFC,2.1
End25 Sal,LB,71,"Deablo, Divine ATL LB",NFC,2.05
End25 Sal,LB,72,"Bethune, Tatum SFO LB",AFC,2
End25 Sal,LB,73,"Campbell, Jihaad PHI LB",NFC,1.91
End25 Sal,LB,74,"Davis, Demario NOS LB",AFC,1.9
End25 Sal,LB,75,"Holcomb, Cole PIT LB",AFC,1.9
End25 Sal,LB,76,"Knight, Tyrice SEA LB",NFC,1.9
End25 Sal,LB,77,"Thomas, Drake SEA LB",NFC,1.9
End25 Sal,LB,78,"Cashman, Blake MIN LB",AFC,1.87
End25 Sal,LB,79,"Murray, Kenneth DAL LB",AFC,1.87
End25 Sal,LB,80,"Speights, Omar LAR LB",NFC,1.87
End25 Sal,LB,81,"Colson, Junior LAC LB",AFC,1.86
End25 Sal,LB,82,"Werner, Pete NOS LB",AFC,1.86
End25 Sal,LB,83,"Campbell, Jihaad PHI LB",AFC,1.85
End25 Sal,LB,84,"Schwesinger, Carson CLE LB",NFC,1.85
End25 Sal,LB,85,"Bethune, Tatum SFO LB",NFC,1.8
End25 Sal,LB,86,"Bush, Devin CLE LB",NFC,1.8
End25 Sal,LB,87,"Deablo, Divine ATL LB",AFC,1.8
End25 Sal,LB,88,"Perryman, Denzel LAC LB",AFC,1.8
End25 Sal,LB,89,"Tranquill, Drue KCC LB",NFC,1.8
End25 Sal,LB,90,"Werner, Pete NOS LB",NFC,1.8
End25 Sal,LB,91,"Wilson, Eric MIN LB",NFC,1.8
End25 Sal,LB,92,"Colson, Junior LAC LB",NFC,1.75
End25 Sal,LB,93,"Cooper, Edgerrin GBP LB",AFC,1.69
End25 Sal,LB,94,"Sanders, Drew DEN LB",AFC,1.67
End25 Sal,LB,95,"Schwesinger, Carson CLE LB",AFC,1.64
End25 Sal,LB,96,"Henley, Daiyan LAC LB",AFC,1.56
End25 Sal,LB,97,"Cooper, Edgerrin GBP LB",NFC,1.44
End25 Sal,LB,98,"Simpson, Trenton BAL LB",NFC,1.28
End25 Sal,LB,99,"Henley, Daiyan LAC LB",NFC,1.25
End25 Sal,LB,100,"Chenal, Leo KCC LB",NFC,1.24
End25 Sal,LB,101,"Knight, Demetrius CIN LB",AFC,1.2
End25 Sal,LB,102,"Knight, Demetrius CIN LB",NFC,1.18
End25 Sal,LB,103,"Stutsman, Danny NOS LB",AFC,1.18
End25 Sal,LB,104,"Wilson, Payton PIT LB",AFC,1.17
End25 Sal,LB,105,"Wilson, Payton PIT LB",NFC,1.13
End25 Sal,LB,106,"Baun, Zack PHI LB",NFC,1.1
End25 Sal,LB,107,"Davis-Gaither, Akeem ARI LB",NFC,1.1
End25 Sal,LB,108,"Dodson, Tyrel MIA LB",NFC,1.1
End25 Sal,LB,109,"Overshown, DeMarvion DAL LB",AFC,1.1
End25 Sal,LB,110,"Sherwood, Jamien NYJ LB",NFC,1.1
End25 Sal,LB,111,"Winters, Dee SFO LB",NFC,1.1
End25 Sal,LB,112,"Al-Shaair, Azeez HOU LB",NFC,1.09
End25 Sal,LB,113,"Bernard, Terrel BUF LB",NFC,1.09
End25 Sal,LB,114,"Spillane, Robert NEP LB",AFC,1.09
End25 Sal,LB,115,"Spillane, Robert NEP LB",NFC,1.09
End25 Sal,LB,116,"Wallace, Trevin CAR LB",NFC,1.09
End25 Sal,LB,117,"Wallace, Trevin CAR LB",AFC,1.09
End25 Sal,LB,118,"Gray, Cedric TEN LB",NFC,1.08
End25 Sal,LB,119,"Gray, Cedric TEN LB",AFC,1.06
End25 Sal,LB,120,"Williams, Dorian BUF LB",AFC,1.06
End25 Sal,LB,121,"Martin, Nick SFO LB",NFC,1.05
End25 Sal,LB,122,"To'oTo'o, Henry HOU LB",AFC,1.04
End25 Sal,LB,123,"Bertrand, JD ATL LB",AFC,1.03
End25 Sal,LB,124,"Andersen, Troy ATL LB",NFC,1
End25 Sal,LB,125,"Andersen, Troy ATL LB",AFC,1
End25 Sal,LB,126,"Barnes, Derrick DET LB",NFC,1
End25 Sal,LB,127,"Barnes, Derrick DET LB",AFC,1
End25 Sal,LB,128,"Bertrand, JD ATL LB",NFC,1
End25 Sal,LB,129,"Chenal, Leo KCC LB",AFC,1
End25 Sal,LB,130,"Davis-Gaither, Akeem ARI LB",AFC,1
End25 Sal,LB,131,"Dennis, SirVocea TBB LB",AFC,1
End25 Sal,LB,132,"Gibbens, Jack NEP LB",AFC,1
End25 Sal,LB,133,"James, Shemar DAL LB",AFC,1
End25 Sal,LB,134,"James, Shemar DAL LB",NFC,1
End25 Sal,LB,135,"Landman, Nate LAR LB",NFC,1
End25 Sal,LB,136,"Liufau, Marist DAL LB",AFC,1
End25 Sal,LB,137,"Liufau, Marist DAL LB",NFC,1
End25 Sal,LB,138,"Martin, Nick SFO LB",AFC,1
End25 Sal,LB,139,"McDuffie, Isaiah GBP LB",NFC,1
End25 Sal,LB,140,"McFadden, Micah NYG LB",NFC,1
End25 Sal,LB,141,"Paul, Chris SEA LB",NFC,1
End25 Sal,LB,142,"Ponder, Elijah NEP LB",NFC,1
End25 Sal,LB,143,"Robinson, Curtis SFO LB",NFC,1
End25 Sal,LB,144,"Rozeboom, Christian CAR LB",NFC,1
End25 Sal,LB,145,"Simon, Cody ARI LB",NFC,1
End25 Sal,LB,146,"Thomas, Drake SEA LB",AFC,1
End25 Sal,LB,147,"Thompson, Shaq BUF LB",NFC,1
End25 Sal,LB,148,"To'oTo'o, Henry HOU LB",NFC,1
End25 Sal,LB,149,"Tranquill, Drue KCC LB",AFC,1
End25 Sal,LB,150,"Wilson, Eric MIN LB",AFC,1
End25 Sal,LB,151,"Wilson, Mack ARI LB",AFC,1
End25 Sal,LB,152,"Wilson, Mack ARI LB",NFC,1
End25 Sal,LB,153,"Winters, Dee SFO LB",AFC,1
End25 Sal,LB,154,"Dennis, SirVocea TBB LB",NFC,0.98
End25 Sal,LB,155,"Pace, Ivan MIN LB",NFC,0.98
End25 Sal,LB,156,"Pace, Ivan MIN LB",AFC,0.98
End25 Sal,LB,157,"Simon, Cody ARI LB",AFC,0.95
End25 Sal,LB,158,"Buchanan, Teddye BAL LB",AFC,0.94
End25 Sal,LB,159,"Carter, Barrett CIN LB",AFC,0.94
End25 Sal,LB,160,"Knight, Tyrice SEA LB",AFC,0.94
End25 Sal,LB,161,"Buchanan, Teddye BAL LB",NFC,0.9
End25 Sal,LB,162,"Carter, Barrett CIN LB",NFC,0.9
End25 Sal,LB,163,"Kiser, Jack JAC LB",NFC,0.9
End25 Sal,CB,-1,NA,NA,6.166666666666667
End25 Sal,CB,0,NA,NA,6.003333333333333
End25 Sal,CB,1,"Adebo, Paulson NYG CB",AFC,5.84
End25 Sal,CB,2,"Taylor, Alontae NOS CB",AFC,5.46
End25 Sal,CB,3,"Bland, DaRon DAL CB",AFC,5.35
End25 Sal,CB,4,"Stingley Jr., Derek HOU CB",AFC,5.35
End25 Sal,CB,5,"Taylor-Britt, Cam CIN CB",AFC,5.35
End25 Sal,CB,6,"Green, Renardo SFO CB",AFC,4.37
End25 Sal,CB,7,"Humphrey, Marlon BAL CB",AFC,4.3
End25 Sal,CB,8,"Moore, Kenny IND CB",NFC,4.3
End25 Sal,CB,9,"Lenoir, Deommodore SFO CB",NFC,4
End25 Sal,CB,10,"Jones, Jaylon IND CB",AFC,3.71
End25 Sal,CB,11,"Forbes, Emmanuel LAR CB",NFC,3.5
End25 Sal,CB,12,"Murphy, Byron MIN CB",NFC,3.5
End25 Sal,CB,13,"Emerson, Martin CLE CB",AFC,3.41
End25 Sal,CB,14,"Nixon, Keisean GBP CB",AFC,3.26
End25 Sal,CB,15,"McDuffie, Trent KCC CB",NFC,3.19
End25 Sal,CB,16,"Turner, DJ CIN CB",NFC,3.16
End25 Sal,CB,17,"Still, Tarheeb LAC CB",NFC,3.04
End25 Sal,CB,18,"Horn, Jaycee CAR CB",NFC,3
End25 Sal,CB,19,"Horn, Jaycee CAR CB",AFC,2.85
End25 Sal,CB,20,"Taylor, Alontae NOS CB",NFC,2.8
End25 Sal,CB,21,"Moore, Kenny IND CB",AFC,2.79
End25 Sal,CB,22,"Rodgers, Isaiah MIN CB",NFC,2.6
End25 Sal,CB,23,"Campbell, Tyson CLE CB",AFC,2.5
End25 Sal,CB,24,"Johnson, Taron BUF CB",AFC,2.41
End25 Sal,CB,25,"Humphrey, Marlon BAL CB",NFC,2.32
End25 Sal,CB,26,"Jones, Marcus NEP CB",NFC,2.1
End25 Sal,CB,27,"Lenoir, Deommodore SFO CB",AFC,2.07
End25 Sal,CB,28,"Davis, Carlton NEP CB",AFC,2.02
End25 Sal,CB,29,"Diggs, Trevon FA CB",AFC,2
End25 Sal,CB,30,"Lewis, Jourdan JAC CB",NFC,1.9
End25 Sal,CB,31,"Reed, D.J. DET CB",AFC,1.9
End25 Sal,CB,32,"Robertson, Amik DET CB",NFC,1.9
End25 Sal,CB,33,"Slay, Darius BUF CB",AFC,1.9
End25 Sal,CB,34,"Stephens, Brandon NYJ CB",AFC,1.9
End25 Sal,CB,35,"Surtain II, Patrick DEN CB",AFC,1.9
End25 Sal,CB,36,"Terrell, A.J. ATL CB",AFC,1.9
End25 Sal,CB,37,"Ward, Charvarius IND CB",AFC,1.9
End25 Sal,CB,38,"McCollum, Zyon TBB CB",NFC,1.81
End25 Sal,CB,39,"Murphy, Byron MIN CB",AFC,1.81
End25 Sal,CB,40,"Bland, DaRon DAL CB",NFC,1.8
End25 Sal,CB,41,"Conner, Chamarri KCC CB",AFC,1.8
End25 Sal,CB,42,"Davis, Carlton NEP CB",NFC,1.8
End25 Sal,CB,43,"Dean, Jamel TBB CB",NFC,1.8
End25 Sal,CB,44,"Hill, Daxton CIN CB",AFC,1.8
End25 Sal,CB,45,"Reed, D.J. DET CB",NFC,1.8
End25 Sal,CB,46,"Stingley Jr., Derek HOU CB",NFC,1.8
End25 Sal,CB,47,"Surtain II, Patrick DEN CB",NFC,1.8
End25 Sal,CB,48,"Ward, Denzel CLE CB",AFC,1.8
End25 Sal,CB,49,"Wiggins, Nate BAL CB",NFC,1.8
End25 Sal,CB,50,"Williams, Darious LAR CB",AFC,1.8
End25 Sal,CB,51,"Witherspoon, Devon SEA CB",AFC,1.32
End25 Sal,CB,52,"Hill, Daxton CIN CB",NFC,1.25
End25 Sal,CB,53,"DeJean, Cooper PHI CB",AFC,1.14
End25 Sal,CB,54,"Forbes, Emmanuel LAR CB",AFC,1.14
End25 Sal,CB,55,"Gonzalez, Christian NEP CB",AFC,1.14
End25 Sal,CB,56,"DeJean, Cooper PHI CB",NFC,1.13
End25 Sal,CB,57,"Witherspoon, Devon SEA CB",NFC,1.13
End25 Sal,CB,58,"Gonzalez, Christian NEP CB",NFC,1.1
End25 Sal,CB,59,"Jones, Marcus NEP CB",AFC,1.1
End25 Sal,CB,60,"Mitchell, Quinyon PHI CB",NFC,1.1
End25 Sal,CB,61,"Moss, Riley DEN CB",NFC,1.1
End25 Sal,CB,62,"Moss, Riley DEN CB",AFC,1.1
End25 Sal,CB,63,"Nixon, Keisean GBP CB",NFC,1.1
End25 Sal,CB,64,"Thomas, Azareye'h NYJ CB",NFC,1.1
End25 Sal,CB,65,"Adebo, Paulson NYG CB",NFC,1.09
End25 Sal,CB,66,"Sainristil, Mike WAS CB",AFC,1.09
End25 Sal,CB,67,"Barron, Jahdae DEN CB",AFC,1.08
End25 Sal,CB,68,"Arnold, Terrion DET CB",AFC,1.07
End25 Sal,CB,69,"Barron, Jahdae DEN CB",NFC,1.07
End25 Sal,CB,70,"Banks, Deonte NYG CB",AFC,1.06
End25 Sal,CB,71,"Mitchell, Quinyon PHI CB",AFC,1.06
End25 Sal,CB,72,"Sainristil, Mike WAS CB",NFC,1.06
End25 Sal,CB,73,"Turner, DJ CIN CB",AFC,1.04
End25 Sal,CB,74,"Williams, Garrett ARI CB",AFC,1.04
End25 Sal,CB,75,"Arnold, Terrion DET CB",NFC,1.03
End25 Sal,CB,76,"Hairston, Maxwell BUF CB",NFC,1.03
End25 Sal,CB,77,"Wiggins, Nate BAL CB",AFC,1.03
End25 Sal,CB,78,"Johnson, Will ARI CB",AFC,1.02
End25 Sal,CB,79,"Smith, Tykee TBB CB",NFC,1.02
End25 Sal,CB,80,"Hairston, Maxwell BUF CB",AFC,1.01
End25 Sal,CB,81,"Alford, Dee ATL CB",NFC,1
End25 Sal,CB,82,"Awuzie, Chidobe BAL CB",NFC,1
End25 Sal,CB,83,"Benford, Christian BUF CB",NFC,1
End25 Sal,CB,84,"Benford, Christian BUF CB",AFC,1
End25 Sal,CB,85,"Brownlee, Jarvis NYJ CB",AFC,1
End25 Sal,CB,86,"Brownlee, Jarvis NYJ CB",NFC,1
End25 Sal,CB,87,"Bryant, Cobee ATL CB",NFC,1
End25 Sal,CB,88,"Burke, Denzel ARI CB",NFC,1
End25 Sal,CB,89,"Campbell, Tyson CLE CB",NFC,1
End25 Sal,CB,90,"Conner, Chamarri KCC CB",NFC,1
End25 Sal,CB,91,"Dean, Jamel TBB CB",AFC,1
End25 Sal,CB,92,"Douglas, Rasul MIA CB",NFC,1
End25 Sal,CB,93,"Douglas, Rasul MIA CB",AFC,1
End25 Sal,CB,94,"Flott, Cordale NYG CB",NFC,1
End25 Sal,CB,95,"Gardner, Sauce IND CB",NFC,1
End25 Sal,CB,96,"Gardner, Sauce IND CB",AFC,1
End25 Sal,CB,97,"Green, Renardo SFO CB",NFC,1
End25 Sal,CB,98,"Harris, Marcus TEN CB",NFC,1
End25 Sal,CB,99,"Hart, Cam LAC CB",AFC,1
End25 Sal,CB,100,"Jackson, Adoree PHI CB",NFC,1
End25 Sal,CB,101,"Jackson, Donte LAC CB",AFC,1
End25 Sal,CB,102,"Jackson, Michael CAR CB",AFC,1
End25 Sal,CB,103,"Jackson, Michael CAR CB",NFC,1
End25 Sal,CB,104,"Jones, Jarrian JAC CB",AFC,1
End25 Sal,CB,105,"Kelly, Kyu Blu LVR CB",NFC,1
End25 Sal,CB,106,"Maddox, Avonte DET CB",AFC,1
End25 Sal,CB,107,"Martin, Keyon BAL CB",NFC,1
End25 Sal,CB,108,"McMillian, Ja'Quan DEN CB",AFC,1
End25 Sal,CB,109,"McMillian, Ja'Quan DEN CB",NFC,1
End25 Sal,CB,110,"Newsome, Greg JAC CB",AFC,1
End25 Sal,CB,111,"Parrish, Jacob TBB CB",AFC,1
End25 Sal,CB,112,"Phillips, Andru NYG CB",AFC,1
End25 Sal,CB,113,"Pierre, James PIT CB",NFC,1
End25 Sal,CB,114,"Porter Jr., Joey PIT CB",NFC,1
End25 Sal,CB,115,"Porter Jr., Joey PIT CB",AFC,1
End25 Sal,CB,116,"Porter, Darien LVR CB",NFC,1
End25 Sal,CB,117,"Ramsey, Jalen PIT CB",AFC,1
End25 Sal,CB,118,"Ramsey, Jalen PIT CB",NFC,1
End25 Sal,CB,119,"Revel, Shavon DAL CB",NFC,1
End25 Sal,CB,120,"Riley, Quincy NOS CB",AFC,1
End25 Sal,CB,121,"Riley, Quincy NOS CB",NFC,1
End25 Sal,CB,122,"Robertson, Amik DET CB",AFC,1
End25 Sal,CB,123,"Rodgers, Isaiah MIN CB",AFC,1
End25 Sal,CB,124,"St-Juste, Benjamin LAC CB",AFC,1
End25 Sal,CB,125,"Stout, Upton SFO CB",AFC,1
End25 Sal,CB,126,"Stout, Upton SFO CB",NFC,1
End25 Sal,CB,127,"Terrell, A.J. ATL CB",NFC,1
End25 Sal,CB,128,"Ward, Charvarius IND CB",NFC,1
End25 Sal,CB,129,"Watson, Jaylen KCC CB",AFC,1
End25 Sal,CB,130,"Watson, Jaylen KCC CB",NFC,1
End25 Sal,CB,131,"White, Tre'Davious BUF CB",AFC,1
End25 Sal,CB,132,"Williams, Garrett ARI CB",NFC,1
End25 Sal,CB,133,"Wright, Nahshon CHI CB",AFC,1
End25 Sal,CB,134,"Wright, Nahshon CHI CB",NFC,1
End25 Sal,CB,135,"Lassiter, Kamari HOU CB",NFC,0.99
End25 Sal,CB,136,"McKinstry, Kool-Aid NOS CB",AFC,0.99
End25 Sal,CB,137,"McKinstry, Kool-Aid NOS CB",NFC,0.98
End25 Sal,CB,138,"Smith, Tykee TBB CB",AFC,0.98
End25 Sal,CB,139,"Stevenson, Tyrique CHI CB",AFC,0.98
End25 Sal,CB,140,"Stevenson, Tyrique CHI CB",NFC,0.98
End25 Sal,CB,141,"Johnson, Will ARI CB",NFC,0.96
End25 Sal,CB,142,"Lassiter, Kamari HOU CB",AFC,0.94
End25 Sal,CB,143,"Phillips, Andru NYG CB",NFC,0.94
End25 Sal,CB,144,"Revel, Shavon DAL CB",AFC,0.94
End25 Sal,CB,145,"Amos, Trey WAS CB",NFC,0.9
End25 Sal,CB,146,"Morrison, Benjamin TBB CB",AFC,0.9
End25 Sal,CB,147,"Parrish, Jacob TBB CB",NFC,0.9
End25 Sal,CB,148,"Porter, Darien LVR CB",AFC,0.9
End25 Sal,CB,149,"Thomas, Azareye'h NYJ CB",AFC,0.9
End25 Sal,S,-1,NA,NA,17.47
End25 Sal,S,0,NA,NA,15.75
End25 Sal,S,1,"Winfield, Antoine TBB S",NFC,14.03
End25 Sal,S,2,"Winfield, Antoine TBB S",AFC,9.12
End25 Sal,S,3,"Hufanga, Talanoa DEN S",AFC,8.88
End25 Sal,S,4,"Bates, Jessie ATL S",NFC,8.87
End25 Sal,S,5,"Moehrig, Trevon CAR S",NFC,8.7
End25 Sal,S,6,"Love, Julian SEA S",AFC,8.68
End25 Sal,S,7,"Hamilton, Kyle BAL S",NFC,7.68
End25 Sal,S,8,"Joseph, Kerby DET S",AFC,7.46
End25 Sal,S,9,"Gardner-Johnson, Chauncey CHI S",NFC,7.22
End25 Sal,S,10,"Love, Julian SEA S",NFC,7.22
End25 Sal,S,11,"Metellus, Josh MIN S",NFC,7.18
End25 Sal,S,12,"Elliott, DeShon PIT S",NFC,7
End25 Sal,S,13,"Baker, Budda ARI S",AFC,6.7
End25 Sal,S,14,"Holland, Jevon NYG S",NFC,6.64
End25 Sal,S,15,"Dugger, Kyle PIT S",AFC,6.44
End25 Sal,S,16,"Moehrig, Trevon CAR S",AFC,6.29
End25 Sal,S,17,"Gardner-Johnson, Chauncey CHI S",AFC,6.14
End25 Sal,S,18,"Bates, Jessie ATL S",AFC,6.13
End25 Sal,S,19,"Byard, Kevin CHI S",AFC,6.1
End25 Sal,S,20,"Cross, Nick IND S",AFC,6.05
End25 Sal,S,21,"Simmons, Justin FA S",AFC,5.96
End25 Sal,S,22,"Hooker, Amani TEN S",NFC,5.8
End25 Sal,S,23,"Bynum, Camryn IND S",NFC,5.7
End25 Sal,S,24,"James, Derwin LAC S",AFC,5.49
End25 Sal,S,25,"Hufanga, Talanoa DEN S",NFC,5.38
End25 Sal,S,26,"Jones, Brandon DEN S",AFC,5.35
End25 Sal,S,27,"Joseph, Kerby DET S",NFC,5.35
End25 Sal,S,28,"McKinney, Xavier GBP S",AFC,5.35
End25 Sal,S,29,"Metellus, Josh MIN S",AFC,5.35
End25 Sal,S,30,"Fitzpatrick, Minkah MIA S",AFC,5.23
End25 Sal,S,31,"Dugger, Kyle PIT S",NFC,5.2
End25 Sal,S,32,"James, Derwin LAC S",NFC,5.15
End25 Sal,S,33,"Hooker, Amani TEN S",AFC,4.94
End25 Sal,S,34,"Williams, Evan GBP S",NFC,4.59
End25 Sal,S,35,"Pinnock, Jason SFO S",AFC,4.5
End25 Sal,S,36,"McKinney, Xavier GBP S",NFC,4.31
End25 Sal,S,37,"Brisker, Jaquan CHI S",AFC,4.06
End25 Sal,S,38,"Lake, Quentin LAR S",AFC,3.99
End25 Sal,S,39,"Byard, Kevin CHI S",NFC,3.8
End25 Sal,S,40,"Lake, Quentin LAR S",NFC,3.5
End25 Sal,S,41,"Hamlin, Damar BUF S",AFC,3.49
End25 Sal,S,42,"Hamilton, Kyle BAL S",AFC,3.45
End25 Sal,S,43,"Blankenship, Reed PHI S",AFC,3.41
End25 Sal,S,44,"Brisker, Jaquan CHI S",NFC,3.41
End25 Sal,S,45,"Pitre, Jalen HOU S",AFC,3.41
End25 Sal,S,46,"Pitre, Jalen HOU S",NFC,3.41
End25 Sal,S,47,"Chinn, Jeremy LVR S",AFC,3.31
End25 Sal,S,48,"Jones, Brandon DEN S",NFC,3.25
End25 Sal,S,49,"Hawkins, Jaylinn NEP S",NFC,3.14
End25 Sal,S,50,"Reid, Justin NOS S",NFC,3
End25 Sal,S,51,"Baker, Budda ARI S",NFC,2.97
End25 Sal,S,52,"Sigle, Marques SFO S",AFC,2.9
End25 Sal,S,53,"Owens, Jonathan CHI S",AFC,2.83
End25 Sal,S,54,"Thompson, Jalen ARI S",NFC,2.73
End25 Sal,S,55,"Delpit, Grant CLE S",NFC,2.71
End25 Sal,S,56,"Curl, Kamren LAR S",NFC,2.62
End25 Sal,S,57,"Holland, Jevon NYG S",AFC,2.43
End25 Sal,S,58,"Johnson, Antonio JAC S",NFC,2.23
End25 Sal,S,59,"Okada, Ty SEA S",NFC,2.1
End25 Sal,S,60,"Chinn, Jeremy LVR S",NFC,2.09
End25 Sal,S,61,"Stone, Geno CIN S",AFC,2
End25 Sal,S,62,"Adams, Tony NYJ S",NFC,1.9
End25 Sal,S,63,"Delpit, Grant CLE S",AFC,1.9
End25 Sal,S,64,"Gilman, Alohi BAL S",NFC,1.9
End25 Sal,S,65,"Hickman, Ronnie CLE S",AFC,1.9
End25 Sal,S,66,"Reaves, Jeremy WAS S",AFC,1.9
End25 Sal,S,67,"Scott, Nick CAR S",AFC,1.9
End25 Sal,S,68,"Thornhill, Juan JAC S",NFC,1.9
End25 Sal,S,69,"Melifonwu, Ifeatu MIA S",AFC,1.87
End25 Sal,S,70,"Mustapha, Malik SFO S",AFC,1.87
End25 Sal,S,71,"Bynum, Camryn IND S",AFC,1.81
End25 Sal,S,72,"Belton, Dane NYG S",NFC,1.8
End25 Sal,S,73,"Curl, Kamren LAR S",AFC,1.8
End25 Sal,S,74,"Reid, Justin NOS S",AFC,1.8
End25 Sal,S,75,"Smith, Harrison MIN S",AFC,1.8
End25 Sal,S,76,"Stone, Geno CIN S",NFC,1.8
End25 Sal,S,77,"Wilson, Donovan DAL S",AFC,1.8
End25 Sal,S,78,"Wingard, Andrew JAC S",AFC,1.8
End25 Sal,S,79,"Woods, Xavier TEN S",AFC,1.8
End25 Sal,S,80,"Branch, Brian DET S",AFC,1.71
End25 Sal,S,81,"Martin, Quan WAS S",NFC,1.67
End25 Sal,S,82,"Starks, Malaki BAL S",AFC,1.56
End25 Sal,S,83,"Nubin, Tyler NYG S",AFC,1.54
End25 Sal,S,84,"Emmanwori, Nick SEA S",NFC,1.46
End25 Sal,S,85,"Emmanwori, Nick SEA S",AFC,1.43
End25 Sal,S,86,"Martin, Quan WAS S",AFC,1.41
End25 Sal,S,87,"Bullard, Javon GBP S",AFC,1.31
End25 Sal,S,88,"Battle, Jordan CIN S",AFC,1.29
End25 Sal,S,89,"Starks, Malaki BAL S",NFC,1.28
End25 Sal,S,90,"Nubin, Tyler NYG S",NFC,1.25
End25 Sal,S,91,"Battle, Jordan CIN S",NFC,1.24
End25 Sal,S,92,"Bishop, Cole BUF S",NFC,1.2
End25 Sal,S,93,"Branch, Brian DET S",NFC,1.18
End25 Sal,S,94,"Bullard, Javon GBP S",NFC,1.18
End25 Sal,S,95,"Cook, Bryan KCC S",NFC,1.18
End25 Sal,S,96,"Watts, Xavier ATL S",NFC,1.17
End25 Sal,S,97,"Watts, Xavier ATL S",AFC,1.15
End25 Sal,S,98,"Bishop, Cole BUF S",AFC,1.13
End25 Sal,S,99,"Bryant, Coby SEA S",AFC,1.1
End25 Sal,S,100,"Bryant, Coby SEA S",NFC,1.1
End25 Sal,S,101,"Cross, Nick IND S",NFC,1.1
End25 Sal,S,102,"Elliott, DeShon PIT S",AFC,1.1
End25 Sal,S,103,"Fitzpatrick, Minkah MIA S",NFC,1.1
End25 Sal,S,104,"Rapp, Taylor BUF S",AFC,1.1
End25 Sal,S,105,"Smith, Harrison MIN S",NFC,1.1
End25 Sal,S,106,"Thompson, Jalen ARI S",AFC,1.1
End25 Sal,S,107,"Wilson, Donovan DAL S",NFC,1.1
End25 Sal,S,108,"Woods, Xavier TEN S",NFC,1.1
End25 Sal,S,109,"Brown, Ji'Ayir SFO S",NFC,1.06
End25 Sal,S,110,"Mukuba, Andrew PHI S",AFC,1.04
End25 Sal,S,111,"Kinchens, Kamren LAR S",NFC,1.01
End25 Sal,S,112,"Mukuba, Andrew PHI S",NFC,1.01
End25 Sal,S,113,"Belton, Dane NYG S",AFC,1
End25 Sal,S,114,"Blackmon, Julian NOS S",NFC,1
End25 Sal,S,115,"Blankenship, Reed PHI S",NFC,1
End25 Sal,S,116,"Bridges, Trikweze DAL S",AFC,1
End25 Sal,S,117,"Brown, Ji'Ayir SFO S",AFC,1
End25 Sal,S,118,"Bullock, Calen HOU S",NFC,1
End25 Sal,S,119,"Cisco, Andre NYJ S",NFC,1
End25 Sal,S,120,"Gilman, Alohi BAL S",AFC,1
End25 Sal,S,121,"Harris, Will WAS S",AFC,1
End25 Sal,S,122,"Hawkins, Jaylinn NEP S",AFC,1
End25 Sal,S,123,"Hickman, Ronnie CLE S",NFC,1
End25 Sal,S,124,"Hicks, Jaden KCC S",NFC,1
End25 Sal,S,125,"Jefferson, Tony LAC S",AFC,1
End25 Sal,S,126,"Jefferson, Tony LAC S",NFC,1
End25 Sal,S,127,"Lane, Rayuan JAC S",NFC,1
End25 Sal,S,128,"Mickens, R.J. LAC S",AFC,1
End25 Sal,S,129,"Mickens, R.J. LAC S",NFC,1
End25 Sal,S,130,"Molden, Elijah LAC S",NFC,1
End25 Sal,S,131,"Murray, Eric JAC S",NFC,1
End25 Sal,S,132,"Murray, Eric JAC S",AFC,1
End25 Sal,S,133,"Poyer, Jordan BUF S",NFC,1
End25 Sal,S,134,"Scott, Nick CAR S",NFC,1
End25 Sal,S,135,"Taylor-Demerson, Dadrion ARI S",NFC,1
End25 Sal,S,136,"Trader, Dante MIA S",NFC,1
End25 Sal,S,137,"Ward, Jimmie HOU S",NFC,1
End25 Sal,S,138,"Ward, Jimmie HOU S",AFC,1
End25 Sal,S,139,"Washington, Ar'Darius BAL S",AFC,1
End25 Sal,S,140,"Wingard, Andrew JAC S",NFC,1
End25 Sal,S,141,"Kinchens, Kamren LAR S",AFC,0.99
End25 Sal,S,142,"Bullock, Calen HOU S",AFC,0.98
End25 Sal,S,143,"Johnson, Antonio JAC S",AFC,0.98
End25 Sal,S,144,"Taylor-Demerson, Dadrion ARI S",AFC,0.98
End25 Sal,S,145,"Winston, Kevin TEN S",AFC,0.95
End25 Sal,S,146,"Mustapha, Malik SFO S",NFC,0.94
End25 Sal,S,147,"Williams, Evan GBP S",AFC,0.94
End25 Sal,S,148,"Winston, Kevin TEN S",NFC,0.94
End25 Sal,S,149,"Woodson, Craig NEP S",AFC,0.94
End25 Sal,S,150,"Bowman, Billy ATL S",NFC,0.93
End25 Sal,S,151,"Sanker, Jonas NOS S",AFC,0.93
End25 Sal,S,152,"Bowman, Billy ATL S",AFC,0.9
End25 Sal,S,153,"Jackson, Dan DET S",AFC,0.9
End25 Sal,S,154,"Moore, Malachi NYJ S",AFC,0.9
End25 Sal,S,155,"Moore, Malachi NYJ S",NFC,0.9
End25 Sal,S,156,"Ransaw, Caleb JAC S",NFC,0.9
End25 Sal,S,157,"Ransaw, Caleb JAC S",AFC,0.9
End25 Sal,S,158,"Ransom, Lathan CAR S",NFC,0.9
End25 Sal,S,159,"Ransom, Lathan CAR S",AFC,0.9
End25 Sal,S,160,"Sanker, Jonas NOS S",NFC,0.9
End25 Sal,S,161,"Woodson, Craig NEP S",NFC,0.9
Jul1 Sal,QB,-1,NA,NA,43.44
Jul1 Sal,QB,0,NA,NA,43.29
Jul1 Sal,QB,1,"Jackson, Lamar BAL QB",AFC,43.14
Jul1 Sal,QB,2,"Allen, Josh BUF QB",AFC,41.7
Jul1 Sal,QB,3,"Mahomes, Patrick KCC QB",NFC,41.48
Jul1 Sal,QB,4,"Hurts, Jalen PHI QB",AFC,41.47
Jul1 Sal,QB,5,"Mahomes, Patrick KCC QB",AFC,41.47
Jul1 Sal,QB,6,"Prescott, Dak DAL QB",AFC,40.93
Jul1 Sal,QB,7,"Jackson, Lamar BAL QB",NFC,37.58
Jul1 Sal,QB,8,"Purdy, Brock SFO QB",AFC,37.58
Jul1 Sal,QB,9,"Purdy, Brock SFO QB",NFC,32.78
Jul1 Sal,QB,10,"Burrow, Joe CIN QB",AFC,27.27
Jul1 Sal,QB,11,"Allen, Josh BUF QB",NFC,27.24
Jul1 Sal,QB,12,"Goff, Jared DET QB",AFC,26.98
Jul1 Sal,QB,13,"Burrow, Joe CIN QB",NFC,26.97
Jul1 Sal,QB,14,"Hurts, Jalen PHI QB",NFC,25.87
Jul1 Sal,QB,15,"Prescott, Dak DAL QB",NFC,25.5
Jul1 Sal,QB,16,"Darnold, Sam SEA QB",NFC,24.98
Jul1 Sal,QB,17,"Murray, Kyler MIN QB",NFC,24.4
Jul1 Sal,QB,18,"Mayfield, Baker TBB QB",AFC,22.96
Jul1 Sal,QB,19,"Goff, Jared DET QB",NFC,20.57
Jul1 Sal,QB,20,"Tagovailoa, Tua ATL QB",AFC,20.49
Jul1 Sal,QB,21,"Lawrence, Trevor JAC QB",NFC,18.84
Jul1 Sal,QB,22,"Herbert, Justin LAC QB",NFC,16.65
Jul1 Sal,QB,23,"Herbert, Justin LAC QB",AFC,15.59
Jul1 Sal,QB,24,"Lawrence, Trevor JAC QB",AFC,14.95
Jul1 Sal,QB,25,"Mayfield, Baker TBB QB",NFC,14.88
Jul1 Sal,QB,26,"Stafford, Matthew LAR QB",NFC,14.18
Jul1 Sal,QB,27,"Darnold, Sam SEA QB",AFC,13.95
Jul1 Sal,QB,28,"Murray, Kyler MIN QB",AFC,13.5
Jul1 Sal,QB,29,"Brissett, Jacoby ARI QB",NFC,12.66
Jul1 Sal,QB,30,"Jones, Daniel IND QB",NFC,11.88
Jul1 Sal,QB,31,"Mendoza, Fernando LVR QB",NFC,11.67
Jul1 Sal,QB,32,"Love, Jordan GBP QB",NFC,11.53
Jul1 Sal,QB,33,"Love, Jordan GBP QB",AFC,11.5
Jul1 Sal,QB,34,"Richardson, Anthony IND QB",NFC,10.93
Jul1 Sal,QB,35,"Fields, Justin KCC QB",NFC,10.71
Jul1 Sal,QB,36,"Stafford, Matthew LAR QB",AFC,10.66
Jul1 Sal,QB,37,"Willis, Malik MIA QB",AFC,10.1
Jul1 Sal,QB,38,"Williams, Caleb CHI QB",AFC,9.67
Jul1 Sal,QB,39,"Richardson, Anthony IND QB",AFC,9.22
Jul1 Sal,QB,40,"Rodgers, Aaron PIT QB",NFC,8.7
Jul1 Sal,QB,41,"Smith, Geno NYJ QB",NFC,8.36
Jul1 Sal,QB,42,"Williams, Caleb CHI QB",NFC,8.15
Jul1 Sal,QB,43,"Willis, Malik MIA QB",NFC,8
Jul1 Sal,QB,44,"Young, Bryce CAR QB",AFC,7.93
Jul1 Sal,QB,45,"Mendoza, Fernando LVR QB",AFC,7.14
Jul1 Sal,QB,46,"Stroud, C.J. HOU QB",NFC,6.9
Jul1 Sal,QB,47,"Ward, Cam TEN QB",AFC,6.72
Jul1 Sal,QB,48,"Jones, Daniel IND QB",AFC,6.38
Jul1 Sal,QB,49,"Young, Bryce CAR QB",NFC,6.09
Jul1 Sal,QB,50,"Ward, Cam TEN QB",NFC,5.92
Jul1 Sal,QB,51,"Cousins, Kirk LVR QB",AFC,5.1
Jul1 Sal,QB,52,"Brissett, Jacoby ARI QB",AFC,5
Jul1 Sal,QB,53,"Daniels, Jayden WAS QB",AFC,4.87
Jul1 Sal,QB,54,"McCarthy, J.J. MIN QB",NFC,4.87
Jul1 Sal,QB,55,"Smith, Geno NYJ QB",AFC,4.7
Jul1 Sal,QB,56,"McCarthy, J.J. MIN QB",AFC,4.42
Jul1 Sal,QB,57,"Maye, Drake NEP QB",NFC,4.04
Jul1 Sal,QB,58,"Daniels, Jayden WAS QB",NFC,3.72
Jul1 Sal,QB,59,"Cousins, Kirk LVR QB",NFC,3.6
Jul1 Sal,QB,60,"Stroud, C.J. HOU QB",AFC,3.3
Jul1 Sal,QB,61,"Maye, Drake NEP QB",AFC,3.22
Jul1 Sal,QB,62,"Levis, Will TEN QB",AFC,2.93
Jul1 Sal,QB,63,"Simpson, Ty LAR QB",NFC,2.91
Jul1 Sal,QB,64,"Penix Jr., Michael ATL QB",NFC,2.86
Jul1 Sal,QB,65,"Simpson, Ty LAR QB",AFC,2.39
Jul1 Sal,QB,66,"Dart, Jaxson NYG QB",NFC,2.35
Jul1 Sal,QB,67,"Dart, Jaxson NYG QB",AFC,2.35
Jul1 Sal,QB,68,"Shough, Tyler NOS QB",AFC,2.25
Jul1 Sal,QB,69,"Rodgers, Aaron PIT QB",AFC,2.2
Jul1 Sal,QB,70,"Tagovailoa, Tua ATL QB",NFC,2.2
Jul1 Sal,QB,71,"Jones, Mac SFO QB",AFC,2.01
Jul1 Sal,QB,72,"Jones, Mac SFO QB",NFC,2
Jul1 Sal,QB,73,"Winston, Jameis NYG QB",AFC,2
Jul1 Sal,QB,74,"Fields, Justin KCC QB",AFC,1.9
Jul1 Sal,QB,75,"Nix, Bo DEN QB",AFC,1.81
Jul1 Sal,QB,76,"Nix, Bo DEN QB",NFC,1.69
Jul1 Sal,QB,77,"Penix Jr., Michael ATL QB",AFC,1.62
Jul1 Sal,QB,78,"Shough, Tyler NOS QB",NFC,1.35
Jul1 Sal,QB,79,"Milroe, Jalen SEA QB",AFC,1.29
Jul1 Sal,QB,80,"Sanders, Shedeur CLE QB",AFC,1.24
Jul1 Sal,QB,81,"Milroe, Jalen SEA QB",NFC,1.23
Jul1 Sal,QB,82,"O'Connell, Aidan LVR QB",AFC,1.21
Jul1 Sal,QB,83,"Allar, Drew PIT QB",AFC,1.18
Jul1 Sal,QB,84,"Sanders, Shedeur CLE QB",NFC,1.17
Jul1 Sal,QB,85,"Beck, Carson ARI QB",AFC,1.13
Jul1 Sal,QB,86,"Bagent, Tyson CHI QB",NFC,1.1
Jul1 Sal,QB,87,"Bridgewater, Teddy DET QB",AFC,1.1
Jul1 Sal,QB,88,"Cook, Brady NYJ QB",NFC,1.1
Jul1 Sal,QB,89,"Dalton, Andy PHI QB",NFC,1.1
Jul1 Sal,QB,90,"Ewers, Quinn MIA QB",NFC,1.1
Jul1 Sal,QB,91,"Flacco, Joe CIN QB",NFC,1.1
Jul1 Sal,QB,92,"Garoppolo, Jimmy LAR QB",AFC,1.1
Jul1 Sal,QB,93,"Huntley, Tyler BAL QB",NFC,1.1
Jul1 Sal,QB,94,"Lance, Trey LAC QB",NFC,1.1
Jul1 Sal,QB,95,"Leonard, Riley IND QB",AFC,1.1
Jul1 Sal,QB,96,"Levis, Will TEN QB",NFC,1.1
Jul1 Sal,QB,97,"Mariota, Marcus WAS QB",NFC,1.1
Jul1 Sal,QB,98,"McKee, Tanner PHI QB",NFC,1.1
Jul1 Sal,QB,99,"Mills, Davis HOU QB",NFC,1.1
Jul1 Sal,QB,100,"Milton, Joe DAL QB",NFC,1.1
Jul1 Sal,QB,101,"Milton, Joe DAL QB",AFC,1.1
Jul1 Sal,QB,102,"Minshew, Gardner ARI QB",NFC,1.1
Jul1 Sal,QB,103,"Minshew, Gardner ARI QB",AFC,1.1
Jul1 Sal,QB,104,"Rattler, Spencer NOS QB",NFC,1.1
Jul1 Sal,QB,105,"Watson, Deshaun CLE QB",NFC,1.1
Jul1 Sal,QB,106,"Watson, Deshaun CLE QB",AFC,1.1
Jul1 Sal,QB,107,"Wentz, Carson MIN QB",AFC,1.1
Jul1 Sal,QB,108,"Winston, Jameis NYG QB",NFC,1.1
Jul1 Sal,QB,109,"Howard, Will PIT QB",AFC,1.08
Jul1 Sal,QB,110,"Rattler, Spencer NOS QB",AFC,1.08
Jul1 Sal,QB,111,"Gabriel, Dillon CLE QB",NFC,1.07
Jul1 Sal,QB,112,"Beck, Carson ARI QB",NFC,1.06
Jul1 Sal,QB,113,"Gabriel, Dillon CLE QB",AFC,1.06
Jul1 Sal,QB,114,"Howard, Will PIT QB",NFC,1.06
Jul1 Sal,QB,115,"Klubnik, Cade NYJ QB",NFC,1.03
Jul1 Sal,QB,116,"Allar, Drew PIT QB",NFC,1.01
Jul1 Sal,QB,117,"Leonard, Riley IND QB",NFC,0.99
Jul1 Sal,QB,118,"Green, Taylen CLE QB",AFC,0.98
Jul1 Sal,QB,119,"Klubnik, Cade NYJ QB",AFC,0.98
Jul1 Sal,QB,120,"Payton, Cole PHI QB",AFC,0.98
Jul1 Sal,QB,121,"Green, Taylen CLE QB",NFC,0.94
Jul1 Sal,QB,122,"King, Haynes CAR QB",NFC,0.94
Jul1 Sal,QB,123,"Morton, Behren NEP QB",AFC,0.94
Jul1 Sal,QB,124,"Nussmeier, Garrett KCC QB",NFC,0.94
Jul1 Sal,QB,125,"Nussmeier, Garrett KCC QB",AFC,0.94
Jul1 Sal,QB,126,"Pavia, Diego BAL QB",NFC,0.94
Jul1 Sal,QB,127,"Payton, Cole PHI QB",NFC,0.94
Jul1 Sal,RB,-1,NA,NA,34.03
Jul1 Sal,RB,0,NA,NA,33.57
Jul1 Sal,RB,1,"Barkley, Saquon PHI RB",AFC,33.1
Jul1 Sal,RB,2,"Barkley, Saquon PHI RB",NFC,31.35
Jul1 Sal,RB,3,"Williams, Javonte DAL RB",AFC,31.1
Jul1 Sal,RB,4,"Williams, Kyren LAR RB",AFC,30.2
Jul1 Sal,RB,5,"McCaffrey, Christian SFO RB",NFC,30
Jul1 Sal,RB,6,"Henry, Derrick BAL RB",NFC,22.8
Jul1 Sal,RB,7,"Jacobs, Josh GBP RB",NFC,21.2
Jul1 Sal,RB,8,"Henry, Derrick BAL RB",AFC,20.33
Jul1 Sal,RB,9,"Taylor, Jonathan IND RB",NFC,19.36
Jul1 Sal,RB,10,"Taylor, Jonathan IND RB",AFC,18.67
Jul1 Sal,RB,11,"Montgomery, David HOU RB",NFC,17.1
Jul1 Sal,RB,12,"Montgomery, David HOU RB",AFC,17.03
Jul1 Sal,RB,13,"Cook, James BUF RB",AFC,16.87
Jul1 Sal,RB,14,"Kamara, Alvin NOS RB",NFC,16.72
Jul1 Sal,RB,15,"McCaffrey, Christian SFO RB",AFC,15.68
Jul1 Sal,RB,16,"Hall, Breece NYJ RB",AFC,15.12
Jul1 Sal,RB,17,"Pollard, Tony TEN RB",AFC,15.1
Jul1 Sal,RB,18,"Etienne, Travis NOS RB",AFC,14.48
Jul1 Sal,RB,19,"Jacobs, Josh GBP RB",AFC,14.27
Jul1 Sal,RB,20,"Cook, James BUF RB",NFC,13.73
Jul1 Sal,RB,21,"Swift, D'Andre CHI RB",NFC,13.07
Jul1 Sal,RB,22,"Williams, Javonte DAL RB",NFC,12.42
Jul1 Sal,RB,23,"Love, Jeremiyah ARI RB",AFC,11.67
Jul1 Sal,RB,24,"Hall, Breece NYJ RB",NFC,11.3
Jul1 Sal,RB,25,"Walker III, Kenneth KCC RB",AFC,10.99
Jul1 Sal,RB,26,"Robinson, Bijan ATL RB",AFC,10.93
Jul1 Sal,RB,27,"Jeanty, Ashton LVR RB",NFC,10.8
Jul1 Sal,RB,28,"Jeanty, Ashton LVR RB",AFC,10.8
Jul1 Sal,RB,29,"Walker III, Kenneth KCC RB",NFC,10.8
Jul1 Sal,RB,30,"Dobbins, J.K. DEN RB",AFC,10.08
Jul1 Sal,RB,31,"Jones, Aaron MIN RB",AFC,10
Jul1 Sal,RB,32,"Warren, Jaylen PIT RB",NFC,9.99
Jul1 Sal,RB,33,"Love, Jeremiyah ARI RB",NFC,9.73
Jul1 Sal,RB,34,"Brown, Chase CIN RB",AFC,9.71
Jul1 Sal,RB,35,"Gainwell, Kenneth TBB RB",AFC,9.6
Jul1 Sal,RB,36,"Robinson, Bijan ATL RB",NFC,9.22
Jul1 Sal,RB,37,"Hubbard, Chuba CAR RB",AFC,9.12
Jul1 Sal,RB,38,"Hampton, Omarion LAC RB",NFC,9.05
Jul1 Sal,RB,39,"Mason, Jordan MIN RB",NFC,8.36
Jul1 Sal,RB,40,"Price, Jadarian SEA RB",AFC,8.26
Jul1 Sal,RB,41,"Williams, Kyren LAR RB",NFC,8.21
Jul1 Sal,RB,42,"Pollard, Tony TEN RB",NFC,8.15
Jul1 Sal,RB,43,"Gibbs, Jahmyr DET RB",NFC,7.93
Jul1 Sal,RB,44,"Dobbins, J.K. DEN RB",NFC,7.45
Jul1 Sal,RB,45,"Etienne, Travis NOS RB",NFC,7.32
Jul1 Sal,RB,46,"Gibbs, Jahmyr DET RB",AFC,6.9
Jul1 Sal,RB,47,"Swift, D'Andre CHI RB",AFC,6.56
Jul1 Sal,RB,48,"Hubbard, Chuba CAR RB",NFC,6.2
Jul1 Sal,RB,49,"Mitchell, Keaton LAC RB",NFC,6.05
Jul1 Sal,RB,50,"Hampton, Omarion LAC RB",AFC,5.92
Jul1 Sal,RB,51,"Pacheco, Isiah DET RB",NFC,5.88
Jul1 Sal,RB,52,"Robinson, Brian ATL RB",NFC,5.88
Jul1 Sal,RB,53,"Achane, De'Von MIA RB",NFC,5.81
Jul1 Sal,RB,54,"Achane, De'Von MIA RB",AFC,5.81
Jul1 Sal,RB,55,"Dowdle, Rico PIT RB",AFC,5.77
Jul1 Sal,RB,56,"Pacheco, Isiah DET RB",AFC,5.3
Jul1 Sal,RB,57,"Henderson, TreVeyon NEP RB",NFC,5.28
Jul1 Sal,RB,58,"Judkins, Quinshon CLE RB",AFC,5.28
Jul1 Sal,RB,59,"Stevenson, Rhamondre NEP RB",NFC,5.28
Jul1 Sal,RB,60,"Rodriguez, Chris JAC RB",AFC,5
Jul1 Sal,RB,61,"Price, Jadarian SEA RB",NFC,4.99
Jul1 Sal,RB,62,"Henderson, TreVeyon NEP RB",AFC,4.75
Jul1 Sal,RB,63,"Judkins, Quinshon CLE RB",NFC,4.75
Jul1 Sal,RB,64,"Dowdle, Rico PIT RB",NFC,4.7
Jul1 Sal,RB,65,"Stevenson, Rhamondre NEP RB",AFC,4.58
Jul1 Sal,RB,66,"Allgeier, Tyler ARI RB",AFC,4.37
Jul1 Sal,RB,67,"Gainwell, Kenneth TBB RB",NFC,4.28
Jul1 Sal,RB,68,"Harris, Najee FA RB",AFC,4.16
Jul1 Sal,RB,69,"Warren, Jaylen PIT RB",AFC,4.11
Jul1 Sal,RB,70,"White, Rachaad WAS RB",NFC,3.75
Jul1 Sal,RB,71,"Conner, James ARI RB",AFC,3.69
Jul1 Sal,RB,72,"Bigsby, Tank PHI RB",NFC,3.67
Jul1 Sal,RB,73,"Tucker, Sean TBB RB",NFC,3.67
Jul1 Sal,RB,74,"Mason, Jordan MIN RB",AFC,3.52
Jul1 Sal,RB,75,"Tucker, Sean TBB RB",AFC,3.52
Jul1 Sal,RB,76,"Wilson, Emanuel SEA RB",NFC,3.5
Jul1 Sal,RB,77,"Johnson, Kaleb PIT RB",NFC,3.41
Jul1 Sal,RB,78,"Jones, Aaron MIN RB",NFC,3.3
Jul1 Sal,RB,79,"Brooks, Jonathon CAR RB",AFC,2.86
Jul1 Sal,RB,80,"White, Rachaad WAS RB",AFC,2.85
Jul1 Sal,RB,81,"Brooks, Jonathon CAR RB",NFC,2.71
Jul1 Sal,RB,82,"Harvey, RJ DEN RB",NFC,2.7
Jul1 Sal,RB,83,"Charbonnet, Zach SEA RB",AFC,2.65
Jul1 Sal,RB,84,"Harvey, RJ DEN RB",AFC,2.56
Jul1 Sal,RB,85,"Charbonnet, Zach SEA RB",NFC,2.54
Jul1 Sal,RB,86,"Benson, Trey ARI RB",NFC,2.46
Jul1 Sal,RB,87,"Johnson, Kaleb PIT RB",AFC,2.45
Jul1 Sal,RB,88,"Miller, Kendre NOS RB",NFC,2.34
Jul1 Sal,RB,89,"Vidal, Kimani LAC RB",AFC,2.3
Jul1 Sal,RB,90,"Kamara, Alvin NOS RB",AFC,2.1
Jul1 Sal,RB,91,"Miller, Kendre NOS RB",AFC,2.1
Jul1 Sal,RB,92,"Allen, LeQuint JAC RB",NFC,2
Jul1 Sal,RB,93,"Allgeier, Tyler ARI RB",NFC,2
Jul1 Sal,RB,94,"Conner, James ARI RB",NFC,2
Jul1 Sal,RB,95,"Mitchell, Keaton LAC RB",AFC,2
Jul1 Sal,RB,96,"Robinson, Brian ATL RB",AFC,2
Jul1 Sal,RB,97,"Vidal, Kimani LAC RB",NFC,2
Jul1 Sal,RB,98,"Wilson, Emanuel SEA RB",AFC,2
Jul1 Sal,RB,99,"Benson, Trey ARI RB",AFC,1.98
Jul1 Sal,RB,100,"Skattebo, Cam NYG RB",NFC,1.86
Jul1 Sal,RB,101,"Coleman, Jonah DEN RB",NFC,1.81
Jul1 Sal,RB,102,"Tuten, Bhayshul JAC RB",NFC,1.8
Jul1 Sal,RB,103,"Coleman, Jonah DEN RB",AFC,1.76
Jul1 Sal,RB,104,"Wright, Jaylen MIA RB",NFC,1.73
Jul1 Sal,RB,105,"Skattebo, Cam NYG RB",AFC,1.67
Jul1 Sal,RB,106,"Sampson, Dylan CLE RB",AFC,1.61
Jul1 Sal,RB,107,"Demercado, Emari KCC RB",AFC,1.6
Jul1 Sal,RB,108,"Claiborne, Demond MIN RB",NFC,1.59
Jul1 Sal,RB,109,"Tuten, Bhayshul JAC RB",AFC,1.51
Jul1 Sal,RB,110,"Blue, Jaydon DAL RB",NFC,1.49
Jul1 Sal,RB,111,"Corum, Blake LAR RB",NFC,1.49
Jul1 Sal,RB,112,"Spears, Tyjae TEN RB",NFC,1.47
Jul1 Sal,RB,113,"Singleton, Nicholas TEN RB",NFC,1.46
Jul1 Sal,RB,114,"Spears, Tyjae TEN RB",AFC,1.46
Jul1 Sal,RB,115,"Lloyd, MarShawn GBP RB",NFC,1.42
Jul1 Sal,RB,116,"Wright, Jaylen MIA RB",AFC,1.42
Jul1 Sal,RB,117,"Corum, Blake LAR RB",AFC,1.39
Jul1 Sal,RB,118,"Lloyd, MarShawn GBP RB",AFC,1.38
Jul1 Sal,RB,119,"Bigsby, Tank PHI RB",AFC,1.36
Jul1 Sal,RB,120,"Johnson, Roschon CHI RB",AFC,1.35
Jul1 Sal,RB,121,"Allen, Braelon NYJ RB",AFC,1.33
Jul1 Sal,RB,122,"Brown, Chase CIN RB",NFC,1.33
Jul1 Sal,RB,123,"Davis, Ray BUF RB",AFC,1.32
Jul1 Sal,RB,124,"Allen, Braelon NYJ RB",NFC,1.25
Jul1 Sal,RB,125,"Blue, Jaydon DAL RB",AFC,1.22
Jul1 Sal,RB,126,"Sampson, Dylan CLE RB",NFC,1.22
Jul1 Sal,RB,127,"Marks, Woody HOU RB",NFC,1.2
Jul1 Sal,RB,128,"Singletary, Devin NYG RB",AFC,1.2
Jul1 Sal,RB,129,"Johnson, Emmett KCC RB",AFC,1.19
Jul1 Sal,RB,130,"Allen, Kaytron WAS RB",NFC,1.18
Jul1 Sal,RB,131,"Davis, Ray BUF RB",NFC,1.18
Jul1 Sal,RB,132,"Irving, Bucky TBB RB",NFC,1.17
Jul1 Sal,RB,133,"Claiborne, Demond MIN RB",AFC,1.15
Jul1 Sal,RB,134,"Etienne, Trevor CAR RB",AFC,1.14
Jul1 Sal,RB,135,"James, Jordan SFO RB",NFC,1.14
Jul1 Sal,RB,136,"Johnson, Emmett KCC RB",NFC,1.14
Jul1 Sal,RB,137,"Singleton, Nicholas TEN RB",AFC,1.14
Jul1 Sal,RB,138,"Tracy, Tyrone NYG RB",AFC,1.14
Jul1 Sal,RB,139,"Guerendo, Isaac SFO RB",AFC,1.13
Jul1 Sal,RB,140,"James, Jordan SFO RB",AFC,1.13
Jul1 Sal,RB,141,"Neal, Devin NOS RB",NFC,1.12
Jul1 Sal,RB,142,"Irving, Bucky TBB RB",AFC,1.11
Jul1 Sal,RB,143,"Tracy, Tyrone NYG RB",NFC,1.11
Jul1 Sal,RB,144,"Allen, Kaytron WAS RB",AFC,1.1
Jul1 Sal,RB,145,"Allen, LeQuint JAC RB",AFC,1.1
Jul1 Sal,RB,146,"Brooks, Chris GBP RB",NFC,1.1
Jul1 Sal,RB,147,"Brooks, Chris GBP RB",AFC,1.1
Jul1 Sal,RB,148,"Chubb, Nick FA RB",NFC,1.1
Jul1 Sal,RB,149,"Davis, Isaiah NYJ RB",AFC,1.1
Jul1 Sal,RB,150,"Davis, Malik DAL RB",NFC,1.1
Jul1 Sal,RB,151,"Davis, Malik DAL RB",AFC,1.1
Jul1 Sal,RB,152,"Demercado, Emari KCC RB",NFC,1.1
Jul1 Sal,RB,153,"Estime, Audric NOS RB",NFC,1.1
Jul1 Sal,RB,154,"Ford, Jerome WAS RB",NFC,1.1
Jul1 Sal,RB,155,"Guerendo, Isaac SFO RB",NFC,1.1
Jul1 Sal,RB,156,"Hill, Justice BAL RB",NFC,1.1
Jul1 Sal,RB,157,"Hill, Justice BAL RB",AFC,1.1
Jul1 Sal,RB,158,"Holani, George SEA RB",NFC,1.1
Jul1 Sal,RB,159,"Holani, George SEA RB",AFC,1.1
Jul1 Sal,RB,160,"Hunt, Kareem FA RB",NFC,1.1
Jul1 Sal,RB,161,"Hunt, Kareem FA RB",AFC,1.1
Jul1 Sal,RB,162,"Johnson, Ty BUF RB",NFC,1.1
Jul1 Sal,RB,163,"Johnson, Ty BUF RB",AFC,1.1
Jul1 Sal,RB,164,"Knight, Bam ARI RB",NFC,1.1
Jul1 Sal,RB,165,"Laube, Dylan LVR RB",AFC,1.1
Jul1 Sal,RB,166,"Marks, Woody HOU RB",AFC,1.1
Jul1 Sal,RB,167,"McLaughlin, Jaleel DEN RB",NFC,1.1
Jul1 Sal,RB,168,"McLaughlin, Jaleel DEN RB",AFC,1.1
Jul1 Sal,RB,169,"Miller, Jam NEP RB",AFC,1.1
Jul1 Sal,RB,170,"Mixon, Joe FA RB",NFC,1.1
Jul1 Sal,RB,171,"Perine, Samaje CIN RB",NFC,1.1
Jul1 Sal,RB,172,"Perine, Samaje CIN RB",AFC,1.1
Jul1 Sal,RB,173,"Rodriguez, Chris JAC RB",NFC,1.1
Jul1 Sal,RB,174,"Singletary, Devin NYG RB",NFC,1.1
Jul1 Sal,RB,175,"Vaki, Sione DET RB",NFC,1.1
Jul1 Sal,RB,176,"Washington Jr., Mike LVR RB",NFC,1.1
Jul1 Sal,RB,177,"Shipley, Will PHI RB",NFC,1.09
Jul1 Sal,RB,178,"Giddens, DJ IND RB",NFC,1.08
Jul1 Sal,RB,179,"Neal, Devin NOS RB",AFC,1.08
Jul1 Sal,RB,180,"Smith, Brashard KCC RB",AFC,1.08
Jul1 Sal,RB,181,"Mafah, Phil DAL RB",NFC,1.07
Jul1 Sal,RB,182,"Hunter, Jarquez LAR RB",NFC,1.06
Jul1 Sal,RB,183,"Black, Kaelon SFO RB",NFC,1.04
Jul1 Sal,RB,184,"Etienne, Trevor CAR RB",NFC,1.04
Jul1 Sal,RB,185,"Gordon, Ollie MIA RB",NFC,1.04
Jul1 Sal,RB,186,"Washington Jr., Mike LVR RB",AFC,1.04
Jul1 Sal,RB,187,"Black, Kaelon SFO RB",AFC,1.03
Jul1 Sal,RB,188,"Brooks, Tahj CIN RB",NFC,1.03
Jul1 Sal,RB,189,"Giddens, DJ IND RB",AFC,1.03
Jul1 Sal,RB,190,"Hunter, Jarquez LAR RB",AFC,1.03
Jul1 Sal,RB,191,"Monangai, Kyle CHI RB",AFC,1.03
Jul1 Sal,RB,192,"Smith, Brashard KCC RB",NFC,1.03
Jul1 Sal,RB,193,"Randall, Adam BAL RB",NFC,1
Jul1 Sal,RB,194,"Brooks, Tahj CIN RB",AFC,0.99
Jul1 Sal,RB,195,"Croskey-Merritt, Jacory WAS RB",NFC,0.99
Jul1 Sal,RB,196,"Croskey-Merritt, Jacory WAS RB",AFC,0.99
Jul1 Sal,RB,197,"Gordon, Ollie MIA RB",AFC,0.99
Jul1 Sal,RB,198,"Heidenreich, Eli PIT RB",NFC,0.99
Jul1 Sal,RB,199,"Larison, Lan NEP RB",NFC,0.99
Jul1 Sal,RB,200,"Miller, Jam NEP RB",NFC,0.99
Jul1 Sal,RB,201,"Monangai, Kyle CHI RB",NFC,0.99
Jul1 Sal,RB,202,"Randall, Adam BAL RB",AFC,0.99
Jul1 Sal,RB,203,"Heidenreich, Eli PIT RB",AFC,0.94
Jul1 Sal,RB,204,"Hemby, Roman LVR RB",NFC,0.94
Jul1 Sal,RB,205,"Hemby, Roman LVR RB",AFC,0.94
Jul1 Sal,RB,206,"Henry, Robert WAS RB",NFC,0.94
Jul1 Sal,RB,207,"McGowan, Seth IND RB",NFC,0.94
Jul1 Sal,RB,208,"McGowan, Seth IND RB",AFC,0.94
Jul1 Sal,RB,209,"Ott, Jaydn KCC RB",NFC,0.94
Jul1 Sal,RB,210,"Reid, Desmond FA RB",NFC,0.94
Jul1 Sal,RB,211,"Taylor, J'Mari JAC RB",NFC,0.94
Jul1 Sal,RB,212,"Taylor, J'Mari JAC RB",AFC,0.94
Jul1 Sal,WR,-1,NA,NA,48.57
Jul1 Sal,WR,0,NA,NA,46.97
Jul1 Sal,WR,1,"Jefferson, Justin MIN WR",NFC,45.38
Jul1 Sal,WR,2,"Chase, Ja'Marr CIN WR",NFC,44.7
Jul1 Sal,WR,3,"Jefferson, Justin MIN WR",AFC,43.12
Jul1 Sal,WR,4,"Lamb, CeeDee DAL WR",NFC,41.5
Jul1 Sal,WR,5,"St. Brown, Amon-Ra DET WR",NFC,37.66
Jul1 Sal,WR,6,"Collins, Nico HOU WR",NFC,37.38
Jul1 Sal,WR,7,"Evans, Mike SFO WR",NFC,37.24
Jul1 Sal,WR,8,"St. Brown, Amon-Ra DET WR",AFC,37.05
Jul1 Sal,WR,9,"Brown, A.J. NEP WR",NFC,36.61
Jul1 Sal,WR,10,"Pickens, George DAL WR",AFC,36
Jul1 Sal,WR,11,"Smith, DeVonta PHI WR",AFC,34
Jul1 Sal,WR,12,"Pickens, George DAL WR",NFC,33.75
Jul1 Sal,WR,13,"Watson, Christian GBP WR",NFC,30.01
Jul1 Sal,WR,14,"London, Drake ATL WR",AFC,29.83
Jul1 Sal,WR,15,"Collins, Nico HOU WR",AFC,27.78
Jul1 Sal,WR,16,"Adams, Davante LAR WR",NFC,26.1
Jul1 Sal,WR,17,"Wilson, Michael ARI WR",NFC,25
Jul1 Sal,WR,18,"Sutton, Courtland DEN WR",NFC,24.97
Jul1 Sal,WR,19,"Sutton, Courtland DEN WR",AFC,24.97
Jul1 Sal,WR,20,"Evans, Mike SFO WR",AFC,24.8
Jul1 Sal,WR,21,"Williams, Jameson DET WR",NFC,24.75
Jul1 Sal,WR,22,"Lamb, CeeDee DAL WR",AFC,24.65
Jul1 Sal,WR,23,"Waddle, Jaylen DEN WR",AFC,24.02
Jul1 Sal,WR,24,"Adams, Davante LAR WR",AFC,23.96
Jul1 Sal,WR,25,"Brown, A.J. NEP WR",AFC,23.12
Jul1 Sal,WR,26,"McLaurin, Terry WAS WR",NFC,22.8
Jul1 Sal,WR,27,"Moore, D.J. BUF WR",NFC,22.26
Jul1 Sal,WR,28,"Williams, Jameson DET WR",AFC,21.34
Jul1 Sal,WR,29,"Pierce, Alec IND WR",AFC,20.69
Jul1 Sal,WR,30,"Pierce, Alec IND WR",NFC,20.65
Jul1 Sal,WR,31,"Chase, Ja'Marr CIN WR",AFC,20.61
Jul1 Sal,WR,32,"Smith, DeVonta PHI WR",NFC,20.53
Jul1 Sal,WR,33,"Robinson, Wan'Dale TEN WR",NFC,20
Jul1 Sal,WR,34,"London, Drake ATL WR",NFC,19.15
Jul1 Sal,WR,35,"Higgins, Tee CIN WR",NFC,19.09
Jul1 Sal,WR,36,"Watson, Christian GBP WR",AFC,19
Jul1 Sal,WR,37,"Waddle, Jaylen DEN WR",NFC,16.36
Jul1 Sal,WR,38,"Samuel, Deebo FA WR",NFC,15.49
Jul1 Sal,WR,39,"Higgins, Tee CIN WR",AFC,15.43
Jul1 Sal,WR,40,"Godwin, Chris TBB WR",NFC,15
Jul1 Sal,WR,41,"Pittman, Michael PIT WR",AFC,14.56
Jul1 Sal,WR,42,"Moore, D.J. BUF WR",AFC,14.42
Jul1 Sal,WR,43,"Olave, Chris NOS WR",AFC,14.15
Jul1 Sal,WR,44,"Metcalf, DK PIT WR",AFC,13.99
Jul1 Sal,WR,45,"Metcalf, DK PIT WR",NFC,13.6
Jul1 Sal,WR,46,"Ridley, Calvin TEN WR",AFC,13.31
Jul1 Sal,WR,47,"Wilson, Garrett NYJ WR",AFC,12.96
Jul1 Sal,WR,48,"Diggs, Stefon FA WR",NFC,12
Jul1 Sal,WR,49,"Washington, Parker JAC WR",NFC,12
Jul1 Sal,WR,50,"Wilson, Garrett NYJ WR",NFC,11.55
Jul1 Sal,WR,51,"McLaurin, Terry WAS WR",AFC,10.29
Jul1 Sal,WR,52,"Tate, Carnell TEN WR",AFC,9.73
Jul1 Sal,WR,53,"Harrison Jr., Marvin ARI WR",NFC,9.67
Jul1 Sal,WR,54,"Meyers, Jakobi JAC WR",AFC,9.12
Jul1 Sal,WR,55,"Godwin, Chris TBB WR",AFC,9.1
Jul1 Sal,WR,56,"Mooney, Darnell NYG WR",NFC,9.08
Jul1 Sal,WR,57,"Hunter, Travis JAC WR",AFC,9.05
Jul1 Sal,WR,58,"Pittman, Michael PIT WR",NFC,8.38
Jul1 Sal,WR,59,"Washington, Parker JAC WR",AFC,8.27
Jul1 Sal,WR,60,"Tate, Carnell TEN WR",NFC,8.26
Jul1 Sal,WR,61,"Nabers, Malik NYG WR",AFC,8.15
Jul1 Sal,WR,62,"Meyers, Jakobi JAC WR",NFC,8.12
Jul1 Sal,WR,63,"Shakir, Khalil BUF WR",NFC,7.98
Jul1 Sal,WR,64,"Hunter, Travis JAC WR",NFC,7.73
Jul1 Sal,WR,65,"McMillan, Tetairoa CAR WR",AFC,7.73
Jul1 Sal,WR,66,"Olave, Chris NOS WR",NFC,7.33
Jul1 Sal,WR,67,"Shaheed, Rashid SEA WR",AFC,7.28
Jul1 Sal,WR,68,"Aiyuk, Brandon SFO WR",NFC,7.2
Jul1 Sal,WR,69,"Lemon, Makai PHI WR",NFC,7.14
Jul1 Sal,WR,70,"Shakir, Khalil BUF WR",AFC,7.11
Jul1 Sal,WR,71,"Nabers, Malik NYG WR",NFC,7.02
Jul1 Sal,WR,72,"Robinson, Wan'Dale TEN WR",AFC,6.94
Jul1 Sal,WR,73,"McMillan, Tetairoa CAR WR",NFC,6.72
Jul1 Sal,WR,74,"Coker, Jalen CAR WR",AFC,6.65
Jul1 Sal,WR,75,"Hill, Tyreek FA WR",NFC,6.65
Jul1 Sal,WR,76,"Tyson, Jordyn NOS WR",NFC,6.27
Jul1 Sal,WR,77,"Tyson, Jordyn NOS WR",AFC,6.27
Jul1 Sal,WR,78,"Doubs, Romeo NEP WR",AFC,6.17
Jul1 Sal,WR,79,"Harrison Jr., Marvin ARI WR",AFC,6.14
Jul1 Sal,WR,80,"Odunze, Rome CHI WR",NFC,6.14
Jul1 Sal,WR,81,"Smith-Njigba, Jaxon SEA WR",AFC,6.09
Jul1 Sal,WR,82,"Diggs, Stefon FA WR",AFC,6.08
Jul1 Sal,WR,83,"Shaheed, Rashid SEA WR",NFC,5.96
Jul1 Sal,WR,84,"Nacua, Puka LAR WR",NFC,5.81
Jul1 Sal,WR,85,"Nacua, Puka LAR WR",AFC,5.81
Jul1 Sal,WR,86,"Boutte, Kayshon NEP WR",NFC,5.78
Jul1 Sal,WR,87,"Boutte, Kayshon NEP WR",AFC,5.77
Jul1 Sal,WR,88,"Tucker, Tre LVR WR",NFC,5.77
Jul1 Sal,WR,89,"Concepcion, KC CLE WR",NFC,5.56
Jul1 Sal,WR,90,"Lemon, Makai PHI WR",AFC,5.56
Jul1 Sal,WR,91,"Addison, Jordan MIN WR",AFC,5.45
Jul1 Sal,WR,92,"Smith-Njigba, Jaxon SEA WR",NFC,5.45
Jul1 Sal,WR,93,"Odunze, Rome CHI WR",AFC,5.43
Jul1 Sal,WR,94,"Worthy, Xavier KCC WR",NFC,5.43
Jul1 Sal,WR,95,"Doubs, Romeo NEP WR",NFC,5.3
Jul1 Sal,WR,96,"Coker, Jalen CAR WR",NFC,5.1
Jul1 Sal,WR,97,"Bateman, Rashod BAL WR",NFC,5
Jul1 Sal,WR,98,"Jeudy, Jerry CLE WR",AFC,5
Jul1 Sal,WR,99,"Concepcion, KC CLE WR",AFC,4.99
Jul1 Sal,WR,100,"Johnston, Quentin LAC WR",AFC,4.92
Jul1 Sal,WR,101,"Tillman, Cedric CLE WR",AFC,4.85
Jul1 Sal,WR,102,"Cooper Jr., Omar NYJ WR",NFC,4.52
Jul1 Sal,WR,103,"Johnson, Tez TBB WR",NFC,4.52
Jul1 Sal,WR,104,"Addison, Jordan MIN WR",NFC,4.48
Jul1 Sal,WR,105,"Kupp, Cooper SEA WR",AFC,4.18
Jul1 Sal,WR,106,"Johnston, Quentin LAC WR",NFC,4.1
Jul1 Sal,WR,107,"McCaffrey, Luke WAS WR",NFC,4.09
Jul1 Sal,WR,108,"Jeudy, Jerry CLE WR",NFC,4.05
Jul1 Sal,WR,109,"Worthy, Xavier KCC WR",AFC,4.04
Jul1 Sal,WR,110,"Brown, Marquise PHI WR",AFC,3.9
Jul1 Sal,WR,111,"Flowers, Zay BAL WR",NFC,3.8
Jul1 Sal,WR,112,"Wicks, Dontayvion PHI WR",NFC,3.74
Jul1 Sal,WR,113,"Thomas Jr., Brian JAC WR",AFC,3.72
Jul1 Sal,WR,114,"Rice, Rashee KCC WR",NFC,3.7
Jul1 Sal,WR,115,"Rice, Rashee KCC WR",AFC,3.7
Jul1 Sal,WR,116,"Golden, Matthew GBP WR",AFC,3.66
Jul1 Sal,WR,117,"Flowers, Zay BAL WR",AFC,3.53
Jul1 Sal,WR,118,"McConkey, Ladd LAC WR",AFC,3.45
Jul1 Sal,WR,119,"Thomas Jr., Brian JAC WR",NFC,3.45
Jul1 Sal,WR,120,"Hill, Tyreek FA WR",AFC,3.33
Jul1 Sal,WR,121,"Coleman, Keon BUF WR",NFC,3.22
Jul1 Sal,WR,122,"Egbuka, Emeka TBB WR",AFC,3.19
Jul1 Sal,WR,123,"Higgins, Jayden HOU WR",NFC,3.19
Jul1 Sal,WR,124,"Boston, Denzel CLE WR",AFC,3.08
Jul1 Sal,WR,125,"Coleman, Keon BUF WR",AFC,3.03
Jul1 Sal,WR,126,"McConkey, Ladd LAC WR",NFC,3.03
Jul1 Sal,WR,127,"Golden, Matthew GBP WR",NFC,2.99
Jul1 Sal,WR,128,"Cooper Jr., Omar NYJ WR",AFC,2.91
Jul1 Sal,WR,129,"Egbuka, Emeka TBB WR",NFC,2.84
Jul1 Sal,WR,130,"Higgins, Jayden HOU WR",AFC,2.84
Jul1 Sal,WR,131,"Pearsall, Ricky SFO WR",AFC,2.71
Jul1 Sal,WR,132,"Burden, Luther CHI WR",AFC,2.7
Jul1 Sal,WR,133,"Stribling, De'Zhaun SFO WR",AFC,2.62
Jul1 Sal,WR,134,"Legette, Xavier CAR WR",AFC,2.57
Jul1 Sal,WR,135,"Pearsall, Ricky SFO WR",NFC,2.57
Jul1 Sal,WR,136,"Burden, Luther CHI WR",NFC,2.45
Jul1 Sal,WR,137,"Thornton, Tyquan KCC WR",AFC,2.4
Jul1 Sal,WR,138,"Williams, Antonio WAS WR",NFC,2.39
Jul1 Sal,WR,139,"Aiyuk, Brandon SFO WR",AFC,2.38
Jul1 Sal,WR,140,"Legette, Xavier CAR WR",NFC,2.28
Jul1 Sal,WR,141,"Mitchell, Adonai NYJ WR",AFC,2.28
Jul1 Sal,WR,142,"Harris, Tre LAC WR",NFC,2.25
Jul1 Sal,WR,143,"Stribling, De'Zhaun SFO WR",NFC,2.2
Jul1 Sal,WR,144,"Bech, Jack LVR WR",NFC,2.18
Jul1 Sal,WR,145,"Harris, Tre LAC WR",AFC,2.18
Jul1 Sal,WR,146,"Bernard, Germie PIT WR",AFC,2.12
Jul1 Sal,WR,147,"Boston, Denzel CLE WR",NFC,2.12
Jul1 Sal,WR,148,"Bech, Jack LVR WR",AFC,2.1
Jul1 Sal,WR,149,"Mitchell, Adonai NYJ WR",NFC,2.1
Jul1 Sal,WR,150,"Ridley, Calvin TEN WR",NFC,2.1
Jul1 Sal,WR,151,"Thornton, Tyquan KCC WR",NFC,2.1
Jul1 Sal,WR,152,"Brown, Noah WAS WR",AFC,2.06
Jul1 Sal,WR,153,"Thornton, Dont'e LVR WR",AFC,2.06
Jul1 Sal,WR,154,"Fields, Malachi NYG WR",AFC,2.05
Jul1 Sal,WR,155,"Reed, Jayden GBP WR",AFC,2.05
Jul1 Sal,WR,156,"Tolbert, Jalen MIA WR",AFC,2.05
Jul1 Sal,WR,157,"Douglas, Demario NEP WR",NFC,2.01
Jul1 Sal,WR,158,"Flournoy, Ryan DAL WR",NFC,2.01
Jul1 Sal,WR,159,"Hutchinson, Xavier HOU WR",AFC,2.01
Jul1 Sal,WR,160,"Allen, Keenan FA WR",NFC,2
Jul1 Sal,WR,161,"Allen, Keenan FA WR",AFC,2
Jul1 Sal,WR,162,"Bateman, Rashod BAL WR",AFC,2
Jul1 Sal,WR,163,"Bourne, Kendrick ARI WR",NFC,2
Jul1 Sal,WR,164,"Brown, Marquise PHI WR",NFC,2
Jul1 Sal,WR,165,"Douglas, Demario NEP WR",AFC,2
Jul1 Sal,WR,166,"Flournoy, Ryan DAL WR",AFC,2
Jul1 Sal,WR,167,"Hollins, Mack NEP WR",NFC,2
Jul1 Sal,WR,168,"Iosivas, Andrei CIN WR",NFC,2
Jul1 Sal,WR,169,"Jennings, Jauan MIN WR",NFC,2
Jul1 Sal,WR,170,"Jennings, Jauan MIN WR",AFC,2
Jul1 Sal,WR,171,"Kirk, Christian SFO WR",NFC,2
Jul1 Sal,WR,172,"Kirk, Christian SFO WR",AFC,2
Jul1 Sal,WR,173,"Kupp, Cooper SEA WR",NFC,2
Jul1 Sal,WR,174,"Mooney, Darnell NYG WR",AFC,2
Jul1 Sal,WR,175,"Palmer, Joshua BUF WR",NFC,2
Jul1 Sal,WR,176,"Samuel, Deebo FA WR",AFC,2
Jul1 Sal,WR,177,"Slayton, Darius NYG WR",NFC,2
Jul1 Sal,WR,178,"Tolbert, Jalen MIA WR",NFC,2
Jul1 Sal,WR,179,"Downs, Josh IND WR",NFC,1.98
Jul1 Sal,WR,180,"Williams, Kyle NEP WR",NFC,1.97
Jul1 Sal,WR,181,"Wilson, Roman PIT WR",AFC,1.93
Jul1 Sal,WR,182,"Bernard, Germie PIT WR",NFC,1.92
Jul1 Sal,WR,183,"Williams, Antonio WAS WR",AFC,1.81
Jul1 Sal,WR,184,"Wilson, Roman PIT WR",NFC,1.81
Jul1 Sal,WR,185,"Mims, Marvin DEN WR",NFC,1.8
Jul1 Sal,WR,186,"Bell, Chris MIA WR",NFC,1.76
Jul1 Sal,WR,187,"Reed, Jayden GBP WR",NFC,1.75
Jul1 Sal,WR,188,"Bell, Chris MIA WR",AFC,1.71
Jul1 Sal,WR,189,"Fields, Malachi NYG WR",NFC,1.67
Jul1 Sal,WR,190,"Downs, Josh IND WR",AFC,1.57
Jul1 Sal,WR,191,"Brazzell II, Chris CAR WR",NFC,1.56
Jul1 Sal,WR,192,"Franklin, Troy DEN WR",NFC,1.52
Jul1 Sal,WR,193,"Franklin, Troy DEN WR",AFC,1.52
Jul1 Sal,WR,194,"Dell, Tank HOU WR",AFC,1.5
Jul1 Sal,WR,195,"Williams, Kyle NEP WR",AFC,1.49
Jul1 Sal,WR,196,"Noel, Jaylin HOU WR",NFC,1.46
Jul1 Sal,WR,197,"Tillman, Cedric CLE WR",NFC,1.46
Jul1 Sal,WR,198,"Hurst, Ted TBB WR",NFC,1.39
Jul1 Sal,WR,199,"Mims, Marvin DEN WR",AFC,1.38
Jul1 Sal,WR,200,"Noel, Jaylin HOU WR",AFC,1.38
Jul1 Sal,WR,201,"McMillan, Jalen TBB WR",NFC,1.36
Jul1 Sal,WR,202,"Sarratt, Elijah BAL WR",NFC,1.36
Jul1 Sal,WR,203,"Dell, Tank HOU WR",NFC,1.35
Jul1 Sal,WR,204,"Branch, Zachariah ATL WR",NFC,1.34
Jul1 Sal,WR,205,"TeSlaa, Isaac DET WR",NFC,1.33
Jul1 Sal,WR,206,"Brazzell II, Chris CAR WR",AFC,1.3
Jul1 Sal,WR,207,"Branch, Zachariah ATL WR",AFC,1.26
Jul1 Sal,WR,208,"Bell, Skyler BUF WR",NFC,1.25
Jul1 Sal,WR,209,"Royals, Jalen KCC WR",NFC,1.24
Jul1 Sal,WR,210,"Bell, Skyler BUF WR",AFC,1.23
Jul1 Sal,WR,211,"Cowing, Jacob SFO WR",AFC,1.22
Jul1 Sal,WR,212,"Douglas, Caleb MIA WR",NFC,1.22
Jul1 Sal,WR,213,"Ayomanor, Elic TEN WR",NFC,1.21
Jul1 Sal,WR,214,"Royals, Jalen KCC WR",AFC,1.2
Jul1 Sal,WR,215,"Bryant, Pat DEN WR",NFC,1.19
Jul1 Sal,WR,216,"McMillan, Jalen TBB WR",AFC,1.19
Jul1 Sal,WR,217,"Ayomanor, Elic TEN WR",AFC,1.17
Jul1 Sal,WR,218,"Hurst, Ted TBB WR",AFC,1.17
Jul1 Sal,WR,219,"Iosivas, Andrei CIN WR",AFC,1.17
Jul1 Sal,WR,220,"McCaffrey, Luke WAS WR",AFC,1.14
Jul1 Sal,WR,221,"Wilson, Michael ARI WR",AFC,1.14
Jul1 Sal,WR,222,"Horton, Tory SEA WR",AFC,1.12
Jul1 Sal,WR,223,"Thompson, Brenen LAC WR",AFC,1.12
Jul1 Sal,WR,224,"Horton, Tory SEA WR",NFC,1.11
Jul1 Sal,WR,225,"Lane, Ja'Kobi BAL WR",NFC,1.11
Jul1 Sal,WR,226,"TeSlaa, Isaac DET WR",AFC,1.11
Jul1 Sal,WR,227,"Atwell, Tutu MIA WR",NFC,1.1
Jul1 Sal,WR,228,"Atwell, Tutu MIA WR",AFC,1.1
Jul1 Sal,WR,229,"Austin III, Calvin NYG WR",NFC,1.1
Jul1 Sal,WR,230,"Bourne, Kendrick ARI WR",AFC,1.1
Jul1 Sal,WR,231,"Brown, Dyami WAS WR",NFC,1.1
Jul1 Sal,WR,232,"Brown, Noah WAS WR",NFC,1.1
Jul1 Sal,WR,233,"Burks, Treylon WAS WR",NFC,1.1
Jul1 Sal,WR,234,"Chism, Efton NEP WR",NFC,1.1
Jul1 Sal,WR,235,"Collins, Beaux NYG WR",NFC,1.1
Jul1 Sal,WR,236,"Dike, Chimere TEN WR",NFC,1.1
Jul1 Sal,WR,237,"Dortch, Greg DET WR",NFC,1.1
Jul1 Sal,WR,238,"Dotson, Jahan ATL WR",NFC,1.1
Jul1 Sal,WR,239,"Dotson, Jahan ATL WR",AFC,1.1
Jul1 Sal,WR,240,"Hollins, Mack NEP WR",AFC,1.1
Jul1 Sal,WR,241,"Hutchinson, Xavier HOU WR",NFC,1.1
Jul1 Sal,WR,242,"Johnson, Tez TBB WR",AFC,1.1
Jul1 Sal,WR,243,"Lane, Jaylin WAS WR",AFC,1.1
Jul1 Sal,WR,244,"Metchie, John CAR WR",AFC,1.1
Jul1 Sal,WR,245,"Nailor, Jalen LVR WR",NFC,1.1
Jul1 Sal,WR,246,"Nailor, Jalen LVR WR",AFC,1.1
Jul1 Sal,WR,247,"Palmer, Joshua BUF WR",AFC,1.1
Jul1 Sal,WR,248,"Polk, Ja'Lynn NOS WR",AFC,1.1
Jul1 Sal,WR,249,"Raymond, Kalif CHI WR",NFC,1.1
Jul1 Sal,WR,250,"Raymond, Kalif CHI WR",AFC,1.1
Jul1 Sal,WR,251,"Restrepo, Xavier TEN WR",AFC,1.1
Jul1 Sal,WR,252,"Robinson, Demarcus SFO WR",AFC,1.1
Jul1 Sal,WR,253,"Slayton, Darius NYG WR",AFC,1.1
Jul1 Sal,WR,254,"Smith, Xavier LAR WR",NFC,1.1
Jul1 Sal,WR,255,"Tucker, Tre LVR WR",AFC,1.1
Jul1 Sal,WR,256,"Turpin, KaVontae DAL WR",NFC,1.1
Jul1 Sal,WR,257,"Vele, Devaughn NOS WR",NFC,1.1
Jul1 Sal,WR,258,"Vele, Devaughn NOS WR",AFC,1.1
Jul1 Sal,WR,259,"Walker, Devontez BAL WR",NFC,1.1
Jul1 Sal,WR,260,"Walker, Jahdae CHI WR",NFC,1.1
Jul1 Sal,WR,261,"Walker, Jahdae CHI WR",AFC,1.1
Jul1 Sal,WR,262,"Washington, Malik MIA WR",AFC,1.1
Jul1 Sal,WR,263,"Watkins, Jordan SFO WR",AFC,1.1
Jul1 Sal,WR,264,"Westbrook-Ikhine, Nick IND WR",NFC,1.1
Jul1 Sal,WR,265,"Whittington, Jordan LAR WR",NFC,1.1
Jul1 Sal,WR,266,"Whittington, Jordan LAR WR",AFC,1.1
Jul1 Sal,WR,267,"Wicks, Dontayvion PHI WR",AFC,1.1
Jul1 Sal,WR,268,"Zaccheaus, Olamide ATL WR",NFC,1.1
Jul1 Sal,WR,269,"Bryant, Pat DEN WR",AFC,1.09
Jul1 Sal,WR,270,"Washington, Malik MIA WR",NFC,1.09
Jul1 Sal,WR,271,"Cowing, Jacob SFO WR",NFC,1.08
Jul1 Sal,WR,272,"Williams, Savion GBP WR",NFC,1.08
Jul1 Sal,WR,273,"Douglas, Caleb MIA WR",AFC,1.07
Jul1 Sal,WR,274,"Thompson, Brenen LAC WR",NFC,1.07
Jul1 Sal,WR,275,"Dike, Chimere TEN WR",AFC,1.06
Jul1 Sal,WR,276,"Thomas, Zavion CHI WR",AFC,1.06
Jul1 Sal,WR,277,"Felton, Tai MIN WR",NFC,1.04
Jul1 Sal,WR,278,"Sarratt, Elijah BAL WR",AFC,1.03
Jul1 Sal,WR,279,"Thornton, Dont'e LVR WR",NFC,1.03
Jul1 Sal,WR,280,"Williams, Savion GBP WR",AFC,1.03
Jul1 Sal,WR,281,"Bond, Isaiah CLE WR",AFC,1.02
Jul1 Sal,WR,282,"Lance, Bryce NOS WR",NFC,1.02
Jul1 Sal,WR,283,"Lane, Ja'Kobi BAL WR",AFC,1.02
Jul1 Sal,WR,284,"Allen, Cyrus KCC WR",NFC,1
Jul1 Sal,WR,285,"Allen, Cyrus KCC WR",AFC,0.99
Jul1 Sal,WR,286,"Bond, Isaiah CLE WR",NFC,0.99
Jul1 Sal,WR,287,"Burks, Deion IND WR",NFC,0.99
Jul1 Sal,WR,288,"Horn, Jimmy CAR WR",AFC,0.99
Jul1 Sal,WR,289,"Lambert-Smith, KeAndre LAC WR",NFC,0.99
Jul1 Sal,WR,290,"Lambert-Smith, KeAndre LAC WR",AFC,0.99
Jul1 Sal,WR,291,"Lane, Jaylin WAS WR",NFC,0.99
Jul1 Sal,WR,292,"Mumpfield, Konata LAR WR",NFC,0.99
Jul1 Sal,WR,293,"Smith, Arian NYJ WR",NFC,0.99
Jul1 Sal,WR,294,"Smith, Arian NYJ WR",AFC,0.99
Jul1 Sal,WR,295,"Thomas, Zavion CHI WR",NFC,0.99
Jul1 Sal,WR,296,"Virgil, Reggie ARI WR",NFC,0.99
Jul1 Sal,WR,297,"Watkins, Jordan SFO WR",NFC,0.99
Jul1 Sal,WR,298,"Caldwell, Jeff KCC WR",NFC,0.98
Jul1 Sal,WR,299,"Daniels, CJ LAR WR",NFC,0.98
Jul1 Sal,WR,300,"Bell, Dillon MIN WR",NFC,0.94
Jul1 Sal,WR,301,"Benson, Malik LVR WR",NFC,0.94
Jul1 Sal,WR,302,"Benson, Malik LVR WR",AFC,0.94
Jul1 Sal,WR,303,"Brown, Barion NOS WR",NFC,0.94
Jul1 Sal,WR,304,"Burks, Deion IND WR",AFC,0.94
Jul1 Sal,WR,305,"Caldwell, Jeff KCC WR",AFC,0.94
Jul1 Sal,WR,306,"Cameron, Josh JAC WR",NFC,0.94
Jul1 Sal,WR,307,"Cameron, Josh JAC WR",AFC,0.94
Jul1 Sal,WR,308,"Coleman, Kevin MIA WR",NFC,0.94
Jul1 Sal,WR,309,"Coleman, Kevin MIA WR",AFC,0.94
Jul1 Sal,WR,310,"Daniels, CJ LAR WR",AFC,0.94
Jul1 Sal,WR,311,"Lance, Bryce NOS WR",AFC,0.94
Jul1 Sal,WR,312,"Law, Kendrick DET WR",NFC,0.94
Jul1 Sal,WR,313,"Montgomery, Tyren TEN WR",NFC,0.94
Jul1 Sal,WR,314,"Roberts, Chase LVR WR",AFC,0.94
Jul1 Sal,WR,315,"Smith, Anthony DAL WR",NFC,0.94
Jul1 Sal,WR,316,"Sturdivant, J Michael GBP WR",NFC,0.94
Jul1 Sal,WR,317,"Thomas, Noah CIN WR",NFC,0.94
Jul1 Sal,WR,318,"Wallace, Harrison ARI WR",NFC,0.94
Jul1 Sal,WR,319,"Wetjen, Kaden PIT WR",NFC,0.94
Jul1 Sal,WR,320,"White, Squirrel CHI WR",NFC,0.94
Jul1 Sal,WR,321,"Young, Colbie CIN WR",NFC,0.94
Jul1 Sal,WR,322,"Young, Colbie CIN WR",AFC,0.94
Jul1 Sal,TE,-1,NA,NA,24.96
Jul1 Sal,TE,0,NA,NA,23.81
Jul1 Sal,TE,1,"McBride, Trey ARI TE",NFC,22.66
Jul1 Sal,TE,2,"Kittle, George SFO TE",NFC,20
Jul1 Sal,TE,3,"Hockenson, T.J. MIN TE",AFC,18.5
Jul1 Sal,TE,4,"Kittle, George SFO TE",AFC,18.05
Jul1 Sal,TE,5,"McBride, Trey ARI TE",AFC,16.57
Jul1 Sal,TE,6,"Engram, Evan DEN TE",NFC,11.5
Jul1 Sal,TE,7,"Hockenson, T.J. MIN TE",NFC,11
Jul1 Sal,TE,8,"Pitts, Kyle ATL TE",AFC,10.07
Jul1 Sal,TE,9,"Kelce, Travis KCC TE",NFC,9.9
Jul1 Sal,TE,10,"Pitts, Kyle ATL TE",NFC,9.39
Jul1 Sal,TE,11,"Andrews, Mark BAL TE",AFC,8.57
Jul1 Sal,TE,12,"Schultz, Dalton HOU TE",NFC,8.18
Jul1 Sal,TE,13,"Johnson, Juwan NOS TE",NFC,8.11
Jul1 Sal,TE,14,"Otton, Cade TBB TE",AFC,7.35
Jul1 Sal,TE,15,"Bowers, Brock LVR TE",AFC,7.02
Jul1 Sal,TE,16,"Goedert, Dallas PHI TE",AFC,6.53
Jul1 Sal,TE,17,"Barner, AJ SEA TE",NFC,6.51
Jul1 Sal,TE,18,"Engram, Evan DEN TE",AFC,6.48
Jul1 Sal,TE,19,"Ferguson, Jake DAL TE",AFC,5.77
Jul1 Sal,TE,20,"Kmet, Cole CHI TE",NFC,5.75
Jul1 Sal,TE,21,"Ferguson, Jake DAL TE",NFC,5.2
Jul1 Sal,TE,22,"Gray, Noah KCC TE",NFC,5.2
Jul1 Sal,TE,23,"Henry, Hunter NEP TE",AFC,5.1
Jul1 Sal,TE,24,"Kelce, Travis KCC TE",AFC,5
Jul1 Sal,TE,25,"Okonkwo, Chigoziem WAS TE",NFC,4.96
Jul1 Sal,TE,26,"Kincaid, Dalton BUF TE",NFC,4.92
Jul1 Sal,TE,27,"Johnson, Juwan NOS TE",AFC,4.85
Jul1 Sal,TE,28,"Strange, Brenton JAC TE",NFC,4.6
Jul1 Sal,TE,29,"Freiermuth, Pat PIT TE",NFC,4.53
Jul1 Sal,TE,30,"Bowers, Brock LVR TE",NFC,4.42
Jul1 Sal,TE,31,"Loveland, Colston CHI TE",NFC,4.32
Jul1 Sal,TE,32,"Loveland, Colston CHI TE",AFC,4.32
Jul1 Sal,TE,33,"Likely, Isaiah NYG TE",NFC,4.26
Jul1 Sal,TE,34,"Likely, Isaiah NYG TE",AFC,4.26
Jul1 Sal,TE,35,"Sadiq, Kenyon NYJ TE",NFC,4.13
Jul1 Sal,TE,36,"Kincaid, Dalton BUF TE",AFC,4.1
Jul1 Sal,TE,37,"Schoonmaker, Luke DAL TE",NFC,4.1
Jul1 Sal,TE,38,"Sadiq, Kenyon NYJ TE",AFC,3.8
Jul1 Sal,TE,39,"Kraft, Tucker GBP TE",NFC,3.7
Jul1 Sal,TE,40,"Kraft, Tucker GBP TE",AFC,3.7
Jul1 Sal,TE,41,"LaPorta, Sam DET TE",AFC,3.7
Jul1 Sal,TE,42,"Warren, Tyler IND TE",NFC,3.66
Jul1 Sal,TE,43,"Warren, Tyler IND TE",AFC,3.41
Jul1 Sal,TE,44,"LaPorta, Sam DET TE",NFC,3.1
Jul1 Sal,TE,45,"Andrews, Mark BAL TE",NFC,3.04
Jul1 Sal,TE,46,"Henry, Hunter NEP TE",NFC,3
Jul1 Sal,TE,47,"Goedert, Dallas PHI TE",NFC,2.95
Jul1 Sal,TE,48,"Mayer, Michael LVR TE",NFC,2.78
Jul1 Sal,TE,49,"Stowers, Eli PHI TE",NFC,2.5
Jul1 Sal,TE,50,"Stowers, Eli PHI TE",AFC,2.2
Jul1 Sal,TE,51,"Freiermuth, Pat PIT TE",AFC,2.1
Jul1 Sal,TE,52,"Schultz, Dalton HOU TE",AFC,2.1
Jul1 Sal,TE,53,"Bellinger, Daniel TEN TE",AFC,2.06
Jul1 Sal,TE,54,"Gesicki, Mike CIN TE",NFC,2
Jul1 Sal,TE,55,"Higbee, Tyler LAR TE",NFC,2
Jul1 Sal,TE,56,"Njoku, David LAC TE",NFC,2
Jul1 Sal,TE,57,"Njoku, David LAC TE",AFC,2
Jul1 Sal,TE,58,"Okonkwo, Chigoziem WAS TE",AFC,2
Jul1 Sal,TE,59,"Otton, Cade TBB TE",NFC,2
Jul1 Sal,TE,60,"Parkinson, Colby LAR TE",NFC,2
Jul1 Sal,TE,61,"Washington, Darnell PIT TE",AFC,2
Jul1 Sal,TE,62,"Taylor, Mason NYJ TE",AFC,1.91
Jul1 Sal,TE,63,"Musgrave, Luke GBP TE",NFC,1.88
Jul1 Sal,TE,64,"Sinnott, Ben WAS TE",NFC,1.78
Jul1 Sal,TE,65,"Ferguson, Terrance LAR TE",NFC,1.76
Jul1 Sal,TE,66,"Taylor, Mason NYJ TE",NFC,1.67
Jul1 Sal,TE,67,"Sinnott, Ben WAS TE",AFC,1.66
Jul1 Sal,TE,68,"Fannin, Harold CLE TE",NFC,1.51
Jul1 Sal,TE,69,"Arroyo, Elijah SEA TE",NFC,1.38
Jul1 Sal,TE,70,"Arroyo, Elijah SEA TE",AFC,1.35
Jul1 Sal,TE,71,"Sanders, Ja'Tavion CAR TE",NFC,1.34
Jul1 Sal,TE,72,"Fannin, Harold CLE TE",AFC,1.33
Jul1 Sal,TE,73,"Johnson, Theo NYG TE",NFC,1.29
Jul1 Sal,TE,74,"Ferguson, Terrance LAR TE",AFC,1.25
Jul1 Sal,TE,75,"Sanders, Ja'Tavion CAR TE",AFC,1.24
Jul1 Sal,TE,76,"Gesicki, Mike CIN TE",AFC,1.2
Jul1 Sal,TE,77,"Delp, Oscar NOS TE",NFC,1.15
Jul1 Sal,TE,78,"Johnson, Theo NYG TE",AFC,1.11
Jul1 Sal,TE,79,"Raridon, Eli NEP TE",AFC,1.11
Jul1 Sal,TE,80,"Bellinger, Daniel TEN TE",NFC,1.1
Jul1 Sal,TE,81,"Conklin, Tyler DET TE",NFC,1.1
Jul1 Sal,TE,82,"Dulcich, Greg MIA TE",NFC,1.1
Jul1 Sal,TE,83,"Dulcich, Greg MIA TE",AFC,1.1
Jul1 Sal,TE,84,"Ertz, Zach FA TE",NFC,1.1
Jul1 Sal,TE,85,"Evans, Mitchell CAR TE",AFC,1.1
Jul1 Sal,TE,86,"Gray, Noah KCC TE",AFC,1.1
Jul1 Sal,TE,87,"Higbee, Tyler LAR TE",AFC,1.1
Jul1 Sal,TE,88,"Higgins, Elijah ARI TE",NFC,1.1
Jul1 Sal,TE,89,"Higgins, Elijah ARI TE",AFC,1.1
Jul1 Sal,TE,90,"Jordan, Brevin HOU TE",NFC,1.1
Jul1 Sal,TE,91,"Kacmarek, Will MIA TE",AFC,1.1
Jul1 Sal,TE,92,"Kmet, Cole CHI TE",AFC,1.1
Jul1 Sal,TE,93,"Knox, Dawson BUF TE",NFC,1.1
Jul1 Sal,TE,94,"Knox, Dawson BUF TE",AFC,1.1
Jul1 Sal,TE,95,"Kolar, Charlie LAC TE",NFC,1.1
Jul1 Sal,TE,96,"Latu, Cameron PHI TE",NFC,1.1
Jul1 Sal,TE,97,"Mayer, Michael LVR TE",AFC,1.1
Jul1 Sal,TE,98,"Musgrave, Luke GBP TE",AFC,1.1
Jul1 Sal,TE,99,"Parkinson, Colby LAR TE",AFC,1.1
Jul1 Sal,TE,100,"Strange, Brenton JAC TE",AFC,1.1
Jul1 Sal,TE,101,"Tonges, Jake SFO TE",NFC,1.1
Jul1 Sal,TE,102,"Tonges, Jake SFO TE",AFC,1.1
Jul1 Sal,TE,103,"Tremble, Tommy CAR TE",NFC,1.1
Jul1 Sal,TE,104,"Tremble, Tommy CAR TE",AFC,1.1
Jul1 Sal,TE,105,"Waller, Darren FA TE",NFC,1.1
Jul1 Sal,TE,106,"Washington, Darnell PIT TE",NFC,1.1
Jul1 Sal,TE,107,"Wright, Brock DET TE",NFC,1.1
Jul1 Sal,TE,108,"Klare, Max LAR TE",NFC,1.09
Jul1 Sal,TE,109,"Stover, Cade HOU TE",AFC,1.09
Jul1 Sal,TE,110,"All, Erick CIN TE",NFC,1.08
Jul1 Sal,TE,111,"Stover, Cade HOU TE",NFC,1.08
Jul1 Sal,TE,112,"Delp, Oscar NOS TE",AFC,1.07
Jul1 Sal,TE,113,"Klare, Max LAR TE",AFC,1.05
Jul1 Sal,TE,114,"Gadsden, Oronde LAC TE",NFC,1.04
Jul1 Sal,TE,115,"Helm, Gunnar TEN TE",AFC,1.04
Jul1 Sal,TE,116,"All, Erick CIN TE",AFC,1.03
Jul1 Sal,TE,117,"Barner, AJ SEA TE",AFC,1.03
Jul1 Sal,TE,118,"Raridon, Eli NEP TE",NFC,1.03
Jul1 Sal,TE,119,"Boerkircher, Nate JAC TE",AFC,1.02
Jul1 Sal,TE,120,"Joly, Justin DEN TE",NFC,1.01
Jul1 Sal,TE,121,"Koziol, Tanner JAC TE",NFC,1
Jul1 Sal,TE,122,"Bartholomew, Gavin MIN TE",NFC,0.99
Jul1 Sal,TE,123,"Briningstool, Jake KCC TE",AFC,0.99
Jul1 Sal,TE,124,"Gadsden, Oronde LAC TE",AFC,0.99
Jul1 Sal,TE,125,"Helm, Gunnar TEN TE",NFC,0.99
Jul1 Sal,TE,126,"Trigg, Michael DAL TE",AFC,0.99
Jul1 Sal,TE,127,"Hibner, Matthew BAL TE",NFC,0.98
Jul1 Sal,TE,128,"Joly, Justin DEN TE",AFC,0.98
Jul1 Sal,TE,129,"Klein, Marlin HOU TE",NFC,0.98
Jul1 Sal,TE,130,"Klein, Marlin HOU TE",AFC,0.98
Jul1 Sal,TE,131,"Bentley, Dallen DEN TE",NFC,0.94
Jul1 Sal,TE,132,"Bentley, Dallen DEN TE",AFC,0.94
Jul1 Sal,TE,133,"Boerkircher, Nate JAC TE",NFC,0.94
Jul1 Sal,TE,134,"Cuevas, Josh BAL TE",NFC,0.94
Jul1 Sal,TE,135,"Cuevas, Josh BAL TE",AFC,0.94
Jul1 Sal,TE,136,"Endries, Jack CIN TE",NFC,0.94
Jul1 Sal,TE,137,"Endries, Jack CIN TE",AFC,0.94
Jul1 Sal,TE,138,"Gyllenborg, John Michael KCC TE",AFC,0.94
Jul1 Sal,TE,139,"Hibner, Matthew BAL TE",AFC,0.94
Jul1 Sal,TE,140,"Kacmarek, Will MIA TE",NFC,0.94
Jul1 Sal,TE,141,"Koziol, Tanner JAC TE",AFC,0.94
Jul1 Sal,TE,142,"Nowakowski, Riley PIT TE",NFC,0.94
Jul1 Sal,TE,143,"Roush, Sam CHI TE",NFC,0.94
Jul1 Sal,TE,144,"Roush, Sam CHI TE",AFC,0.94
Jul1 Sal,TE,145,"Royer, Joe CLE TE",AFC,0.94
Jul1 Sal,TE,146,"Traore, Seydou MIA TE",AFC,0.94
Jul1 Sal,TE,147,"Trigg, Michael DAL TE",NFC,0.94
Jul1 Sal,PK/PN,-1,NA,NA,5.34
Jul1 Sal,PK/PN,0,NA,NA,5.03
Jul1 Sal,PK/PN,1,"Dickson, Michael SEA PN",AFC,4.73
Jul1 Sal,PK/PN,2,"Cole, A.J. LVR PN",AFC,3.99
Jul1 Sal,PK/PN,3,"Aubrey, Brandon DAL PK",AFC,3.92
Jul1 Sal,PK/PN,4,"Aubrey, Brandon DAL PK",NFC,3.15
Jul1 Sal,PK/PN,5,"Dicker, Cameron LAC PK",AFC,2.79
Jul1 Sal,PK/PN,6,"Sanchez, Rigoberto IND PN",AFC,2.39
Jul1 Sal,PK/PN,7,"Fairbairn, Ka'imi HOU PK",NFC,2.34
Jul1 Sal,PK/PN,8,"McLaughlin, Chase TBB PK",AFC,2.11
Jul1 Sal,PK/PN,9,"Boswell, Chris PIT PK",NFC,2.09
Jul1 Sal,PK/PN,10,"Townsend, Tommy TEN PN",NFC,2.07
Jul1 Sal,PK/PN,11,"Bojorquez, Corey CLE PN",AFC,2.05
Jul1 Sal,PK/PN,12,"Cole, A.J. LVR PN",NFC,2.05
Jul1 Sal,PK/PN,13,"Dicker, Cameron LAC PK",NFC,2.05
Jul1 Sal,PK/PN,14,"Reichard, Will MIN PK",NFC,2.05
Jul1 Sal,PK/PN,15,"McNamara, Austin NYJ PN",NFC,2.01
Jul1 Sal,PK/PN,16,"Bates, Jake DET PK",AFC,2
Jul1 Sal,PK/PN,17,"Boswell, Chris PIT PK",AFC,2
Jul1 Sal,PK/PN,18,"Cooke, Logan JAC PN",AFC,2
Jul1 Sal,PK/PN,19,"Elliott, Jake PHI PK",AFC,2
Jul1 Sal,PK/PN,20,"Gillikin, Blake ARI PN",NFC,2
Jul1 Sal,PK/PN,21,"Little, Cam JAC PK",NFC,2
Jul1 Sal,PK/PN,22,"McLaughlin, Chase TBB PK",NFC,2
Jul1 Sal,PK/PN,23,"Myers, Jason SEA PK",NFC,2
Jul1 Sal,PK/PN,24,"Myers, Jason SEA PK",AFC,2
Jul1 Sal,PK/PN,25,"Pineiro, Eddy SFO PK",AFC,2
Jul1 Sal,PK/PN,26,"Stout, Jordan NYG PN",NFC,2
Jul1 Sal,PK/PN,27,"Fairbairn, Ka'imi HOU PK",AFC,1.99
Jul1 Sal,PK/PN,28,"Bass, Tyler BUF PK",AFC,1.2
Jul1 Sal,PK/PN,29,"Sanchez, Rigoberto IND PN",NFC,1.2
Jul1 Sal,PK/PN,30,"Baringer, Bryce NEP PN",NFC,1.14
Jul1 Sal,PK/PN,31,"Evans, Ethan LAR PN",AFC,1.14
Jul1 Sal,PK/PN,32,"Taylor, Tory CHI PN",NFC,1.13
Jul1 Sal,PK/PN,33,"Araiza, Matt KCC PN",NFC,1.1
Jul1 Sal,PK/PN,34,"Araiza, Matt KCC PN",AFC,1.1
Jul1 Sal,PK/PN,35,"Bailey, Jake ATL PN",NFC,1.1
Jul1 Sal,PK/PN,36,"Bailey, Jake ATL PN",AFC,1.1
Jul1 Sal,PK/PN,37,"Bass, Tyler BUF PK",NFC,1.1
Jul1 Sal,PK/PN,38,"Bates, Jake DET PK",NFC,1.1
Jul1 Sal,PK/PN,39,"Bojorquez, Corey CLE PN",NFC,1.1
Jul1 Sal,PK/PN,40,"Borregales, Andres NEP PK",NFC,1.1
Jul1 Sal,PK/PN,41,"Butker, Harrison KCC PK",AFC,1.1
Jul1 Sal,PK/PN,42,"Cooke, Logan JAC PN",NFC,1.1
Jul1 Sal,PK/PN,43,"Dickson, Michael SEA PN",NFC,1.1
Jul1 Sal,PK/PN,44,"Dixon, Riley TBB PN",NFC,1.1
Jul1 Sal,PK/PN,45,"Dixon, Riley TBB PN",AFC,1.1
Jul1 Sal,PK/PN,46,"Fitzgerald, Ryan CAR PK",NFC,1.1
Jul1 Sal,PK/PN,47,"Folk, Nick ATL PK",NFC,1.1
Jul1 Sal,PK/PN,48,"Folk, Nick ATL PK",AFC,1.1
Jul1 Sal,PK/PN,49,"Fox, Jack DET PN",NFC,1.1
Jul1 Sal,PK/PN,50,"Gay, Matt LVR PK",NFC,1.1
Jul1 Sal,PK/PN,51,"Gonzalez, Zane MIA PK",AFC,1.1
Jul1 Sal,PK/PN,52,"Grupe, Blake IND PK",AFC,1.1
Jul1 Sal,PK/PN,53,"Haack, Matt ARI PN",NFC,1.1
Jul1 Sal,PK/PN,54,"Hekker, Johnny MIN PN",NFC,1.1
Jul1 Sal,PK/PN,55,"Hekker, Johnny MIN PN",AFC,1.1
Jul1 Sal,PK/PN,56,"Kroeger, Kai HOU PN",NFC,1.1
Jul1 Sal,PK/PN,57,"Lutz, Wil DEN PK",NFC,1.1
Jul1 Sal,PK/PN,58,"Lutz, Wil DEN PK",AFC,1.1
Jul1 Sal,PK/PN,59,"Mann, Braden PHI PN",NFC,1.1
Jul1 Sal,PK/PN,60,"Mann, Braden PHI PN",AFC,1.1
Jul1 Sal,PK/PN,61,"Martin, Sam CAR PN",NFC,1.1
Jul1 Sal,PK/PN,62,"Martin, Sam CAR PN",AFC,1.1
Jul1 Sal,PK/PN,63,"McManus, Brandon FA PK",NFC,1.1
Jul1 Sal,PK/PN,64,"McManus, Brandon FA PK",AFC,1.1
Jul1 Sal,PK/PN,65,"McNamara, Austin NYJ PN",AFC,1.1
Jul1 Sal,PK/PN,66,"McPherson, Evan CIN PK",NFC,1.1
Jul1 Sal,PK/PN,67,"McPherson, Evan CIN PK",AFC,1.1
Jul1 Sal,PK/PN,68,"Mevis, Harrison LAR PK",NFC,1.1
Jul1 Sal,PK/PN,69,"Mevis, Harrison LAR PK",AFC,1.1
Jul1 Sal,PK/PN,70,"Moody, Jake WAS PK",NFC,1.1
Jul1 Sal,PK/PN,71,"Patterson, Riley MIA PK",NFC,1.1
Jul1 Sal,PK/PN,72,"Pineiro, Eddy SFO PK",NFC,1.1
Jul1 Sal,PK/PN,73,"Rehkow, Ryan CIN PN",NFC,1.1
Jul1 Sal,PK/PN,74,"Rehkow, Ryan CIN PN",AFC,1.1
Jul1 Sal,PK/PN,75,"Sanders, Jason NYJ PK",NFC,1.1
Jul1 Sal,PK/PN,76,"Sanders, Jason NYJ PK",AFC,1.1
Jul1 Sal,PK/PN,77,"Santos, Cairo CHI PK",NFC,1.1
Jul1 Sal,PK/PN,78,"Santos, Cairo CHI PK",AFC,1.1
Jul1 Sal,PK/PN,79,"Scott, J.K. LAC PN",AFC,1.1
Jul1 Sal,PK/PN,80,"Shrader, Spencer IND PK",NFC,1.1
Jul1 Sal,PK/PN,81,"Smyth, Charlie NOS PK",NFC,1.1
Jul1 Sal,PK/PN,82,"Townsend, Tommy TEN PN",AFC,1.1
Jul1 Sal,PK/PN,83,"Way, Tress WAS PN",NFC,1.1
Jul1 Sal,PK/PN,84,"Whelan, Daniel GBP PN",NFC,1.1
Jul1 Sal,PK/PN,85,"Wright, Ryan NOS PN",NFC,1.1
Jul1 Sal,PK/PN,86,"Wright, Ryan NOS PN",AFC,1.1
Jul1 Sal,PK/PN,87,"York, Cade NYJ PK",NFC,1.1
Jul1 Sal,PK/PN,88,"Karty, Joshua FA PK",AFC,1.08
Jul1 Sal,PK/PN,89,"Crawshaw, Jeremy DEN PN",AFC,1.06
Jul1 Sal,PK/PN,90,"Loop, Tyler BAL PK",AFC,1.06
Jul1 Sal,PK/PN,91,"Little, Cam JAC PK",AFC,1.03
Jul1 Sal,PK/PN,92,"Reichard, Will MIN PK",AFC,1.03
Jul1 Sal,PK/PN,93,"Smack, Trey GBP PK",NFC,1.01
Jul1 Sal,PK/PN,94,"Borregales, Andres NEP PK",AFC,0.99
Jul1 Sal,PK/PN,95,"Crawshaw, Jeremy DEN PN",NFC,0.99
Jul1 Sal,PK/PN,96,"Eckley, Ryan BAL PN",NFC,0.99
Jul1 Sal,PK/PN,97,"Eckley, Ryan BAL PN",AFC,0.99
Jul1 Sal,PK/PN,98,"Loop, Tyler BAL PK",NFC,0.99
Jul1 Sal,PK/PN,99,"Smack, Trey GBP PK",AFC,0.98
Jul1 Sal,PK/PN,100,"Doman, Tommy BUF PN",NFC,0.94
Jul1 Sal,PK/PN,101,"Doman, Tommy BUF PN",AFC,0.94
Jul1 Sal,PK/PN,102,"Stonehouse, Jack HOU PN",NFC,0.94
Jul1 Sal,PK/PN,103,"Thorson, Brett MIN PN",NFC,0.94
Jul1 Sal,PK,-1,NA,NA,4.7
Jul1 Sal,PK,0,NA,NA,4.31
Jul1 Sal,PK,1,"Aubrey, Brandon DAL PK",AFC,3.92
Jul1 Sal,PK,2,"Aubrey, Brandon DAL PK",NFC,3.15
Jul1 Sal,PK,3,"Dicker, Cameron LAC PK",AFC,2.79
Jul1 Sal,PK,4,"Fairbairn, Ka'imi HOU PK",NFC,2.34
Jul1 Sal,PK,5,"McLaughlin, Chase TBB PK",AFC,2.11
Jul1 Sal,PK,6,"Boswell, Chris PIT PK",NFC,2.09
Jul1 Sal,PK,7,"Dicker, Cameron LAC PK",NFC,2.05
Jul1 Sal,PK,8,"Reichard, Will MIN PK",NFC,2.05
Jul1 Sal,PK,9,"Bates, Jake DET PK",AFC,2
Jul1 Sal,PK,10,"Boswell, Chris PIT PK",AFC,2
Jul1 Sal,PK,11,"Elliott, Jake PHI PK",AFC,2
Jul1 Sal,PK,12,"Little, Cam JAC PK",NFC,2
Jul1 Sal,PK,13,"McLaughlin, Chase TBB PK",NFC,2
Jul1 Sal,PK,14,"Myers, Jason SEA PK",NFC,2
Jul1 Sal,PK,15,"Myers, Jason SEA PK",AFC,2
Jul1 Sal,PK,16,"Pineiro, Eddy SFO PK",AFC,2
Jul1 Sal,PK,17,"Fairbairn, Ka'imi HOU PK",AFC,1.99
Jul1 Sal,PK,18,"Bass, Tyler BUF PK",AFC,1.2
Jul1 Sal,PK,19,"Bass, Tyler BUF PK",NFC,1.1
Jul1 Sal,PK,20,"Bates, Jake DET PK",NFC,1.1
Jul1 Sal,PK,21,"Borregales, Andres NEP PK",NFC,1.1
Jul1 Sal,PK,22,"Butker, Harrison KCC PK",AFC,1.1
Jul1 Sal,PK,23,"Fitzgerald, Ryan CAR PK",NFC,1.1
Jul1 Sal,PK,24,"Folk, Nick ATL PK",NFC,1.1
Jul1 Sal,PK,25,"Folk, Nick ATL PK",AFC,1.1
Jul1 Sal,PK,26,"Gay, Matt LVR PK",NFC,1.1
Jul1 Sal,PK,27,"Gonzalez, Zane MIA PK",AFC,1.1
Jul1 Sal,PK,28,"Grupe, Blake IND PK",AFC,1.1
Jul1 Sal,PK,29,"Lutz, Wil DEN PK",NFC,1.1
Jul1 Sal,PK,30,"Lutz, Wil DEN PK",AFC,1.1
Jul1 Sal,PK,31,"McManus, Brandon FA PK",NFC,1.1
Jul1 Sal,PK,32,"McManus, Brandon FA PK",AFC,1.1
Jul1 Sal,PK,33,"McPherson, Evan CIN PK",NFC,1.1
Jul1 Sal,PK,34,"McPherson, Evan CIN PK",AFC,1.1
Jul1 Sal,PK,35,"Mevis, Harrison LAR PK",NFC,1.1
Jul1 Sal,PK,36,"Mevis, Harrison LAR PK",AFC,1.1
Jul1 Sal,PK,37,"Moody, Jake WAS PK",NFC,1.1
Jul1 Sal,PK,38,"Patterson, Riley MIA PK",NFC,1.1
Jul1 Sal,PK,39,"Pineiro, Eddy SFO PK",NFC,1.1
Jul1 Sal,PK,40,"Sanders, Jason NYJ PK",NFC,1.1
Jul1 Sal,PK,41,"Sanders, Jason NYJ PK",AFC,1.1
Jul1 Sal,PK,42,"Santos, Cairo CHI PK",NFC,1.1
Jul1 Sal,PK,43,"Santos, Cairo CHI PK",AFC,1.1
Jul1 Sal,PK,44,"Shrader, Spencer IND PK",NFC,1.1
Jul1 Sal,PK,45,"Smyth, Charlie NOS PK",NFC,1.1
Jul1 Sal,PK,46,"York, Cade NYJ PK",NFC,1.1
Jul1 Sal,PK,47,"Karty, Joshua FA PK",AFC,1.08
Jul1 Sal,PK,48,"Loop, Tyler BAL PK",AFC,1.06
Jul1 Sal,PK,49,"Little, Cam JAC PK",AFC,1.03
Jul1 Sal,PK,50,"Reichard, Will MIN PK",AFC,1.03
Jul1 Sal,PK,51,"Smack, Trey GBP PK",NFC,1.01
Jul1 Sal,PK,52,"Borregales, Andres NEP PK",AFC,0.99
Jul1 Sal,PK,53,"Loop, Tyler BAL PK",NFC,0.99
Jul1 Sal,PK,54,"Smack, Trey GBP PK",AFC,0.98
Jul1 Sal,PN,-1,NA,NA,7.08
Jul1 Sal,PN,0,NA,NA,5.9
Jul1 Sal,PN,1,"Dickson, Michael SEA PN",AFC,4.73
Jul1 Sal,PN,2,"Cole, A.J. LVR PN",AFC,3.99
Jul1 Sal,PN,3,"Sanchez, Rigoberto IND PN",AFC,2.39
Jul1 Sal,PN,4,"Townsend, Tommy TEN PN",NFC,2.07
Jul1 Sal,PN,5,"Bojorquez, Corey CLE PN",AFC,2.05
Jul1 Sal,PN,6,"Cole, A.J. LVR PN",NFC,2.05
Jul1 Sal,PN,7,"McNamara, Austin NYJ PN",NFC,2.01
Jul1 Sal,PN,8,"Cooke, Logan JAC PN",AFC,2
Jul1 Sal,PN,9,"Gillikin, Blake ARI PN",NFC,2
Jul1 Sal,PN,10,"Stout, Jordan NYG PN",NFC,2
Jul1 Sal,PN,11,"Sanchez, Rigoberto IND PN",NFC,1.2
Jul1 Sal,PN,12,"Baringer, Bryce NEP PN",NFC,1.14
Jul1 Sal,PN,13,"Evans, Ethan LAR PN",AFC,1.14
Jul1 Sal,PN,14,"Taylor, Tory CHI PN",NFC,1.13
Jul1 Sal,PN,15,"Araiza, Matt KCC PN",NFC,1.1
Jul1 Sal,PN,16,"Araiza, Matt KCC PN",AFC,1.1
Jul1 Sal,PN,17,"Bailey, Jake ATL PN",NFC,1.1
Jul1 Sal,PN,18,"Bailey, Jake ATL PN",AFC,1.1
Jul1 Sal,PN,19,"Bojorquez, Corey CLE PN",NFC,1.1
Jul1 Sal,PN,20,"Cooke, Logan JAC PN",NFC,1.1
Jul1 Sal,PN,21,"Dickson, Michael SEA PN",NFC,1.1
Jul1 Sal,PN,22,"Dixon, Riley TBB PN",NFC,1.1
Jul1 Sal,PN,23,"Dixon, Riley TBB PN",AFC,1.1
Jul1 Sal,PN,24,"Fox, Jack DET PN",NFC,1.1
Jul1 Sal,PN,25,"Haack, Matt ARI PN",NFC,1.1
Jul1 Sal,PN,26,"Hekker, Johnny MIN PN",NFC,1.1
Jul1 Sal,PN,27,"Hekker, Johnny MIN PN",AFC,1.1
Jul1 Sal,PN,28,"Kroeger, Kai HOU PN",NFC,1.1
Jul1 Sal,PN,29,"Mann, Braden PHI PN",NFC,1.1
Jul1 Sal,PN,30,"Mann, Braden PHI PN",AFC,1.1
Jul1 Sal,PN,31,"Martin, Sam CAR PN",NFC,1.1
Jul1 Sal,PN,32,"Martin, Sam CAR PN",AFC,1.1
Jul1 Sal,PN,33,"McNamara, Austin NYJ PN",AFC,1.1
Jul1 Sal,PN,34,"Rehkow, Ryan CIN PN",NFC,1.1
Jul1 Sal,PN,35,"Rehkow, Ryan CIN PN",AFC,1.1
Jul1 Sal,PN,36,"Scott, J.K. LAC PN",AFC,1.1
Jul1 Sal,PN,37,"Townsend, Tommy TEN PN",AFC,1.1
Jul1 Sal,PN,38,"Way, Tress WAS PN",NFC,1.1
Jul1 Sal,PN,39,"Whelan, Daniel GBP PN",NFC,1.1
Jul1 Sal,PN,40,"Wright, Ryan NOS PN",NFC,1.1
Jul1 Sal,PN,41,"Wright, Ryan NOS PN",AFC,1.1
Jul1 Sal,PN,42,"Crawshaw, Jeremy DEN PN",AFC,1.06
Jul1 Sal,PN,43,"Crawshaw, Jeremy DEN PN",NFC,0.99
Jul1 Sal,PN,44,"Eckley, Ryan BAL PN",NFC,0.99
Jul1 Sal,PN,45,"Eckley, Ryan BAL PN",AFC,0.99
Jul1 Sal,PN,46,"Doman, Tommy BUF PN",NFC,0.94
Jul1 Sal,PN,47,"Doman, Tommy BUF PN",AFC,0.94
Jul1 Sal,PN,48,"Stonehouse, Jack HOU PN",NFC,0.94
Jul1 Sal,PN,49,"Thorson, Brett MIN PN",NFC,0.94
Jul1 Sal,DT,-1,NA,NA,25.81
Jul1 Sal,DT,0,NA,NA,24.74
Jul1 Sal,DT,1,"Brown, Derrick CAR DT",NFC,23.66
Jul1 Sal,DT,2,"Buckner, DeForest IND DT",NFC,21.96
Jul1 Sal,DT,3,"Simmons, Jeffery TEN DT",NFC,20.43
Jul1 Sal,DT,4,"Davis, Jordan PHI DT",AFC,20.26
Jul1 Sal,DT,5,"Brown, Derrick CAR DT",AFC,19.49
Jul1 Sal,DT,6,"Buckner, DeForest IND DT",AFC,17.56
Jul1 Sal,DT,7,"Sieler, Zach MIA DT",NFC,16.5
Jul1 Sal,DT,8,"Stewart, Grover IND DT",AFC,16.41
Jul1 Sal,DT,9,"Simmons, Jeffery TEN DT",AFC,16.18
Jul1 Sal,DT,10,"Allen, Zach DEN DT",NFC,16.16
Jul1 Sal,DT,11,"Lawrence, Dexter CIN DT",NFC,15.84
Jul1 Sal,DT,12,"Davis, Jordan PHI DT",NFC,15.36
Jul1 Sal,DT,13,"Williams, Leonard SEA DT",AFC,14.94
Jul1 Sal,DT,14,"Williams, Quinnen DAL DT",NFC,14.06
Jul1 Sal,DT,15,"Lawrence, Dexter CIN DT",AFC,14.01
Jul1 Sal,DT,16,"Allen, Zach DEN DT",AFC,13.94
Jul1 Sal,DT,17,"Barmore, Christian NEP DT",NFC,13.7
Jul1 Sal,DT,18,"Heyward, Cameron PIT DT",NFC,13.59
Jul1 Sal,DT,19,"Williams, Quinnen DAL DT",AFC,12.65
Jul1 Sal,DT,20,"Redmond, Jalen MIN DT",AFC,11.34
Jul1 Sal,DT,21,"Turner, Kobie LAR DT",NFC,11
Jul1 Sal,DT,22,"Madubuike, Nnamdi BAL DT",NFC,10.45
Jul1 Sal,DT,23,"Heyward, Cameron PIT DT",AFC,9.1
Jul1 Sal,DT,24,"Robinson, A'Shawn TBB DT",NFC,8.36
Jul1 Sal,DT,25,"Williams, Leonard SEA DT",NFC,8.28
Jul1 Sal,DT,26,"Payne, Da'Ron WAS DT",NFC,7.99
Jul1 Sal,DT,27,"Laulu, Jonah LVR DT",NFC,7.76
Jul1 Sal,DT,28,"Oliver, Ed BUF DT",AFC,7.6
Jul1 Sal,DT,29,"Madubuike, Nnamdi BAL DT",AFC,7.39
Jul1 Sal,DT,30,"Togiai, Tommy HOU DT",NFC,7.2
Jul1 Sal,DT,31,"Oliver, Ed BUF DT",NFC,7.13
Jul1 Sal,DT,32,"Jones, Travis BAL DT",AFC,6
Jul1 Sal,DT,33,"Turner, Kobie LAR DT",AFC,5.92
Jul1 Sal,DT,34,"Stewart, Grover IND DT",NFC,5.88
Jul1 Sal,DT,35,"Allen, Jonathan CIN DT",NFC,5.7
Jul1 Sal,DT,36,"Jones, Chris KCC DT",NFC,5.64
Jul1 Sal,DT,37,"Wharton, Tershawn CAR DT",NFC,5.63
Jul1 Sal,DT,38,"Donald, Aaron FA DT",AFC,5.5
Jul1 Sal,DT,39,"Clark, Kenny DAL DT",NFC,5.23
Jul1 Sal,DT,40,"Allen, Jonathan CIN DT",AFC,5.1
Jul1 Sal,DT,41,"Williams, Milton NEP DT",NFC,5
Jul1 Sal,DT,42,"Wyatt, Devonte GBP DT",NFC,5
Jul1 Sal,DT,43,"Sieler, Zach MIA DT",AFC,4.75
Jul1 Sal,DT,44,"Robinson, A'Shawn TBB DT",AFC,4.56
Jul1 Sal,DT,45,"Odighizuwa, Osa SFO DT",AFC,4.51
Jul1 Sal,DT,46,"Payne, Da'Ron WAS DT",AFC,4.1
Jul1 Sal,DT,47,"Jones, Justin FA DT",AFC,3.86
Jul1 Sal,DT,48,"Carter, Jalen PHI DT",AFC,3.8
Jul1 Sal,DT,49,"Jones, Travis BAL DT",NFC,3.71
Jul1 Sal,DT,50,"Benton, Keeanu PIT DT",NFC,3.7
Jul1 Sal,DT,51,"Benton, Keeanu PIT DT",AFC,3.7
Jul1 Sal,DT,52,"Bresee, Bryan NOS DT",NFC,3.7
Jul1 Sal,DT,53,"Bresee, Bryan NOS DT",AFC,3.7
Jul1 Sal,DT,54,"Dexter, Gervon CHI DT",NFC,3.7
Jul1 Sal,DT,55,"Dexter, Gervon CHI DT",AFC,3.7
Jul1 Sal,DT,56,"Jones, Chris KCC DT",AFC,3.53
Jul1 Sal,DT,57,"Carter, Jalen PHI DT",NFC,3.3
Jul1 Sal,DT,58,"Vea, Vita TBB DT",NFC,3.27
Jul1 Sal,DT,59,"Hill, B.J. CIN DT",AFC,3.25
Jul1 Sal,DT,60,"Eboigbe, Justin LAC DT",NFC,3.04
Jul1 Sal,DT,61,"Donald, Aaron FA DT",NFC,3
Jul1 Sal,DT,62,"Graham, Mason CLE DT",AFC,2.99
Jul1 Sal,DT,63,"Harrison, Zach ATL DT",NFC,2.9
Jul1 Sal,DT,64,"Walker, Deone BUF DT",NFC,2.73
Jul1 Sal,DT,65,"Graham, Mason CLE DT",NFC,2.56
Jul1 Sal,DT,66,"Laulu, Jonah LVR DT",AFC,2.47
Jul1 Sal,DT,67,"Collins, Maliek CLE DT",NFC,2.3
Jul1 Sal,DT,68,"Odighizuwa, Osa SFO DT",NFC,2.2
Jul1 Sal,DT,69,"Hargrave, Javon GBP DT",NFC,2.1
Jul1 Sal,DT,70,"Jarrett, Grady CHI DT",NFC,2.1
Jul1 Sal,DT,71,"Phillips, Harrison NYJ DT",AFC,2.1
Jul1 Sal,DT,72,"Briggs, Jowon NYJ DT",NFC,2.09
Jul1 Sal,DT,73,"Briggs, Jowon NYJ DT",AFC,2.09
Jul1 Sal,DT,74,"Campbell, Calais BAL DT",NFC,2.09
Jul1 Sal,DT,75,"Dorlus, Brandon ATL DT",NFC,2.09
Jul1 Sal,DT,76,"Kinlaw, Javon WAS DT",NFC,2.09
Jul1 Sal,DT,77,"McNeill, Alim DET DT",NFC,2.06
Jul1 Sal,DT,78,"McNeill, Alim DET DT",AFC,2.06
Jul1 Sal,DT,79,"Saunders, Khalen NYJ DT",AFC,2.06
Jul1 Sal,DT,80,"Wyatt, Devonte GBP DT",AFC,2.05
Jul1 Sal,DT,81,"Stills, Dante ARI DT",NFC,2.04
Jul1 Sal,DT,82,"Williams, Milton NEP DT",AFC,2.02
Jul1 Sal,DT,83,"Eboigbe, Justin LAC DT",AFC,2.01
Jul1 Sal,DT,84,"Ojomo, Moro PHI DT",AFC,2.01
Jul1 Sal,DT,85,"Armstead, Arik JAC DT",NFC,2
Jul1 Sal,DT,86,"Barmore, Christian NEP DT",AFC,2
Jul1 Sal,DT,87,"Brooks, Karl GBP DT",AFC,2
Jul1 Sal,DT,88,"Butler, Adam LVR DT",NFC,2
Jul1 Sal,DT,89,"Campbell, Calais BAL DT",AFC,2
Jul1 Sal,DT,90,"Ford, Poona LAR DT",NFC,2
Jul1 Sal,DT,91,"Ford, Poona LAR DT",AFC,2
Jul1 Sal,DT,92,"Hargrave, Javon GBP DT",AFC,2
Jul1 Sal,DT,93,"Hill, B.J. CIN DT",NFC,2
Jul1 Sal,DT,94,"Onyemata, David NYJ DT",NFC,2
Jul1 Sal,DT,95,"Onyemata, David NYJ DT",AFC,2
Jul1 Sal,DT,96,"Murphy, Byron SEA DT",NFC,1.98
Jul1 Sal,DT,97,"Kancey, Calijah TBB DT",NFC,1.93
Jul1 Sal,DT,98,"Kancey, Calijah TBB DT",AFC,1.93
Jul1 Sal,DT,99,"Harmon, Derrick PIT DT",NFC,1.91
Jul1 Sal,DT,100,"Murphy, Byron SEA DT",AFC,1.73
Jul1 Sal,DT,101,"Harmon, Derrick PIT DT",AFC,1.64
Jul1 Sal,DT,102,"McDonald, Kayden HOU DT",AFC,1.59
Jul1 Sal,DT,103,"Fiske, Braden LAR DT",AFC,1.58
Jul1 Sal,DT,104,"Robinson, Darius ARI DT",AFC,1.56
Jul1 Sal,DT,105,"Newton, Jer'Zhan WAS DT",NFC,1.54
Jul1 Sal,DT,106,"Nolen, Walter ARI DT",NFC,1.54
Jul1 Sal,DT,107,"Newton, Jer'Zhan WAS DT",AFC,1.49
Jul1 Sal,DT,108,"Woods, Peter KCC DT",AFC,1.49
Jul1 Sal,DT,109,"Fiske, Braden LAR DT",NFC,1.46
Jul1 Sal,DT,110,"Nolen, Walter ARI DT",AFC,1.46
Jul1 Sal,DT,111,"Grant, Kenneth MIA DT",AFC,1.43
Jul1 Sal,DT,112,"Banks, Caleb MIN DT",AFC,1.36
Jul1 Sal,DT,113,"Robinson, Darius ARI DT",NFC,1.33
Jul1 Sal,DT,114,"Banks, Caleb MIN DT",NFC,1.32
Jul1 Sal,DT,115,"Woods, Peter KCC DT",NFC,1.3
Jul1 Sal,DT,116,"Hall Jr., Michael CLE DT",AFC,1.28
Jul1 Sal,DT,117,"McDonald, Kayden HOU DT",NFC,1.28
Jul1 Sal,DT,118,"Orhorhoro, Ruke JAC DT",NFC,1.28
Jul1 Sal,DT,119,"Grant, Kenneth MIA DT",NFC,1.26
Jul1 Sal,DT,120,"Sweat, T'Vondre NYJ DT",NFC,1.23
Jul1 Sal,DT,121,"Sweat, T'Vondre NYJ DT",AFC,1.23
Jul1 Sal,DT,122,"Phillips, Harrison NYJ DT",NFC,1.2
Jul1 Sal,DT,123,"Turner, Shemar CHI DT",AFC,1.18
Jul1 Sal,DT,124,"Collins, Alfred SFO DT",AFC,1.16
Jul1 Sal,DT,125,"Collins, Alfred SFO DT",NFC,1.14
Jul1 Sal,DT,126,"Jenkins, Kris CIN DT",AFC,1.12
Jul1 Sal,DT,127,"Orhorhoro, Ruke JAC DT",AFC,1.11
Jul1 Sal,DT,128,"Alexander, Darius NYG DT",NFC,1.1
Jul1 Sal,DT,129,"Armstead, Arik JAC DT",AFC,1.1
Jul1 Sal,DT,130,"Biggers, Zeek MIA DT",NFC,1.1
Jul1 Sal,DT,131,"Biggers, Zeek MIA DT",AFC,1.1
Jul1 Sal,DT,132,"Booker, Thomas LVR DT",NFC,1.1
Jul1 Sal,DT,133,"Booker, Thomas LVR DT",AFC,1.1
Jul1 Sal,DT,134,"Brooks, Karl GBP DT",NFC,1.1
Jul1 Sal,DT,135,"Broughton, Vernon NOS DT",AFC,1.1
Jul1 Sal,DT,136,"Butler, Adam LVR DT",AFC,1.1
Jul1 Sal,DT,137,"Caldwell, Jamaree LAC DT",NFC,1.1
Jul1 Sal,DT,138,"Caldwell, Jamaree LAC DT",AFC,1.1
Jul1 Sal,DT,139,"Clark, Kenny DAL DT",AFC,1.1
Jul1 Sal,DT,140,"Collins, Maliek CLE DT",AFC,1.1
Jul1 Sal,DT,141,"Davis, Tyler LAR DT",NFC,1.1
Jul1 Sal,DT,142,"Dorlus, Brandon ATL DT",AFC,1.1
Jul1 Sal,DT,143,"Drake-Rodriguez, Levi MIN DT",NFC,1.1
Jul1 Sal,DT,144,"Drake-Rodriguez, Levi MIN DT",AFC,1.1
Jul1 Sal,DT,145,"Durden, Cory NEP DT",NFC,1.1
Jul1 Sal,DT,146,"Elliott, Jordan TEN DT",NFC,1.1
Jul1 Sal,DT,147,"Farmer, Joshua NEP DT",AFC,1.1
Jul1 Sal,DT,148,"Franklin-Myers, John TEN DT",NFC,1.1
Jul1 Sal,DT,149,"Franklin-Myers, John TEN DT",AFC,1.1
Jul1 Sal,DT,150,"Gallimore, Neville CHI DT",NFC,1.1
Jul1 Sal,DT,151,"Godchaux, Davon NOS DT",NFC,1.1
Jul1 Sal,DT,152,"Hall Jr., Michael CLE DT",NFC,1.1
Jul1 Sal,DT,153,"Hall, Logan HOU DT",AFC,1.1
Jul1 Sal,DT,154,"Hamilton, Davon JAC DT",NFC,1.1
Jul1 Sal,DT,155,"Hamilton, Davon JAC DT",AFC,1.1
Jul1 Sal,DT,156,"Hand, Da'Shawn ATL DT",NFC,1.1
Jul1 Sal,DT,157,"Harrison, Zach ATL DT",AFC,1.1
Jul1 Sal,DT,158,"Hemingway, Tonka LVR DT",NFC,1.1
Jul1 Sal,DT,159,"Ingram-Dawkins, Tyrion MIN DT",AFC,1.1
Jul1 Sal,DT,160,"Jenkins, John BAL DT",NFC,1.1
Jul1 Sal,DT,161,"Jones, D.J. DEN DT",NFC,1.1
Jul1 Sal,DT,162,"Jones, D.J. DEN DT",AFC,1.1
Jul1 Sal,DT,163,"Joseph-Day, Sebastian PIT DT",NFC,1.1
Jul1 Sal,DT,164,"Kinlaw, Javon WAS DT",AFC,1.1
Jul1 Sal,DT,165,"London, LaCale ATL DT",NFC,1.1
Jul1 Sal,DT,166,"Lopez, Roy ARI DT",NFC,1.1
Jul1 Sal,DT,167,"Mills, Rylie SEA DT",NFC,1.1
Jul1 Sal,DT,168,"Ojomo, Moro PHI DT",NFC,1.1
Jul1 Sal,DT,169,"Onwuzurike, Levi DET DT",NFC,1.1
Jul1 Sal,DT,170,"Onwuzurike, Levi DET DT",AFC,1.1
Jul1 Sal,DT,171,"Phillips, Jordan MIA DT",NFC,1.1
Jul1 Sal,DT,172,"Phillips, Jordan MIA DT",AFC,1.1
Jul1 Sal,DT,173,"Rankins, Sheldon HOU DT",NFC,1.1
Jul1 Sal,DT,174,"Redmond, Jalen MIN DT",NFC,1.1
Jul1 Sal,DT,175,"Reed, Jarran SEA DT",NFC,1.1
Jul1 Sal,DT,176,"Roach, Malcolm DEN DT",NFC,1.1
Jul1 Sal,DT,177,"Roach, Malcolm DEN DT",AFC,1.1
Jul1 Sal,DT,178,"Sanders, T.J. BUF DT",NFC,1.1
Jul1 Sal,DT,179,"Shepherd, Nathan NOS DT",NFC,1.1
Jul1 Sal,DT,180,"Shepherd, Nathan NOS DT",AFC,1.1
Jul1 Sal,DT,181,"Slaton, Tedarrell CIN DT",NFC,1.1
Jul1 Sal,DT,182,"Slaton, Tedarrell CIN DT",AFC,1.1
Jul1 Sal,DT,183,"Tart, Teair LAC DT",NFC,1.1
Jul1 Sal,DT,184,"Tart, Teair LAC DT",AFC,1.1
Jul1 Sal,DT,185,"Togiai, Tommy HOU DT",AFC,1.1
Jul1 Sal,DT,186,"Tomlinson, Dalvin LAC DT",AFC,1.1
Jul1 Sal,DT,187,"Tonga, Khyiris KCC DT",AFC,1.1
Jul1 Sal,DT,188,"Uwazurike, Eyioma DEN DT",NFC,1.1
Jul1 Sal,DT,189,"Uwazurike, Eyioma DEN DT",AFC,1.1
Jul1 Sal,DT,190,"Vea, Vita TBB DT",AFC,1.1
Jul1 Sal,DT,191,"Walker, Deone BUF DT",AFC,1.1
Jul1 Sal,DT,192,"Wharton, Tershawn CAR DT",AFC,1.1
Jul1 Sal,DT,193,"Wilkins, Christian FA DT",NFC,1.1
Jul1 Sal,DT,194,"Wilkins, Christian FA DT",AFC,1.1
Jul1 Sal,DT,195,"Wooden, Colby IND DT",AFC,1.1
Jul1 Sal,DT,196,"Young, Byron PHI DT",NFC,1.1
Jul1 Sal,DT,197,"Williams, Tyleik DET DT",NFC,1.09
Jul1 Sal,DT,198,"Halton, Gracen SFO DT",AFC,1.08
Jul1 Sal,DT,199,"Smith, Maason ATL DT",AFC,1.08
Jul1 Sal,DT,200,"Turner, Shemar CHI DT",NFC,1.07
Jul1 Sal,DT,201,"Williams, Tyleik DET DT",AFC,1.07
Jul1 Sal,DT,202,"Miller, Christen NOS DT",NFC,1.05
Jul1 Sal,DT,203,"Miller, Christen NOS DT",AFC,1.05
Jul1 Sal,DT,204,"Alexander, Darius NYG DT",AFC,1.03
Jul1 Sal,DT,205,"Norman-Lott, Omarr KCC DT",AFC,1.03
Jul1 Sal,DT,206,"Sanders, T.J. BUF DT",AFC,1.03
Jul1 Sal,DT,207,"Hunter, Lee CAR DT",NFC,1.02
Jul1 Sal,DT,208,"Jackson, Darrell NYJ DT",AFC,1.01
Jul1 Sal,DT,209,"Mills, Rylie SEA DT",AFC,0.99
Jul1 Sal,DT,210,"Norman-Lott, Omarr KCC DT",NFC,0.99
Jul1 Sal,DT,211,"West, CJ SFO DT",NFC,0.99
Jul1 Sal,DT,212,"Halton, Gracen SFO DT",NFC,0.98
Jul1 Sal,DT,213,"Hunter, Lee CAR DT",AFC,0.98
Jul1 Sal,DT,214,"Benny, Rayshaun BAL DT",NFC,0.94
Jul1 Sal,DT,215,"Benny, Rayshaun BAL DT",AFC,0.94
Jul1 Sal,DT,216,"Bernard, Uar PHI DT",NFC,0.94
Jul1 Sal,DT,217,"Bernard, Uar PHI DT",AFC,0.94
Jul1 Sal,DT,218,"Gill-Howard, Skyler DET DT",AFC,0.94
Jul1 Sal,DT,219,"Harris, Zxavian NOS DT",NFC,0.94
Jul1 Sal,DT,220,"Harris, Zxavian NOS DT",AFC,0.94
Jul1 Sal,DT,221,"Jackson, Darrell NYJ DT",NFC,0.94
Jul1 Sal,DT,222,"Keenan, Tim LAR DT",NFC,0.94
Jul1 Sal,DT,223,"McClellan, Chris GBP DT",NFC,0.94
Jul1 Sal,DT,224,"McClellan, Chris GBP DT",AFC,0.94
Jul1 Sal,DT,225,"Onyedim, Tyler DEN DT",NFC,0.94
Jul1 Sal,DT,226,"Onyedim, Tyler DEN DT",AFC,0.94
Jul1 Sal,DT,227,"Orange, Domonique MIN DT",NFC,0.94
Jul1 Sal,DT,228,"Orange, Domonique MIN DT",AFC,0.94
Jul1 Sal,DT,229,"Proctor, Kaleb ARI DT",NFC,0.94
Jul1 Sal,DT,230,"Proctor, Kaleb ARI DT",AFC,0.94
Jul1 Sal,DT,231,"Regis, Albert JAC DT",NFC,0.94
Jul1 Sal,DT,232,"Regis, Albert JAC DT",AFC,0.94
Jul1 Sal,DT,233,"van den Berg, Jordan CHI DT",NFC,0.94
Jul1 Sal,DE,-1,NA,NA,27.41
Jul1 Sal,DE,0,NA,NA,27.03
Jul1 Sal,DE,1,"Crosby, Maxx LVR DE",NFC,26.66
Jul1 Sal,DE,2,"Watt, T.J. PIT DE",NFC,25.36
Jul1 Sal,DE,3,"Crosby, Maxx LVR DE",AFC,25.29
Jul1 Sal,DE,4,"Burns, Brian NYG DE",AFC,24.31
Jul1 Sal,DE,5,"Bosa, Nick SFO DE",AFC,23.13
Jul1 Sal,DE,6,"Garrett, Myles LAR DE",AFC,22.9
Jul1 Sal,DE,7,"Watt, T.J. PIT DE",AFC,22.63
Jul1 Sal,DE,8,"Bosa, Nick SFO DE",NFC,21.3
Jul1 Sal,DE,9,"Greenard, Jonathan PHI DE",AFC,20.65
Jul1 Sal,DE,10,"Garrett, Myles LAR DE",NFC,19.6
Jul1 Sal,DE,11,"Hunter, Danielle HOU DE",AFC,18.69
Jul1 Sal,DE,12,"Hines-Allen, Josh JAC DE",NFC,16.45
Jul1 Sal,DE,13,"Van Ginkel, Andrew MIN DE",NFC,16.1
Jul1 Sal,DE,14,"Hines-Allen, Josh JAC DE",AFC,14.64
Jul1 Sal,DE,15,"Rousseau, Gregory BUF DE",NFC,12.67
Jul1 Sal,DE,16,"Burns, Brian NYG DE",NFC,11.98
Jul1 Sal,DE,17,"Phillips, Jaelan CAR DE",AFC,11.89
Jul1 Sal,DE,18,"Parsons, Micah GBP DE",AFC,11.08
Jul1 Sal,DE,19,"Bonitto, Nik DEN DE",AFC,11.05
Jul1 Sal,DE,20,"Landry, Harold NEP DE",NFC,10.89
Jul1 Sal,DE,21,"Hutchinson, Aidan DET DE",NFC,10.78
Jul1 Sal,DE,22,"Highsmith, Alex PIT DE",AFC,10.7
Jul1 Sal,DE,23,"Van Ginkel, Andrew MIN DE",AFC,10.55
Jul1 Sal,DE,24,"Hunter, Danielle HOU DE",NFC,10.45
Jul1 Sal,DE,25,"Hutchinson, Aidan DET DE",AFC,10.26
Jul1 Sal,DE,26,"Walker, Travon JAC DE",NFC,10.19
Jul1 Sal,DE,27,"Granderson, Carl NOS DE",NFC,10.03
Jul1 Sal,DE,28,"Parsons, Micah GBP DE",NFC,9.92
Jul1 Sal,DE,29,"Greenard, Jonathan PHI DE",NFC,9.9
Jul1 Sal,DE,30,"Phillips, Jaelan CAR DE",NFC,9.41
Jul1 Sal,DE,31,"Cooper, Jonathon DEN DE",AFC,9.26
Jul1 Sal,DE,32,"Herbig, Nick PIT DE",NFC,9
Jul1 Sal,DE,33,"Sweat, Montez CHI DE",AFC,8.55
Jul1 Sal,DE,34,"Sweat, Montez CHI DE",NFC,8.44
Jul1 Sal,DE,35,"Young, Chase NOS DE",AFC,8
Jul1 Sal,DE,36,"Landry, Harold NEP DE",AFC,7.92
Jul1 Sal,DE,37,"Karlaftis, George KCC DE",AFC,7.89
Jul1 Sal,DE,38,"Diaby, YaYa TBB DE",AFC,7.5
Jul1 Sal,DE,39,"Johnson, Jermaine TEN DE",AFC,7.46
Jul1 Sal,DE,40,"Gary, Rashan DAL DE",AFC,7.43
Jul1 Sal,DE,41,"Rousseau, Gregory BUF DE",AFC,7.37
Jul1 Sal,DE,42,"Highsmith, Alex PIT DE",NFC,7.01
Jul1 Sal,DE,43,"Diaby, YaYa TBB DE",NFC,7
Jul1 Sal,DE,44,"Cooper, Jonathon DEN DE",NFC,6.94
Jul1 Sal,DE,45,"Walker, Travon JAC DE",AFC,6.03
Jul1 Sal,DE,46,"Hendrickson, Trey BAL DE",NFC,6
Jul1 Sal,DE,47,"Bonitto, Nik DEN DE",NFC,5.93
Jul1 Sal,DE,48,"Granderson, Carl NOS DE",AFC,5.92
Jul1 Sal,DE,49,"Young, Byron LAR DE",NFC,5.81
Jul1 Sal,DE,50,"Young, Byron LAR DE",AFC,5.81
Jul1 Sal,DE,51,"Sweat, Josh ARI DE",AFC,5.78
Jul1 Sal,DE,52,"Hendrickson, Trey BAL DE",AFC,5.67
Jul1 Sal,DE,53,"Thibodeaux, Kayvon NYG DE",AFC,5.51
Jul1 Sal,DE,54,"Young, Chase NOS DE",NFC,5.4
Jul1 Sal,DE,55,"Anderson, Will HOU DE",AFC,4.48
Jul1 Sal,DE,56,"Sweat, Josh ARI DE",NFC,4.38
Jul1 Sal,DE,57,"Nwosu, Uchenna SEA DE",NFC,4.14
Jul1 Sal,DE,58,"Bain Jr., Rueben TBB DE",AFC,4.13
Jul1 Sal,DE,59,"Collins, Zaven ARI DE",AFC,4.1
Jul1 Sal,DE,60,"Mack, Khalil LAC DE",NFC,4.08
Jul1 Sal,DE,61,"Paye, Kwity LVR DE",NFC,4.08
Jul1 Sal,DE,62,"Carter, Abdul NYG DE",NFC,3.97
Jul1 Sal,DE,63,"Carter, Abdul NYG DE",AFC,3.97
Jul1 Sal,DE,64,"Paye, Kwity LVR DE",AFC,3.96
Jul1 Sal,DE,65,"Wright, Alex CLE DE",NFC,3.95
Jul1 Sal,DE,66,"Wonnum, D.J. DET DE",NFC,3.92
Jul1 Sal,DE,67,"Karlaftis, George KCC DE",NFC,3.91
Jul1 Sal,DE,68,"Bain Jr., Rueben TBB DE",NFC,3.8
Jul1 Sal,DE,69,"Epenesa, A.J. PHI DE",NFC,3.77
Jul1 Sal,DE,70,"Chubb, Bradley BUF DE",AFC,3.75
Jul1 Sal,DE,71,"Jones, Dre'Mont NEP DE",NFC,3.72
Jul1 Sal,DE,72,"McDonald, Will NYJ DE",NFC,3.7
Jul1 Sal,DE,73,"McDonald, Will NYJ DE",AFC,3.7
Jul1 Sal,DE,74,"Ossai, Joseph NYJ DE",NFC,3.67
Jul1 Sal,DE,75,"Ossai, Joseph NYJ DE",AFC,3.64
Jul1 Sal,DE,76,"Oweh, Odafe WAS DE",AFC,3.6
Jul1 Sal,DE,77,"Anderson, Will HOU DE",NFC,3.53
Jul1 Sal,DE,78,"Bailey, David NYJ DE",NFC,3.52
Jul1 Sal,DE,79,"Bailey, David NYJ DE",AFC,3.52
Jul1 Sal,DE,80,"Tuipulotu, Tuli LAC DE",NFC,3.51
Jul1 Sal,DE,81,"Chaisson, K'Lavon WAS DE",NFC,3.49
Jul1 Sal,DE,82,"Chaisson, K'Lavon WAS DE",AFC,3.49
Jul1 Sal,DE,83,"Armstrong, Dorance WAS DE",NFC,3.45
Jul1 Sal,DE,84,"Lawrence, Demarcus SEA DE",AFC,3.34
Jul1 Sal,DE,85,"Gary, Rashan DAL DE",NFC,3.3
Jul1 Sal,DE,86,"Murphy, Myles CIN DE",AFC,3.3
Jul1 Sal,DE,87,"Wright, Alex CLE DE",AFC,3.17
Jul1 Sal,DE,88,"Tuimoloau, JT IND DE",NFC,3.14
Jul1 Sal,DE,89,"Hall, Derick SEA DE",NFC,3.11
Jul1 Sal,DE,90,"Collins, Zaven ARI DE",NFC,2.9
Jul1 Sal,DE,91,"Hunt, Jalyx PHI DE",NFC,2.81
Jul1 Sal,DE,92,"Wilson, Tyree NOS DE",AFC,2.78
Jul1 Sal,DE,93,"Cox, Brenton GBP DE",AFC,2.54
Jul1 Sal,DE,94,"Verse, Jared CLE DE",AFC,2.46
Jul1 Sal,DE,95,"Ojulari, Azeez ATL DE",NFC,2.42
Jul1 Sal,DE,96,"Latu, Laiatu IND DE",NFC,2.37
Jul1 Sal,DE,97,"Latu, Laiatu IND DE",AFC,2.37
Jul1 Sal,DE,98,"Bosa, Joey BUF DE",AFC,2.2
Jul1 Sal,DE,99,"Mack, Khalil LAC DE",AFC,2.2
Jul1 Sal,DE,100,"Verse, Jared CLE DE",NFC,2.19
Jul1 Sal,DE,101,"Chubb, Bradley BUF DE",NFC,2.1
Jul1 Sal,DE,102,"Turner, Dallas MIN DE",AFC,2.1
Jul1 Sal,DE,103,"Wilson, Tyree NOS DE",NFC,2.1
Jul1 Sal,DE,104,"Turner, Dallas MIN DE",NFC,2.05
Jul1 Sal,DE,105,"Mafe, Boye CIN DE",AFC,2.01
Jul1 Sal,DE,106,"Thibodeaux, Kayvon NYG DE",NFC,2.01
Jul1 Sal,DE,107,"Bosa, Joey BUF DE",NFC,2
Jul1 Sal,DE,108,"Johnson, Jermaine TEN DE",NFC,2
Jul1 Sal,DE,109,"Jones, Dre'Mont NEP DE",AFC,2
Jul1 Sal,DE,110,"Oweh, Odafe WAS DE",NFC,2
Jul1 Sal,DE,111,"Robinson, Quandarrius DEN DE",AFC,2
Jul1 Sal,DE,112,"Tillman, Dondrea DEN DE",AFC,2
Jul1 Sal,DE,113,"Lawrence, Malachi DAL DE",NFC,1.98
Jul1 Sal,DE,114,"Williams, Mykel SFO DE",AFC,1.97
Jul1 Sal,DE,115,"Parker, T.J. BUF DE",NFC,1.86
Jul1 Sal,DE,116,"Pearce, James ATL DE",AFC,1.86
Jul1 Sal,DE,117,"Robinson, Chop MIA DE",AFC,1.78
Jul1 Sal,DE,118,"Walker, Jalon ATL DE",AFC,1.76
Jul1 Sal,DE,119,"Walker, Jalon ATL DE",NFC,1.72
Jul1 Sal,DE,120,"Williams, Mykel SFO DE",NFC,1.64
Jul1 Sal,DE,121,"Lawrence, Malachi DAL DE",AFC,1.63
Jul1 Sal,DE,122,"Van Ness, Lukas GBP DE",NFC,1.59
Jul1 Sal,DE,123,"Anudike-Uzomah, Felix KCC DE",NFC,1.57
Jul1 Sal,DE,124,"Green, Mike BAL DE",NFC,1.57
Jul1 Sal,DE,125,"Mesidor, Akheem LAC DE",AFC,1.56
Jul1 Sal,DE,126,"Robinson, Chop MIA DE",NFC,1.56
Jul1 Sal,DE,127,"Smith, Nolan PHI DE",NFC,1.55
Jul1 Sal,DE,128,"Stewart, Shemar CIN DE",AFC,1.54
Jul1 Sal,DE,129,"Trice, Bralen ATL DE",AFC,1.54
Jul1 Sal,DE,130,"Faulk, Keldric TEN DE",AFC,1.52
Jul1 Sal,DE,131,"Mesidor, Akheem LAC DE",NFC,1.49
Jul1 Sal,DE,132,"Parker, T.J. BUF DE",AFC,1.46
Jul1 Sal,DE,133,"Howell, Cashius CIN DE",AFC,1.44
Jul1 Sal,DE,134,"Pearce, James ATL DE",NFC,1.43
Jul1 Sal,DE,135,"Van Ness, Lukas GBP DE",AFC,1.43
Jul1 Sal,DE,136,"Murphy, Myles CIN DE",NFC,1.42
Jul1 Sal,DE,137,"Green, Mike BAL DE",AFC,1.41
Jul1 Sal,DE,138,"Moore, Derrick DET DE",NFC,1.41
Jul1 Sal,DE,139,"Moore, Derrick DET DE",AFC,1.41
Jul1 Sal,DE,140,"Ezeiruaku, Donovan DAL DE",NFC,1.39
Jul1 Sal,DE,141,"Ezeiruaku, Donovan DAL DE",AFC,1.39
Jul1 Sal,DE,142,"Smith, Nolan PHI DE",AFC,1.32
Jul1 Sal,DE,143,"Thomas, R Mason KCC DE",AFC,1.32
Jul1 Sal,DE,144,"Tuipulotu, Tuli LAC DE",AFC,1.29
Jul1 Sal,DE,145,"Stewart, Shemar CIN DE",NFC,1.25
Jul1 Sal,DE,146,"Young, Zion BAL DE",AFC,1.25
Jul1 Sal,DE,147,"Herbig, Nick PIT DE",AFC,1.23
Jul1 Sal,DE,148,"Howell, Cashius CIN DE",NFC,1.23
Jul1 Sal,DE,149,"Stewart, Josaiah LAR DE",AFC,1.23
Jul1 Sal,DE,150,"White, Keion SFO DE",NFC,1.23
Jul1 Sal,DE,151,"White, Keion SFO DE",AFC,1.22
Jul1 Sal,DE,152,"Tuimoloau, JT IND DE",AFC,1.21
Jul1 Sal,DE,153,"Faulk, Keldric TEN DE",NFC,1.2
Jul1 Sal,DE,154,"Sawyer, Jack PIT DE",AFC,1.2
Jul1 Sal,DE,155,"Thomas, R Mason KCC DE",NFC,1.13
Jul1 Sal,DE,156,"Armstrong, Dorance WAS DE",AFC,1.1
Jul1 Sal,DE,157,"Booker, Austin CHI DE",NFC,1.1
Jul1 Sal,DE,158,"Booker, Austin CHI DE",AFC,1.1
Jul1 Sal,DE,159,"Browning, Baron ARI DE",NFC,1.1
Jul1 Sal,DE,160,"Elliss, Jonah DEN DE",NFC,1.1
Jul1 Sal,DE,161,"Elliss, Jonah DEN DE",AFC,1.1
Jul1 Sal,DE,162,"Enagbare, Kingsley NYJ DE",NFC,1.1
Jul1 Sal,DE,163,"Enagbare, Kingsley NYJ DE",AFC,1.1
Jul1 Sal,DE,164,"Epenesa, A.J. PHI DE",AFC,1.1
Jul1 Sal,DE,165,"Gardeck, Dennis JAC DE",NFC,1.1
Jul1 Sal,DE,166,"Hall, Derick SEA DE",AFC,1.1
Jul1 Sal,DE,167,"Hoecht, Michael BUF DE",NFC,1.1
Jul1 Sal,DE,168,"Hunt, Jalyx PHI DE",AFC,1.1
Jul1 Sal,DE,169,"Isaac, Adisa BAL DE",NFC,1.1
Jul1 Sal,DE,170,"Jones, Patrick CAR DE",NFC,1.1
Jul1 Sal,DE,171,"Jones, Patrick CAR DE",AFC,1.1
Jul1 Sal,DE,172,"Jordan, Cameron NOS DE",NFC,1.1
Jul1 Sal,DE,173,"Jordan, Cameron NOS DE",AFC,1.1
Jul1 Sal,DE,174,"Key, Arden IND DE",NFC,1.1
Jul1 Sal,DE,175,"Key, Arden IND DE",AFC,1.1
Jul1 Sal,DE,176,"Koonce, Malcolm LVR DE",NFC,1.1
Jul1 Sal,DE,177,"Koonce, Malcolm LVR DE",AFC,1.1
Jul1 Sal,DE,178,"Lawrence, Demarcus SEA DE",NFC,1.1
Jul1 Sal,DE,179,"Mafe, Boye CIN DE",NFC,1.1
Jul1 Sal,DE,180,"Martin, Jake TEN DE",NFC,1.1
Jul1 Sal,DE,181,"McGuire, Isaiah CLE DE",NFC,1.1
Jul1 Sal,DE,182,"McGuire, Isaiah CLE DE",AFC,1.1
Jul1 Sal,DE,183,"Miller, Von WAS DE",NFC,1.1
Jul1 Sal,DE,184,"Miller, Von WAS DE",AFC,1.1
Jul1 Sal,DE,185,"Nelson, Anthony TBB DE",NFC,1.1
Jul1 Sal,DE,186,"Nwosu, Uchenna SEA DE",AFC,1.1
Jul1 Sal,DE,187,"Odeyingbo, Dayo CHI DE",NFC,1.1
Jul1 Sal,DE,188,"Odeyingbo, Dayo CHI DE",AFC,1.1
Jul1 Sal,DE,189,"Ojabo, David MIA DE",AFC,1.1
Jul1 Sal,DE,190,"Ojulari, BJ ARI DE",AFC,1.1
Jul1 Sal,DE,191,"Okuayinonu, Sam SFO DE",NFC,1.1
Jul1 Sal,DE,192,"Oladejo, Oluwafemi TEN DE",NFC,1.1
Jul1 Sal,DE,193,"Ponder, Elijah NEP DE",NFC,1.1
Jul1 Sal,DE,194,"Reddick, Haason TBB DE",NFC,1.1
Jul1 Sal,DE,195,"Robinson, Tavius BAL DE",NFC,1.1
Jul1 Sal,DE,196,"Robinson, Tavius BAL DE",AFC,1.1
Jul1 Sal,DE,197,"Tillman, Dondrea DEN DE",NFC,1.1
Jul1 Sal,DE,198,"Turner, Payton DET DE",NFC,1.1
Jul1 Sal,DE,199,"Uche, Josh MIA DE",NFC,1.1
Jul1 Sal,DE,200,"Uche, Josh MIA DE",AFC,1.1
Jul1 Sal,DE,201,"Wonnum, D.J. DET DE",AFC,1.1
Jul1 Sal,DE,202,"Scourton, Nic CAR DE",NFC,1.09
Jul1 Sal,DE,203,"Scourton, Nic CAR DE",AFC,1.09
Jul1 Sal,DE,204,"Isaac, Adisa BAL DE",AFC,1.08
Jul1 Sal,DE,205,"Dennis-Sutton, Dani GBP DE",NFC,1.07
Jul1 Sal,DE,206,"Young, Zion BAL DE",NFC,1.05
Jul1 Sal,DE,207,"Dennis-Sutton, Dani GBP DE",AFC,1.04
Jul1 Sal,DE,208,"Oladejo, Oluwafemi TEN DE",AFC,1.04
Jul1 Sal,DE,209,"Gillotte, Ashton KCC DE",NFC,1.03
Jul1 Sal,DE,210,"Sorrell, Barryn GBP DE",AFC,1.03
Jul1 Sal,DE,211,"Jacas, Gabe NEP DE",NFC,1.02
Jul1 Sal,DE,212,"Barham, Jaishawn DAL DE",AFC,1.01
Jul1 Sal,DE,213,"Jacas, Gabe NEP DE",AFC,1
Jul1 Sal,DE,214,"Burch, Jordan ARI DE",NFC,0.99
Jul1 Sal,DE,215,"Burch, Jordan ARI DE",AFC,0.99
Jul1 Sal,DE,216,"Gillotte, Ashton KCC DE",AFC,0.99
Jul1 Sal,DE,217,"Oliver, Collin GBP DE",NFC,0.99
Jul1 Sal,DE,218,"Sawyer, Jack PIT DE",NFC,0.99
Jul1 Sal,DE,219,"Stewart, Josaiah LAR DE",NFC,0.99
Jul1 Sal,DE,220,"Umanmielen, Princely CAR DE",AFC,0.99
Jul1 Sal,DE,221,"Barham, Jaishawn DAL DE",NFC,0.98
Jul1 Sal,DE,222,"Crawford, Keyron LVR DE",NFC,0.98
Jul1 Sal,DE,223,"Height, Romello SFO DE",NFC,0.98
Jul1 Sal,DE,224,"Crawford, Keyron LVR DE",AFC,0.94
Jul1 Sal,DE,225,"Gumbs, George IND DE",AFC,0.94
Jul1 Sal,DE,226,"Height, Romello SFO DE",AFC,0.94
Jul1 Sal,DE,227,"Josephs, Joshua WAS DE",NFC,0.94
Jul1 Sal,DE,228,"Josephs, Joshua WAS DE",AFC,0.94
Jul1 Sal,DE,229,"Moore, Trey MIA DE",NFC,0.94
Jul1 Sal,DE,230,"Moore, Trey MIA DE",AFC,0.94
Jul1 Sal,DE,231,"Overton, LT DAL DE",NFC,0.94
Jul1 Sal,DE,232,"Overton, LT DAL DE",AFC,0.94
Jul1 Sal,DE,233,"Williams, Wesley JAC DE",NFC,0.94
Jul1 Sal,DE,234,"Williams, Wesley JAC DE",AFC,0.94
Jul1 Sal,LB,-1,NA,NA,18.15
Jul1 Sal,LB,0,NA,NA,16.49
Jul1 Sal,LB,1,"Brooks, Jordyn MIA LB",AFC,14.84
Jul1 Sal,LB,2,"Smith, Roquan BAL LB",AFC,14.27
Jul1 Sal,LB,3,"Oluokun, Foyesade JAC LB",NFC,12.58
Jul1 Sal,LB,4,"Franklin, Zaire GBP LB",NFC,11
Jul1 Sal,LB,5,"Bush, Devin CHI LB",NFC,10.78
Jul1 Sal,LB,6,"Edwards, T.J. CHI LB",AFC,10.63
Jul1 Sal,LB,7,"Bolton, Nick KCC LB",AFC,10.4
Jul1 Sal,LB,8,"Bush, Devin CHI LB",AFC,10.26
Jul1 Sal,LB,9,"Warner, Fred SFO LB",NFC,10.2
Jul1 Sal,LB,10,"Smith, Roquan BAL LB",NFC,9.9
Jul1 Sal,LB,11,"Franklin, Zaire GBP LB",AFC,9.41
Jul1 Sal,LB,12,"Queen, Patrick PIT LB",NFC,8.72
Jul1 Sal,LB,13,"Oluokun, Foyesade JAC LB",AFC,8.5
Jul1 Sal,LB,14,"Lloyd, Devin CAR LB",AFC,8.2
Jul1 Sal,LB,15,"Okereke, Bobby FA LB",AFC,8.02
Jul1 Sal,LB,16,"Lloyd, Devin CAR LB",NFC,8.01
Jul1 Sal,LB,17,"Warner, Fred SFO LB",AFC,7.92
Jul1 Sal,LB,18,"Dean, Nakobe LVR LB",AFC,7.69
Jul1 Sal,LB,19,"Brooks, Jordyn MIA LB",NFC,7.66
Jul1 Sal,LB,20,"Overshown, DeMarvion DAL LB",AFC,7.51
Jul1 Sal,LB,21,"Cashman, Blake MIN LB",NFC,7.5
Jul1 Sal,LB,22,"Bolton, Nick KCC LB",NFC,7.43
Jul1 Sal,LB,23,"Jones, Ernest SEA LB",AFC,7.43
Jul1 Sal,LB,24,"Wilson, Mack ARI LB",AFC,7
Jul1 Sal,LB,25,"Cashman, Blake MIN LB",AFC,6.7
Jul1 Sal,LB,26,"Owusu-Koramoah, Jeremiah CLE LB",NFC,6.55
Jul1 Sal,LB,27,"Okereke, Bobby FA LB",NFC,6.48
Jul1 Sal,LB,28,"Baun, Zack PHI LB",AFC,6.39
Jul1 Sal,LB,29,"Greenlaw, Dre SFO LB",NFC,6.06
Jul1 Sal,LB,30,"Baun, Zack PHI LB",NFC,6
Jul1 Sal,LB,31,"Sherwood, Jamien NYJ LB",AFC,5.88
Jul1 Sal,LB,32,"Elliss, Kaden NOS LB",AFC,5.85
Jul1 Sal,LB,33,"Sherwood, Jamien NYJ LB",NFC,5.77
Jul1 Sal,LB,34,"Wilson, Eric MIN LB",NFC,5.77
Jul1 Sal,LB,35,"Williams, Quincy CLE LB",NFC,5.75
Jul1 Sal,LB,36,"Walker, Quay LVR LB",NFC,5.7
Jul1 Sal,LB,37,"Luvu, Frankie WAS LB",NFC,5.64
Jul1 Sal,LB,38,"Walker, Quay LVR LB",AFC,5.52
Jul1 Sal,LB,39,"Greenlaw, Dre SFO LB",AFC,5.47
Jul1 Sal,LB,40,"Overshown, DeMarvion DAL LB",NFC,5.17
Jul1 Sal,LB,41,"Bernard, Terrel BUF LB",AFC,5.15
Jul1 Sal,LB,42,"Queen, Patrick PIT LB",AFC,5.1
Jul1 Sal,LB,43,"Dodson, Tyrel MIA LB",NFC,5
Jul1 Sal,LB,44,"Barton, Cody TEN LB",NFC,4.95
Jul1 Sal,LB,45,"Williams, Quincy CLE LB",AFC,4.94
Jul1 Sal,LB,46,"Wagner, Bobby FA LB",NFC,4.81
Jul1 Sal,LB,47,"Dean, Nakobe LVR LB",NFC,4.75
Jul1 Sal,LB,48,"Styles, Sonny WAS LB",AFC,4.52
Jul1 Sal,LB,49,"Al-Shaair, Azeez HOU LB",AFC,4.44
Jul1 Sal,LB,50,"Wagner, Bobby FA LB",AFC,4.3
Jul1 Sal,LB,51,"Dennis, SirVocea TBB LB",NFC,4.1
Jul1 Sal,LB,52,"Rozeboom, Christian TBB LB",AFC,4.07
Jul1 Sal,LB,53,"Jones, Ernest SEA LB",NFC,3.75
Jul1 Sal,LB,54,"Bernard, Terrel BUF LB",NFC,3.7
Jul1 Sal,LB,55,"Henley, Daiyan LAC LB",NFC,3.7
Jul1 Sal,LB,56,"Henley, Daiyan LAC LB",AFC,3.7
Jul1 Sal,LB,57,"Edmunds, Tremaine NYG LB",NFC,3.4
Jul1 Sal,LB,58,"Elliss, Kaden NOS LB",NFC,3.39
Jul1 Sal,LB,59,"Davis, Demario NYJ LB",NFC,3.38
Jul1 Sal,LB,60,"Reese, Arvell NYG LB",AFC,3.28
Jul1 Sal,LB,61,"Styles, Sonny WAS LB",NFC,3.28
Jul1 Sal,LB,62,"Landman, Nate LAR LB",AFC,3.27
Jul1 Sal,LB,63,"Spillane, Robert NEP LB",NFC,3.24
Jul1 Sal,LB,64,"Davis, Demario NYJ LB",AFC,3.23
Jul1 Sal,LB,65,"Campbell, Jack DET LB",AFC,3.1
Jul1 Sal,LB,66,"Edmunds, Tremaine NYG LB",AFC,3.07
Jul1 Sal,LB,67,"Singleton, Alex DEN LB",AFC,3
Jul1 Sal,LB,68,"Campbell, Jack DET LB",NFC,2.93
Jul1 Sal,LB,69,"Reese, Arvell NYG LB",NFC,2.76
Jul1 Sal,LB,70,"Edwards, T.J. CHI LB",NFC,2.7
Jul1 Sal,LB,71,"Al-Shaair, Azeez HOU LB",NFC,2.61
Jul1 Sal,LB,72,"Rodriguez, Jacob MIA LB",AFC,2.5
Jul1 Sal,LB,73,"Dodson, Tyrel MIA LB",AFC,2.3
Jul1 Sal,LB,74,"Allen, CJ IND LB",NFC,2.29
Jul1 Sal,LB,75,"Anzalone, Alex TBB LB",AFC,2.1
Jul1 Sal,LB,76,"Barton, Cody TEN LB",AFC,2.1
Jul1 Sal,LB,77,"Bethune, Tatum SFO LB",NFC,2.1
Jul1 Sal,LB,78,"Campbell, Jihaad PHI LB",NFC,2.1
Jul1 Sal,LB,79,"Chenal, Leo WAS LB",NFC,2.1
Jul1 Sal,LB,80,"Chenal, Leo WAS LB",AFC,2.1
Jul1 Sal,LB,81,"Knight, Tyrice SEA LB",NFC,2.1
Jul1 Sal,LB,82,"Thomas, Drake SEA LB",NFC,2.1
Jul1 Sal,LB,83,"Tranquill, Drue KCC LB",NFC,2.1
Jul1 Sal,LB,84,"Speights, Omar LAR LB",NFC,2.06
Jul1 Sal,LB,85,"Colson, Junior LAC LB",AFC,2.05
Jul1 Sal,LB,86,"Rodriguez, Jacob MIA LB",NFC,2.05
Jul1 Sal,LB,87,"Werner, Pete NOS LB",AFC,2.05
Jul1 Sal,LB,88,"Campbell, Jihaad PHI LB",AFC,2.04
Jul1 Sal,LB,89,"Schwesinger, Carson CLE LB",NFC,2.04
Jul1 Sal,LB,90,"Owusu-Koramoah, Jeremiah CLE LB",AFC,2.01
Jul1 Sal,LB,91,"Pratt, Germaine FA LB",AFC,2.01
Jul1 Sal,LB,92,"Wilson, Eric MIN LB",AFC,2.01
Jul1 Sal,LB,93,"Anzalone, Alex TBB LB",NFC,2
Jul1 Sal,LB,94,"Barnes, Derrick DET LB",NFC,2
Jul1 Sal,LB,95,"Davis-Gaither, Akeem IND LB",AFC,2
Jul1 Sal,LB,96,"Deablo, Divine ATL LB",NFC,2
Jul1 Sal,LB,97,"Deablo, Divine ATL LB",AFC,2
Jul1 Sal,LB,98,"McFadden, Micah NYG LB",NFC,2
Jul1 Sal,LB,99,"Miller, Ventrell JAC LB",AFC,2
Jul1 Sal,LB,100,"Singleton, Alex DEN LB",NFC,2
Jul1 Sal,LB,101,"Spillane, Robert NEP LB",AFC,2
Jul1 Sal,LB,102,"To'oTo'o, Henry HOU LB",NFC,2
Jul1 Sal,LB,103,"Werner, Pete NOS LB",NFC,2
Jul1 Sal,LB,104,"Allen, CJ IND LB",AFC,1.98
Jul1 Sal,LB,105,"Colson, Junior LAC LB",NFC,1.93
Jul1 Sal,LB,106,"Trotter, Josiah TBB LB",AFC,1.92
Jul1 Sal,LB,107,"Cooper, Edgerrin GBP LB",AFC,1.86
Jul1 Sal,LB,108,"Hill Jr., Anthony TEN LB",AFC,1.86
Jul1 Sal,LB,109,"Sanders, Drew DEN LB",AFC,1.84
Jul1 Sal,LB,110,"Schwesinger, Carson CLE LB",AFC,1.8
Jul1 Sal,LB,111,"Trotter, Josiah TBB LB",NFC,1.71
Jul1 Sal,LB,112,"Luvu, Frankie WAS LB",AFC,1.7
Jul1 Sal,LB,113,"Hill Jr., Anthony TEN LB",NFC,1.63
Jul1 Sal,LB,114,"Cooper, Edgerrin GBP LB",NFC,1.58
Jul1 Sal,LB,115,"Golday, Jake MIN LB",NFC,1.52
Jul1 Sal,LB,116,"Simpson, Trenton BAL LB",NFC,1.41
Jul1 Sal,LB,117,"Golday, Jake MIN LB",AFC,1.39
Jul1 Sal,LB,118,"Knight, Demetrius CIN LB",AFC,1.32
Jul1 Sal,LB,119,"Knight, Demetrius CIN LB",NFC,1.3
Jul1 Sal,LB,120,"Stutsman, Danny NOS LB",AFC,1.3
Jul1 Sal,LB,121,"Wilson, Payton PIT LB",AFC,1.29
Jul1 Sal,LB,122,"Wilson, Payton PIT LB",NFC,1.24
Jul1 Sal,LB,123,"Wallace, Trevin CAR LB",NFC,1.2
Jul1 Sal,LB,124,"Wallace, Trevin CAR LB",AFC,1.2
Jul1 Sal,LB,125,"Gray, Cedric TEN LB",NFC,1.19
Jul1 Sal,LB,126,"Gray, Cedric TEN LB",AFC,1.17
Jul1 Sal,LB,127,"Williams, Dorian BUF LB",AFC,1.17
Jul1 Sal,LB,128,"Martin, Nick SFO LB",NFC,1.16
Jul1 Sal,LB,129,"To'oTo'o, Henry HOU LB",AFC,1.14
Jul1 Sal,LB,130,"Bertrand, JD ATL LB",AFC,1.13
Jul1 Sal,LB,131,"Barnes, Derrick DET LB",AFC,1.1
Jul1 Sal,LB,132,"Bethune, Tatum SFO LB",AFC,1.1
Jul1 Sal,LB,133,"Carlies, Jaylon IND LB",NFC,1.1
Jul1 Sal,LB,134,"David, Lavonte FA LB",AFC,1.1
Jul1 Sal,LB,135,"Davis-Gaither, Akeem IND LB",NFC,1.1
Jul1 Sal,LB,136,"Dennis, SirVocea TBB LB",AFC,1.1
Jul1 Sal,LB,137,"Diabate, Mohamoud TEN LB",NFC,1.1
Jul1 Sal,LB,138,"Dolac, Shaun LAR LB",NFC,1.1
Jul1 Sal,LB,139,"Dye, Troy LAC LB",AFC,1.1
Jul1 Sal,LB,140,"Elliss, Christian NEP LB",NFC,1.1
Jul1 Sal,LB,141,"Elliss, Christian NEP LB",AFC,1.1
Jul1 Sal,LB,142,"Gibbens, Jack ARI LB",NFC,1.1
Jul1 Sal,LB,143,"Harris, Christian ATL LB",NFC,1.1
Jul1 Sal,LB,144,"Harris, Christian ATL LB",AFC,1.1
Jul1 Sal,LB,145,"Jackson, D'Marco CHI LB",NFC,1.1
Jul1 Sal,LB,146,"James, Shemar DAL LB",NFC,1.1
Jul1 Sal,LB,147,"James, Shemar DAL LB",AFC,1.1
Jul1 Sal,LB,148,"Jewell, Josey FA LB",NFC,1.1
Jul1 Sal,LB,149,"Landman, Nate LAR LB",NFC,1.1
Jul1 Sal,LB,150,"Liufau, Marist DAL LB",AFC,1.1
Jul1 Sal,LB,151,"Martin, Nick SFO LB",AFC,1.1
Jul1 Sal,LB,152,"Mauigoa, Francisco NYJ LB",NFC,1.1
Jul1 Sal,LB,153,"McDuffie, Isaiah GBP LB",NFC,1.1
Jul1 Sal,LB,154,"McDuffie, Isaiah GBP LB",AFC,1.1
Jul1 Sal,LB,155,"McFadden, Micah NYG LB",AFC,1.1
Jul1 Sal,LB,156,"Milano, Matt BUF LB",NFC,1.1
Jul1 Sal,LB,157,"Milano, Matt BUF LB",AFC,1.1
Jul1 Sal,LB,158,"Miller, Ventrell JAC LB",NFC,1.1
Jul1 Sal,LB,159,"Pace, Ivan MIN LB",NFC,1.1
Jul1 Sal,LB,160,"Pace, Ivan MIN LB",AFC,1.1
Jul1 Sal,LB,161,"Paul, Chris SEA LB",NFC,1.1
Jul1 Sal,LB,162,"Perryman, Denzel LAC LB",NFC,1.1
Jul1 Sal,LB,163,"Perryman, Denzel LAC LB",AFC,1.1
Jul1 Sal,LB,164,"Pratt, Germaine FA LB",NFC,1.1
Jul1 Sal,LB,165,"Reid, Winston CLE LB",AFC,1.1
Jul1 Sal,LB,166,"Roberts, Elandon LVR LB",AFC,1.1
Jul1 Sal,LB,167,"Rodriguez, Malcolm DET LB",NFC,1.1
Jul1 Sal,LB,168,"Rodriguez, Malcolm DET LB",AFC,1.1
Jul1 Sal,LB,169,"Rozeboom, Christian TBB LB",NFC,1.1
Jul1 Sal,LB,170,"Simon, Cody ARI LB",NFC,1.1
Jul1 Sal,LB,171,"Simpson, Trenton BAL LB",AFC,1.1
Jul1 Sal,LB,172,"Speed, E.J. HOU LB",AFC,1.1
Jul1 Sal,LB,173,"Speights, Omar LAR LB",AFC,1.1
Jul1 Sal,LB,174,"Strnad, Justin DEN LB",NFC,1.1
Jul1 Sal,LB,175,"Stutsman, Danny NOS LB",NFC,1.1
Jul1 Sal,LB,176,"Thomas, Drake SEA LB",AFC,1.1
Jul1 Sal,LB,177,"Thompson, Shaq BUF LB",AFC,1.1
Jul1 Sal,LB,178,"Tranquill, Drue KCC LB",AFC,1.1
Jul1 Sal,LB,179,"Trotter Jr., Jeremiah PHI LB",NFC,1.1
Jul1 Sal,LB,180,"White, Devin LVR LB",NFC,1.1
Jul1 Sal,LB,181,"White, Devin LVR LB",AFC,1.1
Jul1 Sal,LB,182,"Williams, Dorian BUF LB",NFC,1.1
Jul1 Sal,LB,183,"Wilson, Mack ARI LB",NFC,1.1
Jul1 Sal,LB,184,"Winters, Dee DAL LB",NFC,1.1
Jul1 Sal,LB,185,"Winters, Dee DAL LB",AFC,1.1
Jul1 Sal,LB,186,"Louis, Kyle MIA LB",NFC,1.04
Jul1 Sal,LB,187,"Simon, Cody ARI LB",AFC,1.04
Jul1 Sal,LB,188,"Buchanan, Teddye BAL LB",AFC,1.03
Jul1 Sal,LB,189,"Carter, Barrett CIN LB",AFC,1.03
Jul1 Sal,LB,190,"Knight, Tyrice SEA LB",AFC,1.03
Jul1 Sal,LB,191,"Rolder, Jimmy DET LB",AFC,1.02
Jul1 Sal,LB,192,"Perkins, Harold ATL LB",AFC,1.01
Jul1 Sal,LB,193,"Elarms-Orr, Kaleb BUF LB",AFC,1
Jul1 Sal,LB,194,"Jefferson, Justin CLE LB",AFC,1
Jul1 Sal,LB,195,"Boettcher, Bryce IND LB",AFC,0.99
Jul1 Sal,LB,196,"Buchanan, Teddye BAL LB",NFC,0.99
Jul1 Sal,LB,197,"Carter, Barrett CIN LB",NFC,0.99
Jul1 Sal,LB,198,"Kiser, Jack JAC LB",NFC,0.99
Jul1 Sal,LB,199,"Boettcher, Bryce IND LB",NFC,0.94
Jul1 Sal,LB,200,"Daniels, Kendal ATL LB",NFC,0.94
Jul1 Sal,LB,201,"Daniels, Kendal ATL LB",AFC,0.94
Jul1 Sal,LB,202,"Dugger, Jaden SFO LB",NFC,0.94
Jul1 Sal,LB,203,"Dugger, Jaden SFO LB",AFC,0.94
Jul1 Sal,LB,204,"Elarms-Orr, Kaleb BUF LB",NFC,0.94
Jul1 Sal,LB,205,"Elliott, Keyshaun CHI LB",NFC,0.94
Jul1 Sal,LB,206,"Elliott, Keyshaun CHI LB",AFC,0.94
Jul1 Sal,LB,207,"Hughes, Parker JAC LB",NFC,0.94
Jul1 Sal,LB,208,"Hughes, Parker JAC LB",AFC,0.94
Jul1 Sal,LB,209,"Jefferson, Justin CLE LB",NFC,0.94
Jul1 Sal,LB,210,"Kelly, Jack NYG LB",NFC,0.94
Jul1 Sal,LB,211,"Kelly, Jack NYG LB",AFC,0.94
Jul1 Sal,LB,212,"Kuwatch, Jackson CAR LB",NFC,0.94
Jul1 Sal,LB,213,"Lawson, Deontae PHI LB",NFC,0.94
Jul1 Sal,LB,214,"Lawson, Deontae PHI LB",AFC,0.94
Jul1 Sal,LB,215,"Louis, Kyle MIA LB",AFC,0.94
Jul1 Sal,LB,216,"Murdock, Red DEN LB",NFC,0.94
Jul1 Sal,LB,217,"Murdock, Red DEN LB",AFC,0.94
Jul1 Sal,LB,218,"Obiazor, Namdi NEP LB",NFC,0.94
Jul1 Sal,LB,219,"Obiazor, Namdi NEP LB",AFC,0.94
Jul1 Sal,LB,220,"Perkins, Harold ATL LB",NFC,0.94
Jul1 Sal,LB,221,"Rolder, Jimmy DET LB",NFC,0.94
Jul1 Sal,LB,222,"Woodaz, Wade HOU LB",NFC,0.94
Jul1 Sal,LB,223,"Woodaz, Wade HOU LB",AFC,0.94
Jul1 Sal,LB,224,"York, Taurean DEN LB",NFC,0.94
Jul1 Sal,CB,-1,NA,NA,7.5
Jul1 Sal,CB,0,NA,NA,7.19
Jul1 Sal,CB,1,"Bland, DaRon DAL CB",NFC,6.87
Jul1 Sal,CB,2,"Adebo, Paulson NYG CB",AFC,6.42
Jul1 Sal,CB,3,"Taylor, Alontae TEN CB",AFC,6.01
Jul1 Sal,CB,4,"Bland, DaRon DAL CB",AFC,5.88
Jul1 Sal,CB,5,"Campbell, Tyson CLE CB",AFC,5.1
Jul1 Sal,CB,6,"Jackson, Michael CAR CB",NFC,5.1
Jul1 Sal,CB,7,"Green, Renardo SFO CB",AFC,4.81
Jul1 Sal,CB,8,"Humphrey, Marlon BAL CB",NFC,4.28
Jul1 Sal,CB,9,"Stevenson, Tyrique CHI CB",NFC,4.2
Jul1 Sal,CB,10,"Stingley Jr., Derek HOU CB",AFC,4.2
Jul1 Sal,CB,11,"Jones, Jaylon IND CB",AFC,4.08
Jul1 Sal,CB,12,"Jones, Marcus NEP CB",NFC,3.99
Jul1 Sal,CB,13,"Jones, Marcus NEP CB",AFC,3.85
Jul1 Sal,CB,14,"Humphrey, Marlon BAL CB",AFC,3.8
Jul1 Sal,CB,15,"Gonzalez, Christian NEP CB",AFC,3.7
Jul1 Sal,CB,16,"Witherspoon, Devon SEA CB",NFC,3.7
Jul1 Sal,CB,17,"Witherspoon, Devon SEA CB",AFC,3.7
Jul1 Sal,CB,18,"McDuffie, Trent LAR CB",NFC,3.51
Jul1 Sal,CB,19,"Turner, DJ CIN CB",NFC,3.48
Jul1 Sal,CB,20,"Campbell, Tyson CLE CB",NFC,3.4
Jul1 Sal,CB,21,"Still, Tarheeb LAC CB",NFC,3.34
Jul1 Sal,CB,22,"Nixon, Keisean GBP CB",NFC,3.26
Jul1 Sal,CB,23,"Surtain II, Patrick DEN CB",AFC,3.15
Jul1 Sal,CB,24,"Horn, Jaycee CAR CB",AFC,3.14
Jul1 Sal,CB,25,"Murphy, Byron MIN CB",NFC,3.1
Jul1 Sal,CB,26,"Moore, Kenny FA CB",AFC,3.07
Jul1 Sal,CB,27,"Taylor, Alontae TEN CB",NFC,2.7
Jul1 Sal,CB,28,"Nixon, Keisean GBP CB",AFC,2.6
Jul1 Sal,CB,29,"Ramsey, Jalen PIT CB",NFC,2.6
Jul1 Sal,CB,30,"Wiggins, Nate BAL CB",NFC,2.57
Jul1 Sal,CB,31,"Watson, Jaylen LAR CB",NFC,2.5
Jul1 Sal,CB,32,"Ward, Charvarius IND CB",NFC,2.47
Jul1 Sal,CB,33,"Lenoir, Deommodore SFO CB",AFC,2.28
Jul1 Sal,CB,34,"Dean, Jamel PIT CB",NFC,2.25
Jul1 Sal,CB,35,"Stingley Jr., Derek HOU CB",NFC,2.25
Jul1 Sal,CB,36,"Davis, Carlton NEP CB",AFC,2.22
Jul1 Sal,CB,37,"Moss, Riley DEN CB",AFC,2.2
Jul1 Sal,CB,38,"Ramsey, Jalen PIT CB",AFC,2.2
Jul1 Sal,CB,39,"Robertson, Amik WAS CB",NFC,2.2
Jul1 Sal,CB,40,"Reed, D.J. DET CB",AFC,2.1
Jul1 Sal,CB,41,"Ward, Charvarius IND CB",AFC,2.09
Jul1 Sal,CB,42,"Lewis, Jourdan JAC CB",NFC,2.01
Jul1 Sal,CB,43,"Porter Jr., Joey PIT CB",NFC,2.01
Jul1 Sal,CB,44,"Adebo, Paulson NYG CB",NFC,2
Jul1 Sal,CB,45,"Davis, Carlton NEP CB",NFC,2
Jul1 Sal,CB,46,"Gardner, Sauce IND CB",NFC,2
Jul1 Sal,CB,47,"Gordon, Kyler CHI CB",AFC,2
Jul1 Sal,CB,48,"Green, Renardo SFO CB",NFC,2
Jul1 Sal,CB,49,"Hill, Daxton CIN CB",NFC,2
Jul1 Sal,CB,50,"Hill, Daxton CIN CB",AFC,2
Jul1 Sal,CB,51,"Horn, Jaycee CAR CB",NFC,2
Jul1 Sal,CB,52,"Johnson, Jaylon CHI CB",AFC,2
Jul1 Sal,CB,53,"McCollum, Zyon TBB CB",NFC,2
Jul1 Sal,CB,54,"McMillian, Ja'Quan DEN CB",NFC,2
Jul1 Sal,CB,55,"McMillian, Ja'Quan DEN CB",AFC,2
Jul1 Sal,CB,56,"Moss, Riley DEN CB",NFC,2
Jul1 Sal,CB,57,"Porter Jr., Joey PIT CB",AFC,2
Jul1 Sal,CB,58,"Reed, D.J. DET CB",NFC,2
Jul1 Sal,CB,59,"Stevenson, Tyrique CHI CB",AFC,2
Jul1 Sal,CB,60,"Surtain II, Patrick DEN CB",NFC,2
Jul1 Sal,CB,61,"Terrell, A.J. ATL CB",NFC,2
Jul1 Sal,CB,62,"Watson, Jaylen LAR CB",AFC,2
Jul1 Sal,CB,63,"Delane, Mansoor KCC CB",AFC,1.28
Jul1 Sal,CB,64,"DeJean, Cooper PHI CB",AFC,1.25
Jul1 Sal,CB,65,"Forbes, Emmanuel LAR CB",AFC,1.25
Jul1 Sal,CB,66,"DeJean, Cooper PHI CB",NFC,1.24
Jul1 Sal,CB,67,"Terrell, Avieon ATL CB",AFC,1.22
Jul1 Sal,CB,68,"Gonzalez, Christian NEP CB",NFC,1.21
Jul1 Sal,CB,69,"Mitchell, Quinyon PHI CB",NFC,1.21
Jul1 Sal,CB,70,"Ponds, D'Angelo NYJ CB",AFC,1.2
Jul1 Sal,CB,71,"Sainristil, Mike WAS CB",AFC,1.2
Jul1 Sal,CB,72,"Barron, Jahdae DEN CB",AFC,1.19
Jul1 Sal,CB,73,"Delane, Mansoor KCC CB",NFC,1.19
Jul1 Sal,CB,74,"Arnold, Terrion FA CB",AFC,1.18
Jul1 Sal,CB,75,"Barron, Jahdae DEN CB",NFC,1.18
Jul1 Sal,CB,76,"Banks, Deonte NYG CB",AFC,1.17
Jul1 Sal,CB,77,"Mitchell, Quinyon PHI CB",AFC,1.17
Jul1 Sal,CB,78,"Sainristil, Mike WAS CB",NFC,1.17
Jul1 Sal,CB,79,"Turner, DJ CIN CB",AFC,1.14
Jul1 Sal,CB,80,"Williams, Garrett ARI CB",AFC,1.14
Jul1 Sal,CB,81,"Hairston, Maxwell BUF CB",NFC,1.13
Jul1 Sal,CB,82,"Wiggins, Nate BAL CB",AFC,1.13
Jul1 Sal,CB,83,"Johnson, Chris MIA CB",NFC,1.12
Jul1 Sal,CB,84,"Johnson, Will ARI CB",AFC,1.12
Jul1 Sal,CB,85,"Hairston, Maxwell BUF CB",AFC,1.11
Jul1 Sal,CB,86,"Alford, Dee BUF CB",NFC,1.1
Jul1 Sal,CB,87,"Alford, Dee BUF CB",AFC,1.1
Jul1 Sal,CB,88,"Amos, Trey WAS CB",AFC,1.1
Jul1 Sal,CB,89,"Baker, Darrell MIA CB",AFC,1.1
Jul1 Sal,CB,90,"Banks, Deonte NYG CB",NFC,1.1
Jul1 Sal,CB,91,"Benford, Christian BUF CB",NFC,1.1
Jul1 Sal,CB,92,"Benford, Christian BUF CB",AFC,1.1
Jul1 Sal,CB,93,"Blackmon, Mekhi IND CB",NFC,1.1
Jul1 Sal,CB,94,"Brown, Montaric JAC CB",NFC,1.1
Jul1 Sal,CB,95,"Brown, Montaric JAC CB",AFC,1.1
Jul1 Sal,CB,96,"Brownlee, Jarvis NYJ CB",NFC,1.1
Jul1 Sal,CB,97,"Brownlee, Jarvis NYJ CB",AFC,1.1
Jul1 Sal,CB,98,"Burke, Denzel ARI CB",NFC,1.1
Jul1 Sal,CB,99,"Burke, Denzel ARI CB",AFC,1.1
Jul1 Sal,CB,100,"Dean, Jamel PIT CB",AFC,1.1
Jul1 Sal,CB,101,"Diggs, Trevon FA CB",NFC,1.1
Jul1 Sal,CB,102,"Douglas, Rasul WAS CB",NFC,1.1
Jul1 Sal,CB,103,"Duck, Storm MIA CB",NFC,1.1
Jul1 Sal,CB,104,"Durant, Decobie DAL CB",NFC,1.1
Jul1 Sal,CB,105,"Durant, Decobie DAL CB",AFC,1.1
Jul1 Sal,CB,106,"Echols, Brandin PIT CB",NFC,1.1
Jul1 Sal,CB,107,"Flott, Cordale TEN CB",NFC,1.1
Jul1 Sal,CB,108,"Flott, Cordale TEN CB",AFC,1.1
Jul1 Sal,CB,109,"Forbes, Emmanuel LAR CB",NFC,1.1
Jul1 Sal,CB,110,"Fulton, Kristian KCC CB",NFC,1.1
Jul1 Sal,CB,111,"Fulton, Kristian KCC CB",AFC,1.1
Jul1 Sal,CB,112,"Gardner, Sauce IND CB",AFC,1.1
Jul1 Sal,CB,113,"Gordon, Kyler CHI CB",NFC,1.1
Jul1 Sal,CB,114,"Harris, Marcus TEN CB",NFC,1.1
Jul1 Sal,CB,115,"Harris, Marcus TEN CB",AFC,1.1
Jul1 Sal,CB,116,"Hart, Cam LAC CB",NFC,1.1
Jul1 Sal,CB,117,"Hobbs, Nate SFO CB",NFC,1.1
Jul1 Sal,CB,118,"Hughes, Mike ATL CB",NFC,1.1
Jul1 Sal,CB,119,"Jackson, Adoree PHI CB",AFC,1.1
Jul1 Sal,CB,120,"Jackson, Donte LAC CB",NFC,1.1
Jul1 Sal,CB,121,"Jackson, Donte LAC CB",AFC,1.1
Jul1 Sal,CB,122,"Jackson, Michael CAR CB",AFC,1.1
Jul1 Sal,CB,123,"Jobe, Josh SEA CB",NFC,1.1
Jul1 Sal,CB,124,"Jobe, Josh SEA CB",AFC,1.1
Jul1 Sal,CB,125,"Johnson, Chris MIA CB",AFC,1.1
Jul1 Sal,CB,126,"Johnson, Jaylon CHI CB",NFC,1.1
Jul1 Sal,CB,127,"Johnson, Taron LVR CB",NFC,1.1
Jul1 Sal,CB,128,"Jones, Jack SFO CB",NFC,1.1
Jul1 Sal,CB,129,"Jones, Jack SFO CB",AFC,1.1
Jul1 Sal,CB,130,"Jones, Jarrian JAC CB",NFC,1.1
Jul1 Sal,CB,131,"Jones, Jarrian JAC CB",AFC,1.1
Jul1 Sal,CB,132,"Jones, Jaylon IND CB",NFC,1.1
Jul1 Sal,CB,133,"Kohou, Kader KCC CB",NFC,1.1
Jul1 Sal,CB,134,"Lenoir, Deommodore SFO CB",NFC,1.1
Jul1 Sal,CB,135,"Lewis, Jourdan JAC CB",AFC,1.1
Jul1 Sal,CB,136,"Marshall, Jason MIA CB",NFC,1.1
Jul1 Sal,CB,137,"McCollum, Zyon TBB CB",AFC,1.1
Jul1 Sal,CB,138,"McCreary, Roger DET CB",NFC,1.1
Jul1 Sal,CB,139,"McCreary, Roger DET CB",AFC,1.1
Jul1 Sal,CB,140,"McDuffie, Trent LAR CB",AFC,1.1
Jul1 Sal,CB,141,"Moore, Kenny FA CB",NFC,1.1
Jul1 Sal,CB,142,"Morrison, Benjamin TBB CB",NFC,1.1
Jul1 Sal,CB,143,"Murphy, Byron MIN CB",AFC,1.1
Jul1 Sal,CB,144,"Newsome, Greg NYG CB",NFC,1.1
Jul1 Sal,CB,145,"Parrish, Jacob TBB CB",AFC,1.1
Jul1 Sal,CB,146,"Phillips, Andru NYG CB",AFC,1.1
Jul1 Sal,CB,147,"Phillips, Clark ATL CB",NFC,1.1
Jul1 Sal,CB,148,"Pierre, James MIN CB",NFC,1.1
Jul1 Sal,CB,149,"Porter, Darien LVR CB",NFC,1.1
Jul1 Sal,CB,150,"Rakestraw, Ennis DET CB",AFC,1.1
Jul1 Sal,CB,151,"Revel, Shavon DAL CB",NFC,1.1
Jul1 Sal,CB,152,"Riley, Quincy NOS CB",NFC,1.1
Jul1 Sal,CB,153,"Riley, Quincy NOS CB",AFC,1.1
Jul1 Sal,CB,154,"Robertson, Amik WAS CB",AFC,1.1
Jul1 Sal,CB,155,"Rodgers, Isaiah MIN CB",NFC,1.1
Jul1 Sal,CB,156,"Rodgers, Isaiah MIN CB",AFC,1.1
Jul1 Sal,CB,157,"Smith-Wade, Chau CAR CB",NFC,1.1
Jul1 Sal,CB,158,"Stephens, Brandon NYJ CB",NFC,1.1
Jul1 Sal,CB,159,"Stephens, Brandon NYJ CB",AFC,1.1
Jul1 Sal,CB,160,"Still, Tarheeb LAC CB",AFC,1.1
Jul1 Sal,CB,161,"Stokes, Eric LVR CB",NFC,1.1
Jul1 Sal,CB,162,"Stout, Upton SFO CB",NFC,1.1
Jul1 Sal,CB,163,"Stout, Upton SFO CB",AFC,1.1
Jul1 Sal,CB,164,"Taylor-Britt, Cam IND CB",NFC,1.1
Jul1 Sal,CB,165,"Terrell, A.J. ATL CB",AFC,1.1
Jul1 Sal,CB,166,"Valentine, Carrington GBP CB",NFC,1.1
Jul1 Sal,CB,167,"Ward, Denzel CLE CB",NFC,1.1
Jul1 Sal,CB,168,"Williams, Garrett ARI CB",NFC,1.1
Jul1 Sal,CB,169,"Williams, Nohl KCC CB",NFC,1.1
Jul1 Sal,CB,170,"Williams, Nohl KCC CB",AFC,1.1
Jul1 Sal,CB,171,"Woolen, Tariq PHI CB",NFC,1.1
Jul1 Sal,CB,172,"Woolen, Tariq PHI CB",AFC,1.1
Jul1 Sal,CB,173,"Wright, Nahshon NYJ CB",NFC,1.1
Jul1 Sal,CB,174,"Wright, Nahshon NYJ CB",AFC,1.1
Jul1 Sal,CB,175,"Ya-Sin, Rock DET CB",AFC,1.1
Jul1 Sal,CB,176,"Lassiter, Kamari HOU CB",NFC,1.09
Jul1 Sal,CB,177,"McKinstry, Kool-Aid NOS CB",AFC,1.09
Jul1 Sal,CB,178,"McKinstry, Kool-Aid NOS CB",NFC,1.08
Jul1 Sal,CB,179,"Ponds, D'Angelo NYJ CB",NFC,1.08
Jul1 Sal,CB,180,"Johnson, Will ARI CB",NFC,1.06
Jul1 Sal,CB,181,"Lassiter, Kamari HOU CB",AFC,1.03
Jul1 Sal,CB,182,"Phillips, Andru NYG CB",NFC,1.03
Jul1 Sal,CB,183,"Revel, Shavon DAL CB",AFC,1.03
Jul1 Sal,CB,184,"Bowman, Billy ATL CB",NFC,1.02
Jul1 Sal,CB,185,"Terrell, Avieon ATL CB",NFC,1
Jul1 Sal,CB,186,"Amos, Trey WAS CB",NFC,0.99
Jul1 Sal,CB,187,"Bowman, Billy ATL CB",AFC,0.99
Jul1 Sal,CB,188,"McCoy, Jermod LVR CB",AFC,0.99
Jul1 Sal,CB,189,"Morrison, Benjamin TBB CB",AFC,0.99
Jul1 Sal,CB,190,"Parrish, Jacob TBB CB",NFC,0.99
Jul1 Sal,CB,191,"Porter, Darien LVR CB",AFC,0.99
Jul1 Sal,CB,192,"Ransaw, Caleb JAC CB",NFC,0.99
Jul1 Sal,CB,193,"Ransaw, Caleb JAC CB",AFC,0.99
Jul1 Sal,CB,194,"Scott, Keionte TBB CB",NFC,0.99
Jul1 Sal,CB,195,"Thomas, Azareye'h NYJ CB",AFC,0.99
Jul1 Sal,CB,196,"Cisse, Brandon GBP CB",NFC,0.98
Jul1 Sal,CB,197,"Hood, Colton NYG CB",NFC,0.98
Jul1 Sal,CB,198,"Scott, Keionte TBB CB",AFC,0.98
Jul1 Sal,CB,199,"Abney, Keith DET CB",NFC,0.94
Jul1 Sal,CB,200,"Abney, Keith DET CB",AFC,0.94
Jul1 Sal,CB,201,"Canady, Jadon KCC CB",NFC,0.94
Jul1 Sal,CB,202,"Canady, Jadon KCC CB",AFC,0.94
Jul1 Sal,CB,203,"Cisse, Brandon GBP CB",AFC,0.94
Jul1 Sal,CB,204,"Davis, Tacario CIN CB",NFC,0.94
Jul1 Sal,CB,205,"Davis, Tacario CIN CB",AFC,0.94
Jul1 Sal,CB,206,"Demmings, Charles MIN CB",NFC,0.94
Jul1 Sal,CB,207,"Everette, Daylen PIT CB",AFC,0.94
Jul1 Sal,CB,208,"Hall, TJ NOS CB",NFC,0.94
Jul1 Sal,CB,209,"Hall, TJ NOS CB",AFC,0.94
Jul1 Sal,CB,210,"Hood, Colton NYG CB",AFC,0.94
Jul1 Sal,CB,211,"Igbinosun, Davison BUF CB",NFC,0.94
Jul1 Sal,CB,212,"Igbinosun, Davison BUF CB",AFC,0.94
Jul1 Sal,CB,213,"Jackson, Domani GBP CB",NFC,0.94
Jul1 Sal,CB,214,"Lee, Will CAR CB",AFC,0.94
Jul1 Sal,CB,215,"McCoy, Jermod LVR CB",NFC,0.94
Jul1 Sal,CB,216,"Moore, Devin DAL CB",NFC,0.94
Jul1 Sal,CB,217,"Moore, Devin DAL CB",AFC,0.94
Jul1 Sal,CB,218,"Muhammad, Malik CHI CB",NFC,0.94
Jul1 Sal,CB,219,"Muhammad, Malik CHI CB",AFC,0.94
Jul1 Sal,CB,220,"Neal, Julian SEA CB",NFC,0.94
Jul1 Sal,CB,221,"Neal, Julian SEA CB",AFC,0.94
Jul1 Sal,CB,222,"Prysock, Ephesians SFO CB",NFC,0.94
Jul1 Sal,CB,223,"Rivers, Chandler BAL CB",NFC,0.94
Jul1 Sal,CB,224,"Rivers, Chandler BAL CB",AFC,0.94
Jul1 Sal,S,-1,NA,NA,15.77
Jul1 Sal,S,0,NA,NA,15.6
Jul1 Sal,S,1,"Winfield, Antoine TBB S",NFC,15.43
Jul1 Sal,S,2,"Hufanga, Talanoa DEN S",AFC,9.77
Jul1 Sal,S,3,"Love, Julian SEA S",AFC,9.55
Jul1 Sal,S,4,"Byard, Kevin NEP S",AFC,9.48
Jul1 Sal,S,5,"Winfield, Antoine TBB S",AFC,9.11
Jul1 Sal,S,6,"Hamilton, Kyle BAL S",NFC,8.45
Jul1 Sal,S,7,"Joseph, Kerby DET S",AFC,8.21
Jul1 Sal,S,8,"Love, Julian SEA S",NFC,7.94
Jul1 Sal,S,9,"Cross, Nick WAS S",NFC,7.8
Jul1 Sal,S,10,"Hamilton, Kyle BAL S",AFC,7.8
Jul1 Sal,S,11,"Elliott, DeShon PIT S",NFC,7.7
Jul1 Sal,S,12,"Baker, Budda ARI S",AFC,7.37
Jul1 Sal,S,13,"Holland, Jevon NYG S",NFC,7.3
Jul1 Sal,S,14,"Moehrig, Trevon CAR S",NFC,7.18
Jul1 Sal,S,15,"Dugger, Kyle CIN S",AFC,7.08
Jul1 Sal,S,16,"Moehrig, Trevon CAR S",AFC,6.92
Jul1 Sal,S,17,"Gardner-Johnson, Chauncey BUF S",AFC,6.75
Jul1 Sal,S,18,"Cross, Nick WAS S",AFC,6.66
Jul1 Sal,S,19,"Battle, Jordan CIN S",AFC,6.5
Jul1 Sal,S,20,"Bynum, Camryn IND S",NFC,6.27
Jul1 Sal,S,21,"James, Derwin LAC S",AFC,6.04
Jul1 Sal,S,22,"Hufanga, Talanoa DEN S",NFC,5.92
Jul1 Sal,S,23,"Pitre, Jalen HOU S",AFC,5.89
Jul1 Sal,S,24,"Jones, Brandon DEN S",AFC,5.88
Jul1 Sal,S,25,"McKinney, Xavier GBP S",AFC,5.88
Jul1 Sal,S,26,"Metellus, Josh MIN S",AFC,5.88
Jul1 Sal,S,27,"Battle, Jordan CIN S",NFC,5.81
Jul1 Sal,S,28,"Dugger, Kyle CIN S",NFC,5.72
Jul1 Sal,S,29,"James, Derwin LAC S",NFC,5.67
Jul1 Sal,S,30,"Hooker, Amani TEN S",AFC,5.43
Jul1 Sal,S,31,"Bates, Jessie ATL S",AFC,5.1
Jul1 Sal,S,32,"Bynum, Camryn IND S",AFC,5.1
Jul1 Sal,S,33,"Williams, Evan GBP S",NFC,5.05
Jul1 Sal,S,34,"Chinn, Jeremy LVR S",AFC,5.01
Jul1 Sal,S,35,"Conner, Chamarri KCC S",AFC,4.95
Jul1 Sal,S,36,"Elliott, DeShon PIT S",AFC,4.94
Jul1 Sal,S,37,"McKinney, Xavier GBP S",NFC,4.74
Jul1 Sal,S,38,"Fitzpatrick, Minkah NYJ S",AFC,4.5
Jul1 Sal,S,39,"Brisker, Jaquan PIT S",AFC,4.47
Jul1 Sal,S,40,"Lake, Quentin LAR S",AFC,4.39
Jul1 Sal,S,41,"Byard, Kevin NEP S",NFC,4.18
Jul1 Sal,S,42,"Joseph, Kerby DET S",NFC,4.1
Jul1 Sal,S,43,"Bryant, Coby CHI S",NFC,4.02
Jul1 Sal,S,44,"Lake, Quentin LAR S",NFC,3.9
Jul1 Sal,S,45,"Hamlin, Damar BUF S",AFC,3.84
Jul1 Sal,S,46,"Bryant, Coby CHI S",AFC,3.83
Jul1 Sal,S,47,"Bates, Jessie ATL S",NFC,3.8
Jul1 Sal,S,48,"Blankenship, Reed HOU S",AFC,3.75
Jul1 Sal,S,49,"Branch, Brian DET S",NFC,3.7
Jul1 Sal,S,50,"Branch, Brian DET S",AFC,3.7
Jul1 Sal,S,51,"Reid, Justin NOS S",NFC,3.61
Jul1 Sal,S,52,"Johnson, Antonio JAC S",AFC,3.52
Jul1 Sal,S,53,"Stone, Geno BUF S",AFC,3.52
Jul1 Sal,S,54,"Hawkins, Jaylinn BAL S",NFC,3.45
Jul1 Sal,S,55,"Baker, Budda ARI S",NFC,3.27
Jul1 Sal,S,56,"Thieneman, Dillon CHI S",NFC,3.08
Jul1 Sal,S,57,"Delpit, Grant CLE S",NFC,2.98
Jul1 Sal,S,58,"Curl, Kamren LAR S",NFC,2.88
Jul1 Sal,S,59,"Curl, Kamren LAR S",AFC,2.85
Jul1 Sal,S,60,"Downs, Caleb DAL S",AFC,2.76
Jul1 Sal,S,61,"Pitre, Jalen HOU S",NFC,2.7
Jul1 Sal,S,62,"Holland, Jevon NYG S",AFC,2.67
Jul1 Sal,S,63,"Downs, Caleb DAL S",NFC,2.62
Jul1 Sal,S,64,"Jackson, Theo MIN S",AFC,2.47
Jul1 Sal,S,65,"Thompson, Jalen DAL S",NFC,2.47
Jul1 Sal,S,66,"Johnson, Antonio JAC S",NFC,2.45
Jul1 Sal,S,67,"Thieneman, Dillon CHI S",AFC,2.29
Jul1 Sal,S,68,"Hickman, Ronnie CLE S",AFC,2.26
Jul1 Sal,S,69,"Delpit, Grant CLE S",AFC,2.2
Jul1 Sal,S,70,"Thompson, Jalen DAL S",AFC,2.18
Jul1 Sal,S,71,"Chinn, Jeremy LVR S",NFC,2.1
Jul1 Sal,S,72,"Metellus, Josh MIN S",NFC,2.1
Jul1 Sal,S,73,"Brisker, Jaquan PIT S",NFC,2.09
Jul1 Sal,S,74,"Melifonwu, Ifeatu MIA S",AFC,2.06
Jul1 Sal,S,75,"Mustapha, Malik SFO S",AFC,2.06
Jul1 Sal,S,76,"Blankenship, Reed HOU S",NFC,2.01
Jul1 Sal,S,77,"Cook, Bryan CIN S",NFC,2.01
Jul1 Sal,S,78,"Clark, Chuck DET S",NFC,2
Jul1 Sal,S,79,"Fitzpatrick, Minkah NYJ S",NFC,2
Jul1 Sal,S,80,"Gardner-Johnson, Chauncey BUF S",NFC,2
Jul1 Sal,S,81,"Gilman, Alohi KCC S",NFC,2
Jul1 Sal,S,82,"Gilman, Alohi KCC S",AFC,2
Jul1 Sal,S,83,"Hooker, Amani TEN S",NFC,2
Jul1 Sal,S,84,"Jefferson, Tony LAC S",NFC,2
Jul1 Sal,S,85,"Jones, Brandon DEN S",NFC,2
Jul1 Sal,S,86,"Okada, Ty SEA S",NFC,2
Jul1 Sal,S,87,"Stone, Geno BUF S",NFC,2
Jul1 Sal,S,88,"Jackson, Theo MIN S",NFC,1.9
Jul1 Sal,S,89,"Martin, Quan WAS S",NFC,1.84
Jul1 Sal,S,90,"Starks, Malaki BAL S",AFC,1.72
Jul1 Sal,S,91,"Nubin, Tyler NYG S",AFC,1.69
Jul1 Sal,S,92,"McNeil-Warren, Emmanuel CLE S",AFC,1.67
Jul1 Sal,S,93,"Emmanwori, Nick SEA S",NFC,1.61
Jul1 Sal,S,94,"Emmanwori, Nick SEA S",AFC,1.57
Jul1 Sal,S,95,"Martin, Quan WAS S",AFC,1.55
Jul1 Sal,S,96,"Bullard, Javon GBP S",AFC,1.44
Jul1 Sal,S,97,"McNeil-Warren, Emmanuel CLE S",NFC,1.44
Jul1 Sal,S,98,"Starks, Malaki BAL S",NFC,1.41
Jul1 Sal,S,99,"Nubin, Tyler NYG S",NFC,1.38
Jul1 Sal,S,100,"Haulcy, A.J. IND S",AFC,1.34
Jul1 Sal,S,101,"Bishop, Cole BUF S",NFC,1.32
Jul1 Sal,S,102,"Bullard, Javon GBP S",NFC,1.3
Jul1 Sal,S,103,"Watts, Xavier ATL S",NFC,1.29
Jul1 Sal,S,104,"Haulcy, A.J. IND S",NFC,1.26
Jul1 Sal,S,105,"Watts, Xavier ATL S",AFC,1.26
Jul1 Sal,S,106,"Bishop, Cole BUF S",AFC,1.24
Jul1 Sal,S,107,"Reid, Justin NOS S",AFC,1.2
Jul1 Sal,S,108,"Brown, Ji'Ayir SFO S",NFC,1.17
Jul1 Sal,S,109,"Stukes, Treydan LVR S",NFC,1.17
Jul1 Sal,S,110,"Mukuba, Andrew PHI S",AFC,1.14
Jul1 Sal,S,111,"Smith, Tykee TBB S",NFC,1.12
Jul1 Sal,S,112,"Kinchens, Kamren LAR S",NFC,1.11
Jul1 Sal,S,113,"Mukuba, Andrew PHI S",NFC,1.11
Jul1 Sal,S,114,"Belton, Dane NYJ S",NFC,1.1
Jul1 Sal,S,115,"Belton, Dane NYJ S",AFC,1.1
Jul1 Sal,S,116,"Blackmon, Julian NOS S",NFC,1.1
Jul1 Sal,S,117,"Blackmon, Julian NOS S",AFC,1.1
Jul1 Sal,S,118,"Brown, Ji'Ayir SFO S",AFC,1.1
Jul1 Sal,S,119,"Brown, Sydney ATL S",NFC,1.1
Jul1 Sal,S,120,"Bullock, Calen HOU S",NFC,1.1
Jul1 Sal,S,121,"Cisco, Andre NYJ S",NFC,1.1
Jul1 Sal,S,122,"Clark, Bud SEA S",NFC,1.1
Jul1 Sal,S,123,"Conner, Chamarri KCC S",NFC,1.1
Jul1 Sal,S,124,"Cook, Bryan CIN S",AFC,1.1
Jul1 Sal,S,125,"Davis, Ashtyn SFO S",NFC,1.1
Jul1 Sal,S,126,"Epps, Marcus PHI S",NFC,1.1
Jul1 Sal,S,127,"Epps, Marcus PHI S",AFC,1.1
Jul1 Sal,S,128,"Harris, Will WAS S",NFC,1.1
Jul1 Sal,S,129,"Harris, Will WAS S",AFC,1.1
Jul1 Sal,S,130,"Hawkins, Jaylinn BAL S",AFC,1.1
Jul1 Sal,S,131,"Hickman, Ronnie CLE S",NFC,1.1
Jul1 Sal,S,132,"Hicks, Jaden KCC S",AFC,1.1
Jul1 Sal,S,133,"Hooker, Malik DAL S",NFC,1.1
Jul1 Sal,S,134,"Hooker, Malik DAL S",AFC,1.1
Jul1 Sal,S,135,"Izien, Christian DET S",NFC,1.1
Jul1 Sal,S,136,"Johnson, Lonnie MIA S",NFC,1.1
Jul1 Sal,S,137,"Johnson, Lonnie MIA S",AFC,1.1
Jul1 Sal,S,138,"Lewis, Cam CHI S",AFC,1.1
Jul1 Sal,S,139,"Locke, P.J. DAL S",AFC,1.1
Jul1 Sal,S,140,"Melifonwu, Ifeatu MIA S",NFC,1.1
Jul1 Sal,S,141,"Mickens, R.J. LAC S",AFC,1.1
Jul1 Sal,S,142,"Molden, Elijah LAC S",NFC,1.1
Jul1 Sal,S,143,"Molden, Elijah LAC S",AFC,1.1
Jul1 Sal,S,144,"Murray, Eric JAC S",NFC,1.1
Jul1 Sal,S,145,"Murray, Eric JAC S",AFC,1.1
Jul1 Sal,S,146,"Okada, Ty SEA S",AFC,1.1
Jul1 Sal,S,147,"Pola-Mao, Isaiah LVR S",NFC,1.1
Jul1 Sal,S,148,"Pola-Mao, Isaiah LVR S",AFC,1.1
Jul1 Sal,S,149,"Scott, Nick CAR S",NFC,1.1
Jul1 Sal,S,150,"Scott, Nick CAR S",AFC,1.1
Jul1 Sal,S,151,"Sigle, Marques SFO S",NFC,1.1
Jul1 Sal,S,152,"Smith, Harrison FA S",AFC,1.1
Jul1 Sal,S,153,"Taylor-Demerson, Dadrion ARI S",NFC,1.1
Jul1 Sal,S,154,"Trader, Dante MIA S",NFC,1.1
Jul1 Sal,S,155,"Trader, Dante MIA S",AFC,1.1
Jul1 Sal,S,156,"Ward, Jay MIN S",NFC,1.1
Jul1 Sal,S,157,"Washington, Ar'Darius NYG S",NFC,1.1
Jul1 Sal,S,158,"Washington, Ar'Darius NYG S",AFC,1.1
Jul1 Sal,S,159,"Wingard, Andrew ARI S",NFC,1.1
Jul1 Sal,S,160,"Wohler, Hunter IND S",NFC,1.1
Jul1 Sal,S,161,"Kinchens, Kamren LAR S",AFC,1.09
Jul1 Sal,S,162,"Stukes, Treydan LVR S",AFC,1.09
Jul1 Sal,S,163,"Bullock, Calen HOU S",AFC,1.08
Jul1 Sal,S,164,"Smith, Tykee TBB S",AFC,1.08
Jul1 Sal,S,165,"Taylor-Demerson, Dadrion ARI S",AFC,1.08
Jul1 Sal,S,166,"Winston, Kevin TEN S",AFC,1.04
Jul1 Sal,S,167,"Mustapha, Malik SFO S",NFC,1.03
Jul1 Sal,S,168,"Williams, Evan GBP S",AFC,1.03
Jul1 Sal,S,169,"Winston, Kevin TEN S",NFC,1.03
Jul1 Sal,S,170,"Woodson, Craig NEP S",AFC,1.03
Jul1 Sal,S,171,"Sanker, Jonas NOS S",AFC,1.02
Jul1 Sal,S,172,"Clark, Bud SEA S",AFC,1
Jul1 Sal,S,173,"Jackson, Dan DET S",AFC,0.99
Jul1 Sal,S,174,"Moore, Malachi NYJ S",NFC,0.99
Jul1 Sal,S,175,"Moore, Malachi NYJ S",AFC,0.99
Jul1 Sal,S,176,"Ransom, Lathan CAR S",NFC,0.99
Jul1 Sal,S,177,"Ransom, Lathan CAR S",AFC,0.99
Jul1 Sal,S,178,"Sanker, Jonas NOS S",NFC,0.99
Jul1 Sal,S,179,"Woodson, Craig NEP S",NFC,0.99
Jul1 Sal,S,180,"Kilgore, Jalon BUF S",AFC,0.98
Jul1 Sal,S,181,"Thomas, Jakobe MIN S",AFC,0.98
Jul1 Sal,S,182,"Huskey, Jalen JAC S",AFC,0.94
Jul1 Sal,S,183,"Johnson, Dalton LVR S",NFC,0.94
Jul1 Sal,S,184,"Johnson, Dalton LVR S",AFC,0.94
Jul1 Sal,S,185,"Kilgore, Jalon BUF S",NFC,0.94
Jul1 Sal,S,186,"Payne, VJ NYJ S",AFC,0.94
Jul1 Sal,S,187,"Ramsey, Kamari HOU S",NFC,0.94
Jul1 Sal,S,188,"Ramsey, Kamari HOU S",AFC,0.94
Jul1 Sal,S,189,"Scott, Miles DEN S",NFC,0.94
Jul1 Sal,S,190,"Smith, Genesis LAC S",NFC,0.94
Jul1 Sal,S,191,"Smith, Genesis LAC S",AFC,0.94
Jul1 Sal,S,192,"Spears-Jennings, Robert PIT S",NFC,0.94
Jul1 Sal,S,193,"Styles, Lorenzo NOS S",NFC,0.94
Jul1 Sal,S,194,"Styles, Lorenzo NOS S",AFC,0.94
Jul1 Sal,S,195,"Taaffe, Michael MIA S",NFC,0.94
Jul1 Sal,S,196,"Taaffe, Michael MIA S",AFC,0.94
Jul1 Sal,S,197,"Thomas, Jakobe MIN S",NFC,0.94
Jul1 Sal,S,198,"Wheatley, Zakee CAR S",NFC,0.94
Jul1 Sal,S,199,"Wheatley, Zakee CAR S",AFC,0.94
